{"type": "Topology", "transform": {"scale": [4.0753199999999907e-05, 1.9822500000000005e-05], "translate": [127.79615, 35.56689]}, "objects": {"collection": {"type": "GeometryCollection", "geometries": [{"type": "MultiPolygon", "arcs": [[[0]], [[1]]], "properties": {"name": "\ud3ec\ud56d\uc2dc\ub0a8\uad6c", "code": "37011"}}, {"type": "MultiPolygon", "arcs": [[[2]], [[3]], [[4]], [[5]]], "properties": {"name": "\ud3ec\ud56d\uc2dc\ubd81\uad6c", "code": "37012"}}, {"type": "MultiPolygon", "arcs": [[[6]], [[7]]], "properties": {"name": "\uacbd\uc8fc\uc2dc", "code": "37020"}}, {"type": "MultiPolygon", "arcs": [[[8]]], "properties": {"name": "\uae40\ucc9c\uc2dc", "code": "37030"}}, {"type": "MultiPolygon", "arcs": [[[9]]], "properties": {"name": "\uc548\ub3d9\uc2dc", "code": "37040"}}, {"type": "MultiPolygon", "arcs": [[[10]]], "properties": {"name": "\uad6c\ubbf8\uc2dc", "code": "37050"}}, {"type": "MultiPolygon", "arcs": [[[11]]], "properties": {"name": "\uc601\uc8fc\uc2dc", "code": "37060"}}, {"type": "MultiPolygon", "arcs": [[[12]]], "properties": {"name": "\uc601\ucc9c\uc2dc", "code": "37070"}}, {"type": "MultiPolygon", "arcs": [[[13]]], "properties": {"name": "\uc0c1\uc8fc\uc2dc", "code": "37080"}}, {"type": "MultiPolygon", "arcs": [[[14]]], "properties": {"name": "\ubb38\uacbd\uc2dc", "code": "37090"}}, {"type": "MultiPolygon", "arcs": [[[15]]], "properties": {"name": "\uacbd\uc0b0\uc2dc", "code": "37100"}}, {"type": "MultiPolygon", "arcs": [[[16]]], "properties": {"name": "\uc758\uc131\uad70", "code": "37320"}}, {"type": "MultiPolygon", "arcs": [[[17]]], "properties": {"name": "\uccad\uc1a1\uad70", "code": "37330"}}, {"type": "MultiPolygon", "arcs": [[[18]]], "properties": {"name": "\uc601\uc591\uad70", "code": "37340"}}, {"type": "MultiPolygon", "arcs": [[[19]]], "properties": {"name": "\uc601\ub355\uad70", "code": "37350"}}, {"type": "MultiPolygon", "arcs": [[[20]]], "properties": {"name": "\uccad\ub3c4\uad70", "code": "37360"}}, {"type": "MultiPolygon", "arcs": [[[21]]], "properties": {"name": "\uace0\ub839\uad70", "code": "37370"}}, {"type": "MultiPolygon", "arcs": [[[22]]], "properties": {"name": "\uc131\uc8fc\uad70", "code": "37380"}}, {"type": "MultiPolygon", "arcs": [[[23]]], "properties": {"name": "\uce60\uace1\uad70", "code": "37390"}}, {"type": "MultiPolygon", "arcs": [[[24]]], "properties": {"name": "\uc608\ucc9c\uad70", "code": "37400"}}, {"type": "MultiPolygon", "arcs": [[[25]]], "properties": {"name": "\ubd09\ud654\uad70", "code": "37410"}}, {"type": "MultiPolygon", "arcs": [[[26]], [[27]], [[28]], [[29]], [[30]]], "properties": {"name": "\uc6b8\uc9c4\uad70", "code": "37420"}}, {"type": "MultiPolygon", "arcs": [[[31]], [[32]], [[33]], [[34]], [[35]]], "properties": {"name": "\uc6b8\ub989\uad70", "code": "37430"}}]}}, "arcs": [[[39384, 23816], [0, 0], [0, 0], [0, 0]], [[39384, 23816], [8, 5], [80, -47], [226, -134], [55, -33], [54, -38], [308, -183], [1, 1], [2, 1], [1, 0], [3, -1], [4, -3], [2, -1], [1, -1], [1, -2], [1, -2], [0, -2], [0, -3], [8, -138], [0, -2], [0, -2], [-1, -3], [-1, -2], [-1, 0], [-1, -1], [-47, -6], [-282, -37], [-131, 78], [-82, 49], [-36, 22], [-19, -3], [-46, -90], [-52, -121], [-9, -21], [-90, -175], [-13, -5], [-40, -17], [-3, -5], [-35, -127], [-4, -13], [108, -202], [66, -68], [56, 84], [31, -13], [14, -6], [0, -2], [-14, -42], [-20, -38], [-6, 9], [-31, -55], [30, -47], [18, -28], [29, -48], [17, 30], [49, 86], [4, 80], [3, 99], [3, 66], [63, 13], [2, 0], [-5, -123], [-4, -103], [11, 2], [70, 15], [5, 126], [4, 100], [0, 0], [52, 11], [3, 0], [-5, -127], [-3, -76], [80, 16], [31, 15], [1, 49], [-13, 5], [8, 220], [32, 175], [1, 1], [1, 1], [0, 0], [5, 0], [0, 0], [1, 0], [0, -1], [0, -1], [0, -1], [1, -2], [-1, -2], [0, -28], [-3, -63], [-2, -56], [-2, -73], [-12, -329], [-1, -10], [0, -1], [0, -1], [-2, -2], [-20, -27], [0, 0], [-1, -1], [-1, 0], [-114, -158], [-47, -65], [-5, -8], [0, -1], [-1, -1], [-24, -53], [-6, -15], [13, -16], [7, -9], [1, 3], [8, 18], [14, 31], [2, 4], [2, 4], [1, 4], [6, 10], [2, 3], [2, 2], [16, 23], [13, 18], [137, 183], [8, 2], [-5, -6], [-48, -64], [-40, -54], [-9, -10], [0, 0], [-1, -1], [-41, -55], [-1, -1], [0, -1], [0, -2], [0, -3], [1, -45], [22, -32], [31, -48], [1, -1], [1, -3], [5, -14], [20, -61], [5, -18], [5, -14], [0, 0], [0, -1], [0, 0], [0, -1], [0, -1], [-3, -4], [-1, -2], [0, 0], [1, -2], [3, -7], [30, -39], [19, -26], [117, -118], [20, -18], [5, -5], [20, -16], [1, -1], [53, -38], [12, -8], [4, -4], [3, -4], [19, -16], [15, -11], [52, -39], [5, -3], [171, -111], [31, -15], [22, -10], [1, 0], [3, -1], [101, -7], [7, 0], [1, 0], [1, 0], [1, 0], [1, 0], [1, 1], [11, 1], [1, 0], [1, 1], [1, 0], [1, 0], [4, 1], [4, 2], [0, 0], [50, 37], [56, 42], [44, 149], [4, 28], [4, 44], [0, 5], [0, 4], [-1, 3], [0, 7], [-30, 90], [-2, 6], [-1, 3], [-2, 2], [-3, 2], [9, 39], [10, 28], [33, 94], [1, 2], [4, 6], [2, 4], [4, 4], [3, 2], [6, 3], [16, 5], [59, 62], [28, 43], [69, 123], [192, 221], [83, 89], [123, 111], [0, 0], [1, 0], [39, -12], [21, -7], [1, -1], [1, 0], [8, -1], [2, 0], [62, 5], [1, 0], [5, 4], [8, 6], [0, 1], [92, 98], [2, 2], [40, 60], [3, 4], [31, 73], [2, 3], [1, 5], [6, 30], [1, 4], [60, 71], [13, 6], [40, 26], [6, 5], [9, 7], [2, 2], [2, 2], [10, 12], [13, 17], [4, 6], [22, 34], [0, 0], [4, 14], [3, 22], [16, 349], [-2, 7], [-2, 2], [-10, 10], [-6, 6], [-2, 16], [0, 2], [0, 2], [0, 1], [0, 1], [0, 1], [0, 2], [1, 2], [35, 130], [1, 3], [1, 3], [0, 2], [1, 2], [1, 2], [1, 2], [1, 1], [52, 77], [33, 47], [1, 2], [1, 2], [2, 1], [1, 1], [2, 3], [2, 1], [2, 2], [1, 1], [1, 1], [1, 1], [2, 0], [1, 1], [1, 1], [13, 6], [1, 0], [0, 1], [2, -1], [1, 0], [0, -1], [2, 0], [1, -1], [1, 0], [1, 0], [1, 0], [2, 0], [1, 1], [1, 0], [1, 1], [2, 1], [1, 2], [1, 1], [40, 50], [62, 80], [1, 2], [2, 2], [1, 2], [7, 9], [2, 4], [2, 2], [2, 4], [1, 2], [1, 2], [1, 2], [1, 2], [0, 3], [14, 60], [1, 1], [0, 6], [98, 302], [1, 0], [0, 1], [0, 1], [1, 1], [2, 1], [1, 1], [9, 7], [4, 3], [7, 3], [8, 4], [1, 1], [1, 0], [1, 2], [1, 1], [2, 2], [1, 1], [13, 17], [3, 5], [12, 24], [0, 1], [1, 1], [0, 1], [10, 79], [2, 19], [0, 1], [0, 3], [-2, 9], [-1, 6], [-6, 14], [0, 1], [0, 0], [-1, 1], [0, 1], [0, 2], [1, 5], [0, 2], [0, 1], [28, 89], [0, 0], [28, 52], [13, 13], [11, 2], [0, 0], [1, 0], [74, -54], [16, -26], [0, -1], [0, 0], [2, -4], [0, 0], [1, -1], [1, -1], [10, -5], [2, 0], [2, 0], [2, 0], [3, 0], [3, 2], [2, 1], [9, 6], [5, 4], [0, 0], [32, 37], [12, 21], [0, 2], [1, 5], [1, 3], [0, 6], [0, 2], [0, 2], [0, 8], [-1, 19], [0, 2], [-4, 49], [67, 246], [1, 3], [1, 3], [1, 3], [37, 92], [11, 3], [-6, -7], [-4, -29], [2, -1], [1, 0], [3, -2], [1, 0], [4, 0], [8, -1], [0, 0], [3, 0], [0, 0], [3, 2], [1, 0], [3, 3], [4, 4], [1, 1], [1, 1], [2, 2], [5, 7], [2, 4], [4, 10], [1, 3], [0, 2], [1, 2], [14, 59], [7, 34], [1, 21], [-1, 57], [0, 10], [0, 0], [0, 2], [0, 1], [-1, 1], [0, 1], [0, 0], [-4, 46], [-2, 21], [0, 9], [1, 14], [0, 1], [1, 4], [0, 0], [2, 11], [1, 3], [0, 1], [0, 1], [0, 1], [0, 1], [1, 0], [0, 1], [0, 2], [1, 1], [8, 23], [8, 10], [0, 1], [29, 36], [13, 14], [0, 0], [15, 8], [13, -2], [3, 0], [0, 0], [1, 1], [4, 7], [23, 65], [1, 2], [0, 3], [13, 104], [-4, 77], [-2, 12], [-1, 3], [-3, 15], [-2, 5], [-4, 7], [31, 173], [3, 13], [6, 18], [5, 15], [4, 3], [1, 1], [1, 0], [40, 2], [24, -13], [5, -9], [4, -5], [15, -13], [1, 0], [1, 0], [1, 0], [0, 0], [7, 0], [15, 8], [29, 18], [8, 8], [21, 26], [28, 33], [0, 1], [1, 0], [1, 0], [21, -25], [7, 1], [1, 0], [0, 0], [1, 0], [1, 0], [0, 1], [3, 0], [1, 0], [0, 0], [0, 0], [1, 0], [0, -1], [0, 0], [1, 0], [0, 0], [0, 0], [0, 0], [1, 0], [0, 0], [0, 0], [0, -1], [1, 0], [0, 0], [0, 0], [0, 0], [0, -1], [0, 0], [0, 0], [1, -1], [0, 0], [0, -1], [0, 0], [0, 0], [1, -1], [0, 0], [0, -1], [0, 0], [0, -1], [31, -71], [17, -45], [-5, -16], [-3, -11], [-1, -6], [0, -4], [0, -2], [1, -10], [1, -7], [1, -5], [19, -101], [23, -42], [28, -39], [2, -1], [37, 16], [2, 1], [2, 1], [9, 8], [1, 1], [0, 0], [1, 1], [7, 7], [9, 4], [3, 1], [2, 1], [15, 2], [12, -5], [3, -1], [70, -39], [31, -21], [0, 0], [1, -1], [0, 0], [0, -1], [0, 0], [-5, -214], [0, -2], [0, -1], [-11, -130], [-14, -73], [-11, -35], [49, -126], [47, -56], [39, -83], [28, -61], [0, 0], [46, -269], [12, -159], [0, -70], [25, -185], [85, -29], [4, -6], [0, 0], [32, -91], [1, -1], [0, -1], [0, -1], [-1, -7], [0, -1], [0, -2], [-3, -15], [-5, -15], [-5, -13], [-4, -6], [-4, -2], [0, 1], [-1, 1], [-1, 0], [-1, 0], [-1, 0], [-7, -3], [-1, -1], [-5, -7], [-1, -3], [-2, -2], [-1, -3], [-3, -5], [-12, -28], [0, -1], [-61, -214], [0, -1], [0, -3], [0, -2], [0, -11], [1, -6], [0, -6], [0, -1], [1, -1], [2, -7], [3, -8], [0, 0], [1, -1], [23, -18], [11, 8], [3, 17], [8, -31], [9, -67], [-7, -15], [-20, -30], [-12, -7], [-2, -1], [-2, 0], [-1, 0], [0, 0], [-10, 1], [-3, 1], [-2, 0], [-5, -1], [0, 0], [-1, 0], [-10, -11], [-5, -7], [-8, -12], [-1, -1], [0, -1], [-1, -3], [-1, -2], [-3, -8], [-2, -5], [0, -1], [-1, -3], [0, -1], [-5, -43], [0, -10], [0, -2], [0, -12], [0, -4], [3, -18], [0, -2], [2, -6], [7, -17], [1, -1], [1, -3], [1, -2], [6, -10], [0, 0], [1, -1], [1, 0], [66, 8], [14, 0], [1, 0], [1, -1], [0, 0], [0, 0], [1, -1], [20, -39], [2, -9], [1, -74], [-9, -78], [-2, -13], [0, 0], [0, -1], [-1, -1], [0, -1], [-1, -1], [-1, -1], [-13, -13], [-3, -2], [-2, -2], [-10, -5], [-5, 0], [-13, -4], [-28, -10], [-4, -2], [-25, -35], [-6, -24], [-2, -12], [-2, -71], [0, 0], [0, -1], [0, 0], [0, -1], [1, -12], [0, -1], [1, -1], [0, -1], [0, -1], [1, -2], [0, -1], [0, 0], [0, -1], [0, 0], [0, -1], [2, -3], [1, -3], [1, -2], [1, -1], [0, -1], [1, 0], [2, -4], [21, -32], [1, -3], [1, -3], [2, -6], [2, -2], [2, -3], [2, -2], [1, -1], [2, -1], [3, -2], [2, 0], [2, -1], [1, 0], [0, 0], [1, 1], [0, 0], [0, 1], [1, 3], [1, 1], [2, 3], [1, 1], [11, -1], [0, 0], [0, 0], [2, -2], [0, -1], [0, 0], [6, -19], [0, 0], [0, 0], [0, 0], [0, 0], [-3, -2], [-1, -1], [0, 0], [0, 0], [-1, 0], [0, 0], [0, 0], [-1, 0], [0, 0], [-1, 0], [0, 0], [-1, -1], [0, 0], [-1, 0], [0, 0], [0, -1], [0, 0], [-1, 0], [0, -1], [0, 0], [0, 0], [0, 0], [0, -1], [0, 0], [-1, -7], [0, -1], [0, 0], [0, -1], [0, 0], [0, -2], [0, 0], [0, -1], [2, -9], [0, -1], [0, -1], [0, -1], [1, 0], [0, -1], [0, -1], [0, 0], [35, -74], [0, 0], [1, -1], [28, -103], [36, -69], [6, -19], [-40, -25], [-36, -46], [-1, 0], [0, 0], [0, -1], [-1, 0], [0, -1], [0, -1], [0, 0], [-1, -1], [0, 0], [0, 0], [-3, -22], [-2, -28], [0, -1], [0, -1], [-66, -65], [0, 0], [0, -1], [-23, -48], [0, 0], [0, -1], [0, 0], [-1, -1], [0, 0], [0, -1], [0, 0], [-3, -25], [0, -1], [0, -1], [-1, -1], [0, -1], [0, -1], [0, -1], [0, -1], [1, -51], [0, -4], [0, 0], [0, 0], [0, -1], [0, 0], [3, -7], [2, -4], [13, -123], [-54, -80], [-48, -88], [-33, -17], [-7, -3], [-7, -6], [-6, -4], [-6, -8], [-5, -8], [-6, -12], [-4, -13], [-3, -17], [-1, -5], [-3, -36], [0, -41], [-16, -15], [0, 0], [0, 0], [-1, -1], [-1, -2], [-61, -115], [0, -1], [0, -1], [-7, -12], [0, -1], [-1, 0], [0, -1], [0, 0], [-4, -9], [0, 0], [0, -1], [-1, -1], [0, 0], [0, -1], [0, -1], [-2, -4], [0, 0], [0, -1], [-1, -1], [0, -1], [0, 0], [0, -1], [-5, -20], [0, -1], [0, 0], [0, -1], [-2, -8], [0, -1], [0, 0], [0, -1], [0, -1], [0, -2], [-1, -1], [0, -1], [0, -1], [0, 0], [-1, -5], [0, -1], [0, -1], [-3, -25], [0, -1], [0, 0], [0, 0], [0, -1], [0, 0], [0, -1], [0, 0], [0, 0], [0, 0], [0, -1], [4, -12], [5, -10], [2, -3], [0, 1], [0, 0], [0, 0], [0, 0], [0, 0], [0, 0], [0, 0], [3, -1], [0, 0], [0, -1], [0, 0], [0, 0], [0, 0], [0, -1], [0, 0], [0, 0], [0, -1], [0, 0], [0, 0], [0, -1], [-1, -5], [0, -1], [0, 0], [0, 0], [8, -14], [0, -1], [1, 0], [0, -1], [2, -23], [0, -10], [-2, -23], [0, 0], [0, -1], [0, 0], [0, 0], [-1, 0], [0, 0], [0, 0], [0, -1], [0, 0], [0, 0], [0, 0], [0, 0], [0, -1], [0, 0], [0, 0], [-3, -8], [0, -1], [0, 0], [0, 0], [-1, 0], [0, -1], [0, 0], [0, 0], [0, 0], [0, 0], [-1, -1], [0, 0], [-1, -1], [0, 0], [0, 0], [-3, -1], [0, 0], [0, 0], [0, 0], [0, 0], [0, 0], [-1, 0], [0, 0], [0, 0], [0, 0], [0, 0], [0, 0], [0, 0], [0, 0], [0, 0], [0, 0], [0, 0], [0, 0], [-1, -1], [0, 0], [0, -1], [0, 0], [2, -7], [2, -9], [1, -2], [1, -4], [1, -5], [2, -6], [1, -2], [1, -1], [19, -35], [9, -12], [2, -3], [1, -1], [0, -1], [0, 0], [0, -1], [-14, -49], [-8, -27], [0, -1], [-1, -2], [-1, -1], [-4, -8], [-1, 0], [-3, -3], [0, -1], [-35, -21], [12, 26], [-10, 14], [-5, 8], [-1, 1], [0, 0], [-1, 0], [-1, 1], [0, 0], [-1, 0], [0, 0], [-1, 0], [-13, -1], [0, 0], [-12, -4], [0, 0], [-69, -34], [-1, -1], [-4, -6], [-3, -5], [-34, -56], [-43, -71], [0, 0], [0, -1], [0, -1], [0, -1], [-6, -5], [-11, 20], [76, 128], [-6, 10], [-4, 6], [-8, 12], [-30, 40], [-46, -10], [-21, -35], [-75, -136], [-15, -86], [72, -127], [83, 57], [7, -2], [-8, -58], [0, -1], [-1, -2], [-2, -4], [-3, -6], [-3, -3], [-72, -117], [-22, -3], [-39, -24], [-1, -1], [0, 0], [-1, -1], [0, -1], [-1, -1], [-7, -20], [-4, -13], [-1, -4], [0, -2], [-3, -12], [0, 0], [-3, -14], [0, -9], [-1, -18], [-1, -2], [0, -5], [0, -2], [4, -193], [18, -87], [7, -7], [2, -3], [9, -15], [3, -8], [3, -9], [7, -38], [4, -18], [11, -68], [1, -8], [0, -2], [2, -19], [0, -1], [0, -3], [0, -2], [-1, -4], [0, -1], [-1, -3], [0, -1], [-1, -1], [0, -1], [-1, -1], [-6, -8], [0, -1], [-24, -24], [-13, -11], [-40, -18], [-18, -1], [-4, 0], [-17, 1], [-5, -3], [-1, -2], [-1, 0], [-1, -2], [0, -1], [-1, -2], [-1, -2], [-7, -18], [-15, -43], [-14, -53], [0, -2], [-1, -2], [0, -2], [-2, -12], [0, -1], [0, -5], [0, -4], [0, -2], [0, -4], [1, -2], [0, -3], [0, -4], [1, -2], [1, -5], [0, -1], [1, -5], [5, -12], [3, -3], [0, -1], [1, 0], [1, 0], [17, -5], [7, 0], [2, 1], [16, -32], [23, -73], [-24, -53], [-57, -101], [-1, -2], [0, -1], [-1, -2], [-1, -2], [0, -2], [0, -3], [-1, -3], [-20, -140], [0, -1], [0, -2], [0, -1], [3, -40], [0, -1], [0, -2], [1, -1], [2, -7], [-28, -17], [-1, 0], [-3, -4], [-41, -67], [0, 0], [0, 0], [-1, 0], [0, 0], [-3, -2], [-1, 0], [-1, -1], [0, -1], [-1, 0], [-1, -1], [0, 0], [-1, 0], [0, 0], [0, -1], [0, 0], [-1, 0], [0, 0], [0, 0], [0, 0], [0, 0], [0, 0], [0, 0], [0, -1], [0, 0], [0, 0], [0, -15], [0, 0], [0, -1], [3, -35], [0, 0], [0, -1], [1, -1], [1, -2], [1, -1], [2, -5], [1, -1], [0, 0], [6, -29], [0, 0], [1, -5], [2, -9], [0, -1], [0, 0], [0, -1], [0, 0], [0, 0], [0, -1], [-1, 0], [0, 0], [0, -1], [0, 0], [0, 0], [-17, -20], [-4, -5], [0, 0], [0, -1], [-1, 0], [0, 0], [0, 0], [0, 0], [-1, 0], [0, 1], [0, 0], [0, 0], [0, 0], [-1, 35], [1, 17], [0, 1], [0, 1], [0, 1], [0, 0], [0, 1], [-2, 9], [0, 0], [-2, 3], [-4, 2], [-4, 1], [-7, 1], [0, 0], [-1, 0], [0, 0], [-2, 0], [0, 1], [-1, 0], [0, 0], [0, 0], [-1, -1], [0, 0], [-4, 0], [0, 0], [0, 0], [-1, 0], [-2, 0], [0, -1], [0, 0], [-1, 0], [0, 0], [-1, 0], [0, 0], [0, 0], [-1, -1], [0, 0], [-8, -4], [-3, -3], [-14, -12], [-1, 0], [-2, -3], [0, 0], [-9, -17], [-4, -8], [-5, -12], [0, -1], [0, 0], [-7, -22], [-2, -7], [-5, -23], [0, 0], [0, -1], [0, -1], [0, 0], [0, -1], [0, -53], [-76, -122], [-8, -8], [-1, 0], [-5, -12], [0, -1], [-27, -112], [-1, -3], [0, -3], [-52, -279], [-53, -43], [-1, -2], [-2, -3], [-2, -6], [-4, -13], [-3, -15], [0, -2], [0, -5], [-1, -5], [0, -8], [1, -5], [0, -3], [0, -3], [1, -6], [31, -73], [4, -10], [0, -2], [4, -17], [-12, -12], [-8, -5], [-73, -13], [-35, 0], [-1, 1], [0, 0], [-1, 1], [-1, 1], [0, 1], [0, 1], [0, 1], [-1, 4], [1, 1], [0, 2], [0, 1], [1, 1], [0, 1], [1, 1], [1, 1], [1, 0], [1, 0], [1, -1], [0, 0], [1, -2], [2, -3], [29, -2], [10, 11], [15, 22], [-3, 47], [0, 2], [0, 1], [0, 0], [-34, 27], [-11, 0], [-4, 0], [-54, -6], [-7, -1], [-7, -3], [-7, -4], [-9, -6], [-6, -6], [-7, -9], [-3, -4], [-34, -68], [-2, -4], [-4, -10], [-10, -27], [-13, -40], [-1, -3], [-4, -17], [-4, -18], [-1, -8], [-1, -4], [-2, -13], [-7, -48], [-2, -15], [-1, -11], [-1, -9], [-2, -64], [-1, -41], [0, -3], [3, -216], [1, -15], [2, -10], [29, -97], [18, -37], [4, -7], [37, -38], [1, -1], [1, 0], [2, -2], [3, -1], [1, -1], [0, 0], [0, 0], [0, 0], [1, 0], [0, 0], [0, 0], [0, 0], [9, -163], [1, -3], [11, -27], [74, -151], [-11, -54], [-1, 0], [-1, -2], [0, -1], [-1, -3], [-1, -5], [0, -1], [-2, -6], [0, -2], [0, -2], [0, -2], [0, -2], [0, -2], [0, -2], [1, -12], [0, -2], [0, -2], [2, -7], [5, -20], [1, -4], [32, -105], [1, -3], [14, -34], [15, -25], [46, 1], [54, -67], [31, -67], [0, -2], [3, -36], [1, -3], [0, -7], [-4, -64], [-16, -3], [-15, -11], [-24, -20], [0, 0], [0, -1], [-2, 0], [-25, -5], [0, 0], [0, 0], [0, 0], [0, 0], [0, 0], [0, 0], [0, 0], [0, 1], [0, 0], [0, 0], [0, 0], [0, 0], [-1, 6], [0, 0], [0, 0], [0, 1], [0, 2], [0, 0], [-2, 0], [-5, -5], [-1, 0], [0, 0], [0, -1], [0, 0], [0, 0], [-1, -1], [0, -1], [-1, -1], [-1, -1], [0, 0], [0, 0], [0, -1], [0, 0], [0, 0], [-1, 0], [0, -1], [0, 0], [0, 0], [0, 0], [0, -1], [0, 0], [0, 0], [0, -1], [-1, 0], [0, 0], [0, 0], [0, 0], [0, 0], [0, 0], [0, -1], [0, 0], [0, 0], [0, 0], [0, 0], [0, 0], [0, 0], [-1, 0], [0, 0], [0, 0], [0, 0], [0, 0], [0, 0], [0, 0], [0, 0], [0, 0], [0, 0], [-1, 0], [0, 0], [0, 0], [0, 0], [0, 0], [0, 0], [0, 0], [0, 0], [-1, -1], [0, 0], [0, 0], [0, 0], [0, 0], [0, -1], [0, 0], [-3, -6], [2, -4], [0, 0], [0, 0], [0, 0], [0, 0], [0, 0], [0, 0], [0, 0], [0, -1], [0, 0], [0, 0], [0, 0], [0, 0], [0, 0], [0, -1], [0, 0], [0, 0], [0, 0], [0, 0], [0, 0], [0, 0], [0, -1], [0, 0], [0, 0], [0, 0], [-1, 0], [0, -1], [-1, -1], [0, 0], [0, -1], [-1, 0], [0, 0], [0, 0], [0, 0], [0, 0], [-4, -1], [0, 0], [0, 0], [0, 0], [-1, 0], [0, 0], [0, 1], [0, 0], [0, 0], [0, 0], [0, 1], [0, 0], [0, 0], [0, 1], [0, 0], [1, 0], [0, 1], [0, 0], [0, 0], [0, 0], [0, 1], [1, 0], [0, 0], [0, 0], [0, 0], [0, 1], [0, 0], [0, 0], [0, 0], [0, 0], [0, 0], [0, 0], [0, 1], [-1, 0], [0, 0], [0, 0], [0, 0], [0, 0], [0, 0], [0, 0], [0, 0], [0, 1], [0, 0], [0, 0], [0, 0], [0, 0], [0, 0], [0, 0], [-1, 0], [0, 0], [0, 0], [0, 0], [0, 0], [0, 0], [0, 0], [0, 0], [0, 0], [0, 0], [-1, 0], [0, 0], [0, 0], [0, 0], [0, 0], [0, 0], [0, 0], [-1, 0], [0, 0], [0, 0], [0, 0], [0, 0], [-1, 1], [0, 1], [0, 0], [0, 0], [0, 0], [0, 0], [0, 0], [0, 1], [0, 0], [0, 0], [0, 0], [0, 1], [0, 0], [0, 0], [0, 0], [0, 0], [0, 0], [0, 1], [0, 0], [0, 0], [0, 0], [0, 0], [1, 0], [0, 0], [0, 0], [0, 0], [0, 0], [1, 0], [0, 0], [0, 0], [0, 0], [1, 0], [0, 0], [0, 0], [0, 0], [0, -1], [1, 0], [0, 0], [0, 0], [1, 0], [0, 1], [0, 0], [0, 0], [0, 0], [0, 0], [1, 0], [0, 0], [0, 1], [0, 1], [1, 0], [0, 0], [0, 0], [0, 1], [0, 0], [0, 0], [0, 0], [1, 1], [0, 0], [0, 0], [0, 0], [0, 1], [0, 0], [0, 0], [0, 0], [0, 0], [0, 0], [0, 0], [0, 0], [0, 0], [0, 1], [0, 0], [0, 0], [-1, 0], [0, 0], [0, 0], [0, 0], [0, 0], [0, 0], [0, 0], [-1, 0], [0, 0], [-4, 1], [-1, 0], [0, 0], [-1, 0], [-1, 0], [-1, 0], [0, 0], [0, 0], [-1, 0], [-19, -11], [0, 0], [0, 0], [0, -1], [0, 0], [-2, -5], [-6, -6], [0, 0], [0, 0], [0, 0], [-1, 1], [0, 1], [-11, 12], [0, 1], [0, 0], [0, 0], [-1, 1], [-1, 1], [0, 0], [0, 0], [-1, 0], [0, 0], [0, 1], [0, 0], [0, 0], [0, 0], [0, 0], [0, 0], [-1, 0], [0, 0], [0, 0], [0, -1], [0, 0], [0, 0], [0, 0], [-1, 0], [0, 0], [-11, -8], [-8, -16], [-36, -77], [0, -2], [-7, -39], [0, -1], [0, -1], [0, -1], [0, -1], [-3, -48], [0, 0], [0, -1], [0, -9], [0, -1], [0, -20], [0, -1], [0, -6], [0, -4], [0, -3], [3, -76], [5, -103], [0, -1], [0, -1], [0, -1], [0, -1], [0, -1], [1, -2], [0, -5], [2, -8], [0, -2], [0, -1], [2, -8], [0, -2], [0, 0], [19, -69], [0, 0], [1, -1], [0, -1], [2, -8], [1, -1], [0, 0], [0, -1], [1, -1], [0, 0], [0, -1], [1, -1], [1, -2], [3, -6], [12, -20], [0, 0], [1, -1], [0, 0], [0, 0], [1, -1], [0, 0], [17, -15], [1, 0], [0, 0], [0, 0], [0, -1], [1, 0], [0, 0], [12, -65], [0, 0], [0, 0], [0, 0], [0, 0], [0, 0], [0, 0], [1, 0], [0, 0], [0, 0], [0, 0], [9, -14], [10, -64], [0, -1], [0, -1], [-42, -107], [-8, -7], [-63, 27], [-56, -1], [-48, -1], [-19, -41], [-4, -12], [0, -1], [0, 0], [-2, -7], [-3, -11], [0, -1], [-7, -28], [-3, -18], [0, -1], [0, -2], [0, -1], [-1, -14], [0, -7], [0, -2], [-1, -3], [0, -2], [-3, -175], [0, -1], [0, -5], [0, -26], [0, -2], [0, -1], [0, -11], [0, -1], [0, -1], [1, -6], [0, -2], [3, -26], [0, 0], [1, -1], [0, -2], [0, 0], [13, -31], [8, -13], [12, -17], [3, -3], [6, -7], [0, -1], [1, 0], [0, 0], [112, -49], [101, -28], [51, 34], [1, 1], [0, 1], [1, 2], [0, 4], [0, 4], [0, 0], [0, 0], [0, 0], [0, 1], [0, 0], [0, 1], [0, 0], [0, 1], [1, 1], [0, 0], [0, 1], [0, 0], [1, 0], [0, 1], [1, 1], [0, 0], [1, 0], [0, 0], [0, 1], [1, 0], [1, 0], [0, 0], [1, 0], [13, -2], [17, -6], [25, -33], [9, -19], [0, -106], [0, -1], [-1, -1], [0, 0], [0, -1], [0, 0], [0, -1], [-1, 0], [0, -1], [-4, -6], [-1, -2], [-23, -36], [-64, -90], [-38, -48], [-18, -15], [-1, -2], [-7, -9], [-13, -19], [-1, -2], [-1, -1], [-1, -2], [0, -1], [-13, -39], [-1, -4], [0, -1], [-1, -2], [-3, -15], [-1, -4], [0, -3], [-1, -7], [0, -3], [-43, -321], [0, -1], [0, -1], [0, -2], [0, -2], [0, -1], [0, -3], [-1, -3], [0, -4], [0, -2], [1, -1], [0, -5], [0, -2], [0, -4], [0, -1], [1, -4], [0, 0], [0, -2], [2, -8], [0, -4], [1, -2], [2, -13], [0, 0], [3, -7], [0, 0], [1, -1], [-88, -117], [-1, 0], [-1, -1], [-7, -6], [-3, -2], [-17, -16], [0, 0], [0, 0], [-1, -1], [0, -1], [-2, -2], [-2, -4], [-1, -1], [0, -1], [-1, 0], [-9, -21], [0, 0], [0, -1], [-1, -1], [0, 0], [0, -1], [0, -1], [-1, -2], [-20, -110], [0, -1], [0, -1], [-2, -10], [0, -1], [0, -1], [0, -1], [0, -1], [0, -2], [1, -23], [0, -1], [0, -1], [0, -2], [1, -1], [2, -16], [-39, -278], [-68, -84], [-13, -13], [-63, -52], [-49, -17], [-39, -13], [-38, 44], [-16, 44], [-22, 11], [-64, 21], [-11, -14], [-14, -23], [-18, -5], [-37, 19], [-61, 63], [-101, 68], [-52, 28], [-25, 39], [-39, 64], [-65, 189], [-11, 40], [-100, 159], [-37, -23], [-59, -67], [-17, -35], [-13, -28], [-18, -4], [-54, -11], [-47, 7], [-8, 5], [-95, -42], [-151, -36], [-82, -74], [-36, -10], [-16, 10], [-3, 2], [-51, 39], [-40, 65], [-31, 80], [-25, 107], [-10, 114], [-22, 126], [-21, 48], [-7, 21], [-3, 161], [5, 122], [-31, 109], [0, 0], [-41, 17], [-60, 86], [-9, 67], [-24, 150], [-53, 267], [-5, 21], [-7, 16], [-40, 39], [-7, 7], [0, 0], [-8, 0], [0, 0], [-9, -20], [-34, 7], [-18, 6], [-46, 33], [-49, 56], [-34, 94], [-23, 25], [-111, 1], [-16, -74], [-6, -80], [15, -24], [5, -33], [0, -3], [3, -41], [2, -54], [-12, -17], [-22, -25], [0, 0], [-47, 27], [0, 0], [0, 0], [-3, -1], [-13, -4], [-20, -11], [-45, -48], [-7, -18], [-12, -53], [-30, -115], [-43, -84], [-16, -24], [-3, -13], [-9, -66], [0, -8], [-1, -37], [2, -36], [7, -117], [7, -128], [1, -53], [-86, -181], [-79, 14], [-20, 9], [0, 0], [-56, -45], [-148, -42], [0, 0], [-22, 5], [-1, 2], [-3, 12], [10, 59], [-5, 32], [-18, 126], [-15, 51], [-23, 45], [-9, 10], [-153, -21], [-27, -20], [-10, 6], [-31, 26], [-32, 31], [-36, 36], [0, 0], [-1, 0], [-30, -9], [-70, -57], [-34, -51], [-1, -45], [-4, -4], [-43, -23], [-44, 50], [-35, 57], [-44, 56], [-34, -3], [0, 0], [-12, 2], [-95, 50], [-35, 107], [-24, 69], [-44, 86], [-42, 126], [0, 1], [18, 52], [18, 23], [13, -2], [7, -1], [3, 0], [9, -1], [9, -1], [0, 0], [1, 0], [1, 0], [0, 0], [25, 3], [2, 0], [25, 6], [55, 63], [10, 22], [10, 35], [8, 48], [-1, 145], [-24, 130], [-4, 78], [-2, 49], [2, 34], [-6, 51], [-18, 54], [-18, -12], [-20, -13], [-14, -31], [-6, -28], [-27, -22], [-93, 24], [-19, 10], [-15, 62], [9, 54], [-11, 27], [-56, 87], [-13, -45], [5, -22], [-2, -7], [-18, -57], [-13, -31], [-19, -14], [-115, 8], [-111, 112], [-41, 115], [6, 58], [22, 51], [-8, 13], [-29, 49], [-24, 45], [-61, 161], [-2, 11], [-6, 39], [26, 87], [-23, 146], [10, 58], [0, 84], [1, 141], [29, 113], [1, 2], [18, 54], [14, 50], [4, 27], [-16, 78], [-21, 55], [-55, 144], [-71, 188], [-9, 61], [0, 0], [20, 55], [35, 37], [20, 57], [1, 51], [-32, 150], [-75, 229], [-15, 40], [-1, 0], [-13, 14], [-31, -1], [-68, 73], [-96, 155], [-40, 75], [-18, 61], [14, 168], [24, 43], [41, 167], [-4, 217], [-33, 0], [-76, 72], [-7, 11], [-16, 54], [-51, 235], [-10, 52], [6, 49], [-1, 27], [-1, 12], [0, 1], [-8, 23], [-14, 27], [-6, 0], [-17, -3], [-8, -1], [-24, -5], [-16, 16], [-9, 12], [-12, 96], [-17, 114], [-27, 75], [-30, 82], [6, 38], [6, 36], [-9, 44], [-4, 7], [-1, 1], [-25, 41], [-29, 53], [-2, 7], [-25, 143], [-2, 32], [1, 4], [0, 2], [3, 13], [2, 13], [36, 76], [43, 136], [-16, 89], [0, 72], [10, 54], [4, 25], [0, 4], [-4, 5], [-9, 10], [-15, 12], [-44, -14], [-13, -5], [-8, -4], [-16, -6], [-9, -2], [-54, -10], [-13, -1], [-59, -5], [0, 0], [-38, 42], [-8, 37], [11, -19], [10, -10], [12, -2], [30, 2], [14, 2], [18, 5], [15, 6], [26, 73], [4, 82], [0, 6], [5, 160], [-36, 15], [-25, 42], [-13, 35], [4, 12], [3, 8], [17, 38], [1, 2], [1, 1], [4, 136], [-5, 35], [-28, 126], [-60, 130], [-37, 88], [-64, 169], [-7, 27], [-4, 19], [-23, 41], [-65, 67], [-95, 93], [-18, 7], [-30, 48], [-11, 23], [-32, 128], [-10, 66], [42, 157], [25, 174], [39, 222], [32, 113], [5, 21], [37, 209], [5, 40], [-15, 161], [-21, 201], [-33, 75], [-1, 154], [34, 114], [58, 22], [23, 11], [3, 42], [2, -1], [21, -35], [34, -3], [39, 6], [72, -68], [30, -46], [58, -95], [1, -25], [-6, -13], [0, -1], [0, -4], [13, -34], [0, 0], [73, -150], [52, -97], [40, -69], [24, -37], [0, 0], [50, -180], [-4, -23], [-6, -30], [-2, -17], [0, -4], [10, -36], [6, -5], [29, -22], [30, -15], [64, 25], [38, 23], [2, 1], [44, -63], [14, -47], [0, 0], [2, -5], [10, -16], [15, -15], [41, 56], [17, 9], [4, -1], [44, -15], [124, 21], [48, 14], [30, 5], [20, -2], [3, 0], [21, -5], [0, -1], [57, -53], [4, -5], [14, -20], [41, -77], [0, -1], [0, 0], [0, -1], [2, -26], [-3, -52], [13, -95], [2, -18], [1, -2], [0, -3], [58, -253], [44, -14], [68, -94], [11, -20], [0, 0], [1, -10], [-4, -17], [0, -1], [3, -17], [4, -28], [23, -107], [0, 0], [15, -32], [0, 0], [0, -1], [2, -2], [24, -21], [1, -61], [-16, -68], [-8, -67], [24, -42], [0, -1], [0, 0], [8, -9], [4, 11], [8, -8], [62, -68], [-33, -87], [1, -1], [50, -54], [4, -4], [89, 104], [66, 92], [47, 112], [2, 4], [12, 14], [24, 6], [-9, 138], [9, 107], [1, 8], [3, 17], [4, 12], [1, 3], [10, 29], [1, 4], [1, 2], [34, 26], [64, 24], [22, -3], [28, 17], [13, 19], [17, 69], [6, 29], [7, 37], [2, 5], [28, 60], [5, 12], [20, -2], [-50, 186], [-10, 12], [10, 23], [0, 4], [7, 67], [7, 82], [5, 59], [8, 84], [33, 282], [8, 58], [0, 0], [88, 5], [23, -174], [2, -57], [0, -1], [-6, -54], [-2, -20], [-3, -33], [0, -2], [1, -7], [0, -6], [1, -6], [1, -6], [0, -7], [1, -6], [1, -6], [1, -6], [1, -6], [1, -6], [1, -6], [1, -6], [1, -6], [1, -6], [2, -6], [51, -229], [2, -10], [2, -7], [3, -10], [1, -4], [6, -23], [15, -47], [9, -29], [57, -157], [12, -28], [50, -106], [30, 27], [21, 20], [55, 52], [11, 16], [59, 89], [25, 37], [-1, 1], [-1, 1], [0, 2], [183, 271], [0, 0], [0, 0], [1, 0], [0, 0], [26, -14], [11, -7], [24, -14], [35, -21], [110, -66], [31, -18], [18, -12], [0, 0], [2, 8], [0, 1], [-2, 6], [-103, 63], [-144, 87], [-7, 2], [-3, 0], [-4, -2]], [[39640, 25504], [0, -39], [-7, 16], [7, 23]], [[40068, 26606], [-1, -69], [0, -1], [0, -1], [-1, 0], [0, -1], [0, 0], [2, 72]], [[40933, 26403], [-2, -47], [-7, 7], [0, 16], [0, 22], [1, 40], [0, 215], [1, 125], [-12, 37], [-332, 561], [-256, 430], [4, 5], [252, -422], [12, -20], [236, -398], [47, -80], [46, -70], [6, -9], [3, -6], [0, -1], [1, -3], [1, -1], [0, -3], [1, -1], [0, -3], [0, -1], [-2, -393]], [[40068, 26606], [1, 80], [0, 1], [-1, 20], [0, 2], [0, 2], [0, 2], [-1, 1], [-1, -1], [-29, -2], [-1, 0], [-1, -1], [-1, 0], [-1, 0], [0, 0], [-3, -2], [-3, -3], [-2, -2], [-1, -2], [-2, -2], [-2, -3], [-2, -4], [-2, -4], [0, -2], [-1, -4], [-65, -156], [-59, -137], [-4, -6], [-3, -4], [-4, -4], [-21, -19], [-25, -29], [-25, -82], [-1, -4], [-1, -3], [-17, -71], [-3, -18], [-4, -21], [0, -4], [-1, -6], [-1, -6], [0, -5], [0, -5], [-5, -121], [0, -22], [1, -5], [1, -13], [9, -53], [3, -13], [2, -13], [4, -16], [6, -21], [18, -62], [1, -6], [3, -5], [5, -6], [3, -3], [4, -4], [3, -4], [2, -3], [1, -3], [0, -1], [0, -5], [0, -5], [0, -7], [0, -7], [-2, -9], [-23, -79], [-13, -32], [-4, -8], [-4, -8], [-1, -2], [-2, -2], [-2, -1], [-3, -2], [-77, -49], [-40, -20], [-2, 2], [-16, 12], [-11, 7], [-2, -9], [0, 11], [-4, 8], [-2, 6], [-5, 6], [-14, 1], [-4, 0], [-1, 0], [-3, -1], [-30, -12], [-5, -3], [-3, -2], [-76, -56], [-26, -24], [-73, -72], [-5, -5], [0, -1], [-1, -2], [-9, -18], [-4, -9], [-1, -2], [-5, -16], [-1, -5], [-2, -7], [0, -7], [-1, -4], [-7, -47], [-1, -5], [0, -5], [-1, -4], [-1, -5], [-1, -6], [-2, -14], [-2, -8], [-2, -6], [-1, -4], [-3, -7], [-22, -53], [-11, -25], [-3, -7], [0, -1], [-2, -4], [-5, -6], [-11, -16], [-16, -21], [-3, -5], [-4, -3], [-4, -3], [-5, -4], [-2, -1], [-4, -1], [-8, 0], [-64, 7], [-157, 37], [-3, 0], [-3, 1], [-3, 0], [-2, 0], [-5, 0], [-2, 0], [-2, 0], [-3, 0], [-7, -2], [-7, -3], [-2, -1], [-11, -7], [-2, -1], [-1, -1], [-3, -2], [-11, -11], [-5, -5], [-13, -17], [-3, -5], [-46, -86], [-6, -14], [-9, -20], [-2, -3], [-3, -9], [-34, -133], [-1, -4], [-1, -9], [-1, -3], [-9, -83], [-2, -7], [0, -3], [-2, -30], [0, -17], [0, -101], [1, -5], [1, -4], [1, -2], [15, -10], [0, 0], [0, 0], [0, 0], [1, 1], [0, 0], [1, 0], [0, 0], [19, -14], [19, -17], [26, -35], [4, -10], [35, -137], [-39, 83], [-33, 72], [-99, 48], [-46, -18], [-33, -34], [-4, -4], [-5, -46], [0, 0], [-8, -58], [-33, -282], [-8, -84], [-5, -59], [-7, -82], [-7, -67], [0, -4], [-10, -23], [10, -12], [50, -186], [-20, 2], [-5, -12], [-28, -60], [-2, -5], [-7, -37], [-6, -29], [-17, -69], [-13, -19], [-28, -17], [-22, 3], [-64, -24], [-34, -26], [-1, -2], [-1, -4], [-10, -29], [-1, -3], [-4, -12], [-3, -17], [-1, -8], [-9, -107], [9, -138], [-24, -6], [-12, -14], [-2, -4], [-47, -112], [-66, -92], [-89, -104], [-4, 4], [-50, 54], [-1, 1], [33, 87], [-62, 68], [-8, 8], [-4, -11], [-8, 9], [0, 0], [0, 1], [-24, 42], [8, 67], [16, 68], [-1, 61], [-24, 21], [-2, 2], [0, 1], [0, 0], [-15, 32], [0, 0], [-23, 107], [-4, 28], [-3, 17], [0, 1], [4, 17], [-1, 10], [0, 0], [-11, 20], [-68, 94], [-44, 14], [-58, 253], [0, 3], [-1, 2], [-2, 18], [-13, 95], [3, 52], [-2, 26], [0, 1], [0, 0], [0, 1], [-41, 77], [-14, 20], [-4, 5], [-57, 53], [0, 1], [-21, 5], [-3, 0], [-20, 2], [-30, -5], [-48, -14], [-124, -21], [-44, 15], [-4, 1], [-17, -9], [-41, -56], [-15, 15], [-10, 16], [-2, 5], [0, 0], [-14, 47], [-44, 63], [-2, -1], [-38, -23], [-64, -25], [-30, 15], [-29, 22], [-6, 5], [-10, 36], [0, 4], [2, 17], [6, 30], [4, 23], [-50, 180], [0, 0], [-24, 37], [-40, 69], [-52, 97], [-73, 150], [0, 0], [-13, 34], [0, 4], [0, 1], [6, 13], [-1, 25], [-58, 95], [-30, 46], [-72, 68], [-39, -6], [-34, 3], [-21, 35], [-2, 1], [4, 35], [2, 11], [-2, 38], [-7, 26], [-10, 16], [-11, 24], [-10, 45], [0, 0], [-2, 19], [5, 65], [17, 52], [17, 38], [-36, 94], [-56, 92], [-19, 26], [-22, 25], [-18, -5], [-22, 20], [-35, 75], [-44, 135], [-14, 1], [-29, 22], [-18, 2], [-17, 2], [-76, -14], [2, -31], [-12, -35], [-3, -3], [-23, -28], [-127, -118], [-45, -18], [-36, -9], [-65, -13], [-18, 5], [-43, 27], [-1, 0], [-24, 10], [-26, -22], [-23, -37], [-8, -20], [-16, -29], [-71, 26], [-16, 70], [-60, -159], [-12, -60], [-5, -43], [3, -22], [2, -13], [1, -24], [1, -16], [0, 0], [-1, -17], [-13, -114], [-5, -20], [-16, -39], [-9, -22], [-13, -34], [-4, -20], [-3, -17], [-1, -9], [-1, -3], [0, -6], [-1, -9], [-1, -29], [1, -21], [1, -10], [0, 0], [6, -39], [0, 0], [1, -18], [-1, -15], [-1, -5], [0, -5], [-1, -3], [0, -10], [-30, -59], [-11, -19], [-6, -11], [-4, -6], [-4, -13], [-10, -29], [-5, -23], [-2, -24], [0, -9], [-3, -43], [0, -27], [0, -14], [0, -9], [0, -1], [0, 0], [4, -17], [-8, -14], [-11, -18], [-68, -81], [-91, -58], [-108, -87], [-21, -35], [-19, -46], [-17, -73], [-3, -5], [-29, -49], [-129, -44], [-79, -3], [-97, 3], [-1, 0], [-37, 1], [-85, 4], [-56, 13], [-4, 1], [-66, -110], [-90, -27], [-58, -138], [-26, -61], [-28, -36], [-24, -29], [-29, -33], [-28, -58], [-13, -62], [-70, -94], [-56, -75], [-67, -72], [-33, -3], [-36, -3], [-48, 187], [-4, 28], [0, 0], [4, 35], [15, 34], [27, 52], [5, 10], [-5, 327], [-61, 71], [20, 67], [18, 80], [1, 43], [0, 0], [-8, 31], [-15, 62], [-57, 13], [-88, 45], [-4, 86], [7, 69], [-13, 66], [-75, 28], [-29, 21], [-5, 4], [-22, 40], [-80, -9], [-165, -24], [-83, 16], [0, 0], [-12, 14], [-33, 57], [-11, 21], [-11, 73], [-24, 10], [-10, -5], [-8, -11], [-5, -7], [-23, -46], [-41, 12], [-80, 74], [-90, 122], [-25, 58], [0, 0], [24, 76], [8, 39], [-28, 80], [-5, 14], [-10, 17], [-13, 8], [-9, 9], [-2, 3], [-9, 15], [-18, 45], [0, 0], [13, 109], [12, 37], [8, 72], [-2, 77], [0, 0], [-6, 17], [-62, 89], [-11, 10], [-10, 13], [-10, 18], [-47, 112], [-22, 71], [0, 0], [-1, 2], [-7, 7], [-6, -2], [-79, -33], [-54, -47], [-74, -18], [-32, 46], [-7, 5], [-64, -7], [-52, -38], [-8, 4], [-5, 7], [-5, 7], [-2, 11], [-5, 31], [6, 48], [6, 37], [-1, 9], [-29, 63], [-68, 81], [-16, 13], [-7, -6], [-22, 1], [-27, 20], [-2, 2], [-61, 111], [-118, 247], [-87, 214], [-32, 198], [0, 49], [8, 87], [6, 40], [25, 50], [13, 11], [106, 74], [106, 255], [6, 16], [29, 90], [-11, 38], [-12, 96], [-47, 52], [-24, 40], [-27, 60], [-23, 65], [-20, 44], [-13, 3], [-59, -31], [-86, -50], [-37, -39], [-34, -66], [-67, -13], [-32, -4], [-20, 4], [-81, -20], [-4, -12], [-3, -11], [-13, -60], [-7, -32], [-21, -101], [-8, -46], [-56, 62], [-7, 6], [-47, 12], [-34, 8], [-57, 60], [-45, 112], [1, 119], [-1, 7], [-48, 185], [-54, 101], [-43, 62], [-70, 104], [-14, 29], [0, 0], [-1, 6], [0, 5], [5, 19], [17, 24], [62, 83], [28, 68], [16, 68], [2, 78], [0, 5], [0, 3], [-30, 300], [-2, 7], [-1, 8], [-6, 15], [-3, 7], [-29, 20], [-45, 20], [-111, 106], [-7, 13], [-27, 72], [-117, 71], [-29, 20], [-18, 25], [-7, 15], [-25, 57], [-13, 33], [-9, 26], [-24, 71], [0, 0], [-1, 12], [8, 65], [0, 0], [-2, 9], [-46, 6], [-30, 2], [-67, -13], [-43, -15], [-9, -2], [-11, 14], [-29, 39], [-19, 31], [-36, 42], [-12, 13], [-33, 30], [-78, 12], [-161, 48], [-35, 14], [-109, 73], [-46, 44], [-5, 20], [-6, 30], [-55, -6], [-79, 4], [-13, -15], [-1, -1], [-23, 10], [-29, 51], [-23, 36], [-13, 14], [-49, 48], [-84, 62], [-94, 27], [-36, 0], [-72, -6], [3, 27], [11, 62], [25, 47], [7, 59], [-1, 50], [0, 2], [-9, 60], [-8, 52], [137, 138], [45, 39], [48, 35], [15, 5], [13, 3], [22, -25], [61, -17], [112, 5], [11, 1], [187, 78], [7, 4], [52, 66], [47, 61], [7, 5], [27, -2], [28, -7], [32, -15], [14, 12], [19, 26], [21, 72], [11, 197], [-7, 153], [0, 0], [-2, 49], [8, 145], [6, 42], [14, 29], [11, 14], [20, 27], [27, 11], [18, 7], [4, 27], [1, 5], [9, 75], [-2, 44], [7, 123], [53, -9], [18, 1], [-7, 89], [0, 82], [0, 59], [2, 53], [2, 53], [12, 156], [58, 210], [30, 95], [1, 2], [35, 80], [28, 57], [45, 23], [123, 0], [93, 39], [70, 28], [26, 9], [37, -22], [47, -61], [31, -57], [23, -53], [66, -31], [16, 70], [-8, 151], [-24, 65], [0, 0], [5, 25], [1, 1], [33, 69], [51, 91], [41, 30], [24, -32], [8, -10], [20, 13], [39, 26], [185, 230], [25, 51], [6, 47], [-31, -4], [-66, 214], [2, 71], [12, 45], [1, 4], [1, 11], [-4, 54], [0, 0], [-12, 48], [-33, -3], [-26, 42], [-18, 111], [20, 72], [-3, 50], [-43, 67], [-35, 21], [-9, -21], [-25, -13], [-1, 0], [-21, -6], [-38, 34], [-19, 41], [-20, 44], [-38, 26], [-44, -40], [0, -31], [-20, -21], [-23, 3], [-60, 55], [-42, 58], [-32, 60], [-73, 202], [-29, 135], [-3, 148], [0, 0], [1, 22], [168, 243], [5, 8], [20, 18], [72, 36], [2, 1], [99, 28], [32, -10], [46, -45], [112, 135], [52, 92], [33, 68], [42, 13], [0, 0], [78, -30], [47, -104], [44, -62], [45, -53], [21, -5], [31, 22], [16, 11], [12, 33], [26, 43], [54, -85], [29, -56], [22, -11], [36, -35], [5, -18], [0, 0], [6, -60], [-5, -42], [70, -172], [9, -7], [16, 29], [61, 77], [21, 24], [62, -40], [60, -96], [12, -19], [34, 16], [37, 24], [34, 36], [1, 1], [20, 11], [94, -115], [12, -43], [9, -58], [10, -2], [15, -2], [22, 24], [35, 41], [28, 57], [47, -12], [116, -90], [15, -31], [0, -10], [-1, -1], [-3, -29], [4, -55], [6, -68], [67, -84], [27, -73], [0, 0], [1, -107], [-16, -45], [3, -88], [62, -122], [20, -36], [47, -75], [29, -35], [23, -36], [28, -44], [33, -97], [0, 0], [2, -20], [-9, -29], [0, 0], [15, -70], [26, -38], [36, -5], [29, -41], [31, -67], [14, -46], [169, -88], [153, -72], [-9, -70], [14, -70], [93, -186], [28, -41], [43, 28], [129, 110], [210, 290], [94, 172], [41, 150], [17, 78], [17, 64], [23, 55], [30, 13], [1, 1], [19, 2], [23, 12], [13, 30], [33, 117], [-26, 58], [9, 71], [66, 59], [2, 10], [29, 112], [53, 162], [19, 27], [15, 21], [-1, 31], [-2, 40], [-8, 66], [-2, 88], [40, 248], [81, 73], [74, 50], [-3, 114], [19, 28], [2, 2], [31, 1], [13, -16], [28, 0], [65, 28], [70, 54], [51, 71], [50, 114], [10, 89], [-4, 83], [-6, 81], [0, 0], [-10, 62], [-67, 102], [-62, 128], [0, 0], [21, 56], [37, 20], [32, 41], [16, 44], [6, 104], [-1, 64], [55, 35], [18, 45], [-34, 105], [-53, 16], [-28, 79], [0, 1], [-7, 18], [0, 0], [-3, 80], [42, 175], [18, 18], [62, 63], [69, 85], [-17, 67], [0, 0], [38, 165], [58, 50], [48, 119], [38, 49], [21, 25], [48, 40], [30, -44], [25, -23], [91, 21], [50, 44], [74, 139], [42, 77], [62, 37], [70, -45], [37, -45], [71, -54], [82, -8], [56, 256], [0, 11], [2, 40], [-1, 23], [0, 0], [-10, 42], [-16, 99], [0, 30], [48, 60], [4, -8], [0, 0], [21, -89], [36, -66], [15, -17], [44, -35], [156, 95], [22, 13], [4, 16], [27, 79], [40, 83], [11, 3], [27, 0], [1, -4], [24, -82], [56, -119], [18, -64], [54, -66], [61, -31], [63, -113], [23, -118], [4, -116], [-1, -9], [-24, -21], [-3, -173], [2, -84], [4, -106], [8, -74], [-11, -46], [-22, -49], [-22, -33], [-25, -22], [-47, -32], [-28, -8], [-2, -214], [-13, -38], [-43, -105], [-54, -44], [-54, -29], [-5, -58], [14, -75], [23, -56], [0, 0], [30, -249], [-31, -133], [20, -81], [48, -79], [10, -25], [12, -39], [19, -78], [0, 0], [1, -51], [108, -202], [48, -40], [72, -60], [31, -124], [44, -109], [20, -45], [84, 4], [15, 6], [41, 62], [86, 107], [58, 21], [71, -67], [105, -60], [129, -88], [13, -4], [9, 0], [72, 3], [31, 6], [18, 28], [17, 26], [1, 1], [14, 11], [10, -9], [36, -50], [24, -41], [10, -11], [5, -6], [13, -5], [15, 7], [22, 32], [43, 74], [74, 70], [10, -1], [9, -1], [77, 24], [39, 12], [21, 29], [11, 32], [27, 47], [2, 3], [3, 3], [3, 1], [9, 2], [7, 0], [9, 0], [12, -2], [7, -2], [86, -46], [17, -20], [130, -134], [15, -12], [19, -16], [0, -1], [9, -3], [110, -36], [18, -5], [11, -2], [14, 1], [4, 0], [70, 26], [-6, -107], [-35, -384], [-36, -168], [0, 0], [0, -2], [1, -8], [4, -22], [5, -19], [15, -58], [32, -118], [18, -65], [12, -39], [41, -122], [101, -243], [4, -2], [11, -6], [8, 3], [37, -19], [42, -50], [-38, -224], [-21, -78], [-14, -29], [4, 29], [-3, 2], [-48, -71], [-3, -6], [-2, -6], [-1, -4], [-1, -2], [-1, -4], [0, -3], [-5, -64], [0, -6], [-1, -8], [0, -10], [1, -8], [1, -12], [3, -22], [3, -17], [3, -17], [6, -38], [4, -16], [3, -11], [22, -81], [8, -23], [4, -14], [3, -7], [3, -8], [2, -6], [3, -9], [4, -4], [1, -1], [13, -15], [2, -2], [35, -113], [-3, -188], [2, 0], [1, 0], [4, -2], [9, -23], [0, -3], [1, -5], [0, -4], [0, -1], [-2, -19], [-19, -136], [-1, -2], [-46, -115], [-30, -65], [-27, -52], [-14, -15], [26, 51], [2, 5], [-2, 5], [-14, 2], [-1, -1], [-7, -2], [-29, -30], [-56, -78], [-24, -5], [-62, -12], [-3, -2], [-2, -3], [-23, -28], [-7, -15], [-2, -6], [-3, -9], [-3, -14], [-3, -17], [-3, -16], [-2, -16], [-1, -11], [-1, -8], [-1, -11], [-3, -32], [0, -13], [-1, -6], [0, -59], [0, -5], [0, -6], [0, -25], [1, -32], [0, -4], [0, -4], [1, -32], [2, -30], [1, -9], [3, -33], [9, -78], [2, -12], [2, -15], [3, -18], [6, -35], [6, -29], [7, -26], [8, -34], [3, -8], [9, -34], [30, -97], [16, -46], [6, -16], [15, -30], [113, -188], [108, -109], [8, -3], [6, -2], [4, -1], [12, -3], [10, 9], [5, 4], [12, 14], [-1, 3], [-24, 27], [-23, 69], [0, 0], [0, 1], [0, 2], [0, 1], [0, 1], [2, 3], [1, 2], [0, 1], [1, 0], [1, 0], [0, 0], [1, -1], [113, -103], [1, -1], [1, -1], [4, -5], [6, -8], [1, -2], [1, -2], [0, -2], [1, -2], [2, -5], [1, -3], [36, -118], [0, -1], [1, -2], [0, -4], [-2, -37], [-12, -12], [0, 0], [0, -1], [-1, -1], [-1, -16], [0, -7], [0, 0], [1, -11], [0, -2], [58, -255], [-2, -68], [0, -14], [0, -13], [0, -3], [0, -5], [0, -2], [2, -7], [3, -18], [1, -2], [66, -179], [3, -77], [24, -24], [21, -92], [-35, -81], [-9, -22], [0, -2], [-5, -22], [-2, -12], [-2, -8], [-3, -23], [0, -3], [0, -4], [0, -3], [0, -4], [12, -200], [0, -2], [0, -2], [0, -3], [0, -3], [5, -23], [2, -10], [2, -9], [4, -10], [10, -23], [3, -5], [1, -3], [2, -2], [10, -14], [0, 0], [0, 0], [1, 0], [3, -1], [13, -51], [-11, -41], [-62, -224], [-1, -6], [-9, -120], [1, -5], [-36, -144], [-12, -36], [-2, -8], [-2, -9], [-1, -7], [0, -4], [0, -5], [-1, -6], [1, -12], [1, -16], [1, -13], [3, -14], [60, -267], [2, -9], [2, -8], [3, -10], [4, -9], [3, -9], [50, -93], [36, -65], [1, -3], [64, -104], [43, -62], [143, -208], [69, -98], [79, -112], [75, -111], [12, -20], [12, -20], [0, -2], [14, -26], [6, -10], [3, -6], [0, -3], [3, -4], [3, -7], [10, -14], [50, -60], [3, -3], [15, -16], [12, -11], [56, -49], [21, -5], [3, -1], [12, 0], [0, 1], [1, 4], [3, 26], [4, 27], [2, 15], [1, 1], [3, 1], [144, -2], [69, -57], [-3, -13], [-6, 5], [1, 4], [-63, 50], [-116, 2], [-25, -50], [0, -41], [24, -49], [72, 0], [74, -1], [38, 0], [0, 0], [0, 0], [0, 0], [0, 0], [0, -13], [0, -23], [-1, -423], [-3, -216], [-143, -9], [-5, 0], [-13, 0], [-4, 0], [-6, 11], [-1, 1], [0, 2], [0, 3], [1, 33], [0, 13], [0, 73], [0, 8], [-3, 32], [0, 1], [-5, 8], [0, 0], [0, 0], [-3, 0], [-7, 0], [-14, -1], [-3, -1], [-2, 0], [-4, -2], [-2, -1], [-2, -1], [-2, -2], [-1, -2], [-1, -1], [0, -2], [-17, -89], [-18, -117], [0, -1], [-3, -106]], [[41225, 6350], [1, -1], [0, 0], [-1, 0], [0, 1]], [[41225, 6350], [-16, 20], [0, 0], [0, 0], [-30, -73], [-4, -21], [22, -106], [-17, -114], [-13, -70], [-7, -11], [0, -2], [-1, -2], [-37, -133], [-3, -15], [0, -2], [0, -1], [-6, -45], [1, -16], [-2, -40], [-50, -57], [-6, 4], [-14, 5], [-11, 2], [-34, -24], [-8, -7], [-6, -6], [-2, -4], [-10, -14], [-1, -2], [-1, -2], [-17, -37], [-3, -7], [-3, -8], [-3, -9], [-5, -17], [-1, -2], [-7, -57], [-1, -1], [0, -4], [-1, -16], [0, -3], [0, -23], [0, -2], [0, -10], [1, -33], [1, -12], [2, -48], [0, -2], [10, -88], [0, -3], [1, -12], [1, -4], [2, -10], [0, -4], [2, -9], [1, -4], [3, -10], [12, -56], [-3, -46], [-4, -31], [0, -2], [-1, -3], [0, -1], [-11, -14], [-43, -20], [-50, 19], [-1, 0], [-74, 2], [-2, 0], [-1, 0], [-1, 0], [-2, -1], [-3, 0], [-2, -1], [-1, 0], [-9, -4], [-4, -3], [-9, -7], [-18, -14], [-1, 0], [-7, -8], [-2, -3], [-4, -5], [-2, -3], [-30, -47], [-10, -31], [-1, -5], [-1, -3], [-1, -2], [-2, -9], [-3, -16], [-1, -1], [-3, -19], [-3, -14], [-9, -83], [-2, -12], [0, -8], [-17, -153], [-6, -75], [0, -2], [0, -13], [-43, -238], [-4, -3], [-4, 0], [-5, 0], [-15, 5], [-1, 1], [-5, 4], [-12, 13], [-4, 5], [-3, 4], [-34, 52], [-22, 38], [-14, 15], [-10, 8], [-3, 2], [-43, 33], [-16, 7], [-63, 26], [-39, -29], [-7, -5], [-13, -16], [-9, -30], [-1, -17], [-13, -17], [-17, -21], [-4, -6], [0, 0], [-16, 12], [-14, 31], [-6, 13], [-1, 5], [-12, 33], [0, 2], [1, 37], [-8, 79], [0, 0], [-17, -2], [-8, -2], [-3, -1], [-9, -7], [-5, -6], [-25, -23], [-28, -11], [-8, -1], [-5, -1], [-65, 80], [-154, 155], [-125, 124], [-5, 4], [-15, 12], [-64, 41], [-17, 2], [-1, 0], [-1, 0], [-56, -14], [-8, -12], [-18, -27], [-4, -1], [-3, 0], [-8, -1], [-3, 0], [-58, 7], [-5, 2], [-3, 1], [-2, 1], [-4, 4], [-2, 4], [-2, 8], [-24, 73], [-1, 2], [-10, 40], [0, 1], [-3, 15], [-1, 3], [-2, 10], [-4, 19], [-11, 33], [0, 1], [-1, 1], [-18, 17], [-26, 10], [-6, 2], [-49, 7], [-32, 4], [-29, 1], [-12, 0], [-42, 22], [-78, 42], [-7, 13], [-18, 15], [-6, 4], [-27, 20], [0, 0], [-1, 0], [-14, -3], [-64, 35], [-33, 10], [-27, -9], [-154, -66], [-45, -23], [3, 45], [0, 1], [-29, 98], [-6, 11], [-19, 30], [-94, 120], [0, 0], [0, 0], [-24, 13], [-17, 8], [-22, 53], [0, 2], [-2, 108], [-23, -15], [-47, 9], [-17, 4], [-12, 12], [-20, 12], [-84, 4], [-55, -3], [-60, -52], [-32, -30], [-15, -14], [-11, -15], [-10, -16], [-1, -5], [-8, -25], [-52, -119], [-132, -202], [-11, -13], [-52, -21], [-15, -5], [-4, -1], [-35, 1], [-38, 32], [-2, 0], [-6, -19], [-18, -71], [-14, -73], [-37, -49], [-17, -25], [-8, -22], [-5, -12], [-29, -86], [0, -2], [-1, -4], [2, -109], [-21, -79], [-137, -36], [-76, -11], [-1, 1], [-24, 41], [-2, 3], [-2, 2], [-13, 12], [-1, 1], [-20, 11], [-2, 1], [-95, 46], [-36, 13], [-17, -16], [-146, -153], [-6, -8], [-4, -18], [-6, -98], [-13, -233], [-41, -101], [-21, -5], [-60, -17], [-33, -60], [-18, -87], [-1, -17], [0, -9], [0, -1], [0, -3], [5, -32], [-38, 30], [-73, 44], [-9, 12], [-7, 16], [-15, 37], [-9, 26], [-1, 42], [-1, 6], [-1, 7], [-28, 39], [-89, 95], [-61, 61], [-6, -5], [-1, -2], [-23, -21], [-14, -28], [-1, -1], [-81, 57], [-8, 14], [-30, 42], [-30, 12], [-1, 1], [0, 0], [-42, -27], [-87, -72], [-43, 67], [-61, 57], [-123, 53], [-14, 12], [-42, 127], [-11, 77], [-55, 77], [-12, 184], [-6, 117], [44, 126], [32, 61], [24, 35], [0, 1], [7, 14], [2, 7], [3, 9], [7, 29], [3, 14], [26, 237], [6, 105], [-35, 70], [-22, 91], [-1, 43], [18, 30], [22, 27], [39, 55], [8, 30], [9, 263], [0, 1], [-1, 21], [-16, 92], [-68, 239], [-55, 129], [-13, 8], [0, 0], [-71, 38], [-10, 6], [-51, 12], [-28, -9], [-13, -1], [-70, 9], [-61, 34], [-44, 27], [-19, 36], [-47, 9], [-34, 1], [-39, -7], [0, 0], [-42, -7], [-19, 4], [-7, 18], [-6, 51], [6, 18], [0, 2], [0, 22], [0, 4], [-16, 62], [-32, 54], [-22, 17], [-62, 26], [-22, -5], [-15, -15], [-9, -14], [-51, 47], [-48, 95], [-14, 28], [-71, 86], [-126, 96], [-15, 22], [-44, 69], [-34, 50], [-18, 23], [6, 65], [-15, 48], [-8, 4], [-9, 4], [-28, 9], [-1, 0], [-12, 0], [0, 0], [-27, -13], [-6, -4], [-87, -111], [-11, -33], [-2, -9], [-2, -5], [-4, -28], [0, 0], [0, -2], [2, -44], [-1, -9], [0, -3], [-1, -5], [-2, -8], [-6, -10], [-52, -57], [-10, -8], [-7, 55], [0, 3], [-3, 7], [-12, 15], [-109, 117], [-2, 1], [-5, 5], [-5, 3], [-2, 2], [-33, 12], [-106, 89], [-6, 33], [-16, 24], [-2, 3], [-48, 51], [-45, 42], [-11, 6], [-3, -13], [1, -11], [1, -47], [-6, -44], [-63, -217], [-33, -58], [-15, -20], [-73, -47], [-59, -4], [-72, 45], [-32, 0], [-25, -27], [-43, -9], [-92, -1], [-21, 53], [-2, 8], [-33, 82], [-43, 107], [-36, 59], [-48, 52], [-74, 68], [-28, 9], [-37, 60], [-26, 12], [-1, 0], [-39, -4], [-60, -25], [-19, -12], [-7, -13], [-64, -104], [-21, -55], [48, -123], [0, -1], [0, 0], [-38, -58], [-34, -81], [-11, -53], [-7, -40], [4, -8], [11, -19], [8, -12], [-36, -26], [-28, -12], [-68, 33], [-99, 68], [-9, -4], [-19, -23], [-13, -57], [-21, -121], [-13, -73], [0, 0], [-1, -6], [-1, -10], [-2, -2], [-3, -2], [-29, -20], [-79, -41], [-52, -16], [-9, 28], [-35, 63], [-72, -5], [-59, -49], [-131, -50], [-38, -1], [-6, 0], [-8, -3], [-20, -10], [-8, -4], [-2, -3], [-106, -86], [-90, -67], [-8, -2], [-11, -2], [-5, 0], [-23, -5], [-19, -3], [-17, -3], [-2, -5], [-7, -81], [-64, -99], [-39, -46], [-23, -14], [-43, -9], [-64, -88], [-79, -149], [-71, -227], [-6, -22], [-3, -11], [0, -11], [3, -13], [1, -7], [0, -7], [-4, -12], [-6, -13], [-25, -63], [-20, -47], [-49, -100], [-2, -47], [5, -74], [17, -67], [20, -28], [19, -25], [17, -11], [1, 0], [-45, -94], [-54, -89], [-22, -28], [-23, -93], [46, -116], [-14, -268], [-26, -79], [-3, -9], [5, -55], [10, -106], [3, -9], [2, -3], [100, -148], [77, -192], [1, -2], [20, -44], [44, -52], [44, -39], [2, -4], [17, -45], [4, -10], [1, -6], [10, -50], [0, -7], [5, -77], [-1, -10], [-7, -53], [-2, -22], [-2, -12], [-4, -5], [-25, -29], [-14, -16], [-3, -5], [-13, -14], [-19, -20], [-52, -57], [-82, 168], [0, 1], [-1, 1], [-10, 15], [-14, 21], [-2, 3], [-14, 20], [-23, 20], [-7, 6], [-1, 0], [-146, 62], [-139, 82], [-23, 4], [-47, 8], [-68, 28], [-36, 21], [-51, 36], [-39, 17], [-11, 25], [-81, 235], [-13, 53], [-4, 72], [0, 81], [-12, 144], [-16, 50], [-33, 86], [-28, 59], [-39, 140], [-50, 305], [-2, 46], [19, 217], [24, 119], [45, 356], [-30, 238], [-3, 18], [-26, -2], [-46, -9], [-35, -68], [-39, -44], [-115, -68], [-75, -80], [-45, -35], [-77, 29], [-11, 8], [-109, 99], [-24, 29], [-147, 115], [-81, 4], [4, 70], [8, 168], [-3, 46], [-21, 237], [-21, 130], [-96, 149], [-16, 21], [-8, 11], [-11, 121], [2, 11], [15, 75], [0, 92], [0, 13], [-55, 44], [-1, 1], [-17, 8], [-18, 9], [-14, 8], [-42, 29], [-21, 68], [0, 1], [-38, 122], [-17, 49], [-43, 109], [-27, 43], [-25, 31], [-81, 117], [-38, 59], [1, 23], [1, 10], [0, 13], [2, 55], [-40, 125], [-5, 15], [-65, 52], [-30, 16], [-25, 8], [-7, 3], [0, 65], [25, 163], [21, 135], [23, 190], [-2, 53], [-1, 15], [-25, 47], [-28, 49], [-24, 37], [-18, 31], [-24, 85], [21, 129], [22, 66], [6, 19], [-3, 9], [-2, 6], [-11, 28], [39, 255], [11, 31], [35, 10], [10, 1], [26, 115], [-11, 24], [-24, 77], [-9, 32], [-14, 57], [5, 2], [4, 1], [3, 1], [113, 29], [48, 63], [85, -23], [123, -23], [117, 151], [26, 60], [26, 63], [22, 136], [-50, 97], [-43, 78], [-11, 166], [-2, 114], [6, 27], [7, 27], [14, 113], [0, 7], [1, 17], [0, 4], [-10, 38], [-1, 6], [-24, 78], [-32, 59], [-43, 129], [4, 13], [10, 35], [48, 73], [97, 195], [111, 358], [48, 179], [2, 22], [16, 204], [5, 85], [19, 68], [12, 26], [4, 0], [7, 1], [20, 11], [28, 35], [7, 22], [3, 77], [-4, 41], [1, 44], [12, 122], [5, 37], [35, 54], [35, 20], [45, 114], [47, 149], [12, 126], [2, 51], [3, 40], [1, 12], [0, 0], [7, 23], [6, 14], [-36, 88], [-19, 0], [-11, 4], [-17, 7], [-6, 24], [11, 40], [38, 101], [7, 3], [18, -3], [36, 154], [12, 77], [13, 94], [6, 25], [32, 67], [79, 153], [42, 115], [33, 13], [10, 6], [10, 21], [37, 77], [14, 30], [52, 127], [14, 42], [15, 57], [-1, 59], [-2, 13], [-10, 41], [-19, 170], [-11, 155], [-23, 71], [-16, 32], [-1, 1], [-15, 62], [7, 83], [-18, 144], [-19, 80], [-8, 27], [-27, 110], [2, 253], [8, 14], [13, 115], [13, 183], [-4, 100], [-1, 4], [-4, 17], [107, 112], [89, 67], [3, 6], [9, 22], [18, 66], [4, 15], [8, 31], [8, 34], [10, 25], [1, 0], [28, -2], [12, -10], [31, -18], [45, 8], [78, 28], [4, 2], [6, 9], [4, 34], [-8, 71], [12, 97], [18, 74], [65, 47], [49, 24], [23, 11], [19, 4], [38, -5], [34, 128], [-5, 66], [3, 12], [23, 65], [22, 19], [7, 5], [29, 20], [7, 0], [27, 46], [23, 130], [-1, 61], [-42, 47], [-23, 29], [-17, 24], [-3, 8], [51, 125], [36, 99], [10, 27], [68, 165], [45, 31], [19, -13], [27, -18], [39, 17], [52, 45], [26, -20], [61, -6], [36, -11], [26, -9], [8, -24], [0, -38], [61, -129], [9, -12], [25, 36], [4, 27], [-1, 37], [7, 16], [6, 3], [87, -49], [5, -34], [14, 1], [60, 10], [29, 24], [24, 22], [14, 16], [8, 13], [9, 12], [49, -17], [57, -51], [56, -59], [82, -111], [49, -68], [18, -34], [83, -164], [9, -26], [19, -61], [78, -262], [12, -93], [6, -94], [-7, -32], [-6, -27], [1, -22], [38, -49], [0, 0], [25, -6], [48, 4], [7, 4], [3, 11], [-3, 32], [-2, 19], [-3, 31], [4, 27], [14, 45], [52, 87], [17, 16], [31, 9], [23, -18], [43, -26], [10, 1], [18, 3], [75, 120], [32, 64], [46, 111], [8, 34], [14, 63], [0, 2], [0, 11], [0, 37], [10, 32], [10, 18], [20, 73], [0, 1], [-9, 41], [-10, 42], [-50, 184], [-23, 52], [-67, 48], [0, 0], [3, 103], [-23, 287], [-18, 53], [-4, 9], [-30, 37], [-31, 21], [-20, 22], [-87, 284], [-76, 170], [-33, 71], [-12, 26], [17, 83], [12, 38], [35, 259], [-6, 6], [-23, 25], [-9, 14], [-17, 60], [9, 52], [12, 191], [3, 183], [0, 19], [-2, 95], [-5, 172], [-1, 2], [-9, 25], [-29, 70], [-48, 243], [-58, 198], [-7, 53], [4, 27], [11, 42], [15, 43], [13, 31], [4, 11], [11, 23], [-4, 29], [-33, 134], [-18, 50], [-5, 12], [0, 43], [1, 12], [23, 137], [5, 26], [51, 176], [14, 27], [15, 2], [31, -2], [2, -22], [-1, -26], [0, -4], [23, -69], [23, -58], [46, -86], [61, -89], [10, -7], [81, -50], [161, 31], [42, 17], [3, 4], [97, 111], [124, 92], [23, 84], [-10, 46], [-25, 188], [-14, 139], [-47, 295], [-83, 272], [-68, 151], [-16, 35], [17, 41], [56, 55], [9, 88], [29, 111], [37, 51], [40, -33], [37, 58], [50, 112], [21, 60], [22, 83], [6, 137], [74, 61], [2, 92], [13, 111], [1, 5], [5, -1], [0, 0], [83, -16], [165, 24], [80, 9], [22, -40], [5, -4], [29, -21], [75, -28], [13, -66], [-7, -69], [4, -86], [88, -45], [57, -13], [15, -62], [8, -31], [0, 0], [-1, -43], [-18, -80], [-20, -67], [61, -71], [5, -327], [-5, -10], [-27, -52], [-15, -34], [-4, -35], [0, 0], [4, -28], [48, -187], [36, 3], [33, 3], [67, 72], [56, 75], [70, 94], [13, 62], [28, 58], [29, 33], [24, 29], [28, 36], [26, 61], [58, 138], [90, 27], [66, 110], [4, -1], [56, -13], [85, -4], [37, -1], [1, 0], [97, -3], [79, 3], [129, 44], [29, 49], [3, 5], [17, 73], [19, 46], [21, 35], [108, 87], [91, 58], [68, 81], [11, 18], [8, 14], [-4, 17], [0, 0], [0, 1], [0, 9], [0, 14], [0, 27], [3, 43], [0, 9], [2, 24], [5, 23], [10, 29], [4, 13], [4, 6], [6, 11], [11, 19], [30, 59], [0, 10], [1, 3], [0, 5], [1, 5], [1, 15], [-1, 18], [0, 0], [-6, 39], [0, 0], [-1, 10], [-1, 21], [1, 29], [1, 9], [0, 6], [1, 3], [1, 9], [3, 17], [4, 20], [13, 34], [9, 22], [16, 39], [5, 20], [13, 114], [1, 17], [0, 0], [-1, 16], [-1, 24], [-2, 13], [-3, 22], [5, 43], [12, 60], [60, 159], [16, -70], [71, -26], [16, 29], [8, 20], [23, 37], [26, 22], [24, -10], [1, 0], [43, -27], [18, -5], [65, 13], [36, 9], [45, 18], [127, 118], [23, 28], [3, 3], [12, 35], [-2, 31], [76, 14], [17, -2], [18, -2], [29, -22], [14, -1], [44, -135], [35, -75], [22, -20], [18, 5], [22, -25], [19, -26], [56, -92], [36, -94], [-17, -38], [-17, -52], [-5, -65], [2, -19], [0, 0], [10, -45], [11, -24], [10, -16], [7, -26], [2, -38], [-2, -11], [-4, -35], [-3, -42], [-23, -11], [-58, -22], [-34, -114], [1, -154], [33, -75], [21, -201], [15, -161], [-5, -40], [-37, -209], [-5, -21], [-32, -113], [-39, -222], [-25, -174], [-42, -157], [10, -66], [32, -128], [11, -23], [30, -48], [18, -7], [95, -93], [65, -67], [23, -41], [4, -19], [7, -27], [64, -169], [37, -88], [60, -130], [28, -126], [5, -35], [-4, -136], [-1, -1], [-1, -2], [-17, -38], [-3, -8], [-4, -12], [13, -35], [25, -42], [36, -15], [-5, -160], [0, -6], [-4, -82], [-26, -73], [-15, -6], [-18, -5], [-14, -2], [-30, -2], [-12, 2], [-10, 10], [-11, 19], [8, -37], [38, -42], [0, 0], [59, 5], [13, 1], [54, 10], [9, 2], [16, 6], [8, 4], [13, 5], [44, 14], [15, -12], [9, -10], [4, -5], [0, -4], [-4, -25], [-10, -54], [0, -72], [16, -89], [-43, -136], [-36, -76], [-2, -13], [-3, -13], [0, -2], [-1, -4], [2, -32], [25, -143], [2, -7], [29, -53], [25, -41], [1, -1], [4, -7], [9, -44], [-6, -36], [-6, -38], [30, -82], [27, -75], [17, -114], [12, -96], [9, -12], [16, -16], [24, 5], [8, 1], [17, 3], [6, 0], [14, -27], [8, -23], [0, -1], [1, -12], [1, -27], [-6, -49], [10, -52], [51, -235], [16, -54], [7, -11], [76, -72], [33, 0], [4, -217], [-41, -167], [-24, -43], [-14, -168], [18, -61], [40, -75], [96, -155], [68, -73], [31, 1], [13, -14], [1, 0], [15, -40], [75, -229], [32, -150], [-1, -51], [-20, -57], [-35, -37], [-20, -55], [0, 0], [9, -61], [71, -188], [55, -144], [21, -55], [16, -78], [-4, -27], [-14, -50], [-18, -54], [-1, -2], [-29, -113], [-1, -141], [0, -84], [-10, -58], [23, -146], [-26, -87], [6, -39], [2, -11], [61, -161], [24, -45], [29, -49], [8, -13], [-22, -51], [-6, -58], [41, -115], [111, -112], [115, -8], [19, 14], [13, 31], [18, 57], [2, 7], [-5, 22], [13, 45], [56, -87], [11, -27], [-9, -54], [15, -62], [19, -10], [93, -24], [27, 22], [6, 28], [14, 31], [20, 13], [18, 12], [18, -54], [6, -51], [-2, -34], [2, -49], [4, -78], [24, -130], [1, -145], [-8, -48], [-10, -35], [-10, -22], [-55, -63], [-25, -6], [-2, 0], [-25, -3], [0, 0], [-1, 0], [-1, 0], [0, 0], [-9, 1], [-9, 1], [-3, 0], [-7, 1], [-13, 2], [-18, -23], [-18, -52], [0, -1], [42, -126], [44, -86], [24, -69], [35, -107], [95, -50], [12, -2], [0, 0], [34, 3], [44, -56], [35, -57], [44, -50], [43, 23], [4, 4], [1, 45], [34, 51], [70, 57], [30, 9], [1, 0], [0, 0], [36, -36], [32, -31], [31, -26], [10, -6], [27, 20], [153, 21], [9, -10], [23, -45], [15, -51], [18, -126], [5, -32], [-10, -59], [3, -12], [1, -2], [22, -5], [0, 0], [148, 42], [56, 45], [0, 0], [20, -9], [79, -14], [86, 181], [-1, 53], [-7, 128], [-7, 117], [-2, 36], [1, 37], [0, 8], [9, 66], [3, 13], [16, 24], [43, 84], [30, 115], [12, 53], [7, 18], [45, 48], [20, 11], [13, 4], [3, 1], [0, 0], [0, 0], [47, -27], [0, 0], [22, 25], [12, 17], [-2, 54], [-3, 41], [0, 3], [-5, 33], [-15, 24], [6, 80], [16, 74], [111, -1], [23, -25], [34, -94], [49, -56], [46, -33], [18, -6], [34, -7], [9, 20], [0, 0], [8, 0], [0, 0], [7, -7], [40, -39], [7, -16], [5, -21], [53, -267], [24, -150], [9, -67], [60, -86], [41, -17], [0, 0], [31, -109], [-5, -122], [3, -161], [7, -21], [21, -48], [22, -126], [10, -114], [25, -107], [31, -80], [40, -65], [51, -39], [3, -2], [16, -10], [36, 10], [82, 74], [151, 36], [95, 42], [8, -5], [47, -7], [54, 11], [18, 4], [13, 28], [17, 35], [59, 67], [37, 23], [100, -159], [11, -40], [65, -189], [39, -64], [25, -39], [52, -28], [101, -68], [61, -63], [37, -19], [18, 5], [14, 23], [11, 14], [64, -21], [22, -11], [16, -44], [38, -44], [39, 13], [49, 17], [63, 52], [13, 13], [68, 84], [10, 3], [0, 0], [1, 1], [6, -2], [1, -2], [63, -213], [-27, -24], [-8, 4], [-9, 1], [0, 0], [0, -1], [-1, 0], [0, 0], [-1, 0], [-1, -1], [0, 0], [-7, -6], [-3, -2], [0, -1], [-1, 0], [0, -1], [-1, -1], [0, 0], [-2, -3], [-1, -1], [-1, -2], [-44, -74], [0, -1], [-41, -90], [-33, -158], [-44, -168], [-13, -8], [0, 0], [-1, 0], [0, -1], [-1, 0], [0, -1], [-1, -1], [-1, 0], [0, -1], [-2, -3], [-1, -1], [0, -1], [-1, -1], [0, -1], [0, 0], [-1, -1], [0, -1], [-2, -5], [0, 0], [0, -1], [-7, -30], [-1, -5], [-13, -84], [0, -2], [-1, -3], [0, -2], [-1, -8], [0, -11], [0, -4], [0, -3], [0, -4], [0, -4], [0, -2], [0, -3], [1, -28], [0, -3], [1, -3], [4, -39], [1, -9], [1, -7], [4, -26], [1, -4], [3, -18], [9, -33], [1, -3], [52, -142], [2, -7], [-10, -88], [0, 0], [-1, 0], [-1, 0], [-2, -2], [-9, -15], [-1, -1], [-7, -17], [-17, -46], [0, -2], [0, -1], [-1, -2], [0, -2], [0, -1], [-14, -83], [0, -2], [0, -2], [0, -11], [0, -2], [0, -4], [10, -80], [2, -12], [8, -41], [1, -3], [3, -7], [1, -1], [2, -1], [1, 0], [0, 1], [1, 1], [8, 5], [2, 0], [1, 0], [20, -7], [2, -1], [1, -1], [-1, -15], [-14, -91], [-1, -1], [-2, -3], [-1, -1], [-2, -1], [-1, -1], [0, -1], [-1, 0], [-2, 1], [-64, 41], [-31, 36], [-40, 48], [-18, 0], [-11, -15], [-28, -37], [-7, -14], [-14, -57], [-6, -27], [1, -24], [7, -33], [65, -48], [0, -16], [-115, -102], [-1, 0], [-2, 0], [-2, -1], [-1, 0], [-2, -1], [-1, -1], [-2, -1], [-6, -8], [-11, -15], [-1, -2], [-1, -1], [-1, -1], [-4, -9], [0, -2], [-1, -2], [-2, -8], [-2, -7], [0, -2], [-3, -13], [-1, -6], [-3, -28], [0, -3], [0, -9], [0, -5], [0, -6], [0, -1], [0, -6], [1, -15], [0, -10], [4, -33], [1, -3], [0, -2], [0, -2], [1, -3], [24, -141], [-8, -68], [-55, -115], [-4, -6], [-42, -46], [-5, 7], [0, 18], [2, 57], [-37, 3], [-18, -22], [-41, -122], [-4, -15], [-2, -12], [-3, -15], [-1, -8], [-1, -10], [0, -11], [-1, -3], [0, -5], [0, -15], [1, -134], [2, -22], [0, -2], [0, -2], [2, -17], [1, -7], [1, -13], [8, -57], [7, -35], [4, -19], [4, -15], [64, -289], [32, -156], [-15, -13], [-37, -52], [-3, -4], [-1, -2], [-1, -2], [-1, -1], [-1, -2], [0, -2], [-1, -4], [-2, -15], [0, -4], [-1, -5], [-2, -69], [1, -108], [1, -5], [3, -17], [1, -5], [5, -55], [5, -62], [0, -37], [-1, -21], [-16, -118], [-1, -9], [-2, -9], [-1, -6], [-2, -5], [-1, -4], [-2, -3], [-2, -2], [-1, -1], [-1, 0], [-2, 0], [-1, 1], [-2, 2], [-1, 2], [0, 2], [0, 3], [0, 2], [0, 2], [0, 3], [1, 2], [1, 2], [1, 1], [1, 0], [1, 0], [10, 33], [1, 11], [3, 19], [2, 21], [0, 0], [-1, 8], [-38, -37], [-8, -16], [-17, -48], [-1, -4], [0, -4], [-1, -10], [-1, -3], [-1, -14], [0, -7], [5, -91], [1, -27], [1, -4], [0, -5], [1, -4], [0, -4], [10, -50], [2, -6], [1, -4], [1, -4], [2, -5], [4, -8], [1, -2], [39, -66], [1, -2], [-116, -208], [-51, -87], [-76, -145], [-4, -13], [-1, -6], [-2, -6], [0, -2], [0, -3], [-1, -4], [0, -3], [-1, -4], [0, -6], [0, -18], [0, -5], [0, -4], [0, -3], [0, -34], [0, -4], [2, -24], [1, -18], [1, -8], [42, -398], [17, -153], [-4, -27], [-64, -347], [-1, -4], [-2, -9], [-1, -7], [-1, -4], [-3, -5], [-1, -2], [-9, -8], [-5, 0], [0, 0], [2, -47], [-23, -54], [-45, -89], [-24, -45], [9, -140], [0, -2], [1, -5], [17, -80], [3, -9], [13, -24], [1, -3], [2, -4], [5, -7], [6, -9], [1, -1], [12, -23], [1, -4], [1, -1], [0, -2], [1, -5], [1, -2], [0, -2], [0, -2], [0, -2], [0, -9], [-3, -155], [0, -4], [-1, -1], [0, -2], [-1, -2], [-2, -2], [0, -1], [-2, -1], [-1, 0], [0, 0], [-2, 0], [-1, 1], [-1, 1], [-2, 2], [-1, 2], [-1, 1], [0, 2], [0, 1], [0, 2], [0, 1], [0, 2], [0, 2], [0, 2], [2, 7], [1, 1], [0, 0], [0, 0], [1, 1], [0, 2], [0, 1], [2, 44], [3, 99], [0, 4], [0, 1], [-1, 4], [0, 1], [-1, 2], [0, 2], [-1, 1], [-2, 4], [-2, 3], [-60, 81], [0, 0], [-1, 0], [-4, -3], [-1, -1], [-2, -1], [-3, -2], [-19, -24], [0, 0], [-7, -14], [-11, -25], [-8, -21], [0, -1], [0, 0], [70, -133], [-82, -36], [-5, 4], [-15, 11], [-7, 6], [0, -1], [-2, -1], [-3, -4], [-2, -2], [-3, -4], [-1, -2], [-1, -1], [-3, -5], [-1, -2], [-2, -3], [-2, -4], [-1, -2], [-2, -5], [-7, -19], [-3, -12], [-1, -2], [-1, -4], [-1, -4], [-1, -7], [-1, -3], [-2, -16], [-1, -2], [-3, -22], [0, -2], [0, -2], [-1, -8], [-2, -20], [0, -4], [-1, -19], [0, -11], [0, -3], [0, -18], [0, -4], [0, -38], [0, -3], [1, -3], [0, -3], [1, -9], [2, -24], [1, -12], [2, -20], [7, -49], [47, -338], [1, -2], [14, -31], [1, -1]], [[8680, 34799], [36, -10], [124, -1], [1, 1], [5, 3], [23, 13], [15, 10], [15, 16], [27, -1], [128, -112], [24, -26], [37, -51], [1, -6], [4, -36], [0, -10], [-7, -24], [0, -40], [1, -5], [1, -9], [9, -48], [35, -108], [3, -8], [4, -6], [32, -57], [12, -20], [20, -24], [20, -12], [54, -21], [86, -19], [219, -45], [15, 15], [34, 10], [62, 17], [112, 11], [35, -52], [4, -9], [3, -8], [3, -6], [4, -21], [5, -27], [8, -18], [47, -85], [2, -2], [9, -9], [143, -111], [6, 2], [20, 5], [20, 1], [114, -78], [9, -13], [6, -8], [45, -138], [12, -51], [3, -15], [29, -101], [35, -4], [3, 0], [26, -1], [80, 23], [45, 53], [11, -30], [12, -30], [77, -175], [34, -23], [3, -2], [12, 11], [7, 11], [15, 10], [1, 0], [27, -18], [39, -52], [2, -4], [17, -36], [-18, -125], [-4, -20], [-7, -13], [-20, -60], [-21, -77], [-5, -27], [-1, -197], [5, -5], [19, -17], [25, -38], [5, -25], [28, -177], [-1, -1], [-21, -32], [-5, -7], [-16, -23], [-12, -254], [0, -61], [1, -15], [3, -13], [2, -4], [3, -3], [65, -49], [10, -2], [15, 8], [8, 4], [9, 6], [2, 2], [65, -110], [21, -56], [110, 94], [69, 35], [62, 6], [8, 1], [94, 39], [62, 51], [75, -210], [36, 10], [29, 5], [2, 0], [6, -1], [122, -88], [25, -21], [3, -43], [-9, -72], [-10, -49], [-14, -60], [-9, -26], [13, -74], [37, -82], [29, -88], [5, -246], [0, -3], [-1, -15], [-3, -173], [-1, -22], [-5, -39], [-3, -8], [-15, -25], [-5, -5], [-7, -8], [-20, -46], [2, -5], [5, -6], [7, -11], [48, -60], [128, -77], [30, 23], [0, 0], [3, 16], [21, 48], [8, 2], [53, -13], [129, -37], [3, -4], [16, -21], [1, -2], [6, -13], [12, -28], [60, 28], [46, -100], [22, -38], [9, -56], [3, -33], [-11, -36], [-25, -15], [-40, -201], [3, -21], [-1, -24], [-2, -20], [-7, -57], [-34, -148], [-83, -131], [-34, -164], [21, -206], [5, -39], [0, -7], [1, -5], [0, -11], [0, -3], [0, -2], [-11, -75], [-14, -45], [-28, -34], [-3, -10], [-1, -1], [-9, -54], [55, -104], [25, -38], [23, -34], [15, -15], [6, -5], [75, -92], [13, -16], [31, -38], [41, -63], [-1, -3], [-8, -23], [-14, -35], [-22, -58], [-85, -132], [-75, -150], [-65, -158], [-63, -109], [-113, -250], [-5, -11], [-3, -11], [-10, -27], [-14, -50], [-1, -7], [-1, -10], [-6, -128], [-32, -220], [-4, -16], [-1, -12], [1, -14], [1, -4], [0, 0], [1, -5], [7, -17], [5, -8], [4, -3], [13, -9], [19, -10], [15, -9], [16, -1], [34, -1], [0, 0], [77, -72], [131, -171], [55, -102], [32, -61], [-4, -55], [-5, -25], [-15, -63], [-10, -26], [-13, -13], [2, -12], [5, -21], [8, -24], [29, -83], [15, -23], [-68, -79], [-19, -32], [-37, -65], [-22, -67], [-1, -2], [-27, -103], [6, -20], [29, -36], [15, -93], [2, -16], [11, -87], [6, -37], [8, -32], [3, -9], [44, -118], [27, -66], [23, 0], [28, -2], [10, -8], [38, -75], [26, -77], [106, -228], [1, -1], [1, -1], [1, -5], [4, -15], [2, -12], [0, -4], [-5, -26], [-5, -18], [-3, -6], [-4, -7], [-5, 4], [-1, -1], [-5, -7], [-1, -3], [-11, -28], [-3, -11], [0, -2], [0, -2], [1, -9], [13, -65], [13, -39], [18, -26], [7, -11], [-1, -4], [-16, -114], [-28, -190], [-18, -13], [-20, -13], [-43, -7], [-15, -2], [-38, -8], [-7, -12], [-2, -4], [-17, -40], [-17, -42], [-50, -157], [-10, -74], [-24, -35], [-40, 33], [-14, 19], [-28, 66], [0, 0], [-15, 24], [-37, 43], [-63, 3], [-80, 17], [-42, 31], [-13, 10], [-130, 31], [-3, 0], [-14, 1], [-136, 6], [-66, -14], [-44, 42], [-46, 76], [-15, 41], [-4, 10], [-43, -4], [-5, -1], [-87, -96], [-16, -21], [-175, -39], [-41, -5], [-14, 4], [-35, 17], [-3, 3], [-1, 1], [0, 0], [-2, 2], [-32, 47], [-2, 3], [-6, 21], [-6, 1], [-51, 12], [-28, 34], [-8, 27], [-11, 15], [-4, 6], [-60, 64], [-12, 10], [-12, 9], [-96, 7], [-55, 58], [-16, 4], [-3, -22], [-8, -36], [-21, -33], [-117, -178], [-44, -61], [-69, -78], [-47, -52], [-12, -12], [-8, -10], [-17, -16], [-43, -14], [-32, -6], [-92, 28], [-46, 19], [-47, 18], [-46, 0], [-22, -27], [-36, -53], [-3, -215], [3, -40], [21, -23], [21, -18], [10, -80], [-14, -174], [-27, -99], [-13, -14], [-7, -7], [-37, -13], [-77, -3], [-1, 0], [-14, -1], [-25, 20], [-11, 9], [-3, 5], [-26, 49], [-14, 34], [-2, 2], [-55, -4], [-20, -41], [-20, -35], [-1, 0], [-13, -6], [-58, -26], [-19, -4], [-13, 8], [-33, 25], [-20, 23], [-60, 41], [-7, 9], [-47, 72], [-24, 36], [-124, -154], [11, -28], [47, -84], [10, -16], [20, -178], [4, -167], [-11, -52], [1, -76], [8, -51], [31, -59], [23, -8], [17, -5], [6, -18], [55, -180], [-25, -57], [-10, -3], [-8, -3], [-13, -17], [-52, -72], [-16, -56], [-45, -403], [-7, -125], [1, -7], [51, -65], [54, -90], [1, -165], [-39, -133], [-25, -70], [-11, -23], [-1, -1], [-8, -11], [-28, -29], [-20, 29], [-71, -17], [-113, -33], [-17, -75], [-12, -192], [-17, -159], [-51, -57], [-55, -61], [-14, -40], [-20, -151], [41, -124], [27, -56], [1, -21], [-11, -34], [-36, -93], [-1, -1], [-71, -64], [-20, -4], [-41, 3], [-52, -66], [-47, -42], [-141, -113], [-105, -34], [-197, 114], [-31, -23], [-43, -41], [-22, -27], [-11, -25], [-3, -5], [-19, -27], [-31, 36], [-50, 92], [-30, 57], [-14, 35], [-11, 23], [-19, 28], [-20, 1], [-7, -3], [-38, -46], [-10, -14], [-1, -1], [-29, -148], [-5, -13], [-25, -42], [-15, -22], [-29, -44], [-50, -52], [-55, -41], [-54, -27], [-44, -50], [-20, -25], [-113, -184], [-18, -40], [-39, -158], [-4, -48], [14, -219], [11, -52], [4, -15], [20, -36], [4, -64], [2, -36], [-16, -55], [-18, -60], [1, -1], [1, -12], [10, -41], [16, -33], [11, -31], [2, -12], [7, -71], [-15, -176], [-35, -35], [0, -2], [-13, -41], [0, 0], [0, 0], [-2, -13], [-2, -13], [-13, -101], [-1, -34], [9, -67], [1, -3], [0, -2], [-36, -19], [-51, -10], [-77, 113], [-10, 19], [-41, 136], [-12, 45], [-93, -10], [-2, -1], [-31, 56], [-17, 32], [-18, 95], [-18, 142], [3, 126], [-5, 12], [-19, 24], [-67, 46], [-12, -12], [-6, -13], [-36, 5], [-15, 12], [-57, 60], [-50, 61], [-49, 56], [-27, 23], [-17, 14], [-27, 15], [-13, -6], [-43, -67], [-1, -18], [-3, -18], [-4, -12], [-25, -31], [-7, -5], [-22, -5], [-48, -93], [-61, -186], [-6, -28], [0, 0], [2, -217], [9, -77], [18, -65], [30, -37], [7, -123], [-8, -36], [-1, -7], [-7, -32], [-4, -28], [4, -10], [43, -56], [24, -34], [27, -43], [25, -38], [28, -44], [8, -23], [12, -38], [7, -26], [-8, -39], [-4, -70], [28, -87], [7, -14], [14, -4], [14, 4], [69, -123], [-40, -84], [-13, -12], [-5, -4], [-9, -8], [-14, -4], [-14, 3], [-4, -4], [-3, -10], [-7, -31], [13, -61], [13, -56], [1, 0], [39, -56], [48, -35], [55, -78], [84, -138], [1, -191], [0, -2], [-26, -158], [0, 0], [43, -82], [13, -26], [24, -54], [7, -89], [4, -36], [14, -99], [10, -44], [6, -17], [5, -14], [7, -19], [34, -19], [29, -24], [16, -18], [15, -22], [17, -43], [40, -76], [72, -114], [58, -33], [48, 7], [61, -11], [0, 0], [0, 0], [-22, -85], [-20, -58], [-45, -52], [-114, -270], [-26, -70], [-23, -90], [0, -101], [-3, -133], [-18, -71], [-21, -83], [-16, -61], [-10, -15], [-8, -3], [-6, -14], [-2, -36], [10, -70], [63, -193], [23, -38], [10, -73], [-1, -92], [-1, -23], [-1, -14], [-2, -8], [-77, -36], [-15, 12], [-35, 30], [-15, 16], [-15, 34], [-28, 21], [-63, -86], [-61, -92], [-65, -100], [-13, -51], [-17, -16], [-52, -34], [-42, -5], [-29, 23], [-1, 1], [-24, 15], [-29, -38], [-9, -12], [-5, -51], [-13, -64], [-6, -19], [-17, -42], [-30, 4], [-61, 11], [-110, 56], [-36, 36], [-35, 48], [-51, 56], [-10, 6], [-100, 56], [-15, 4], [-47, 11], [-41, 3], [-28, -10], [-43, -46], [-31, -55], [-8, -11], [-25, -15], [-48, 6], [-18, 24], [-30, -15], [-70, -36], [-45, -57], [-35, -54], [-61, -70], [-14, 8], [-19, 17], [-3, 2], [-33, 36], [-25, 31], [-17, 50], [-3, 26], [-8, 38], [-7, 21], [-15, 24], [-62, 60], [-40, 31], [-19, 7], [-16, 5], [-30, 10], [-27, 22], [-25, 22], [-12, 30], [-4, 19], [0, 17], [0, 18], [-10, 67], [-15, 28], [-17, 24], [-22, 38], [-5, 12], [-25, 55], [-39, 124], [-3, 11], [2, 24], [1, 19], [-14, 53], [-39, 71], [-42, 101], [-13, 43], [-1, 26], [1, 69], [-56, 190], [-61, 55], [-7, -7], [-25, -33], [-6, -6], [-17, -31], [-40, -79], [-28, -66], [-3, -11], [-1, -9], [-5, -16], [-24, -41], [-30, -34], [-4, -3], [-20, -1], [-28, 5], [-23, 9], [-1, 1], [-6, 5], [-7, 10], [0, 0], [-48, 65], [-45, 51], [-13, -1], [-40, 0], [-6, 2], [-25, 8], [-19, 12], [-31, 45], [-25, 154], [0, 17], [1, 7], [-17, 26], [-207, 67], [-26, 2], [-75, -98], [-31, -81], [-18, -60], [-8, -52], [-8, -13], [-1, -3], [-17, -19], [-7, -7], [-28, -27], [-159, 0], [-40, 25], [-19, 16], [-8, 17], [-66, 35], [-36, -2], [-1, 0], [-15, -20], [-28, -8], [-32, -8], [0, 1], [-4, 22], [-1, 7], [-1, 12], [0, 1], [6, 25], [19, 42], [16, 32], [0, 0], [13, 0], [8, -20], [13, -5], [16, 3], [51, 50], [14, 34], [27, 182], [2, 37], [-2, 30], [-4, 44], [-26, 114], [-35, 45], [-5, 4], [-1, 1], [-32, 82], [-1, 12], [0, 4], [5, 30], [13, 148], [-9, 30], [-17, 100], [7, 46], [13, 8], [17, 8], [6, 9], [1, 23], [-35, 101], [-18, 32], [-15, 10], [-6, 1], [-10, -7], [-1, -1], [-18, -6], [-49, 38], [-20, 15], [-3, 4], [-6, 12], [0, 5], [-10, 63], [-7, 64], [-1, 8], [-2, 11], [-5, 14], [-5, 16], [-3, 9], [-1, 4], [-49, 133], [-10, 21], [-13, 45], [-1, 4], [5, 50], [27, 50], [2, 8], [5, 18], [3, 14], [-12, -2], [-5, -1], [-77, -59], [-62, -68], [-45, -41], [-131, -28], [-23, 28], [-2, 6], [-83, -20], [-82, -89], [-21, 1], [-41, -9], [-31, -11], [-2, -1], [-38, -30], [-9, 14], [-12, 27], [-22, 51], [-15, 37], [-8, 50], [-63, 101], [-43, 37], [-17, -4], [-25, 5], [-51, 299], [-13, 210], [23, 134], [48, 189], [3, 19], [10, 35], [3, 7], [52, 63], [7, 118], [1, 21], [-2, 7], [0, 0], [-4, 5], [-30, 37], [-12, 16], [-13, 18], [-11, 16], [-13, 19], [-8, 13], [-14, 28], [-20, 41], [-11, 23], [-4, 12], [-4, 49], [2, 7], [11, 29], [2, 8], [1, 2], [6, 45], [8, 81], [3, 29], [2, 19], [-11, 30], [-23, 96], [-1, 80], [24, 57], [52, 65], [18, 14], [43, 9], [21, -3], [32, 7], [23, 11], [23, 15], [94, 92], [7, 16], [2, 6], [4, 18], [9, 37], [3, 7], [0, 1], [2, 4], [14, 26], [32, 46], [8, 11], [114, 110], [14, 14], [47, 29], [52, 105], [47, 162], [13, 67], [10, 51], [2, 12], [5, 35], [-1, 5], [-30, 98], [-6, 9], [-23, 14], [-30, 26], [-92, 95], [-9, 27], [-32, 115], [-12, 62], [2, 46], [-16, 136], [-25, 158], [-32, 176], [-10, 11], [-50, 152], [-5, 16], [1, 37], [5, 26], [6, 26], [3, 10], [2, 10], [-2, 77], [-1, 20], [-11, 84], [-5, 13], [-9, 9], [-16, 17], [-9, -2], [-20, 3], [-39, 6], [-18, 8], [-5, 4], [-45, 43], [0, 6], [8, 60], [44, 118], [31, 50], [8, 8], [4, 3], [2, 2], [9, 1], [6, 4], [0, 39], [-6, 22], [-1, 2], [-16, 44], [-135, 194], [-123, 144], [-40, 36], [-34, -4], [-100, 142], [0, 30], [6, 85], [3, 23], [8, 26], [25, 28], [15, 9], [8, 6], [5, 21], [3, 26], [1, 28], [0, 8], [-1, 3], [-11, 146], [-2, 15], [-3, 20], [-13, 17], [-1, 1], [-7, 2], [-7, 5], [-10, 26], [-14, 65], [-2, 9], [0, 1], [-1, 6], [-11, 354], [1, 11], [4, 53], [3, 18], [8, 50], [9, 59], [11, 109], [1, 31], [1, 10], [13, 35], [80, 93], [26, 49], [44, 93], [-2, 68], [1, 95], [1, 53], [34, 179], [34, -9], [15, -30], [17, -22], [25, 9], [35, 44], [95, 97], [91, 19], [48, 12], [78, 42], [9, 14], [6, 59], [1, 72], [4, 73], [64, 164], [73, 153], [3, 5], [5, 10], [25, 33], [8, 3], [26, -12], [32, 41], [38, 76], [50, 76], [9, -16], [35, -8], [27, -7], [24, 21], [124, -86], [51, -59], [10, -22], [-2, -12], [13, -22], [28, -27], [12, -7], [61, 48], [0, 0], [19, 21], [18, 8], [24, 6], [28, -1], [14, 17], [34, 41], [27, 38], [37, 58], [17, 30], [56, 77], [33, 27], [56, 46], [59, 102], [23, 65], [27, 98], [8, 40], [-6, 49], [22, 51], [15, 30], [27, 48], [49, 64], [28, 35], [77, 56], [7, 109], [16, 167], [1, 49], [-4, 313], [-21, 133], [-34, 18], [-2, 1], [-16, 77], [-6, 132], [0, 1], [3, 37], [27, 182], [63, 29], [0, 1], [58, 23], [10, 83], [-3, 72], [43, 82], [31, 81], [19, 64], [7, 62], [-25, 147], [-54, 127], [-5, 24], [-1, 7], [-1, 13], [-7, 109], [21, 74], [14, 91], [-2, 37], [6, 62], [23, 58], [60, 135], [33, -1], [36, 0], [76, 37], [8, 7], [17, 19], [93, 113], [78, 119], [47, 12], [22, 5], [22, 39], [17, 78], [9, 116], [1, 8], [-2, 25], [-2, 31], [-18, 221], [-3, 29], [-6, 21], [-6, 15], [-3, 36], [1, 28], [15, 40], [31, 116], [-29, 52], [-3, 20], [-8, 85], [-1, 15], [6, 20], [75, 184], [7, 7], [62, 58], [64, 79], [24, 61], [0, 0], [-11, 37], [-10, 17], [-7, 12], [-30, 34], [-38, 16], [-56, 32], [-13, 24], [0, 5], [1, 13], [0, 9], [-1, 69], [-15, 220], [-62, 66], [-7, 9], [-100, 163], [-9, 35], [-6, 81], [3, 20], [28, 164], [11, 60], [2, 59], [-5, 0], [-18, 0], [-10, 2], [-36, 46], [-12, 44], [-13, 65], [-15, 75], [-20, 43], [-40, 85], [-47, 121], [20, 36], [30, 197], [34, 45], [60, 134], [-9, 16], [-23, -13], [0, 0], [-33, 58], [-13, 52], [0, 0], [149, 120], [125, -47], [13, 1], [15, 2], [5, 1], [9, 1], [27, 6], [13, 4], [12, 8], [27, 123], [15, 88], [6, 14], [18, 36], [67, 106], [8, 9], [18, -17], [5, -4], [8, -6], [0, 0], [147, 17], [8, 2], [11, 11], [25, 30], [16, 27], [31, 35], [42, -21], [65, -11], [54, 0], [13, -2], [76, -34], [11, -7], [90, -62], [65, -73], [12, -29], [94, -152], [56, -72], [4, -6], [79, -177], [42, -113], [6, -8], [34, 14], [19, 10], [114, 83], [22, 23], [17, 43], [13, 36], [10, 16], [18, 17], [103, 94], [7, -6], [3, -5], [4, -6], [33, -1], [63, 18], [16, 14], [3, 8], [-46, 42], [-109, 152], [-26, 46], [-6, 31], [-26, 182], [-3, 25], [2, 13], [1, 8], [9, 18], [8, 72], [4, 89], [-1, 35], [0, 26], [-5, 28], [-7, 8], [-9, -1], [-19, -8], [-12, -8], [-14, -7], [-132, 71], [-66, 192], [-13, 42], [1, 28], [2, 8], [20, 31], [13, 59], [-28, 202], [-99, 199], [-7, 10], [-5, 3], [-1, 0], [-9, -1], [-9, 8], [-16, 20], [-6, 15], [-25, 123], [-10, 43], [-39, 136], [-5, 15], [28, 47], [30, 30], [11, 6], [31, 34], [41, 58], [3, 12], [47, 199], [32, 135], [11, 33], [20, 53], [33, 8], [26, 5], [75, -9], [18, -19], [2, -12], [3, -50], [-9, -20], [-3, -22], [28, -114], [56, -128], [5, -9], [9, -15], [6, -8], [169, -33], [3, 32], [1, 3], [1, 3], [84, 117], [7, -4], [6, -4], [73, -73], [5, -8], [1, -1], [24, -46], [0, -6], [1, -12], [1, -4], [23, -32], [15, -4], [70, 3], [153, -49], [71, 64], [13, 55], [66, 87], [61, 80], [10, 5], [2, 1], [56, 73], [16, 48], [12, 42], [-4, 46], [23, 28], [27, 25], [37, -15], [10, -23], [19, -2], [65, 3], [14, 6], [36, -77], [34, -85], [5, -24], [-2, -24], [14, -67], [49, -157], [19, -39], [32, -61], [0, -1], [3, -6], [15, -24], [6, -10], [1, -1], [48, -39], [9, -7], [27, -140], [30, 8], [39, 52], [22, 33], [5, 29], [31, 68], [4, 8], [5, 10], [37, 48], [28, 1], [13, 7], [21, 17], [21, 16], [55, 160], [-14, 53], [-26, 71], [-1, 1], [-4, 73], [19, 142], [6, 10], [26, -2], [72, -25], [1, 0], [5, -3], [46, -19], [45, -23], [64, -25], [98, 132], [15, 26], [29, 103], [2, 13], [-2, 11], [-2, 3], [63, 55], [28, 2], [21, -2], [25, -16], [1, -2], [53, -11], [108, -32], [21, -7]], [[24750, 62899], [-4, -6], [-4, -5], [-18, -58], [-8, -26], [-3, -24], [0, -17], [29, -49], [16, -20], [11, -131], [-3, -32], [0, -89], [31, -182], [31, -78], [69, -153], [16, -29], [19, -17], [0, 0], [13, 6], [3, 1], [12, 40], [14, 50], [1, 0], [6, 19], [4, 15], [25, 50], [18, 18], [14, 11], [16, 21], [25, 71], [15, 46], [29, 116], [-4, 94], [1, 27], [22, 116], [7, 27], [8, 10], [1, 1], [42, 21], [42, -6], [5, -4], [4, -7], [25, -28], [36, -7], [55, -10], [77, 4], [138, -28], [16, 3], [22, 4], [5, -64], [21, -109], [10, -45], [20, -66], [25, -32], [38, -22], [10, -5], [198, -60], [47, 22], [176, -108], [9, -23], [7, -21], [10, -56], [14, -84], [17, -87], [34, -50], [77, -92], [45, -129], [4, -98], [3, -13], [1, -3], [8, -18], [18, -21], [51, -45], [15, -11], [57, -30], [15, 7], [28, 14], [110, -65], [4, -2], [7, -21], [-1, -50], [0, -7], [1, -4], [5, -29], [26, -114], [7, -23], [12, -37], [63, -181], [29, -81], [2, -3], [2, 0], [79, -33], [5, 2], [65, 21], [0, 0], [23, 25], [9, 9], [43, 90], [11, 29], [79, 67], [5, 1], [24, 2], [187, -112], [36, -48], [0, 0], [-4, -64], [22, -45], [34, -69], [16, -28], [57, -84], [17, -14], [0, 0], [25, 8], [17, 10], [42, 38], [51, 43], [22, -14], [21, -13], [31, -35], [27, -9], [10, -4], [22, 4], [16, 19], [65, 64], [70, 62], [86, 74], [56, 81], [37, -16], [84, -53], [52, -5], [61, -35], [54, -40], [15, -24], [54, -102], [41, -116], [-5, -57], [-3, -61], [2, -31], [57, -193], [26, -38], [8, -51], [4, -49], [17, -112], [11, -46], [19, -56], [61, -32], [49, -6], [56, -68], [42, -70], [12, -11], [2, -2], [102, -71], [130, -1], [43, 13], [12, 42], [3, 11], [13, 7], [53, -7], [26, -10], [47, -10], [14, 7], [-3, -2], [-11, -6], [-7, -19], [1, -47], [7, -20], [2, -3], [4, 1], [1, -2], [4, -7], [2, -6], [0, -20], [0, -23], [-3, -124], [-7, -68], [-7, -57], [-27, -105], [-40, -46], [-5, -61], [-1, -5], [47, -187], [25, -17], [25, -4], [25, -11], [20, -23], [91, -175], [-3, -83], [-6, -100], [-12, -50], [38, -146], [11, -7], [12, -6], [24, -33], [6, -89], [-13, -148], [-8, -95], [-45, -192], [-33, -139], [0, 0], [-23, -43], [0, 0], [-1, -2], [-13, -44], [3, -20], [8, -27], [8, -20], [11, -22], [32, -79], [18, -206], [-1, -62], [-2, -19], [-68, -76], [-51, -53], [-13, -36], [-3, -36], [2, -4], [4, -14], [8, -32], [-18, -59], [10, -26], [23, -97], [24, -200], [-22, -216], [-8, -46], [-21, -26], [-35, -16], [-11, -31], [-16, -78], [22, -70], [30, -97], [16, -29], [27, -63], [-36, -32], [-24, -14], [-28, -97], [7, -56], [2, -9], [15, -63], [12, -27], [29, -38], [34, 0], [0, 0], [37, -39], [11, -162], [6, -95], [15, -88], [1, -3], [-23, -50], [-14, -20], [-2, -4], [-14, -19], [-33, -13], [-17, -41], [-48, -173], [-6, -97], [23, -108], [23, -39], [32, -50], [14, -22], [-6, -92], [-13, -63], [-30, -120], [-13, -61], [-8, -132], [2, -43], [0, -252], [-6, -89], [-2, -74], [10, -35], [12, -17], [32, -24], [41, -23], [42, -163], [26, -324], [2, -37], [-1, -17], [-11, -72], [-8, -14], [-6, -13], [-15, -18], [1, -15], [6, -50], [38, -174], [21, -64], [21, -123], [-7, -65], [2, -204], [13, -57], [0, 0], [0, 0], [-2, -43], [5, -88], [4, -33], [11, -39], [0, -3], [5, -34], [0, -31], [-4, -18], [-12, -42], [-66, -122], [-116, -199], [-4, -41], [-13, -62], [-20, -74], [0, 0], [-2, -9], [-8, -28], [-88, -123], [-40, -36], [-28, -10], [-6, -90], [-2, -85], [-3, -111], [-60, -88], [-43, -43], [-13, -212], [29, -25], [30, -9], [28, 40], [1, 2], [14, 1], [15, -5], [9, -15], [46, -81], [22, -41], [25, -48], [14, -44], [14, -50], [52, -262], [13, -82], [-46, -45], [-7, -5], [-8, 3], [-25, 10], [-9, 3], [-59, 5], [-14, -13], [-17, -18], [-22, -27], [-109, -49], [-8, 24], [-22, 13], [-5, 0], [-5, 0], [-1, 0], [-15, -7], [-5, -5], [-14, -29], [-23, -59], [-7, -33], [5, -38], [10, -16], [0, 0], [1, -19], [1, -105], [-29, -232], [-31, -195], [2, -95], [47, -157], [42, -45], [14, 0], [21, 0], [0, 0], [25, 5], [0, 0], [5, 8], [2, 1], [12, 9], [17, -5], [25, -63], [8, -23], [14, -121], [-6, -35], [-1, -30], [16, -110], [11, -73], [21, -82], [11, -22], [75, -3], [8, 1], [7, 2], [1, 0], [36, 39], [0, 2], [19, 15], [29, 20], [27, -39], [36, -148], [53, -135], [5, -17], [1, -14], [2, -18], [1, -16], [2, -26], [0, -29], [0, -20], [0, -24], [-4, -18], [-7, -29], [-8, -29], [-7, -23], [-1, -4], [-5, -11], [-16, -23], [-1, -2], [-9, -19], [-10, -25], [-7, -17], [-1, -12], [-3, -31], [0, -30], [0, -6], [1, -9], [2, -10], [3, -10], [4, -6], [1, -32], [1, -35], [-11, -53], [-2, -8], [-9, -23], [-8, -17], [-28, -8], [-14, -14], [-31, -39], [-17, -34], [-14, -42], [-3, -26], [-3, -20], [-1, -14], [0, -21], [-105, -300], [-33, -63], [-37, -16], [-6, 1], [-22, 6], [-2, 0], [-87, -54], [-26, -33], [-7, -25], [-5, -46], [-6, -166], [12, -32], [120, -149], [4, -3], [19, -14], [1, -1], [5, -57], [-1, -8], [-1, -2], [-13, -53], [-5, -14], [-5, -12], [-1, 0], [0, -1], [-18, -30], [-22, -42], [-1, -35], [25, -106], [39, -60], [29, -19], [65, -87], [-7, -67], [-8, -4], [-97, 14], [-5, 1], [-2, 1], [-5, 2], [-7, 5], [-39, 34], [-7, 7], [-2, 3], [-4, 9], [-11, 21], [-16, 28], [-23, 30], [-28, 26], [0, 0], [-19, -31], [-8, -42], [-2, -18], [0, -2], [-2, -13], [-30, -52], [-13, -18], [-30, -28], [-30, -31], [-28, -40], [0, -3], [1, -30], [14, -34], [21, -55], [12, -150], [0, -2], [2, -25], [-4, -33], [6, -157], [0, 0], [33, 13], [28, -13], [18, -10], [17, -14], [0, -4], [-2, -92], [0, -88], [50, -72], [28, -96], [-26, -90], [-41, -146], [-12, -120], [-20, -259], [0, -38], [1, -13], [3, -19], [10, -42], [2, -5], [0, -1], [38, -67], [12, -13], [10, -21], [16, -43], [19, -112], [12, -104], [0, -16], [2, -15], [4, -38], [3, -21], [46, -120], [26, -55], [30, -81], [18, -51], [15, -110], [3, -305], [-9, -21], [-12, -53], [17, -58], [-25, 4], [-23, -14], [-33, -33], [-28, -51], [0, 0], [10, -17], [28, -15], [-1, -23], [-10, -99], [-44, -142], [0, 0], [-23, -40], [-27, -50], [-32, -107], [12, -62], [3, -11], [1, -5], [2, -10], [4, -41], [0, -2], [-2, -11], [-1, -8], [-43, -150], [-17, -47], [-13, -35], [-29, -49], [-39, -61], [-17, -30], [-64, -286], [-2, -14], [-24, -161], [-4, -28], [-2, -19], [-6, -63], [-12, -83], [-2, -7], [0, -2], [-4, -12], [-3, -7], [-1, -2], [-26, -54], [-2, -2], [0, -1], [-6, -11], [-9, -16], [-19, -30], [2, -110], [23, -49], [42, -87], [33, -37], [2, -1], [5, -92], [-5, -139], [-18, -48], [0, 0], [-29, -28], [-34, -37], [-3, -86], [2, -61], [11, -18], [62, -167], [4, -63], [-17, -81], [-20, -62], [-23, -30], [-14, -44], [-22, -105], [1, -33], [3, -31], [-1, 0], [-21, -27], [-70, -80], [-50, -18], [-45, 15], [0, 0], [-4, 3], [-18, 12], [-19, -8], [-52, -43], [-54, -206], [-18, -141], [-47, -106], [-25, -52], [-1, -1], [0, 0], [-67, -25], [-58, -138], [-20, -48], [-22, -29], [-12, -10], [-30, -18], [-12, -11], [-35, -44], [-21, -73], [0, 0], [-26, -194], [1, -41], [10, -92], [0, -122], [-2, -32], [-17, -52], [-15, -37], [-16, -34], [-3, -4], [-18, -15], [-35, 6], [-30, 44], [-27, 9], [-25, -25], [-68, -45], [-32, -17], [-21, -5], [-35, -10], [-7, -3], [-12, -5], [-65, -120], [0, -2], [-4, -12], [-9, -59], [-58, -128], [-131, -73], [-62, -24], [-158, -34], [-119, 14], [-45, 22], [-55, 49], [0, 0], [1, 24], [13, 91], [29, 196], [4, 15], [6, 22], [16, 25], [0, 1], [0, 0], [-8, 32], [-67, 150], [-47, 86], [-26, 70], [-1, 2], [17, 247], [3, 11], [3, 11], [0, 0], [54, 100], [26, 29], [20, 13], [15, 14], [5, 5], [10, 27], [9, 185], [0, 1], [-5, 67], [-33, 135], [-30, 64], [-14, 162], [4, 27], [-35, 157], [-23, 81], [-16, 91], [-6, 91], [-1, 9], [-2, 41], [-5, 17], [-15, 31], [-112, 58], [-99, 4], [25, 168], [35, 232], [39, 198], [1, 1], [4, 112], [-8, 24], [-114, 273], [-5, 6], [-36, 9], [-60, 46], [-7, 37], [5, 154], [4, 28], [53, 89], [50, 75], [40, 56], [8, 39], [-5, 20], [0, 2], [-24, 21], [-18, 16], [-14, -21], [-77, 51], [-57, 83], [-8, 34], [-17, 46], [-90, 163], [-144, 206], [-66, -7], [-1, 0], [-7, -11], [-5, -6], [-8, -4], [-11, -3], [-87, 11], [-47, 44], [0, 214], [41, 98], [-14, 241], [-10, 34], [-15, 34], [-18, 39], [-22, -5], [-76, 127], [-3, 9], [-7, 33], [-19, 143], [-4, 27], [0, 20], [2, 19], [14, 62], [18, 84], [-26, 128], [-1, 2], [-1, 2], [-15, 29], [-26, 33], [-16, 118], [-3, 72], [9, 52], [0, 2], [4, 32], [-10, 24], [-10, 21], [0, 1], [-21, 28], [-39, 21], [-47, 19], [-12, 16], [-28, 50], [-39, 128], [-4, 27], [-17, 217], [8, 96], [7, 7], [23, 20], [0, 0], [13, 97], [1, 20], [-42, 42], [-15, 12], [-14, 10], [-15, 84], [1, 59], [-4, 88], [-13, 29], [-23, 27], [-10, 3], [-7, 12], [3, 92], [13, 39], [2, 3], [1, 4], [19, 28], [0, 0], [1, 177], [-20, 82], [0, 0], [-34, 15], [-54, 1], [-65, 3], [-37, 20], [-41, 28], [-7, 4], [-7, 4], [-18, 2], [-134, -3], [-24, 1], [-4, 31], [-27, 98], [-22, 69], [-14, 32], [-22, 44], [-14, 1], [-118, 4], [-51, -1], [-19, -23], [-1, -2], [-37, -4], [-6, 3], [-18, 111], [-21, 40], [-107, 172], [-6, 8], [-26, 29], [-10, -18], [-77, -22], [-28, 19], [-24, 31], [-26, 33], [-32, -51], [-54, -54], [-4, 59], [-10, 22], [-12, 20], [-7, 15], [-29, 19], [-11, -2], [-3, 0], [-11, -2], [-26, 5], [-39, 59], [-46, 133], [-6, 22], [-7, 81], [-17, 123], [-74, 153], [-52, 92], [-10, 13], [-20, 6], [-48, 37], [-71, 55], [-9, 17], [-25, 48], [-22, 22], [-51, 13], [-46, 12], [-21, -13], [-23, 0], [-43, 51], [-67, 111], [-45, 46], [-121, -207], [-109, -164], [-45, -89], [-45, -81], [-16, -14], [-27, -23], [-23, -13], [-89, -38], [-85, 128], [-140, 175], [-92, -36], [-20, -48], [-60, -128], [-44, -71], [-6, -12], [0, 0], [1, -23], [5, -73], [7, -62], [-4, -19], [-40, -55], [-30, -11], [-25, -28], [-33, -77], [-19, -47], [-5, -48], [-9, -88], [5, -41], [30, -207], [40, -156], [-1, -68], [-5, -97], [-12, -26], [-10, -39], [-3, -9], [-2, -28], [13, -84], [15, -53], [14, -65], [-2, -31], [0, -4], [-21, -26], [-29, -32], [-25, -11], [-8, 1], [-59, 7], [-67, -18], [-48, -17], [-40, -20], [-7, -12], [-1, -2], [-36, -41], [-39, -31], [-70, -15], [-21, 4], [-29, 12], [-29, 9], [-51, 3], [-7, -6], [-88, -171], [-90, -170], [-13, -22], [-5, -8], [-1, -1], [-5, -5], [-23, -9], [-8, 0], [-10, 9], [-57, 55], [-48, 46], [-11, 1], [-10, -1], [-76, -30], [-9, -5], [-24, -21], [-63, -61], [-148, -243], [-3, -14], [0, -22], [-5, -20], [-10, -20], [-7, -8], [-7, -8], [0, 0], [-10, -5], [-180, -59], [-72, -12], [-29, 3], [-8, 6], [-8, 6], [-10, 12], [-7, 9], [-9, 17], [-9, 14], [-54, 7], [-71, -142], [-2, -5], [-120, -13], [-27, -29], [-5, -69], [2, -44], [4, -56], [5, -47], [10, -48], [-1, -7], [-2, -11], [-9, -16], [-118, -57], [-69, -23], [-23, 14], [-13, 27], [-98, 16], [-11, -3], [-16, -5], [-66, -43], [-35, -23], [-38, -111], [13, -59], [-17, -69], [-61, -251], [-5, -21], [-4, -20], [-38, -98], [-17, -25], [-15, 16], [-71, 133], [-51, 39], [-5, 11], [0, 1], [-15, 54], [-9, 101], [-1, 21], [1, 61], [9, 44], [-8, 64], [-22, 142], [-19, 167], [18, 70], [-10, 164], [-4, 34], [34, 119], [37, 96], [-29, 65], [-63, 128], [-14, 26], [-18, 32], [-95, 128], [-35, 31], [-39, 23], [-69, 25], [-18, -17], [-20, -16], [-71, -23], [-48, 21], [-29, 85], [-102, 297], [-42, 167], [-88, 77], [-9, 103], [-5, 174], [-6, 69], [-22, 76], [-11, 2], [-25, 10], [-63, 108], [-20, 81], [-44, 238], [7, 65], [11, 50], [5, 19], [-2, 2], [-16, 25], [-41, 31], [-54, 49], [-16, 16], [-33, 65], [-10, 253], [11, 128], [-18, 238], [-3, 12], [-8, 33], [-43, 65], [-79, 16], [-7, -3], [-40, -22], [-20, 6], [-63, 123], [-10, 24], [-9, 22], [-9, 26], [-109, 52], [-14, 4], [-23, 14], [-7, 29], [-4, 17], [-3, 20], [-20, 57], [-1, 0], [-25, 19], [-74, 2], [-131, -7], [-47, -9], [-33, -8], [-52, -28], [-12, -9], [-13, 0], [-93, 39], [-18, 44], [-20, 43], [-29, 31], [-36, -11], [-55, -18], [-61, 90], [-52, 93], [-26, 56], [-1, 7], [-3, 15], [-41, 317], [7, 42], [-13, 60], [-19, 54], [-46, 96], [-17, 21], [-37, 17], [-54, 32], [-3, 1], [-24, 0], [-41, -25], [-23, -31], [-20, -43], [-11, -24], [-2, -4], [-7, -18], [-84, -29], [-9, 2], [-24, 32], [-8, 1], [-11, 1], [-77, -6], [-29, -19], [-2, -2], [-10, -18], [-8, -29], [-4, -74], [14, -39], [17, -45], [-10, -190], [-9, -12], [-20, -28], [0, -60], [0, -121], [-9, -148], [-2, -21], [-13, -7], [-40, 15], [-60, 19], [-101, -12], [-46, -6], [-8, -14], [-31, -107], [-2, -10], [-2, -9], [-1, -14], [0, -104], [-1, -99], [-1, -23], [-4, -24], [-1, -2], [-8, -15], [-2, -3], [-1, -1], [-2, -3], [-3, -3], [-5, -3], [-4, -2], [-3, -1], [-3, -1], [-4, 0], [-7, 3], [-8, 10], [-5, 6], [-38, 74], [-3, 4], [0, 2], [-1, 4], [-3, 11], [-1, 4], [0, 3], [-2, 9], [-3, 18], [-6, 36], [-2, -3], [-11, -14], [-16, -21], [-17, -22], [-38, -80], [-19, -4], [-27, 31], [-137, 152], [-53, 65], [-86, 154], [-79, 124], [-80, 42], [-23, 6], [-11, 22], [11, 74], [-4, 70], [-5, 56], [-5, 37], [-9, 21], [-8, 36], [-3, 33], [-1, 4], [-3, 84], [28, 81], [39, 69], [18, 24], [39, 91], [-34, 91], [-34, 41], [-36, -5], [-10, 6], [-75, 47], [-14, 13], [-6, 9], [-1, 2], [26, 27], [166, 82], [4, 25], [8, 46], [6, 23], [9, 31], [18, 52], [28, 77], [22, 50], [26, 17], [17, 6], [18, 10], [63, 50], [6, 5], [38, 34], [10, 12], [5, 5], [6, 8], [110, 158], [24, 87], [3, 8], [24, 30], [19, 24], [15, 13], [5, 4], [22, 17], [51, 1], [137, 1], [-1, 146], [-92, 236], [-29, 72], [-2, 2], [-7, 5], [-19, 12], [-7, 126], [3, 149], [-12, 0], [-11, 1], [-6, 5], [-11, 12], [-3, 4], [-20, 28], [-3, 7], [-4, 12], [7, 13], [48, 69], [35, -16], [10, -3], [46, 14], [4, 3], [0, 0], [-8, 41], [-5, 22], [-6, 17], [2, 4], [3, 7], [57, 72], [15, 8], [5, 3], [24, 11], [32, -8], [19, 8], [2, 1], [18, 7], [16, 28], [-2, 41], [-16, 31], [-5, 35], [35, 15], [67, 30], [184, 138], [15, 12], [12, 23], [1, 12], [-1, 3], [-2, 8], [21, 20], [40, 23], [3, 1], [0, 0], [34, 13], [24, 8], [5, -2], [4, -4], [4, -2], [14, -5], [51, -3], [10, 3], [81, 75], [26, 81], [11, 183], [0, 2], [-1, 2], [-1, 2], [0, 2], [0, 2], [-1, 3], [-1, 1], [0, 2], [0, 1], [-6, 17], [0, 1], [0, 0], [-1, 2], [-1, 2], [0, 1], [-1, 2], [-1, 1], [-1, 1], [-1, 2], [-1, 3], [0, 5], [39, 66], [0, 1], [1, 1], [0, 1], [1, 1], [1, 2], [0, 0], [1, 1], [1, 1], [0, 1], [1, 1], [1, 1], [0, 0], [1, 1], [0, 0], [1, 1], [0, 0], [1, 0], [0, 0], [1, 1], [0, 0], [1, 1], [0, 0], [1, 1], [0, 0], [1, 0], [0, 0], [0, 1], [0, 0], [1, 0], [0, 0], [1, 1], [0, 0], [2, 0], [0, 0], [1, 1], [0, 0], [2, 0], [1, 1], [1, 0], [1, 0], [1, 0], [1, 0], [1, 0], [1, 13], [3, 60], [3, 29], [6, 50], [-13, 82], [81, 105], [-1, 16], [0, 4], [-10, 22], [-44, 22], [0, 0], [-24, -23], [-2, -2], [-52, 21], [-41, 46], [-23, 86], [-1, 23], [36, 159], [-2, 191], [1, 17], [0, 5], [5, 31], [30, 142], [2, 7], [91, 178], [140, 176], [39, -4], [27, -67], [-2, -72], [0, -2], [5, -60], [10, -31], [149, -87], [14, 12], [71, 45], [63, -6], [97, -21], [23, -10], [67, -22], [22, 5], [24, 7], [33, 40], [10, 54], [0, 7], [-3, 52], [19, 140], [32, 17], [16, 16], [12, 43], [-1, 59], [-5, 17], [0, 54], [0, 10], [20, 80], [9, 26], [0, 0], [20, 16], [0, 0], [1, 2], [2, 21], [-4, 18], [-7, 13], [-43, 54], [-34, 4], [-9, 7], [-34, 48], [-3, 5], [-78, 105], [-7, 2], [-98, 45], [-9, 14], [9, 24], [39, 49], [0, 0], [18, 65], [2, 22], [-1, 3], [-8, 50], [-7, 84], [3, 50], [1, 21], [24, 73], [40, -15], [41, -6], [66, 34], [52, 71], [39, 73], [0, 0], [83, 108], [14, 5], [12, 4], [31, -12], [26, -36], [46, -37], [35, -18], [11, 1], [22, 5], [20, 14], [8, 16], [19, 51], [7, 21], [10, 12], [105, 118], [56, -37], [5, -30], [77, 25], [9, 6], [34, 61], [1, 21], [1, 6], [16, 33], [47, 67], [62, 29], [2, 128], [-2, 23], [0, 30], [17, 80], [16, 50], [97, 87], [21, 10], [128, 39], [102, -81], [72, 74], [62, 67], [12, 6], [64, 26], [78, -33], [19, 22], [17, 45], [2, 6], [38, 37], [45, 8], [30, -24], [6, -14], [4, -61], [39, 11], [45, 47], [28, 24], [0, 0], [12, 9], [7, 107], [24, 248], [4, 135], [-8, 1], [-28, 34], [-2, 169], [-2, 72], [3, 44], [4, 37], [0, 0], [8, 32], [7, 43], [8, 69], [-17, 49], [-13, 25], [-16, 43], [-51, 185], [-3, 52], [63, 102], [0, 0], [13, 11], [21, 18], [79, 121], [31, 121], [-1, 104], [-13, 212], [-5, 13], [-22, 10], [-40, -1], [-23, -8], [-12, 6], [-35, 53], [-23, 56], [-9, 43], [-69, 59], [-57, 40], [0, 0], [-27, -26], [-3, -4], [-8, -11], [-8, -10], [-3, -5], [-21, -11], [-9, 3], [-2, 1], [-46, 38], [-30, 36], [-5, 61], [0, 0], [9, 71], [32, 0], [64, 15], [16, 15], [17, 19], [15, 42], [11, 57], [8, 44], [4, 110], [-4, 35], [-8, 14], [-22, 13], [-6, 8], [-12, 86], [-1, 10], [5, 79], [5, 50], [7, 24], [7, 19], [2, 4], [8, 15], [32, 52], [50, 42], [73, 35], [85, 28], [51, -27], [68, -59], [2, -16], [4, -27], [8, -16], [20, -35], [38, -57], [20, -7], [14, 12], [29, 27], [12, 25], [6, 22], [5, 46], [6, 17], [22, 11], [150, 43], [22, 0], [40, 13], [24, 29], [16, 49], [7, 27], [2, 10], [0, 40], [11, 5], [1, 0], [8, 1], [0, 0], [55, -17], [15, -10], [19, -17], [3, -4], [55, 12], [5, -2], [3, -2], [12, -5], [2, -2], [55, -19], [9, -3], [26, -7], [8, -3], [30, -29], [114, -170], [113, -168], [78, 29], [124, 53], [1, 2], [18, 43], [34, 47], [113, -85], [54, -127], [65, -52], [25, -25], [8, -7], [0, -1], [4, -13], [0, -2], [-11, -72], [-2, -60], [21, -59], [72, -122], [63, -53], [42, -34], [102, 0], [15, 6], [180, 120], [92, 150], [5, 10], [1, 1], [40, 39], [0, 0], [5, -3], [7, -4], [3, -5], [2, -4], [42, -71], [32, -69], [1, -2], [14, -40], [2, -6], [4, -13], [1, -3], [0, -1], [1, -1], [7, -14], [23, -35], [17, -24], [21, -17], [39, -25], [38, -16], [39, 23], [2, 2], [10, 23], [8, 14], [3, 6], [7, 12], [15, 20], [63, 70], [5, 4], [7, 5], [3, 2], [6, 3], [0, 0], [1, 0], [3, 1], [1, 0], [0, 0], [1, 0], [1, 0], [3, 0], [1, -1], [106, -44], [2, -1], [2, -1], [3, -4], [29, -42], [83, -161], [40, -119], [47, -6], [118, 21], [0, 0], [44, 28], [42, 57], [-53, 103], [-2, 4], [0, 1], [0, 44], [1, 29], [0, 5], [31, 11], [33, 15], [14, 13], [0, 3], [0, 1], [-2, 27], [-19, 202], [-1, 2], [-76, 127], [-17, 18], [-4, 3], [-16, 13], [-3, 3], [-11, 6], [-14, -5], [-20, 25], [0, 1], [-15, 39], [-19, 59], [-9, 61], [1, 2], [45, 239], [0, 1], [1, 0], [34, 8], [9, 2], [0, 0], [0, 1], [17, 22], [1, 2], [6, 35], [30, 183], [10, 64], [-1, 75], [-15, 42], [-6, 11], [-2, 3], [-11, 9], [-24, 13], [-24, 14], [-1, 2], [-4, 19], [0, 5], [0, 2], [0, 16], [11, 64], [4, 24], [47, 214], [54, 179], [4, 149], [3, 110], [1, 3], [7, 24], [142, 274], [1, 166], [1, 129], [-1, 7], [-23, 23], [-18, 8], [-29, 70], [-13, 43], [-9, 50], [-21, 72], [-14, 38], [-17, 21], [-19, 6], [-15, 6], [-3, 3], [-2, 18], [-4, 41], [23, 129], [1, 3], [5, 9], [5, 5], [9, 3], [16, 19], [35, 83], [59, 147], [44, 125], [53, 156], [-1, 23], [-8, 18], [-20, 3], [-35, 23], [-43, 58], [-57, 93], [-52, 99], [-6, 63], [-3, 31], [-1, 118], [16, 167], [1, 5], [0, 3], [9, 16], [6, 7], [6, 3], [38, -48], [24, -30], [2, -2], [4, -3], [3, 2], [4, 5], [2, 3], [37, 156], [5, 21], [1, 8], [3, 18], [6, 34], [3, 25], [0, 6], [1, 7], [1, 27], [1, 13], [1, 46], [-1, 12], [18, 99], [11, 30], [8, 20], [6, 19], [6, 17], [5, 26], [4, 21], [3, 36], [2, 24], [0, 4], [0, 29], [1, 29], [2, 43], [1, 9], [6, 39], [3, 14], [2, 12], [4, 10], [28, 83], [10, 21], [0, 1], [19, -12], [0, -3], [5, -15], [26, -41], [24, -23], [20, -16], [6, 1], [53, 21], [22, 16], [2, 21], [4, 27], [5, 33], [46, 26], [4, 1], [17, 4], [61, -88], [25, -36], [20, -65], [13, -83], [1, -4], [-1, -48], [-1, -30], [-7, -14], [-1, -12], [-2, -27], [15, -14], [24, 1], [15, 20], [34, 68], [-2, 10], [-1, 18], [3, 31], [3, 24], [1, 4], [4, 17], [24, 60], [129, -42], [10, -5], [22, -26], [15, -15], [20, -7], [138, 122], [2, 27], [5, 73], [3, 13], [140, 171], [78, 88], [20, 0], [9, -4], [9, -24], [15, -21], [31, 48], [15, 53], [71, 201], [47, 130], [26, 31], [55, 12], [40, -53], [10, -14], [17, -28], [-7, -35], [-6, -51], [2, -26], [3, -9], [39, -69], [15, -14], [14, -3], [19, -31], [-14, -28], [-16, -30], [-53, -77], [-12, -5], [-2, -2], [-4, -2]], [[11534, 40060], [36, 0], [58, 49], [20, -17], [99, -94], [62, -100], [7, -19], [17, -90], [13, -92], [-19, -2], [-2, -9], [-19, -100], [1, -74], [30, -14], [2, -1], [9, -5], [33, -15], [43, -21], [0, -21], [0, -117], [137, 1], [96, 53], [2, 2], [0, 0], [20, 26], [1, 1], [1, 2], [26, 33], [85, -178], [87, -24], [14, -45], [8, -3], [8, -9], [22, -68], [0, -1], [13, -51], [44, -180], [1, -22], [0, -16], [-9, -60], [-3, -19], [0, -28], [3, -94], [17, -62], [61, -46], [51, 1], [46, 7], [85, 27], [45, 34], [-6, 16], [-8, 7], [-23, 22], [1, 36], [6, 94], [82, 101], [13, 13], [26, 25], [23, 26], [4, 4], [13, 19], [33, 70], [-6, 33], [52, 68], [21, -8], [58, 1], [42, 16], [31, 19], [21, 39], [-5, 67], [16, 68], [34, 129], [26, 6], [36, -1], [31, -17], [46, -51], [9, -28], [56, -4], [52, -9], [24, -12], [57, -131], [-2, -55], [129, -123], [6, 67], [112, -48], [82, -41], [99, -110], [31, -210], [10, -94], [3, -38], [18, -29], [28, -48], [13, -24], [38, -129], [21, -67], [2, -25], [118, -93], [38, -26], [17, -141], [40, -106], [3, -57], [-1, -57], [0, -2], [-4, -32], [-13, -114], [-2, -15], [81, -44], [50, -29], [87, -57], [-35, -274], [75, -255], [73, -50], [6, -10], [26, -46], [8, -83], [-1, -48], [12, -70], [78, -136], [48, -68], [85, -66], [21, -15], [15, -6], [20, -6], [44, -3], [44, 4], [1, -4], [24, -72], [51, -141], [8, -10], [113, -121], [19, -12], [56, -26], [63, -87], [33, -57], [25, -65], [2, -39], [-6, -67], [-13, -31], [-44, -87], [-34, -60], [-35, -106], [-9, -66], [-1, -9], [7, -104], [13, -114], [-24, -109], [-17, -29], [-29, -48], [-62, -25], [0, -1], [6, -26], [6, -16], [13, -20], [50, -49], [21, -85], [0, -20], [2, -67], [-33, -18], [-23, -116], [-2, -10], [-9, -64], [0, 0], [1, -11], [4, -94], [99, -156], [47, -121], [-7, -107], [12, -62], [38, -40], [3, -3], [34, 1], [13, 20], [1, 0], [68, -13], [55, -49], [39, -50], [5, -28], [2, -9], [1, -5], [5, -82], [50, -160], [10, -25], [3, -9], [16, -48], [-3, -95], [0, -66], [5, -58], [30, -113], [46, -109], [12, 25], [59, 119], [17, 8], [9, 3], [10, -13], [5, -9], [16, -2], [10, -2], [85, 33], [21, 9], [46, 63], [10, 17], [12, 50], [115, 98], [39, 19], [30, -18], [22, 19], [40, 72], [71, 88], [20, 22], [10, -22], [7, -16], [1, -1], [42, -17], [28, 0], [15, 0], [102, 124], [0, 46], [13, 39], [53, 71], [27, -4], [79, -31], [34, -23], [4, -5], [2, -3], [16, 8], [17, -80], [3, -18], [1, -32], [-7, -34], [0, -2], [-1, -4], [-12, -28], [-59, -117], [-10, -14], [-10, -11], [-13, -10], [-21, -25], [-18, -26], [-5, -22], [0, -36], [24, -25], [6, -6], [9, -7], [10, 8], [3, 4], [33, 36], [25, -6], [25, -14], [101, -201], [6, -24], [0, -32], [-9, -79], [-10, -38], [-11, -26], [-11, -38], [5, -43], [38, -49], [51, -52], [14, -32], [27, -148], [21, -148], [-7, -113], [-2, -19], [-13, -147], [17, -86], [12, -61], [9, -21], [17, -45], [25, -25], [59, 2], [72, -280], [3, -24], [-2, -70], [-3, -66], [2, -61], [8, -25], [20, -36], [0, 0], [60, 11], [43, 24], [48, 87], [16, 42], [22, 79], [30, 97], [33, 20], [0, 1], [5, 10], [21, 99], [25, 117], [0, 3], [1, 3], [6, 75], [5, 47], [0, 4], [6, 29], [53, 34], [28, -3], [44, 13], [8, 4], [12, 12], [23, 24], [39, -33], [26, -25], [17, -45], [4, -9], [55, -74], [63, -22], [60, -50], [6, -5], [65, -60], [2, -2], [0, 0], [18, -41], [34, -86], [53, -140], [18, -48], [83, -237], [71, -159], [19, -40], [2, -32], [0, -48], [2, -32], [27, 12], [42, 3], [56, 0], [51, -18], [12, -16], [8, -11], [-50, -129], [-14, -60], [-4, -29], [-6, -44], [2, -52], [2, -43], [0, -93], [-7, -40], [-7, -41], [-25, -90], [-23, -17], [-27, -10], [-45, -6], [-5, 0], [-24, 18], [-16, 18], [-5, 5], [-8, 11], [-31, 41], [0, 0], [-10, -5], [-57, -116], [-42, -100], [-8, -32], [0, -1], [0, 0], [21, -59], [19, -96], [21, -139], [8, -33], [38, -15], [54, -24], [46, -122], [13, -120], [15, -190], [-23, -123], [-12, -107], [5, -11], [4, -7], [16, -6], [24, 1], [14, -3], [14, -4], [37, -52], [-37, -162], [-20, -48], [-12, -27], [-1, -3], [-24, -69], [-12, -39], [0, -60], [54, -82], [101, -390], [76, -108], [16, 3], [10, 4], [13, 25], [49, -38], [10, -18], [26, -61], [15, -43], [2, -14], [6, -41], [-5, -71], [-1, -2], [0, -1], [-13, -32], [-3, -6], [-6, -75], [0, -52], [-47, -9], [-23, -22], [7, -23], [-6, -27], [-59, -4], [-77, -3], [-1, 2], [-4, 5], [-31, 41], [-26, -3], [-38, -30], [-79, -40], [-24, 27], [-13, 34], [-10, 29], [-20, 57], [0, 0], [-28, 32], [-14, -13], [-11, -27], [-21, -34], [-27, -17], [-93, 44], [-15, 16], [-36, 45], [-68, -1], [-14, -8], [-14, -22], [-27, -10], [-39, -15], [-24, -1], [-12, -1], [-104, 91], [-44, 63], [-67, -29], [-16, -24], [-19, -47], [-19, -36], [-33, -24], [-136, -17], [-87, 37], [-117, 38], [-23, 1], [-6, 2], [-6, 6], [-14, 18], [-11, 21], [1, 7], [-2, 8], [-3, 16], [-1, 1], [-32, 214], [0, 22], [1, 11], [4, 12], [8, 16], [1, 33], [-3, 15], [-29, 105], [-9, 27], [-59, 84], [-41, -46], [3, -54], [-1, -42], [-26, -241], [-12, -37], [-70, -200], [-7, 1], [-26, -2], [-29, -16], [-2, -2], [-2, -1], [0, -2], [0, -6], [24, -100], [5, -21], [2, -21], [-7, -24], [-14, -19], [-12, 2], [-8, 1], [0, 0], [-1, 0], [-44, -23], [-55, -101], [-17, -41], [9, -11], [17, -58], [-12, -108], [-35, -51], [-55, -148], [-8, -84], [15, -20], [15, -55], [2, -5], [0, -3], [8, -54], [0, -2], [0, -24], [-1, -4], [-63, -155], [-182, -276], [-52, -44], [-32, -95], [-3, -116], [25, -111], [6, -24], [11, -21], [92, -157], [16, -32], [-57, 2], [-33, -36], [-77, -93], [-69, 30], [-132, 93], [-161, 103], [-45, 64], [7, 21], [-2, 21], [-11, 82], [-67, 41], [-33, 17], [-17, -2], [-13, -19], [-36, 7], [-245, 56], [-10, 12], [-15, 21], [0, 1], [-10, 40], [-26, 19], [-69, 105], [-1, 1], [-4, 17], [-11, 67], [-5, 57], [-7, 59], [-14, 31], [-40, -19], [-6, -13], [-4, -17], [-5, -49], [-25, -72], [-84, -117], [-16, -4], [-155, 37], [-20, 65], [-35, 154], [-6, 34], [-16, 130], [0, 12], [0, 11], [-16, 32], [-6, -1], [-20, 0], [-29, -19], [-1, -1], [-5, -6], [-2, -4], [-1, -15], [-1, -7], [-36, -23], [-105, -56], [-24, 74], [-12, -48], [-36, -134], [-20, -63], [-20, -63], [-8, -24], [-11, -33], [0, -4], [-5, -32], [-14, -92], [-4, -27], [-4, -27], [-10, -14], [-64, -86], [-33, -45], [-28, -38], [-25, -45], [-33, -60], [58, -77], [49, -135], [-13, -12], [-35, -35], [-27, 3], [-22, 2], [-45, -99], [-6, -35], [-14, -20], [-38, -50], [-35, -20], [-93, -14], [-74, 26], [-28, -45], [-86, -117], [-8, -6], [-97, -63], [-26, 16], [-15, 25], [-29, 92], [5, 57], [-3, 80], [-15, 21], [-10, 12], [-116, 14], [-33, 0], [-3, 4], [9, 26], [11, 29], [3, 6], [-2, 22], [-13, 47], [-13, 10], [-52, 37], [-44, 63], [-30, 82], [-13, 50], [-27, 108], [8, 15], [12, 14], [-8, 28], [-25, 76], [-20, 53], [-63, 77], [-61, 26], [-44, 12], [-5, 3], [-95, 314], [-18, 82], [-15, 52], [-10, -2], [-8, -2], [-29, -17], [-19, -7], [-94, -5], [-36, 46], [-24, 11], [-175, -80], [-126, -74], [-42, -42], [-59, -56], [-26, -2], [-106, 45], [-60, 26], [-23, 33], [-18, 0], [-66, -22], [-26, -23], [-15, 23], [-29, 83], [-8, 24], [-5, 21], [-2, 12], [13, 13], [10, 26], [15, 63], [5, 25], [4, 55], [-32, 61], [-55, 102], [-131, 171], [-77, 72], [0, 0], [-34, 1], [-16, 1], [-15, 9], [-19, 10], [-13, 9], [-4, 3], [-5, 8], [-7, 17], [-1, 5], [0, 0], [-1, 4], [-1, 14], [1, 12], [4, 16], [32, 220], [6, 128], [1, 10], [1, 7], [14, 50], [10, 27], [3, 11], [5, 11], [113, 250], [63, 109], [65, 158], [75, 150], [85, 132], [22, 58], [14, 35], [8, 23], [1, 3], [-41, 63], [-31, 38], [-13, 16], [-75, 92], [-6, 5], [-15, 15], [-23, 34], [-25, 38], [-55, 104], [9, 54], [1, 1], [3, 10], [28, 34], [14, 45], [11, 75], [0, 2], [0, 3], [0, 11], [-1, 5], [0, 7], [-5, 39], [-21, 206], [34, 164], [83, 131], [34, 148], [7, 57], [2, 20], [1, 24], [-3, 21], [40, 201], [25, 15], [11, 36], [-3, 33], [-9, 56], [-22, 38], [-46, 100], [-60, -28], [-12, 28], [-6, 13], [-1, 2], [-16, 21], [-3, 4], [-129, 37], [-53, 13], [-8, -2], [-21, -48], [-3, -16], [0, 0], [-30, -23], [-128, 77], [-48, 60], [-7, 11], [-5, 6], [-2, 5], [20, 46], [7, 8], [5, 5], [15, 25], [3, 8], [5, 39], [1, 22], [3, 173], [1, 15], [0, 3], [-5, 246], [-29, 88], [-37, 82], [-13, 74], [9, 26], [14, 60], [10, 49], [9, 72], [-3, 43], [-25, 21], [-122, 88], [-6, 1], [-2, 0], [-29, -5], [-36, -10], [-75, 210], [-62, -51], [-94, -39], [-8, -1], [-62, -6], [-69, -35], [-110, -94], [-21, 56], [-65, 110], [-2, -2], [-9, -6], [-8, -4], [-15, -8], [-10, 2], [-65, 49], [-3, 3], [-2, 4], [-3, 13], [-1, 15], [0, 61], [12, 254], [16, 23], [5, 7], [21, 32], [1, 1], [-28, 177], [-5, 25], [-25, 38], [-19, 17], [-5, 5], [1, 197], [5, 27], [21, 77], [20, 60], [7, 13], [4, 20], [18, 125], [-17, 36], [-2, 4], [-39, 52], [-27, 18], [-1, 0], [-15, -10], [-7, -11], [-12, -11], [-3, 2], [-34, 23], [-77, 175], [-12, 30], [-11, 30], [-45, -53], [-80, -23], [-26, 1], [-3, 0], [-35, 4], [-29, 101], [-3, 15], [-12, 51], [-45, 138], [-6, 8], [-9, 13], [-114, 78], [-20, -1], [-20, -5], [-6, -2], [-143, 111], [-9, 9], [-2, 2], [-47, 85], [-8, 18], [-5, 27], [-4, 21], [-3, 6], [-3, 8], [-4, 9], [-35, 52], [-112, -11], [-62, -17], [-34, -10], [-15, -15], [-219, 45], [-86, 19], [-54, 21], [-20, 12], [-20, 24], [-12, 20], [-32, 57], [-4, 6], [-3, 8], [-35, 108], [-9, 48], [-1, 9], [-1, 5], [0, 40], [7, 24], [0, 10], [-4, 36], [-1, 6], [-37, 51], [-24, 26], [-128, 112], [-27, 1], [-15, -16], [-15, -10], [-23, -13], [-5, -3], [-1, -1], [-124, 1], [-36, 10], [-21, 7], [-108, 32], [-53, 11], [-1, 2], [-25, 16], [-21, 2], [-28, -2], [-63, -55], [-7, 17], [-1, 101], [11, 73], [-28, 157], [-75, 199], [6, 125], [5, 67], [30, 64], [48, 285], [13, 146], [0, 19], [8, 35], [66, 198], [123, 129], [16, 13], [18, -8], [22, -18], [45, 13], [50, 82], [69, 121], [2, 69], [21, 46], [97, 79], [55, 6], [55, -4], [39, 9], [40, 38], [25, 39], [4, 33], [12, 12], [34, 21], [43, -14], [18, -24], [6, -33], [7, -7], [21, -12], [94, -22], [27, 6], [12, 25], [23, 10], [78, -26], [48, -31], [43, 50], [33, 48], [6, 47], [8, 23], [31, 4], [11, -11], [35, -34], [2, -2], [2, -10], [30, 19], [28, 17], [21, -16], [30, -44], [15, -41], [43, -23], [169, 39], [39, 25], [111, 197], [20, 46], [1, 13], [-1, 2], [0, 1], [7, 26], [20, 27], [116, 84], [7, 3], [19, 7], [72, -14], [29, -26], [31, -39], [3, -5], [3, -9], [4, -13], [-1, 0], [-3, -39], [0, -12], [10, -19], [4, -4], [14, -10], [66, -14], [1, 0], [15, 81], [1, 97], [6, 183], [24, 231], [20, 291], [-11, 231], [23, 90], [-8, 195], [3, 33], [1, 4], [17, 70], [70, 44], [34, 66], [43, 130], [81, 281], [6, 68], [16, 50], [48, 121], [46, 105], [3, 5], [7, 9], [5, 6], [29, 24], [34, 25], [37, -10], [15, 93], [2, 40], [-4, 31], [-11, 37], [-11, 88], [53, 123], [130, 150], [21, -7], [44, -40], [69, -26], [57, -2]], [[21145, 75366], [38, -24], [51, 29], [0, 0], [10, 5], [58, -7], [74, -32], [21, -18], [28, -25], [65, -41], [22, 14], [0, 0], [7, 6], [28, 3], [34, -10], [30, -40], [35, -81], [38, -69], [47, -72], [28, -26], [61, -50], [90, 45], [17, -29], [136, -317], [38, -98], [87, -172], [49, -2], [43, 6], [54, -41], [44, -32], [24, -5], [-25, -32], [-22, -56], [-11, -41], [-6, -48], [-14, -74], [0, 0], [-28, -36], [-39, -38], [-31, -65], [-24, -92], [-8, -50], [-12, -140], [-6, -82], [-3, -89], [9, -199], [62, -128], [-15, -183], [-15, -41], [0, -1], [-18, -47], [-57, -112], [-62, -84], [-78, -118], [3, -25], [30, -171], [5, -23], [7, -62], [-1, -29], [-10, -66], [-2, -16], [-5, -22], [-14, -8], [-29, -63], [-1, -6], [0, 0], [4, -114], [-5, -141], [-28, -188], [-19, -349], [3, -24], [3, -7], [33, -27], [24, -15], [21, -37], [-8, -130], [-3, -20], [-2, -9], [0, 0], [0, -1], [-22, -30], [-42, -56], [-45, -55], [-10, -9], [-24, -66], [-5, -25], [-10, -67], [10, -36], [-14, -346], [-7, -20], [-111, -282], [-78, -16], [-23, -21], [-8, -26], [-1, -3], [15, -23], [4, -13], [4, -13], [-45, -218], [-17, -66], [-51, -189], [-1, -1], [-1, -2], [-19, -19], [-2, -2], [-4, -2], [-2, 0], [-4, -1], [-4, 0], [-2, 2], [-1, 1], [-41, 39], [-15, 24], [-2, 5], [-39, 8], [-57, -12], [-15, -4], [-23, -57], [0, 0], [-1, -14], [6, -25], [2, -22], [0, -5], [1, -23], [-12, -23], [-8, -13], [-41, -112], [-25, -144], [-25, -97], [-18, -39], [-4, -51], [62, -197], [20, -30], [19, -17], [3, -2], [3, -1], [15, -5], [21, -34], [44, -74], [-6, -27], [-16, -64], [-14, -69], [0, -2], [8, -44], [7, -23], [0, -1], [1, -5], [1, 0], [14, -6], [10, -3], [5, -1], [1, -1], [0, 2], [0, 0], [-2, 13], [-1, 9], [10, 17], [48, 16], [12, 3], [0, -1], [19, -45], [3, -9], [-18, -41], [-21, -19], [-11, -9], [-12, 4], [-9, 4], [-9, 4], [-14, 6], [-3, 0], [-1, 0], [-3, -1], [-2, -2], [-1, -4], [-42, -93], [-15, -49], [-4, -38], [-114, -221], [-12, -17], [-29, -7], [-48, 21], [-11, 8], [0, 38], [3, 17], [-7, 33], [-91, -22], [-35, -30], [-14, -39], [-9, -94], [-40, -192], [-12, -43], [-1, -1], [-3, -17], [8, -38], [-1, -32], [0, -2], [-15, -27], [-25, -43], [-23, -26], [-8, -14], [-18, -68], [-9, -93], [-26, -71], [-17, -98], [-4, -51], [-24, -79], [-2, -8], [-6, -15], [-8, -2], [0, 0], [-15, -3], [-8, -2], [-13, -9], [-5, -35], [3, -43], [22, -82], [14, -38], [19, -28], [28, -47], [5, -8], [-2, -17], [75, -202], [9, -3], [13, 6], [8, 6], [27, 17], [16, 16], [1, 6], [1, 5], [14, 15], [12, 12], [13, 12], [18, 15], [51, 11], [9, -35], [0, 0], [0, -2], [-17, -23], [-10, 1], [-12, -48], [-12, -84], [28, -70], [17, -29], [12, -6], [19, -5], [32, -104], [36, -178], [-13, -66], [-26, -73], [-22, -21], [-47, -11], [-14, 13], [-15, 22], [-31, 1], [-21, -29], [-67, -119], [-9, -23], [-17, -45], [-4, -11], [-22, -91], [-24, -128], [-15, -81], [27, -93], [13, -35], [35, -70], [6, 2], [3, 3], [0, 3], [1, 13], [11, 23], [41, 75], [13, 14], [106, -94], [79, -71], [24, -26], [9, -10], [42, -76], [23, -61], [43, -125], [17, -71], [1, -111], [1, -8], [2, -5], [28, -30], [13, -6], [24, 24], [78, 95], [50, -61], [112, -38], [8, 57], [2, 19], [-3, 111], [-24, 32], [-8, 40], [2, 13], [48, 84], [16, 14], [4, 0], [5, -6], [3, -2], [12, -13], [5, -6], [7, -7], [7, -5], [3, 15], [-1, 148], [0, 0], [-1, 16], [-5, 48], [-2, 10], [-2, 8], [-3, 10], [14, 86], [38, 33], [26, 24], [39, 50], [5, 30], [1, 11], [2, 14], [12, 83], [8, 55], [20, 21], [32, 13], [38, 12], [65, 18], [129, -23], [118, -40], [13, -18], [12, -28], [4, -14], [31, 20], [6, 16], [9, 31], [7, 72], [3, 61], [12, 37], [18, 41], [25, 49], [22, 5], [11, 2], [77, -41], [32, -32], [6, -15], [0, 0], [0, -1], [1, -1], [18, -17], [7, -7], [43, -31], [21, -3], [19, 32], [11, 20], [1, 31], [10, 15], [0, 1], [65, 61], [18, 11], [0, 0], [2, 2], [29, -21], [9, -15], [11, -2], [25, -9], [80, -36], [6, -5], [13, -72], [3, -20], [0, -3], [-4, -58], [-2, -20], [-5, -20], [-1, -5], [-11, -155], [-4, -175], [1, -38], [6, -19], [5, -9], [16, 0], [19, 0], [11, -2], [16, -18], [22, -93], [1, -2], [1, -9], [6, -78], [-2, -59], [40, -112], [40, -34], [45, -63], [25, -40], [-8, -30], [-13, -85], [0, -3], [8, -32], [9, -24], [6, 0], [1, -12], [-1, -4], [-1, -32], [-2, -16], [-6, -32], [-8, -31], [-27, -72], [-5, -11], [-12, 9], [-9, 11], [-6, 8], [-2, 4], [-4, 8], [-26, -19], [-21, -37], [-46, -132], [-21, -74], [-9, -38], [-82, -16], [-2, 10], [0, 0], [-3, 3], [-4, 2], [-6, 2], [-8, 0], [-15, 0], [-34, -9], [-4, -1], [-11, -3], [-8, -4], [-17, -12], [-88, -83], [-16, -111], [-33, -144], [-6, -5], [-9, -8], [-9, -19], [-12, -37], [-10, -35], [31, -50], [88, -106], [20, -18], [10, -3], [97, -19], [70, 18], [33, 20], [7, -6], [2, -2], [0, -1], [2, -11], [6, -36], [6, -151], [-4, -81], [-9, -77], [-36, -113], [-19, -38], [-17, -17], [-4, -22], [-35, -188], [4, -35], [-28, -89], [-21, -35], [40, -24], [11, -23], [-8, -48], [11, -91], [40, -143], [47, -78], [38, -103], [-6, -43], [37, -7], [1, 0], [9, 2], [19, 13], [0, 1], [19, 40], [13, 39], [49, 182], [11, 91], [-3, 29], [-7, 65], [1, 9], [40, 135], [2, 2], [2, 3], [10, 0], [3, -4], [81, -171], [40, -54], [44, 12], [1, -12], [-1, -46], [-1, -13], [-1, -27], [-1, -7], [0, -6], [-3, -25], [-6, -34], [-3, -18], [-1, -8], [-5, -21], [-37, -156], [-2, -3], [-4, -5], [-3, -2], [-4, 3], [-2, 2], [-24, 30], [-38, 48], [-6, -3], [-6, -7], [-9, -16], [0, -3], [-1, -5], [-16, -167], [1, -118], [3, -31], [6, -63], [52, -99], [57, -93], [43, -58], [35, -23], [20, -3], [8, -18], [1, -23], [-53, -156], [-44, -125], [-59, -147], [-35, -83], [-16, -19], [-9, -3], [-5, -5], [-5, -9], [-1, -3], [-23, -129], [4, -41], [2, -18], [3, -3], [15, -6], [19, -6], [17, -21], [14, -38], [21, -72], [9, -50], [13, -43], [29, -70], [18, -8], [23, -23], [1, -7], [-1, -129], [-1, -166], [-142, -274], [-7, -24], [-1, -3], [-3, -110], [-4, -149], [-54, -179], [-47, -214], [-4, -24], [-11, -64], [0, -16], [0, -2], [0, -5], [4, -19], [1, -2], [24, -14], [24, -13], [11, -9], [2, -3], [6, -11], [15, -42], [1, -75], [-10, -64], [-30, -183], [-6, -35], [-1, -2], [-17, -22], [0, -1], [0, 0], [-9, -2], [-34, -8], [-1, 0], [0, -1], [-45, -239], [-1, -2], [9, -61], [19, -59], [15, -39], [0, -1], [20, -25], [14, 5], [11, -6], [3, -3], [16, -13], [4, -3], [17, -18], [76, -127], [1, -2], [19, -202], [2, -27], [0, -1], [0, -3], [-14, -13], [-33, -15], [-31, -11], [0, -5], [-1, -29], [0, -44], [0, -1], [2, -4], [53, -103], [-42, -57], [-44, -28], [0, 0], [-118, -21], [-47, 6], [-40, 119], [-83, 161], [-29, 42], [-3, 4], [-2, 1], [-2, 1], [-106, 44], [-1, 1], [-3, 0], [-1, 0], [-1, 0], [0, 0], [-1, 0], [-3, -1], [-1, 0], [0, 0], [-6, -3], [-3, -2], [-7, -5], [-5, -4], [-63, -70], [-15, -20], [-7, -12], [-3, -6], [-8, -14], [-10, -23], [-2, -2], [-39, -23], [-38, 16], [-39, 25], [-21, 17], [-17, 24], [-23, 35], [-7, 14], [-1, 1], [0, 1], [-1, 3], [-4, 13], [-2, 6], [-14, 40], [-1, 2], [-32, 69], [-42, 71], [-2, 4], [-3, 5], [-7, 4], [-5, 3], [0, 0], [-40, -39], [-1, -1], [-5, -10], [-92, -150], [-180, -120], [-15, -6], [-102, 0], [-42, 34], [-63, 53], [-72, 122], [-21, 59], [2, 60], [11, 72], [0, 2], [-4, 13], [0, 1], [-8, 7], [-25, 25], [-65, 52], [-54, 127], [-113, 85], [-34, -47], [-18, -43], [-1, -2], [-124, -53], [-78, -29], [-113, 168], [-114, 170], [-30, 29], [-8, 3], [-26, 7], [-9, 3], [-55, 19], [-2, 2], [-12, 5], [-3, 2], [-5, 2], [-55, -12], [-3, 4], [-19, 17], [-15, 10], [-55, 17], [0, 0], [-8, -1], [-1, 0], [-11, -5], [0, -40], [-2, -10], [-7, -27], [-16, -49], [-24, -29], [-40, -13], [-22, 0], [-150, -43], [-22, -11], [-6, -17], [-5, -46], [-6, -22], [-12, -25], [-29, -27], [-14, -12], [-20, 7], [-38, 57], [-20, 35], [-8, 16], [-4, 27], [-2, 16], [-68, 59], [-51, 27], [-85, -28], [-73, -35], [-50, -42], [-32, -52], [-8, -15], [-2, -4], [-7, -19], [-7, -24], [-5, -50], [-5, -79], [1, -10], [12, -86], [6, -8], [22, -13], [8, -14], [4, -35], [-4, -110], [-8, -44], [-11, -57], [-15, -42], [-17, -19], [-16, -15], [-64, -15], [-32, 0], [-12, 0], [-24, 17], [-4, 118], [1, 7], [7, 31], [2, 3], [2, 3], [1, 3], [1, 2], [0, 3], [-18, 43], [-57, 122], [-58, 49], [-24, 22], [-1, 16], [-19, 351], [1, 44], [6, 46], [11, 51], [21, 81], [9, 26], [6, 71], [-3, 16], [-4, 21], [-24, 26], [-35, -23], [-33, -8], [-42, 53], [-20, 32], [-30, 52], [-9, 22], [3, 32], [0, 0], [4, 30], [2, 6], [2, 5], [1, 4], [1, 2], [0, 3], [2, 5], [5, 23], [-4, 24], [-3, 14], [-5, 10], [-2, 2], [-4, 4], [0, 0], [42, 110], [-8, 30], [-28, 81], [-75, 69], [-25, 22], [-1, 0], [-3, 1], [-6, 0], [-11, -7], [-22, -10], [-18, -8], [-3, 0], [-1, 3], [-25, 162], [-1, 5], [2, 12], [4, 38], [1, 0], [2, 9], [4, 9], [27, 105], [-54, 181], [-24, 41], [-6, 5], [-22, 20], [-5, 6], [-4, 12], [-5, 15], [-9, 126], [5, 17], [9, 43], [0, 32], [0, 2], [-31, 61], [-25, 41], [-19, 113], [0, 12], [-51, 180], [-9, 10], [-2, 4], [-19, 1], [-16, -18], [-67, 24], [-60, 90], [-51, 161], [-5, 79], [2, 42], [-70, -24], [-2, -4], [-30, -44], [-64, -14], [-8, 3], [-48, 27], [-31, 35], [-49, 69], [-1, 0], [-5, 56], [-32, 122], [-3, 11], [-26, 28], [-68, -14], [-25, -16], [-23, -23], [1, -18], [1, -12], [-3, -13], [-31, -25], [-24, -18], [-110, -31], [-26, -2], [-35, 10], [-14, 17], [-3, 3], [-17, 33], [-18, 28], [0, 0], [-11, 1], [-3, 0], [-50, -22], [-3, -9], [-4, -11], [-15, -41], [-5, -24], [-5, -28], [-9, -8], [-1, 0], [-9, 2], [-8, 9], [-20, -30], [-35, -59], [-5, -37], [-45, -88], [-57, -63], [-63, -1], [-1, 1], [-23, 24], [-8, 11], [-108, 62], [-2, -12], [-8, -32], [-17, -10], [-3, 0], [-3, 1], [-53, 66], [-4, 6], [-5, 7], [0, 1], [-7, 61], [-19, 98], [-15, 33], [-11, 17], [-26, 25], [-6, 3], [-4, 2], [-1, 0], [-30, 1], [-28, 12], [-4, 11], [-8, 26], [-52, 90], [-69, 94], [-18, 17], [-61, 47], [-32, -1], [-82, -37], [-62, 26], [-9, 48], [-8, 98], [10, 26], [-2, 47], [-3, 15], [-7, 20], [0, 0], [14, 20], [10, 25], [20, 89], [3, 22], [1, 8], [8, 83], [-6, 279], [-5, 82], [-28, 220], [-13, 66], [-9, 33], [-24, 45], [-13, 4], [-1, 0], [-8, 17], [-5, 15], [-19, 91], [11, 171], [8, 45], [22, 209], [8, 149], [45, 136], [11, 10], [10, 20], [1, 3], [11, 48], [17, 102], [-6, 46], [0, 28], [13, 46], [5, 18], [43, 125], [26, 21], [6, 0], [8, 1], [7, 15], [35, 135], [-13, 125], [0, 0], [-13, 119], [-41, 50], [-16, 2], [-42, 44], [-50, 57], [-21, 30], [-5, 13], [0, 0], [1, 3], [3, 9], [-6, 46], [-14, 29], [-67, 95], [-19, 21], [-28, 26], [-27, 19], [-35, 37], [-28, 34], [-38, 49], [-14, 27], [-15, 28], [-103, -71], [-24, 28], [0, 0], [-18, 16], [-8, 6], [-44, 13], [-41, 16], [-47, 33], [-53, 43], [-49, 204], [-8, 36], [28, 409], [33, 70], [-10, 27], [-18, 50], [-101, 184], [-13, 21], [-1, 0], [-20, -12], [-72, 147], [-12, 30], [-65, 97], [-116, 95], [-60, 0], [-25, -24], [-45, 24], [-60, 50], [7, 57], [2, 23], [11, 65], [27, 56], [10, 14], [11, 13], [8, 11], [13, 48], [14, 129], [-5, 50], [-8, 47], [-9, 37], [-10, 62], [-1, 30], [25, 78], [8, 15], [22, 49], [8, 8], [30, 18], [32, 15], [14, 49], [28, 80], [84, 182], [27, 40], [50, 153], [24, 128], [45, 264], [43, 154], [2, 201], [-1, 1], [-26, 53], [-22, 56], [5, 104], [-17, 175], [-14, 100], [36, 8], [44, 24], [11, 6], [15, 32], [59, 60], [48, 43], [38, -13], [17, 9], [32, 63], [71, 89], [86, 14], [-8, 103], [11, 104], [9, 57], [14, 16], [34, 145], [14, 67], [-7, 91], [-8, 92], [107, 205], [187, 237], [56, 65], [36, 6], [5, 1], [30, 5], [8, 2], [29, 9], [35, -9], [49, -12], [11, 81], [6, 50], [6, 81], [5, 13], [10, 12], [25, 30], [52, 48], [9, 0], [23, -2], [73, 37], [206, 175], [71, 67], [39, 44], [0, 3], [-3, 34], [-4, 120], [0, 0], [29, 22], [41, 39], [11, 11], [78, 86], [5, 6], [37, 57], [-15, 89], [-4, 53], [2, 10], [3, 24], [1, 6], [13, 67], [3, 11], [2, 3], [9, 25], [7, 118], [0, 60], [35, 5], [79, 58], [145, 101], [89, 38], [21, -21], [75, -12], [35, 2], [13, 1], [78, 34], [106, 60], [29, 24], [6, 11], [13, 34], [17, 45], [93, 56], [96, 101], [33, 42], [22, 90], [5, 95], [-2, 44], [26, 147], [69, 44], [81, 64], [10, 63], [3, 50], [20, 15], [46, 32], [31, 23], [43, 63], [29, 62], [23, 98], [40, 245], [-7, 59], [-29, 46], [-10, -1], [-31, 28], [-16, 16], [-54, 115], [-6, 41], [-31, 197], [6, 41], [54, 118], [13, 17], [17, 18], [61, 55], [35, 14], [33, -26], [69, -1], [14, 9], [0, 3], [0, 46], [28, 92], [42, 42], [4, 27], [4, 26], [30, 120], [33, 54], [2, 1], [29, -19], [32, -20], [35, 9], [75, 0], [6, -2], [26, -33], [5, -12], [1, -1], [10, -15], [107, -6], [28, 24], [2, 44], [88, 50], [36, -5], [28, -10], [7, -7], [4, -5], [1, 0], [10, -12], [40, 4], [2, 2], [3, 7], [3, 7], [1, 6], [19, 180], [-1, 18], [-7, 48], [-2, 8], [-6, 17], [-2, 12], [-2, 6], [0, 9], [33, 154], [10, -5], [22, -34], [80, -19], [116, -50], [1, 0], [97, -80], [9, -59], [-9, -62], [27, -68], [45, 7], [14, -33], [21, -51], [54, -84], [69, -60], [42, -21], [3, -2], [-3, 61], [42, 244], [16, 30], [59, 176], [4, 20], [3, 21], [0, 6], [125, 283], [42, 125], [10, 21], [26, 52], [45, 48], [39, 37], [55, 57], [7, 77], [30, 4], [37, -18], [21, -25], [8, -10], [0, -1], [16, -69], [18, -96], [12, -17]], [[27718, 30962], [59, -59], [131, -56], [49, 2], [44, 49], [20, -21], [53, -86], [49, -108], [28, -74], [40, -24], [21, -17], [41, -45], [6, -10], [28, -71], [23, -68], [17, -8], [31, -14], [113, -39], [80, -24], [25, -6], [50, -32], [16, -37], [12, -59], [1, -8], [124, -162], [118, 24], [61, 126], [51, 97], [104, 64], [39, 23], [37, 11], [47, -10], [46, 10], [72, 6], [36, 0], [94, -27], [84, -62], [49, -48], [13, -14], [23, -36], [29, -51], [23, -10], [1, 1], [13, 15], [79, -4], [55, 6], [6, -30], [5, -20], [46, -44], [109, -73], [35, -14], [161, -48], [78, -12], [33, -30], [12, -13], [36, -42], [19, -31], [29, -39], [11, -14], [9, 2], [43, 15], [67, 13], [30, -2], [46, -6], [2, -9], [0, 0], [-8, -65], [1, -12], [0, 0], [24, -71], [9, -26], [13, -33], [25, -57], [7, -15], [18, -25], [29, -20], [117, -71], [27, -72], [7, -13], [111, -106], [45, -20], [29, -20], [3, -7], [6, -15], [1, -8], [2, -7], [30, -300], [0, -3], [0, -5], [-2, -78], [-16, -68], [-28, -68], [-62, -83], [-17, -24], [-5, -19], [0, -5], [1, -6], [0, 0], [14, -29], [70, -104], [43, -62], [54, -101], [48, -185], [1, -7], [-1, -119], [45, -112], [57, -60], [34, -8], [47, -12], [7, -6], [56, -62], [8, 46], [21, 101], [7, 32], [13, 60], [3, 11], [4, 12], [81, 20], [20, -4], [32, 4], [67, 13], [34, 66], [37, 39], [86, 50], [59, 31], [13, -3], [20, -44], [23, -65], [27, -60], [24, -40], [47, -52], [12, -96], [11, -38], [-29, -90], [-6, -16], [-106, -255], [-106, -74], [-13, -11], [-25, -50], [-6, -40], [-8, -87], [0, -49], [32, -198], [87, -214], [118, -247], [61, -111], [2, -2], [27, -20], [22, -1], [7, 6], [16, -13], [68, -81], [29, -63], [1, -9], [-6, -37], [-6, -48], [5, -31], [2, -11], [5, -7], [5, -7], [8, -4], [52, 38], [64, 7], [7, -5], [32, -46], [74, 18], [54, 47], [79, 33], [6, 2], [7, -7], [1, -2], [0, 0], [22, -71], [47, -112], [10, -18], [10, -13], [11, -10], [62, -89], [6, -17], [0, 0], [2, -77], [-8, -72], [-12, -37], [-13, -109], [0, 0], [18, -45], [9, -15], [2, -3], [9, -9], [13, -8], [10, -17], [5, -14], [28, -80], [-8, -39], [-24, -76], [0, 0], [25, -58], [90, -122], [80, -74], [41, -12], [23, 46], [5, 7], [8, 11], [10, 5], [24, -10], [11, -73], [11, -21], [33, -57], [12, -14], [-5, 1], [-1, -5], [-13, -111], [-2, -92], [-74, -61], [-6, -137], [-22, -83], [-21, -60], [-50, -112], [-37, -58], [-40, 33], [-37, -51], [-29, -111], [-9, -88], [-56, -55], [-17, -41], [16, -35], [68, -151], [83, -272], [47, -295], [14, -139], [25, -188], [10, -46], [-23, -84], [-124, -92], [-97, -111], [-3, -4], [-42, -17], [-161, -31], [-81, 50], [-10, 7], [-61, 89], [-46, 86], [-23, 58], [-23, 69], [0, 4], [1, 26], [-2, 22], [-31, 2], [-15, -2], [-14, -27], [-51, -176], [-5, -26], [-23, -137], [-1, -12], [0, -43], [5, -12], [18, -50], [33, -134], [4, -29], [-11, -23], [-4, -11], [-13, -31], [-15, -43], [-11, -42], [-4, -27], [7, -53], [58, -198], [48, -243], [29, -70], [9, -25], [1, -2], [5, -172], [2, -95], [0, -19], [-3, -183], [-12, -191], [-9, -52], [17, -60], [9, -14], [23, -25], [6, -6], [-35, -259], [-12, -38], [-17, -83], [12, -26], [33, -71], [76, -170], [87, -284], [20, -22], [31, -21], [30, -37], [4, -9], [18, -53], [23, -287], [-3, -103], [0, 0], [67, -48], [23, -52], [50, -184], [10, -42], [9, -41], [0, -1], [-20, -73], [-10, -18], [-10, -32], [0, -37], [0, -11], [0, -2], [-14, -63], [-8, -34], [-46, -111], [-32, -64], [-75, -120], [-18, -3], [-10, -1], [-43, 26], [-23, 18], [-31, -9], [-17, -16], [-52, -87], [-14, -45], [-4, -27], [3, -31], [2, -19], [3, -32], [-3, -11], [-7, -4], [-48, -4], [-25, 6], [0, 0], [-38, 49], [-1, 22], [6, 27], [7, 32], [-6, 94], [-12, 93], [-78, 262], [-19, 61], [-9, 26], [-83, 164], [-18, 34], [-49, 68], [-82, 111], [-56, 59], [-57, 51], [-49, 17], [-9, -12], [-8, -13], [-14, -16], [-24, -22], [-29, -24], [-60, -10], [-14, -1], [-5, 34], [-87, 49], [-6, -3], [-7, -16], [1, -37], [-4, -27], [-25, -36], [-9, 12], [-61, 129], [0, 38], [-8, 24], [-26, 9], [-36, 11], [-61, 6], [-26, 20], [-52, -45], [-39, -17], [-27, 18], [-19, 13], [-45, -31], [-68, -165], [-10, -27], [-36, -99], [-51, -125], [3, -8], [17, -24], [23, -29], [42, -47], [1, -61], [-23, -130], [-27, -46], [-7, 0], [-29, -20], [-7, -5], [-22, -19], [-23, -65], [-3, -12], [5, -66], [-34, -128], [-38, 5], [-19, -4], [-23, -11], [-49, -24], [-65, -47], [-18, -74], [-12, -97], [8, -71], [-4, -34], [-6, -9], [-4, -2], [-78, -28], [-45, -8], [-31, 18], [-12, 10], [-28, 2], [-1, 0], [-10, -25], [-8, -34], [-8, -31], [-4, -15], [-18, -66], [-9, -22], [-3, -6], [-89, -67], [-107, -112], [4, -17], [1, -4], [4, -100], [-13, -183], [-13, -115], [-8, -14], [-2, -253], [27, -110], [8, -27], [19, -80], [18, -144], [-7, -83], [15, -62], [1, -1], [16, -32], [23, -71], [11, -155], [19, -170], [10, -41], [2, -13], [1, -59], [-15, -57], [-14, -42], [-52, -127], [-14, -30], [-37, -77], [-10, -21], [-10, -6], [-33, -13], [-42, -115], [-79, -153], [-32, -67], [-6, -25], [-13, -94], [-12, -77], [-36, -154], [-18, 3], [-7, -3], [-38, -101], [-11, -40], [6, -24], [17, -7], [11, -4], [19, 0], [-44, -32], [-180, -130], [-44, -34], [-16, -6], [-3, -1], [-22, 10], [-67, -14], [-17, -8], [-7, -3], [-67, -48], [-34, -28], [-127, -127], [-45, -133], [-10, -28], [-2, -3], [-69, -53], [-88, -22], [-46, 2], [-65, 23], [-35, 52], [-109, 45], [9, 83], [-2, 40], [-16, 126], [-25, 48], [-2, 2], [-5, -1], [-25, 20], [-115, 30], [-96, -27], [-121, -235], [-21, -48], [-128, -168], [-25, -76], [-38, -29], [-35, -8], [-41, 31], [-12, 15], [-6, 25], [2, 13], [-2, 28], [-15, 79], [-5, 24], [-14, 25], [-39, 27], [-170, 39], [-64, -24], [-95, -82], [-20, -16], [-8, 15], [-13, 30], [-22, 47], [-40, 14], [-121, 14], [-45, -118], [0, -11], [-4, -28], [-23, -25], [-70, -67], [-23, -12], [-31, 42], [-3, 14], [-16, 77], [-1, 4], [-9, 26], [-4, 11], [-113, 102], [-37, 23], [-84, -18], [-26, -5], [-32, 82], [-37, 112], [-4, 17], [-1, 14], [1, 22], [0, 27], [0, 1], [-17, 92], [-7, 19], [-129, -28], [-15, -5], [-17, -49], [-11, -7], [-55, 14], [-8, 12], [-5, 89], [0, 19], [0, 8], [-3, 21], [0, 3], [-8, 18], [-23, 53], [-3, 7], [-29, 50], [-31, 19], [-43, 66], [-15, 27], [-22, 47], [8, 23], [-13, 105], [4, 233], [6, 59], [-4, 21], [-42, 199], [-8, 22], [-1, 4], [-14, 40], [-8, 13], [-2, 5], [-56, 74], [-180, 199], [-1, 1], [-14, 7], [-11, 1], [-9, 12], [-30, 122], [-6, 20], [-22, 136], [10, 68], [1, 8], [1, 5], [163, 216], [42, 1], [12, 0], [21, 0], [5, 0], [2, 0], [2, 1], [7, 6], [23, 30], [49, 106], [11, 27], [17, 46], [11, 28], [7, 20], [1, 2], [2, 10], [-2, 10], [-29, 8], [-6, 5], [-8, 8], [-2, 3], [-56, 103], [-8, 19], [-5, 41], [3, 54], [-4, 17], [-134, 123], [-3, 2], [-5, 3], [-25, 2], [-8, -2], [-4, 0], [-4, 2], [-155, 101], [-23, 45], [-1, 4], [-2, 13], [0, 2], [-1, 8], [-4, 41], [-1, 9], [-5, 72], [0, 4], [0, 4], [1, 11], [3, 44], [3, 15], [-10, 102], [0, 4], [0, 4], [-1, 2], [0, 2], [-1, 4], [-18, 61], [20, 115], [23, 89], [6, 30], [1, 9], [3, 25], [0, 17], [0, 23], [-1, 31], [-7, 85], [-12, 73], [-3, 9], [-1, 0], [-7, 14], [-19, 33], [-8, 13], [-7, 12], [-11, 18], [-6, 12], [-1, 12], [0, 4], [0, 3], [1, 11], [2, 14], [1, 5], [1, 7], [4, 20], [6, 10], [15, 17], [18, 24], [19, 24], [1, 2], [45, 74], [-7, 40], [-1, 6], [0, 3], [-7, 19], [2, 18], [5, 18], [3, 6], [9, 12], [52, 68], [31, 15], [9, 3], [1, -4], [10, 0], [4, 2], [7, 9], [6, 30], [0, 4], [-3, 45], [-1, 6], [-32, 154], [-1, 2], [-4, 3], [-3, 1], [-4, 0], [-17, 16], [0, 6], [0, 18], [0, 7], [0, 1], [2, 14], [1, 7], [1, 7], [0, 2], [3, 11], [0, 1], [19, 60], [27, 44], [-34, 55], [-5, 13], [-1, 3], [-8, 91], [0, 8], [0, 3], [0, 5], [1, 5], [0, 2], [1, 3], [1, 2], [2, 4], [6, 12], [2, 8], [3, 67], [2, 71], [-3, 114], [-40, 205], [21, 126], [-1, 10], [-1, 8], [-5, 20], [-37, 62], [-12, 9], [-2, 1], [-17, 3], [-6, -1], [-51, -26], [0, 40], [-3, 26], [-4, 26], [-5, 22], [-33, 110], [-12, 23], [-67, 95], [-86, 83], [-11, 3], [-13, 3], [-14, -17], [-13, -13], [-23, -18], [-21, -3], [-22, 13], [-27, 29], [-11, 13], [-1, 46], [1, 26], [0, 16], [-6, 18], [-6, 17], [-8, 18], [-27, 56], [-9, 13], [-4, 5], [-6, 2], [-13, 1], [-29, -17], [-27, -18], [-38, -29], [-1, -1], [-1, -2], [-1, -1], [-2, -7], [-34, -50], [-73, -62], [-4, -3], [-23, 0], [-19, 3], [-9, 4], [-13, 6], [-61, 29], [-154, 26], [-43, -6], [-7, -1], [-7, 2], [-17, 10], [-15, 17], [-28, 91], [-3, 8], [9, 52], [4, 235], [-9, 6], [-21, 12], [-48, 38], [-35, 29], [-43, 52], [-101, 120], [-22, 26], [-15, 23], [-2, 5], [0, 2], [-2, 38], [-8, 16], [-3, 4], [-11, 22], [-4, 4], [-6, 5], [-97, 83], [-59, 14], [-37, 17], [-47, 92], [0, 0], [-2, 3], [-30, 76], [-1, 40], [0, 2], [-13, 14], [-51, -13], [-16, -11], [-3, -6], [-21, -75], [0, 0], [-87, -27], [-59, -2], [-78, -52], [-19, -39], [-7, -14], [-20, -16], [-20, -6], [-33, -1], [-29, 10], [-84, 48], [-6, 7], [-3, 3], [-17, 21], [-25, 69], [-62, 87], [-89, 104], [-10, 10], [-5, 6], [-88, 28], [-103, -12], [-37, 18], [-16, 10], [-38, 33], [-16, 21], [-27, 39], [-79, 47], [-9, 2], [-15, 1], [-68, -10], [-37, -32], [-1, -1], [-12, 78], [-5, 23], [-5, 18], [-29, 74], [-14, 25], [-4, 7], [-36, 23], [-44, 138], [-20, 76], [-23, 50], [0, 0], [-13, 22], [-90, 125], [-25, 7], [-8, 22], [-11, 16], [-74, 56], [-48, 18], [-100, 34], [-94, 26], [-18, 1], [-21, 2], [-49, 17], [-75, 39], [-112, 117], [-19, 121], [-10, 30], [-35, 101], [-1, 2], [17, 14], [7, 12], [6, 9], [11, 30], [34, 94], [7, 20], [36, 139], [8, 40], [6, 72], [8, 97], [-2, 16], [-5, 33], [-24, 114], [-32, 130], [-20, 32], [10, 58], [14, 35], [26, 55], [7, 8], [14, 13], [6, 6], [11, 16], [22, 43], [39, 96], [38, 140], [14, 153], [0, 9], [3, 50], [-8, 66], [-4, 20], [-12, 59], [-1, 5], [-11, 84], [-11, 114], [7, 46], [14, 80], [23, 66], [1, 1], [0, 0], [13, 4], [20, 20], [31, 48], [4, 8], [8, 34], [57, 184], [37, 97], [0, 65], [29, 225], [23, 116], [7, 13], [28, -6], [27, -8], [116, -73], [10, -30], [1, -1], [34, 8], [22, 11], [27, 50], [51, 129], [-3, 35], [-2, 47], [35, 62], [31, 53], [-2, 89], [-28, 134], [-17, 72], [-46, 40], [-42, 58], [-24, 74], [0, 2], [2, 4], [21, 52], [13, 33], [1, 2], [38, 46], [14, 13], [5, 2], [55, -27], [4, -3], [36, 15], [73, 65], [42, 66], [20, 72], [-3, 21], [-3, 14], [58, 72], [15, 7], [34, 19], [86, 119], [9, 18], [15, 173], [5, 79], [6, 96], [14, -11], [28, -52], [117, -250], [0, -7], [1, -15], [2, -37], [-1, -4], [-7, -27], [-4, -42], [4, -48], [29, -24], [5, -35], [-2, -125], [-22, -86], [-38, -100], [-1, -4], [16, -13], [68, -52], [24, 73], [71, 174], [1, 2], [24, 57], [22, 37], [124, 155], [25, -6], [32, -18], [33, -76], [29, -75], [18, -18], [97, -50], [50, -6], [9, -2], [89, -123], [115, -113], [11, -12], [52, -59], [7, -23], [3, -18], [41, -128], [26, 20], [1, 1], [25, 6], [90, 14], [22, -5], [40, -36], [19, -45], [0, -1], [88, 32], [19, 28], [27, 53], [13, 26], [11, 3], [22, 3], [22, 2], [23, 1], [15, 7], [58, 32], [16, 14], [0, 1], [5, 41], [0, 2], [52, 80], [68, 27], [15, 50], [30, 182], [25, 71], [67, 99], [7, 10], [52, 21], [114, 75], [20, 19], [12, 3], [33, -16], [22, -24], [1, -1], [0, 0], [23, 46], [4, 9], [69, 199], [10, 47], [-3, 38], [-4, 45], [15, 104], [14, 69], [0, 1], [41, 15], [39, 1], [68, 73], [29, 76], [26, 19], [45, 16], [64, 49], [10, 9], [18, 69], [13, 53], [1, 6], [5, 29], [-7, 31], [-11, 59], [-13, 79], [28, 99], [23, 20], [3, 3], [1, 1], [0, 68], [-12, 101], [-17, 78], [-15, 19], [-27, 111], [-4, 94], [3, 29], [3, 22], [6, 32], [27, 13], [3, 1], [35, 48], [70, 117], [3, 6], [1, 4], [0, 1], [0, 1], [0, 0], [0, 18], [33, 94], [17, 46], [5, 4], [72, 8], [26, -17], [52, -27], [0, 1], [76, 44], [46, -25], [6, -3], [6, -6], [73, -66], [7, -7], [17, -14], [54, -10], [60, -4], [24, -1], [243, 0], [43, 48], [-15, 47], [-20, 89], [-3, 54], [55, 405], [78, 229], [30, 26], [86, 103], [-50, 118], [-33, 67], [-32, 77], [-26, 93], [7, 40], [7, 151], [0, 0], [22, 6], [21, 93], [2, 15], [10, 64], [20, 16], [38, 30], [49, 19], [18, -14], [102, 32], [16, 51], [11, 10], [39, 21], [50, 25], [47, 22], [13, -28], [5, -11], [17, -19], [105, 143], [6, 48], [11, 52], [21, -18], [78, -86], [53, -96]], [[2251, 53866], [18, -171], [1, -14], [3, -13], [9, -36], [5, -15], [7, -18], [7, -15], [6, -10], [8, -5], [142, -89], [14, -8], [10, -5], [13, -5], [10, -1], [64, 22], [2, 4], [5, 8], [4, 7], [6, 6], [3, 1], [5, 1], [7, 0], [3, 0], [11, -2], [9, -2], [101, -86], [35, -96], [-5, -18], [3, -40], [3, -30], [61, -270], [7, -75], [10, -39], [25, -65], [27, -52], [80, -113], [24, -30], [16, -36], [-8, -92], [6, -173], [5, -27], [25, -89], [16, 13], [43, 18], [39, 14], [10, -120], [13, -71], [66, -151], [18, -34], [23, -42], [41, -49], [33, -40], [14, -42], [10, -343], [-1, -56], [0, -11], [-2, -14], [-1, -3], [-20, -55], [-20, -41], [-2, -3], [-2, -4], [-1, -7], [-17, -130], [0, -8], [0, -9], [2, -7], [101, -264], [20, -33], [11, -16], [1, -2], [10, -21], [11, -58], [-10, -262], [-21, -46], [-17, -38], [-35, -92], [2, -94], [11, -99], [20, -68], [62, -105], [23, -41], [26, -50], [16, -38], [-3, -118], [-61, -76], [-32, -86], [-11, -59], [18, -90], [19, -83], [14, -170], [-37, -11], [-58, -20], [-27, -10], [-29, -18], [-14, -9], [-19, -13], [15, -101], [23, -88], [1, -3], [65, -136], [50, -67], [66, -84], [10, -9], [3, -1], [14, -4], [53, -18], [47, -18], [36, -20], [81, -48], [89, -54], [68, 30], [29, 22], [34, 14], [1, -4], [6, -11], [4, -11], [1, -13], [-7, -27], [9, -22], [41, -93], [44, -37], [72, -59], [12, -19], [20, -32], [17, -30], [13, -18], [32, -33], [58, -41], [16, -8], [24, 7], [53, -46], [14, -14], [31, -64], [65, 42], [6, 75], [-19, 69], [-8, 18], [-6, 15], [-10, 60], [3, 63], [5, 40], [9, 11], [24, 126], [9, 48], [23, 139], [3, 25], [0, 23], [-3, 23], [-4, 31], [-15, 31], [-12, 24], [-12, 25], [-19, 41], [-22, 82], [16, 36], [12, 17], [9, 5], [36, 37], [1, 6], [5, 31], [1, 16], [0, 12], [-10, 106], [-23, 129], [-19, 74], [-6, 48], [70, 89], [16, 18], [24, 15], [8, -13], [44, -39], [150, -5], [40, 19], [61, 83], [8, 12], [22, 40], [8, 23], [9, 27], [6, 58], [177, 44], [8, -1], [12, -4], [22, -11], [76, -64], [33, -50], [56, -72], [94, -112], [133, 7], [22, 3], [20, 17], [29, 46], [54, 79], [113, 6], [105, 7], [92, 15], [290, -105], [1, 1], [47, 11], [1, 0], [3, 2], [44, 58], [2, 4], [-5, 25], [-9, 45], [-5, 41], [78, 224], [4, 8], [10, 53], [0, 24], [-2, 12], [-3, 13], [-6, 41], [20, 52], [7, 17], [52, 113], [8, 12], [23, 27], [10, -8], [55, 2], [15, 5], [-1, 16], [-62, 263], [-37, 66], [-14, 71], [-1, 11], [-23, 219], [-15, 21], [-17, -15], [-5, 2], [-8, 9], [-5, 17], [-10, 32], [-15, 211], [11, 109], [-37, 48], [11, 33], [11, 105], [56, 67], [52, 53], [45, 55], [49, 66], [64, 115], [2, 4], [0, 1], [1, 5], [11, 61], [2, 30], [-1, 25], [-7, 45], [0, 2], [1, 7], [1, 3], [25, 48], [20, 35], [15, 12], [2, 2], [4, 3], [3, 3], [16, 28], [-8, 118], [-5, 150], [-1, 58], [48, 27], [42, 14], [15, -3], [32, 47], [42, 23], [28, -18], [38, -9], [30, 41], [36, 72], [48, 8], [61, -11], [23, -19], [62, -17], [30, 11], [50, 16], [112, -33], [82, -38], [28, -32], [21, -12], [71, 62], [102, 154], [3, 77], [-11, 38], [-1, 156], [32, 141], [60, 95], [98, 48], [34, -92], [50, -20], [55, -26], [43, -147], [-2, -29], [98, -84], [41, -32], [25, -10], [42, -4], [17, -8], [71, -113], [45, -72], [42, -47], [44, -6], [23, -28], [1, -51], [20, -63], [23, -111], [33, -44], [47, -98], [13, -37], [85, 39], [45, -4], [45, -4], [6, -3], [31, -27], [32, -48], [12, -37], [4, -21], [16, -53], [16, -3], [48, 18], [112, 10], [7, -1], [146, -5], [10, -5], [20, -21], [17, -52], [-3, -34], [3, -116], [1, -6], [5, -3], [9, -7], [14, -19], [19, -26], [17, -54], [0, -13], [-3, -29], [-1, -2], [-1, -5], [-5, -35], [-8, -67], [1, -12], [4, -34], [0, -3], [4, -15], [4, -7], [28, -39], [-18, -7], [-57, -31], [-3, -4], [6, -12], [1, -3], [3, -4], [64, -94], [3, -4], [7, -7], [20, -19], [6, -3], [8, -3], [10, 0], [2, 0], [78, 61], [68, 60], [4, 4], [15, 7], [5, 1], [5, -1], [61, -26], [28, -24], [1, -1], [2, -12], [3, -17], [1, -4], [6, -11], [5, -7], [2, -2], [169, -150], [29, -10], [38, 0], [28, -1], [30, -1], [15, -11], [1, -5], [12, -49], [0, -3], [-3, -44], [-1, -10], [-2, -4], [-3, -7], [-22, -34], [-3, -4], [-3, -5], [-5, -6], [-3, -4], [-2, -8], [-2, -11], [-6, -33], [0, -9], [12, -70], [2, -1], [0, 0], [8, 0], [1, 0], [42, 13], [4, 1], [2, 2], [4, 2], [12, 9], [34, 15], [8, 5], [20, 2], [7, 1], [1, 0], [2, 0], [23, -3], [7, -1], [13, -4], [27, -11], [20, -7], [27, -3], [19, 1], [8, 15], [15, 36], [18, 72], [1, -64], [0, -5], [1, -10], [0, -14], [0, -3], [1, -11], [5, -102], [2, -11], [1, -8], [1, -5], [1, -5], [2, -5], [-40, -195], [-34, -154], [-6, -24], [-3, -20], [0, -17], [0, -21], [1, -33], [6, -81], [6, -30], [3, -17], [19, -35], [7, -29], [-16, -183], [-24, -245], [-2, -18], [-4, -36], [0, -90], [16, -304], [1, -22], [5, -17], [7, -16], [88, -165], [29, -42], [192, -153], [36, -27], [9, -6], [40, -23], [5, -3], [4, -2], [18, -9], [26, -12], [13, 8], [45, 34], [18, 19], [14, 19], [21, 20], [44, 37], [16, 13], [139, 76], [100, 38], [38, -8], [99, -17], [8, -2], [30, -14], [5, -3], [4, -4], [14, -12], [13, -11], [15, -15], [49, -84], [23, -3], [14, 2], [14, 7], [11, 10], [7, 11], [6, 13], [6, 22], [2, 24], [3, 23], [3, 18], [8, 47], [5, 13], [3, 9], [6, -172], [1, -37], [9, -189], [17, -29], [11, -46], [-1, -77], [20, -230], [8, -56], [-20, -82], [-16, -29], [-30, -15], [-21, -11], [-17, -10], [-9, -36], [-37, -245], [-3, -45], [-5, -108], [-1, -30], [4, -39], [5, -42], [11, -60], [17, -116], [1, -43], [2, -50], [1, -57], [0, -31], [3, -44], [34, -188], [20, -84], [31, -90], [3, -10], [6, -41], [7, -89], [1, -42], [-6, -39], [-10, -26], [-82, -118], [-33, -114], [-20, -68], [-7, -18], [-2, -6], [-28, -69], [-15, -36], [0, 0], [66, -56], [4, -1], [4, 0], [3, 3], [56, 83], [45, -35], [54, -42], [52, -46], [31, -29], [106, -136], [0, -7], [-4, -28], [-6, -37], [-5, -24], [-3, -13], [-3, -20], [0, -6], [1, -40], [4, -84], [14, -104], [15, -29], [21, -27], [16, -8], [80, -39], [150, -38], [13, -1], [1, 0], [26, 54], [2, 6], [2, 19], [2, 7], [17, 57], [52, 21], [5, -2], [33, -19], [69, -61], [63, -127], [47, -116], [108, -197], [11, -11], [16, -3], [31, 9], [26, 1], [38, -4], [9, -107], [23, -41], [3, -3], [33, -32], [35, -96], [4, -16], [8, -42], [85, -113], [18, -20], [23, -26], [8, -17], [55, -206], [15, -171], [-8, -6], [-14, -8], [-18, -31], [-18, -41], [-62, -151], [2, -19], [16, -43], [12, -29], [1, -3], [3, -60], [0, -78], [-3, -7], [-3, -7], [-12, -32], [-10, -46], [-1, -3], [-4, -59], [2, -50], [0, 0], [4, -8], [14, 15], [13, 11], [9, 3], [1, 0], [60, 2], [24, 1], [19, -6], [4, -2], [27, -12], [21, -14], [99, -165], [-32, -68], [22, -322], [23, -106], [14, -5], [3, -3], [28, -31], [3, -3], [4, -5], [18, -27], [2, -3], [3, -7], [26, -54], [4, -11], [8, -42], [3, -79], [-46, -111], [-65, -109], [-22, -119], [-1, -19], [-28, -123], [-15, -28], [-18, -25], [-17, -71], [-11, -87], [-15, -110], [-14, -30], [-61, -114], [-51, -34], [-26, -1], [-38, 32], [-100, 75], [0, -14], [-7, -32], [-51, -122], [-9, -31], [-8, -83], [11, 21], [-71, -358], [-17, -12], [3, -190], [4, -20], [4, -50], [3, -51], [-3, -44], [-20, -134], [-15, -64], [-63, -141], [-7, 43], [-14, 19], [-39, -46], [-40, -67], [-40, -68], [-22, -42], [-25, -49], [-10, -21], [-4, -14], [-17, -53], [-36, -95], [-18, -45], [-12, -15], [-44, -55], [-5, -4], [-24, -16], [-29, -19], [-71, -140], [-36, -73], [-137, -1], [0, 117], [0, 21], [-43, 21], [-33, 15], [-9, 5], [-2, 1], [-30, 14], [-1, 74], [19, 100], [2, 9], [19, 2], [-13, 92], [-17, 90], [-7, 19], [-62, 100], [-99, 94], [-20, 17], [-58, -49], [-36, 0], [-57, 2], [-69, 26], [-44, 40], [-21, 7], [-130, -150], [-53, -123], [11, -88], [11, -37], [4, -31], [-2, -40], [-15, -93], [-37, 10], [-34, -25], [-29, -24], [-5, -6], [-7, -9], [-3, -5], [-46, -105], [-48, -121], [-16, -50], [-6, -68], [-81, -281], [-43, -130], [-34, -66], [-70, -44], [-17, -70], [-1, -4], [-3, -33], [8, -195], [-23, -90], [11, -231], [-20, -291], [-24, -231], [-6, -183], [-1, -97], [-15, -81], [-1, 0], [-66, 14], [-14, 10], [-4, 4], [-10, 19], [0, 12], [3, 39], [1, 0], [-4, 13], [-3, 9], [-3, 5], [-31, 39], [-29, 26], [-72, 14], [-19, -7], [-7, -3], [-116, -84], [-20, -27], [-7, -26], [0, -1], [1, -2], [-1, -13], [-20, -46], [-111, -197], [-39, -25], [-169, -39], [-43, 23], [-15, 41], [-30, 44], [-21, 16], [-28, -17], [-30, -19], [-2, 10], [-2, 2], [-35, 34], [-11, 11], [-31, -4], [-8, -23], [-6, -47], [-33, -48], [-43, -50], [-48, 31], [-78, 26], [-23, -10], [-12, -25], [-27, -6], [-94, 22], [-21, 12], [-7, 7], [-6, 33], [-18, 24], [-43, 14], [-34, -21], [-12, -12], [-4, -33], [-25, -39], [-40, -38], [-39, -9], [-55, 4], [-55, -6], [-97, -79], [-21, -46], [-2, -69], [-69, -121], [-50, -82], [-45, -13], [-22, 18], [-18, 8], [-16, -13], [-123, -129], [-66, -198], [-8, -35], [0, -19], [-13, -146], [-48, -285], [-30, -64], [-5, -67], [-6, -125], [75, -199], [28, -157], [-11, -73], [1, -101], [7, -17], [2, -3], [2, -11], [-2, -13], [-29, -103], [-15, -26], [-98, -132], [-64, 25], [-45, 23], [-46, 19], [-5, 3], [-1, 0], [-72, 25], [-26, 2], [-6, -10], [-19, -142], [4, -73], [1, -1], [26, -71], [14, -53], [-55, -160], [-21, -16], [-21, -17], [-13, -7], [-28, -1], [-37, -48], [-5, -10], [-4, -8], [-31, -68], [-5, -29], [-22, -33], [-39, -52], [-30, -8], [-27, 140], [-9, 7], [-48, 39], [-1, 1], [-6, 10], [-15, 24], [-3, 6], [0, 1], [-32, 61], [-19, 39], [-49, 157], [-14, 67], [2, 24], [-5, 24], [-34, 85], [-36, 77], [-14, -6], [-65, -3], [-19, 2], [-10, 23], [-37, 15], [-27, -25], [-23, -28], [4, -46], [-12, -42], [-16, -48], [-56, -73], [-2, -1], [-10, -5], [-61, -80], [-66, -87], [-13, -55], [-71, -64], [-153, 49], [-70, -3], [-15, 4], [-23, 32], [-1, 4], [-1, 12], [0, 6], [-24, 46], [-1, 1], [-5, 8], [-73, 73], [-6, 4], [-7, 4], [-84, -117], [-1, -3], [-1, -3], [-3, -32], [-169, 33], [-6, 8], [-9, 15], [-5, 9], [-56, 128], [-28, 114], [3, 22], [9, 20], [-3, 50], [-2, 12], [-18, 19], [15, 94], [13, 40], [12, 90], [-92, 93], [-24, 7], [-73, 34], [-159, 117], [-50, 80], [-22, 60], [-6, 11], [-5, 7], [-20, 17], [-20, -12], [-30, 30], [-5, 42], [-13, 86], [-56, -4], [-26, -14], [-44, -11], [-21, -1], [-29, 0], [-46, 26], [-38, 25], [-35, 90], [-83, 99], [-12, 5], [-9, -1], [-21, -6], [-20, -15], [-67, -91], [-32, -47], [-24, -46], [-50, -64], [-11, -12], [-7, -6], [-36, 66], [-29, 20], [-26, -4], [-22, -9], [-36, -23], [-1, -1], [-7, -8], [-23, -36], [-32, -66], [-3, -12], [2, -18], [-2, -25], [-19, -28], [-10, -11], [-158, -26], [-4, -1], [-25, 15], [-22, 14], [-20, 12], [-82, -143], [-5, -10], [-23, -67], [13, -51], [3, -4], [14, -44], [0, -1], [17, -62], [1, -17], [-9, -58], [-91, -83], [-99, -128], [-55, -5], [-1, 0], [-4, 1], [-13, 17], [-27, 39], [-24, 41], [-14, 42], [-3, 5], [-47, -45], [-7, -6], [-4, -6], [-39, 11], [-17, 5], [-7, 8], [-48, 80], [-30, 68], [-32, 64], [-20, 25], [-37, -4], [-13, -17], [-50, -6], [-31, -2], [-23, 42], [-2, 62], [-2, 180], [-7, 201], [-13, 49], [-60, 0], [-23, -16], [-29, -10], [-79, 69], [-40, 49], [-80, 161], [-7, 15], [-10, 88], [-5, 82], [-27, 41], [-43, 64], [-109, 34], [-72, 2], [-52, 36], [-5, 7], [-145, 119], [-58, 46], [-7, 5], [-28, 13], [-45, 59], [-39, 58], [-24, 49], [-18, 111], [-20, 128], [20, 74], [-19, 298], [-10, 66], [-16, 63], [-6, 15], [0, 0], [-1, 0], [-22, -7], [-12, -16], [-32, -48], [-77, -124], [-33, -63], [-24, -64], [-33, -69], [-30, -53], [-36, -36], [-53, -136], [-30, -95], [-14, -58], [-45, -229], [-11, -74], [-79, -326], [-29, 23], [-43, 33], [-44, 27], [-36, 20], [-100, 29], [-47, 11], [-75, 1], [-32, -15], [-21, -20], [-83, 44], [-24, 14], [-174, -127], [-41, -31], [-17, 78], [-13, 126], [-15, 217], [-5, 83], [-22, 247], [-24, 55], [-4, 8], [-13, 24], [-17, 42], [-14, 56], [-14, 61], [-2, 58], [6, 99], [10, 42], [17, 106], [-2, 52], [-41, 183], [-17, 52], [-14, 15], [-2, 2], [-13, 19], [-1, 0], [-41, 105], [-1, 1], [0, 4], [-2, 75], [0, 10], [72, 276], [19, 49], [15, 85], [2, 4], [1, 1], [17, -9], [55, 46], [38, 65], [8, 29], [3, 19], [0, 2], [9, 96], [1, 101], [0, 6], [-1, 62], [1, 12], [32, 146], [48, 51], [2, 0], [31, 19], [21, 14], [89, 121], [29, 70], [69, 15], [35, 11], [50, 88], [49, 112], [5, 16], [16, 79], [2, 16], [-1, 26], [-9, 37], [-5, 16], [1, 9], [85, 81], [45, 25], [39, 4], [26, -19], [30, -18], [49, 6], [32, 43], [61, 161], [10, 53], [-6, 29], [-6, 87], [3, 64], [12, 49], [95, 81], [24, 14], [9, 119], [10, 36], [-1, 3], [-23, 74], [-1, 3], [-47, 77], [-24, 27], [-20, 16], [-17, 64], [-11, 58], [0, 18], [5, 14], [-2, 44], [-7, 68], [-38, 88], [-93, 41], [52, 80], [6, 11], [21, 46], [8, 39], [3, 22], [2, 18], [-7, 50], [-6, 32], [5, 50], [15, 48], [0, 1], [6, 35], [-6, 13], [-23, 51], [-20, 39], [-12, 5], [-61, 61], [-22, 101], [-1, 13], [4, 27], [-7, 36], [-20, 86], [-40, 102], [-22, 22], [-117, 28], [-110, -3], [-22, -3], [-43, 76], [2, 27], [1, 3], [22, 18], [16, 4], [10, 0], [7, 3], [10, 6], [4, 4], [5, 10], [7, 15], [0, 0], [-18, 95], [-12, 50], [-12, 46], [-17, 62], [-1, 165], [18, 11], [49, -7], [18, 0], [53, 26], [35, 35], [30, 37], [21, 42], [7, 15], [9, 19], [-2, 29], [-7, 44], [-1, 22], [0, 3], [-1, 52], [15, 39], [21, 46], [20, 105], [4, 42], [1, 10], [34, 70], [1, 1], [9, 6], [22, 21], [17, 16], [78, 215], [8, 35], [1, 8], [2, 23], [2, 89], [-2, 21], [-18, 3], [-21, 3], [-64, -5], [-6, -7], [-12, -15], [-101, -4], [-17, 21], [3, 12], [17, 83], [26, 46], [3, 1], [9, 69], [3, 61], [-13, 144], [-10, 111], [-24, 144], [-34, 166], [11, 41], [9, 21], [4, 15], [10, 56], [5, 62], [-6, 26], [-2, 7], [12, 96], [21, 77], [16, 8], [14, 0], [34, 21], [10, 17], [13, 39], [34, 180], [-12, 42], [-10, 12], [1, 43], [3, 88], [43, 141], [31, 66], [-7, 31], [-36, 122], [-29, 44], [-11, 43], [-5, 25], [0, 0], [14, 16], [33, 39], [3, 4], [10, 13], [-1, 31], [-5, 23], [-9, 54], [0, 1], [0, 28], [8, 81], [11, 86], [11, 18], [11, 22], [12, 27], [-13, 82], [-30, 158], [-80, 91], [-25, 24], [-18, 11], [-8, 2], [6, 126], [14, 137], [35, 31], [29, 25], [25, 91], [18, 100], [13, 2], [109, 0], [19, -16], [44, -2], [17, 9], [102, 145], [7, 27], [42, 92], [20, 5], [16, 3], [32, -2], [77, 110], [95, 169], [3, 9], [33, 98], [6, 40], [-2, 13], [-1, 5], [-49, 117], [-5, 12], [-21, 59], [-15, 112], [5, 58], [8, 70], [7, 76], [-31, 62], [-15, 63], [-11, 186], [-3, 79], [6, 41], [7, 29], [14, 30], [14, 23], [-3, 31], [-13, 17], [-73, 95], [-64, 46], [-34, -33], [-11, -13], [-24, 4], [-14, 8], [-21, 23], [-13, 34], [-27, 43], [-44, 60], [-96, 47], [-36, 14], [-65, 3], [-26, -15], [-15, 2], [-55, 89], [-16, 28], [-16, 44], [-6, 56], [-2, 51], [-18, 43], [-13, 23], [-23, 26], [-40, 24], [-20, 25], [12, 138], [25, 125], [10, 36], [14, 131], [-4, 83], [-37, 194], [-24, 117], [-30, 34], [-64, 30], [-12, 70], [-35, 111], [-70, 68], [-37, 29], [4, 33], [1, 69], [-73, 81], [-125, 81], [-85, -12], [-8, -17], [-91, -74], [-39, -7], [-7, 43], [-9, 36], [-60, -20], [-76, -2], [-23, 21], [-2, 31], [-16, 54], [-29, 46], [-99, 59], [-26, -52], [-43, -88], [-71, -30], [0, 0], [-21, 43], [-51, 67], [-56, 60], [-26, 20], [-34, 61], [-3, 39], [1, 32], [-13, 39], [-75, 56], [-78, 34], [-18, 2], [-28, 13], [-78, 62], [0, 13], [-6, 45], [-7, 31], [-6, 16], [-22, 35], [-6, 7], [-14, 9], [-20, 1], [-77, 98], [0, 42], [10, 30], [17, 34], [-4, 50], [-21, 64], [-25, 46], [-23, 48], [-11, 131], [27, 217], [4, 37], [5, 21], [12, 40], [9, 29], [1, 0], [16, 15], [69, -27], [30, 15], [80, 76], [37, 70], [9, 39], [88, 81], [26, 13], [21, -9], [12, -3], [93, 47], [25, 32], [27, 43], [15, 35], [8, 31], [3, 14], [-2, 39], [-5, 56], [73, -48], [12, -9], [53, -39], [58, 18], [23, 43], [55, -1], [75, -72], [16, -17], [22, -31], [22, -43], [34, -26], [40, -29], [39, 50], [30, 35], [138, 144], [16, 15], [10, 3], [35, 3], [43, -28], [45, -41], [24, 24], [52, 60], [-37, 126], [-26, 78], [-17, 12], [-30, 20], [-20, -9], [-12, 4], [-32, 12], [-20, 26], [-14, 36], [-45, 218], [-4, 52], [10, 42], [17, 30], [41, 141], [-1, 106], [-23, 42], [-16, 19], [-20, 22], [-34, 55], [12, 7], [41, 25], [60, 7], [41, 2], [18, -7], [69, -10], [99, 45], [16, 10], [17, 27], [27, 80], [5, 56], [0, 49], [6, 47], [46, 30], [111, 302], [59, 150], [17, 58], [11, 40], [3, 62], [1, 40], [8, 42], [44, 58], [7, 6], [7, 4], [2, 0], [78, 18], [2, 1], [2, -1], [5, 0], [2, 0], [0, -5], [5, -90], [28, -151], [12, -117], [8, -112], [1, -16], [3, -26], [63, -188], [17, -28], [7, -8], [14, -13], [11, -10], [7, -5], [7, -4], [30, -40], [6, -11], [7, -29], [2, -15], [1, -14], [1, -59], [-3, -59], [-1, -8], [-4, -14], [-4, -12], [-3, -6], [-17, -34], [-3, -15], [-2, -13], [0, -13]], [[11368, 65491], [10, -3], [15, 8], [107, -49], [5, -4], [6, -8], [49, -68], [8, -19], [4, -9], [1, -7], [0, -13], [0, -3], [2, -16], [4, -18], [7, -20], [6, -11], [6, -6], [181, -155], [4, -2], [46, -14], [16, -4], [4, -1], [5, 4], [3, 2], [3, 4], [14, 4], [4, 0], [4, -2], [27, -23], [25, -27], [24, -88], [23, -89], [29, -130], [1, -5], [0, -31], [-2, -28], [-1, -25], [0, -41], [10, -57], [16, -58], [4, -9], [13, -15], [6, -5], [8, 0], [5, -4], [23, -23], [12, -18], [17, -41], [68, -165], [10, -24], [6, -28], [26, -92], [14, -43], [10, -22], [108, -108], [40, -27], [42, -74], [31, -81], [9, -13], [139, -152], [107, -150], [9, -13], [9, -16], [2, -9], [11, -59], [1, -8], [-5, -23], [-5, -85], [-3, -86], [1, -7], [2, -8], [4, -9], [1, -4], [7, -9], [1, -1], [108, -51], [186, 37], [121, 32], [27, -3], [11, -4], [8, -7], [17, -20], [33, -36], [92, -53], [177, -79], [74, -4], [47, -24], [88, -93], [10, -122], [-7, -72], [5, -23], [103, -174], [36, -25], [33, -7], [11, 10], [6, 16], [19, 14], [16, -1], [18, -8], [14, -10], [1, -3], [1, -4], [20, -21], [22, -34], [22, -43], [42, -154], [3, -64], [-44, -145], [-29, -71], [22, -111], [-22, -164], [-35, -74], [-13, -26], [-11, -44], [-3, -129], [-10, -125], [-6, -54], [-27, -63], [-4, -52], [-3, -45], [13, -119], [5, -24], [3, -17], [13, -47], [20, -48], [23, -18], [2, -33], [1, -36], [-19, -109], [-10, -51], [-20, -84], [-38, -54], [-22, -19], [3, -56], [25, -149], [12, -31], [48, -59], [25, -19], [5, -4], [27, -150], [-3, -44], [-1, -1], [-43, -161], [-138, -285], [-56, -85], [-103, 16], [-128, -3], [-59, -12], [-113, -21], [-21, 18], [-39, 8], [-36, 6], [-8, -23], [-8, -61], [-3, -62], [-17, -49], [-13, -31], [-55, 16], [-50, -52], [-10, -34], [4, -22], [7, -42], [12, -32], [4, -79], [1, -47], [-15, -154], [8, -64], [26, -40], [11, -55], [-1, -55], [-39, -59], [-35, -15], [-4, -72], [11, -85], [3, -25], [8, -11], [11, -11], [11, -21], [24, -80], [31, -108], [6, -26], [11, -128], [-5, -40], [-2, -8], [-17, -50], [-21, -66], [0, 0], [-1, -7], [0, -4], [1, -10], [0, -2], [15, -29], [11, -12], [-3, -58], [-11, -66], [-26, -54], [-26, -47], [-41, -118], [-12, -95], [7, -37], [86, -97], [46, -46], [15, -9], [0, -2], [-1, -2], [-23, -79], [-23, -16], [-14, -46], [-21, -93], [1, -57], [-243, -366], [-51, -77], [-29, -36], [0, 0], [10, -35], [26, -71], [27, -36], [7, -14], [11, -25], [17, -40], [6, -26], [4, -49], [1, -37], [4, -32], [7, -19], [33, -83], [31, -39], [30, -23], [18, -13], [14, -10], [18, 9], [9, 0], [6, -4], [20, -19], [12, -16], [27, -69], [7, -42], [2, -36], [-3, -79], [11, -124], [13, -65], [10, -13], [140, -118], [39, -24], [16, -5], [4, 6], [13, 13], [10, 6], [19, -1], [75, -54], [8, -6], [16, -27], [19, -97], [-11, -57], [-11, -51], [-42, -167], [-8, -21], [-85, -26], [-4, 0], [-39, 3], [-4, 11], [-7, 12], [-7, 9], [-37, 38], [-8, 5], [-1, 1], [-2, 0], [-1, 0], [-18, -12], [-5, -3], [-30, -26], [-6, -7], [-6, -6], [-70, -174], [-1, -5], [-8, -35], [-14, -5], [-27, -6], [-28, -4], [-15, 4], [-2, 2], [-11, 14], [-10, 15], [-47, 81], [-12, 28], [-34, -23], [-71, 14], [-74, 62], [21, 166], [-48, 252], [-42, 127], [-15, 24], [-165, -37], [-13, -6], [-18, -77], [-9, -129], [6, -41], [17, -198], [23, -289], [-5, -31], [-35, -84], [-28, -59], [-60, -107], [-57, 0], [-85, -49], [-4, -49], [-2, -12], [-26, -82], [-75, -114], [-56, -35], [-24, -5], [-3, 0], [-4, 1], [-4, 2], [-14, 9], [-2, 2], [-2, 3], [-3, 3], [-5, 3], [-6, 4], [-6, 3], [-13, 1], [-45, -95], [-9, -86], [0, -5], [12, -101], [13, -69], [-38, -123], [-57, -147], [-5, -10], [-3, -4], [-5, -7], [-13, -15], [-11, -12], [-5, -3], [-11, -2], [-70, -1], [-84, -18], [-117, -39], [-9, -9], [0, -60], [3, -2], [12, -9], [10, 0], [9, -4], [7, -4], [2, -2], [10, -14], [3, -4], [1, -2], [0, 0], [1, -9], [3, -88], [-5, -52], [-7, -10], [-34, -15], [-2, -1], [-7, -2], [-67, 5], [-25, 5], [-9, 3], [-56, 35], [-13, 9], [-22, 19], [-1, 1], [-5, 6], [-4, 5], [-6, -96], [29, -181], [16, -38], [122, -172], [42, -38], [26, -71], [5, -8], [5, -8], [43, -64], [17, -26], [67, -138], [91, -218], [36, -104], [2, -8], [1, -11], [19, -129], [63, -377], [7, -6], [8, 2], [1, 0], [13, 6], [15, 7], [16, 9], [9, 8], [4, 6], [1, 2], [10, 14], [8, 9], [0, 0], [16, 12], [10, 5], [2, 1], [0, 0], [5, 2], [12, 0], [28, -3], [41, -5], [11, -9], [14, -12], [17, -15], [5, -3], [0, -131], [-1, -24], [0, -7], [-3, -41], [-5, -44], [-8, -89], [-1, -20], [-1, -73], [2, -91], [2, -35], [4, -20], [5, -36], [2, -24], [-3, -50], [-6, -69], [-1, -5], [-29, -146], [-13, -67], [23, -52], [31, -70], [17, -38], [11, -120], [-11, -17], [-8, -12], [-12, -16], [-13, -13], [-27, -19], [-20, -9], [-21, -6], [-17, -2], [-7, 0], [-26, 2], [-9, 4], [-24, 10], [-78, 25], [-285, -2], [-19, -1], [-32, -3], [-175, -19], [-19, -40], [-17, -49], [-14, -58], [-21, -145], [0, -3], [32, -190], [14, -78], [87, -181], [11, -72], [-3, -9], [-5, -13], [-8, -47], [-3, -18], [-3, -23], [-2, -24], [-6, -22], [-6, -13], [-7, -11], [-11, -10], [-14, -7], [-14, -2], [-23, 3], [-49, 84], [-15, 15], [-13, 11], [-14, 12], [-4, 4], [-5, 3], [-30, 14], [-8, 2], [-99, 17], [-38, 8], [-100, -38], [-139, -76], [-16, -13], [-44, -37], [-21, -20], [-14, -19], [-18, -19], [-45, -34], [-13, -8], [-26, 12], [-18, 9], [-4, 2], [-5, 3], [-40, 23], [-9, 6], [-36, 27], [-192, 153], [-29, 42], [-88, 165], [-7, 16], [-5, 17], [-1, 22], [-16, 304], [0, 90], [4, 36], [2, 18], [24, 245], [16, 183], [-7, 29], [-19, 35], [-3, 17], [-6, 30], [-6, 81], [-1, 33], [0, 21], [0, 17], [3, 20], [6, 24], [34, 154], [40, 195], [-2, 5], [-1, 5], [-1, 5], [-1, 8], [-2, 11], [-5, 102], [-1, 11], [0, 3], [0, 14], [-1, 10], [0, 5], [-1, 64], [-18, -72], [-15, -36], [-8, -15], [-19, -1], [-27, 3], [-20, 7], [-27, 11], [-13, 4], [-7, 1], [-23, 3], [-2, 0], [-1, 0], [-7, -1], [-20, -2], [-8, -5], [-34, -15], [-12, -9], [-4, -2], [-2, -2], [-4, -1], [-42, -13], [-1, 0], [-8, 0], [0, 0], [-2, 1], [-12, 70], [0, 9], [6, 33], [2, 11], [2, 8], [3, 4], [5, 6], [3, 5], [3, 4], [22, 34], [3, 7], [2, 4], [1, 10], [3, 44], [0, 3], [-12, 49], [-1, 5], [-15, 11], [-30, 1], [-28, 1], [-38, 0], [-29, 10], [-169, 150], [-2, 2], [-5, 7], [-6, 11], [-1, 4], [-3, 17], [-2, 12], [-1, 1], [-28, 24], [-61, 26], [-5, 1], [-5, -1], [-15, -7], [-4, -4], [-68, -60], [-78, -61], [-2, 0], [-10, 0], [-8, 3], [-6, 3], [-20, 19], [-7, 7], [-3, 4], [-64, 94], [-3, 4], [-1, 3], [-6, 12], [3, 4], [57, 31], [18, 7], [-28, 39], [-4, 7], [-4, 15], [0, 3], [-4, 34], [-1, 12], [8, 67], [5, 35], [1, 5], [1, 2], [3, 29], [0, 13], [-17, 54], [-19, 26], [-14, 19], [-9, 7], [-5, 3], [-1, 6], [-3, 116], [3, 34], [-17, 52], [-20, 21], [-10, 5], [-146, 5], [-7, 1], [-112, -10], [-48, -18], [-16, 3], [-16, 53], [-4, 21], [-12, 37], [-32, 48], [-31, 27], [-6, 3], [-45, 4], [-45, 4], [-85, -39], [-13, 37], [-47, 98], [-33, 44], [-23, 111], [-20, 63], [-1, 51], [-23, 28], [-44, 6], [-42, 47], [-45, 72], [-71, 113], [-17, 8], [-42, 4], [-25, 10], [-41, 32], [-98, 84], [2, 29], [-43, 147], [-55, 26], [-50, 20], [-34, 92], [-98, -48], [-60, -95], [-32, -141], [1, -156], [11, -38], [-3, -77], [-102, -154], [-71, -62], [-21, 12], [-28, 32], [-82, 38], [-112, 33], [-50, -16], [-30, -11], [-62, 17], [-23, 19], [-61, 11], [-48, -8], [-36, -72], [-30, -41], [-38, 9], [-28, 18], [-42, -23], [-32, -47], [-15, 3], [-42, -14], [-48, -27], [1, -58], [5, -150], [8, -118], [-16, -28], [-3, -3], [-4, -3], [-2, -2], [-15, -12], [-20, -35], [-25, -48], [-1, -3], [-1, -7], [0, -2], [7, -45], [1, -25], [-2, -30], [-11, -61], [-1, -5], [0, -1], [-2, -4], [-64, -115], [-49, -66], [-45, -55], [-52, -53], [-56, -67], [-11, -105], [-11, -33], [37, -48], [-11, -109], [15, -211], [10, -32], [5, -17], [8, -9], [5, -2], [17, 15], [15, -21], [23, -219], [1, -11], [14, -71], [37, -66], [62, -263], [1, -16], [-15, -5], [-55, -2], [-10, 8], [-23, -27], [-8, -12], [-52, -113], [-7, -17], [-20, -52], [6, -41], [3, -13], [2, -12], [0, -24], [-10, -53], [-4, -8], [-78, -224], [5, -41], [9, -45], [5, -25], [-2, -4], [-44, -58], [-3, -2], [-1, 0], [-47, -11], [-1, -1], [-290, 105], [-92, -15], [-105, -7], [-113, -6], [-54, -79], [-29, -46], [-20, -17], [-22, -3], [-133, -7], [-94, 112], [-56, 72], [-33, 50], [-76, 64], [-22, 11], [-12, 4], [-8, 1], [-177, -44], [-6, -58], [-9, -27], [-8, -23], [-22, -40], [-8, -12], [-61, -83], [-40, -19], [-150, 5], [-44, 39], [-8, 13], [-24, -15], [-16, -18], [-70, -89], [6, -48], [19, -74], [23, -129], [10, -106], [0, -12], [-1, -16], [-5, -31], [-1, -6], [-36, -37], [-9, -5], [-12, -17], [-16, -36], [22, -82], [19, -41], [12, -25], [12, -24], [15, -31], [4, -31], [3, -23], [0, -23], [-3, -25], [-23, -139], [-9, -48], [-24, -126], [-9, -11], [-5, -40], [-3, -63], [10, -60], [6, -15], [8, -18], [19, -69], [-6, -75], [-65, -42], [-31, 64], [-14, 14], [-53, 46], [-24, -7], [-16, 8], [-58, 41], [-32, 33], [-13, 18], [-17, 30], [-20, 32], [-12, 19], [-72, 59], [-44, 37], [-41, 93], [-9, 22], [7, 27], [-1, 13], [-4, 11], [-6, 11], [-1, 4], [-34, -14], [-29, -22], [-68, -30], [-89, 54], [-81, 48], [-36, 20], [-47, 18], [-53, 18], [-14, 4], [-3, 1], [-10, 9], [-66, 84], [-50, 67], [-65, 136], [-1, 3], [-23, 88], [-15, 101], [19, 13], [14, 9], [29, 18], [27, 10], [58, 20], [37, 11], [-14, 170], [-19, 83], [-18, 90], [11, 59], [32, 86], [61, 76], [3, 118], [-16, 38], [-26, 50], [-23, 41], [-62, 105], [-20, 68], [-11, 99], [-2, 94], [35, 92], [17, 38], [21, 46], [10, 262], [-11, 58], [-10, 21], [-1, 2], [-11, 16], [-20, 33], [-101, 264], [-2, 7], [0, 9], [0, 8], [17, 130], [1, 7], [2, 4], [2, 3], [20, 41], [20, 55], [1, 3], [2, 14], [0, 11], [1, 56], [-10, 343], [-14, 42], [-33, 40], [-41, 49], [-23, 42], [-18, 34], [-66, 151], [-13, 71], [-10, 120], [32, 40], [-9, 254], [-16, 100], [-7, 148], [3, 135], [4, 20], [4, 9], [17, 21], [33, 18], [27, 7], [48, 28], [71, 63], [12, 85], [-20, 121], [-3, 122], [22, 177], [43, 136], [20, 52], [14, 27], [-19, 98], [-4, 10], [-20, 23], [-10, 24], [-2, 40], [14, 213], [7, 29], [28, 127], [47, 64], [17, 14], [16, 13], [5, 54], [-7, 49], [-5, 37], [8, 179], [1, 22], [-61, 11], [-62, 18], [-59, 105], [-1, 56], [0, 157], [7, 52], [3, 12], [6, 26], [-1, 157], [-59, 105], [-6, 109], [-44, 9], [-113, -41], [-134, -14], [-46, 201], [-70, 294], [-10, 12], [-98, 80], [-50, 22], [-152, 115], [-27, 2], [-7, 0], [-44, -48], [-49, -10], [-11, 2], [-75, 66], [-6, -1], [-27, -48], [-17, -45], [-32, -75], [-18, -23], [-25, 22], [-19, 12], [-20, 7], [-51, -1], [-46, -24], [-12, -11], [-13, -1], [-19, 11], [-10, 7], [-39, 33], [-73, 113], [10, 32], [26, 24], [74, -22], [78, 39], [1, 2], [1, 2], [1, 4], [1, 10], [0, 2], [-6, 98], [133, 273], [1, 0], [5, 9], [6, 8], [150, 145], [90, -47], [121, -6], [101, -31], [6, -3], [14, -3], [119, 2], [11, 1], [17, 6], [9, 4], [11, 6], [3, 2], [4, 4], [1, 1], [6, 12], [66, -7], [126, -54], [63, -46], [3, -4], [8, -14], [9, -16], [5, -7], [7, -4], [2, -1], [34, 12], [24, 15], [41, 87], [24, 93], [6, 58], [-4, 101], [-6, 66], [-8, 43], [-5, 64], [0, 18], [2, 28], [38, 130], [26, 101], [111, 20], [118, 0], [10, -8], [32, -34], [46, 8], [31, 31], [44, 62], [2, 231], [-19, 70], [7, 288], [1, 8], [44, 39], [7, 3], [5, -5], [45, 87], [8, 17], [9, 46], [62, 490], [8, 83], [3, 32], [37, 63], [39, 14], [12, 4], [27, -75], [21, -75], [16, -42], [84, -77], [41, -29], [25, 7], [21, -9], [15, -17], [0, -1], [25, -68], [2, -9], [2, -37], [18, -88], [12, -34], [111, -203], [63, -106], [79, -63], [83, -65], [82, -16], [81, 15], [39, 28], [58, 12], [4, -4], [5, -7], [33, -32], [5, -3], [64, -7], [102, 290], [-3, 52], [13, 71], [70, 147], [47, 63], [70, 28], [17, 1], [60, -130], [56, -131], [-4, -67], [7, -17], [31, -72], [115, -131], [21, -6], [57, 13], [50, -9], [26, -26], [25, -68], [4, -10], [40, -55], [29, -35], [21, -26], [101, -83], [57, -44], [5, -5], [20, -28], [34, -52], [-1, -13], [3, -13], [19, -41], [37, -42], [26, -28], [11, -8], [5, -5], [22, -1], [39, 1], [23, 8], [19, 17], [35, 17], [32, 13], [51, 5], [202, -32], [85, -31], [15, 36], [33, 129], [9, 47], [-1, 15], [-4, 34], [-19, 94], [-92, 378], [-14, 22], [-42, 57], [-91, 113], [-5, 8], [-28, 35], [-11, 36], [-5, 14], [-33, 102], [-4, 13], [-12, 19], [-16, 25], [-2, 3], [-6, -9], [-22, -31], [-14, 6], [-25, 46], [-15, 29], [-24, 67], [-6, 19], [-15, 79], [-33, 78], [-85, 87], [-68, 61], [-30, 28], [-19, 20], [-4, 4], [-195, 246], [-51, 102], [7, 91], [-2, 213], [-5, 40], [1, 39], [28, 81], [32, 77], [24, 36], [39, 102], [18, 62], [14, 49], [34, 123], [39, 139], [23, 26], [30, 44], [24, 62], [2, 148], [-5, 31], [30, 119], [25, 84], [-6, 36], [-9, 32], [-2, 5], [-14, 62], [-2, 58], [28, 26], [39, 13], [12, 20], [31, 100], [11, 83], [17, 81], [50, 143], [24, 33], [14, 12], [5, 4], [14, 90], [14, 201], [-2, 16], [-23, 204], [-11, 79], [-14, 35], [-3, 8], [3, 21], [1, 0], [22, 24], [55, 35], [17, 11], [-5, 66], [-11, 21], [-11, 20], [1, 22], [15, 91], [5, 19], [23, 71], [15, 22], [1, 77], [-1, 64], [10, 20], [11, 6], [24, 13], [76, 14], [37, -13], [41, -20], [109, -112], [64, -88], [67, -92], [21, -46], [1, -29], [11, -25], [15, -24], [57, -54], [31, -32], [66, -133], [-8, -54], [-13, -13], [-6, 0], [-4, -11], [-6, -21], [-1, -148], [52, -60], [50, -44], [51, -30], [84, 7], [-1, 147], [0, 41], [-13, 57], [1, 62], [29, 38], [87, 62], [85, 59], [20, 14], [61, -13], [34, -4], [31, 68], [19, 83], [8, 75], [-2, 79], [4, 76], [31, 226], [7, 168], [1, 8], [17, 6], [58, -30], [70, 10], [65, 15], [1, 0], [0, 0], [12, 44], [58, 35], [81, 47], [106, 41], [23, 17], [78, 113], [7, 13], [16, 40], [1, 25], [0, 5], [0, 31], [-1, 57], [-10, 102], [67, 5], [134, 23], [21, -48], [5, -23], [13, -55], [21, -34], [79, -41], [38, -37], [3, -8], [18, -45], [20, -168], [19, -51], [42, -40], [54, -23], [114, 1], [65, -52], [66, 7], [69, 37], [78, 12], [32, -14], [64, -49], [85, -85], [150, -127], [85, -18], [62, 7], [22, 11], [1, 1], [48, 23], [112, -83], [13, -11], [62, -46], [-4, 0], [62, -50], [86, -47], [67, -22], [48, -14], [34, 0], [24, 0], [28, 15], [20, 23], [13, 40], [-6, 83], [8, 63], [13, 108], [0, 55], [-23, 68], [-12, 182], [-2, 91], [-36, 236], [3, 108], [1, 96], [-37, 216], [-6, 12], [-21, 41], [-6, 14], [-13, 36], [-4, 23], [-6, 40], [-2, 73], [3, 81], [0, 0], [12, 72], [37, 115], [22, 18], [73, -13], [92, -49], [25, -31], [17, -22], [41, -28], [59, -28], [97, -40], [72, -8], [97, 7], [42, 244], [-24, 41], [-1, 1], [0, 0], [-22, 25], [-14, 17], [-40, 119], [-5, 24], [-4, 66], [7, 83], [17, 31], [6, 33], [-3, 103], [-14, 56], [-3, 39], [62, 78], [22, 15], [35, 22], [4, 133], [17, 180], [13, 40], [23, 11], [66, -89], [12, -13], [45, -49], [183, -147], [126, -67]], [[23336, 21390], [37, -18], [103, 12], [88, -28], [5, -6], [10, -10], [89, -104], [62, -87], [25, -69], [17, -21], [3, -3], [6, -7], [84, -48], [29, -10], [33, 1], [20, 6], [20, 16], [7, 14], [19, 39], [78, 52], [59, 2], [87, 27], [0, 0], [21, 75], [3, 6], [16, 11], [51, 13], [13, -14], [0, -2], [1, -40], [30, -76], [2, -3], [0, 0], [47, -92], [37, -17], [59, -14], [97, -83], [6, -5], [4, -4], [11, -22], [3, -4], [8, -16], [2, -38], [0, -2], [2, -5], [15, -23], [22, -26], [101, -120], [43, -52], [35, -29], [48, -38], [21, -12], [9, -6], [-4, -235], [-9, -52], [3, -8], [28, -91], [15, -17], [17, -10], [7, -2], [7, 1], [43, 6], [154, -26], [61, -29], [13, -6], [9, -4], [19, -3], [23, 0], [4, 3], [73, 62], [34, 50], [2, 7], [1, 1], [1, 2], [1, 1], [38, 29], [27, 18], [29, 17], [13, -1], [6, -2], [4, -5], [9, -13], [27, -56], [8, -18], [6, -17], [6, -18], [0, -16], [-1, -26], [1, -46], [11, -13], [27, -29], [22, -13], [21, 3], [23, 18], [13, 13], [14, 17], [13, -3], [11, -3], [86, -83], [67, -95], [12, -23], [33, -110], [5, -22], [4, -26], [3, -26], [0, -40], [51, 26], [6, 1], [17, -3], [2, -1], [12, -9], [37, -62], [5, -20], [1, -8], [1, -10], [-21, -126], [40, -205], [3, -114], [-2, -71], [-3, -67], [-2, -8], [-6, -12], [-2, -4], [-1, -2], [-1, -3], [0, -2], [-1, -5], [0, -5], [0, -3], [0, -8], [8, -91], [1, -3], [5, -13], [34, -55], [-27, -44], [-19, -60], [0, -1], [-3, -11], [0, -2], [-1, -7], [-1, -7], [-2, -14], [0, -1], [0, -7], [0, -18], [0, -6], [17, -16], [4, 0], [3, -1], [4, -3], [1, -2], [32, -154], [1, -6], [3, -45], [0, -4], [-6, -30], [-7, -9], [-4, -2], [-10, 0], [-1, 4], [-9, -3], [-31, -15], [-52, -68], [-9, -12], [-3, -6], [-5, -18], [-2, -18], [7, -19], [0, -3], [1, -6], [7, -40], [-45, -74], [-1, -2], [-19, -24], [-18, -24], [-15, -17], [-6, -10], [-4, -20], [-1, -7], [-1, -5], [-2, -14], [-1, -11], [0, -3], [0, -4], [1, -12], [6, -12], [11, -18], [7, -12], [8, -13], [19, -33], [7, -14], [1, 0], [3, -9], [12, -73], [7, -85], [1, -31], [0, -23], [0, -17], [-3, -25], [-1, -9], [-6, -30], [-23, -89], [-20, -115], [18, -61], [1, -4], [0, -2], [1, -2], [0, -4], [0, -4], [10, -102], [-3, -15], [-3, -44], [-1, -11], [0, -4], [0, -4], [5, -72], [1, -9], [4, -41], [1, -8], [0, -2], [2, -13], [1, -4], [23, -45], [155, -101], [4, -2], [4, 0], [8, 2], [25, -2], [5, -3], [3, -2], [134, -123], [4, -17], [-3, -54], [5, -41], [8, -19], [56, -103], [2, -3], [8, -8], [6, -5], [29, -8], [2, -10], [-2, -10], [-1, -2], [-7, -20], [-11, -28], [-17, -46], [-11, -27], [-49, -106], [-23, -30], [-7, -6], [-2, -1], [-2, 0], [-5, 0], [-21, 0], [-12, 0], [-42, -1], [-163, -216], [-1, -5], [-1, -8], [-10, -68], [22, -136], [6, -20], [30, -122], [9, -12], [11, -1], [14, -7], [1, -1], [180, -199], [56, -74], [2, -5], [8, -13], [14, -40], [1, -4], [8, -22], [42, -199], [4, -21], [-6, -59], [-4, -233], [13, -105], [-8, -23], [22, -47], [15, -27], [43, -66], [31, -19], [29, -50], [3, -7], [23, -53], [8, -18], [0, -3], [3, -21], [0, -8], [0, -19], [5, -89], [8, -12], [55, -14], [11, 7], [17, 49], [15, 5], [129, 28], [7, -19], [17, -92], [0, -1], [0, -27], [-1, -22], [1, -14], [4, -17], [37, -112], [32, -82], [26, 5], [84, 18], [37, -23], [113, -102], [4, -11], [9, -26], [1, -4], [16, -77], [3, -14], [31, -42], [23, 12], [70, 67], [23, 25], [4, 28], [0, 11], [45, 118], [121, -14], [40, -14], [22, -47], [13, -30], [8, -15], [20, 16], [95, 82], [64, 24], [170, -39], [39, -27], [14, -25], [5, -24], [15, -79], [2, -28], [-2, -13], [6, -25], [12, -15], [41, -31], [35, 8], [38, 29], [25, 76], [128, 168], [21, 48], [121, 235], [96, 27], [115, -30], [25, -20], [5, 1], [2, -2], [25, -48], [16, -126], [2, -40], [-9, -83], [-19, -18], [-11, -4], [-33, -14], [-56, -11], [-96, -223], [6, -18], [6, -86], [-10, -29], [-30, -44], [-22, -36], [-6, -13], [-10, -50], [-28, -149], [-1, -32], [3, -40], [2, -46], [-17, -86], [-2, -14], [-1, -6], [-25, -79], [-28, -64], [-12, -29], [-3, -8], [-13, -91], [12, -73], [11, -68], [25, -141], [17, -53], [-12, -115], [-13, -83], [-16, -2], [-24, 9], [-20, 17], [-18, -21], [-23, -32], [-21, -105], [-2, -28], [-1, -18], [-16, -225], [-34, -120], [-58, -98], [-30, -8], [-9, -38], [-2, -9], [-8, -39], [-8, -45], [3, -43], [25, -46], [23, -107], [-42, -66], [-58, -160], [-53, -166], [3, -43], [9, -28], [4, -28], [-7, -47], [-32, -97], [-10, -23], [-15, -32], [-50, -120], [-7, -19], [0, -14], [6, -33], [-29, -144], [-22, -34], [-32, -31], [-23, -21], [2, -36], [1, -9], [-95, 50], [-12, 11], [-15, 2], [-21, -1], [-14, -1], [-33, -35], [-20, -35], [-35, -17], [-26, -14], [-78, -36], [-5, -2], [-67, 10], [-8, 3], [-24, -51], [-4, -21], [-5, -39], [-2, -22], [-4, -33], [-34, -59], [-59, -102], [-11, -13], [-1, -2], [-14, -12], [-10, -8], [-1, 0], [-2, 24], [0, 4], [0, 1], [-2, 8], [-12, 6], [-18, -28], [-6, -10], [-14, -29], [-12, -45], [-2, -8], [-2, -12], [-2, -18], [2, -16], [1, -4], [5, -11], [22, -32], [2, -1], [23, 2], [20, 4], [-2, -26], [-15, -21], [-20, -16], [-34, -19], [-5, 5], [-3, 4], [-9, 14], [-27, 83], [-16, 51], [-20, 85], [-5, 67], [6, 25], [11, 41], [-86, 431], [-13, 26], [-41, 61], [-30, 5], [-15, -63], [-9, -39], [-30, -145], [-3, -19], [1, -70], [9, -78], [-1, -6], [-2, -14], [-7, -13], [-9, -14], [-66, -111], [-9, -10], [-67, -75], [-13, 0], [-35, -1], [-87, -73], [-34, -40], [-10, -6], [-65, -32], [-17, 19], [-123, 192], [-8, 17], [-4, 40], [-1, 34], [-11, 61], [-55, 116], [-24, 36], [-28, 14], [-4, -5], [-7, -9], [-4, -13], [-1, -2], [1, -30], [-98, -95], [-4, 5], [-25, 30], [-3, 23], [-1, 8], [-11, 19], [-8, 6], [-37, 13], [-3, -2], [-24, -16], [-22, -15], [-4, -35], [-5, -44], [7, -61], [35, -33], [11, -23], [46, -218], [-2, -57], [-8, -54], [-1, -2], [-31, -60], [-36, -64], [-80, -85], [-27, -26], [-24, -22], [-124, 7], [-149, 123], [-28, 29], [-20, 34], [-30, 19], [-35, 3], [-9, -12], [-3, -23], [-1, -16], [0, -26], [0, -12], [-52, -161], [-22, -23], [-55, -46], [-35, -24], [-6, 4], [-25, 9], [-101, 79], [-40, 39], [-17, 21], [-24, 28], [-2, 2], [-7, 5], [-23, 17], [-37, 14], [-65, -73], [-11, -13], [-14, -22], [-7, -13], [-41, -18], [-59, 124], [-22, 59], [-22, 34], [-20, 13], [-4, 0], [-30, 3], [-48, 12], [-3, 2], [-11, 14], [-5, 16], [-39, -43], [-13, -40], [-13, -8], [-20, -8], [-22, -1], [-27, 13], [-60, 5], [-49, -4], [-38, -18], [-5, -8], [-4, -9], [-43, -140], [-59, -245], [3, -18], [41, -80], [-27, -63], [-43, -38], [-83, -25], [-25, -2], [-14, 3], [-16, -9], [-70, -69], [-22, -44], [-13, -41], [-15, -57], [0, -31], [2, -32], [9, -34], [1, -39], [-2, -75], [-12, -15], [-71, -88], [-11, -3], [-16, -3], [-76, -93], [-37, -49], [-8, -42], [6, -51], [0, -16], [0, -41], [-13, -228], [-3, -40], [-10, -48], [32, -46], [13, -19], [23, -32], [5, -10], [3, -9], [1, -1], [-1, -71], [-10, -140], [-7, -29], [-6, -8], [-1, -1], [0, 0], [-64, -8], [-54, -11], [-9, -4], [-20, -7], [-2, -1], [-10, -5], [-16, -7], [-95, 23], [-21, 6], [-227, 198], [-19, 17], [-17, 20], [-20, 23], [-110, 135], [-10, 22], [-17, 41], [-32, 212], [-12, 97], [-5, 54], [-11, 49], [-1, 3], [-15, 52], [-28, 30], [-29, 23], [-12, 3], [-72, 10], [-38, -30], [-24, -18], [-53, -15], [-13, 3], [-15, 5], [-36, 37], [-9, 12], [-9, 10], [-119, 19], [-4, 60], [-58, 278], [-17, 70], [-7, 22], [-12, 42], [-34, 105], [-22, 28], [-33, 47], [-80, 124], [-24, 39], [-24, 95], [-1, 53], [0, 54], [1, 69], [12, 53], [-23, 5], [-63, -23], [-23, -8], [-63, 36], [-46, -13], [-23, 91], [-7, 63], [8, 92], [13, 13], [8, 10], [4, 14], [42, 327], [-7, 57], [-5, 21], [-5, 12], [-15, 31], [-24, 38], [-15, 20], [-28, 174], [0, 16], [-1, 45], [-3, 17], [-47, 144], [-8, 23], [-11, 22], [-36, 8], [-2, -3], [0, 0], [-5, 6], [-10, 14], [-2, 10], [-6, 63], [-1, 63], [9, 35], [13, 48], [2, 13], [0, 4], [3, 31], [-3, 85], [-15, 97], [-10, 31], [-7, -1], [-6, 2], [-14, 9], [-24, 67], [-24, 72], [-27, 105], [-1, 4], [-7, 41], [-2, 29], [-2, 24], [0, 43], [27, 215], [0, 1], [118, 108], [18, 1], [7, 3], [36, 20], [11, 18], [5, 15], [11, 39], [2, 11], [2, 32], [1, 16], [4, 16], [35, 45], [15, 11], [31, -1], [10, -39], [14, -35], [24, -37], [24, -11], [57, 35], [10, 15], [2, 5], [1, 15], [0, 25], [2, 20], [2, 6], [3, 10], [48, 81], [1, 2], [31, 36], [38, 24], [15, 8], [41, 123], [1, 5], [1, 2], [58, 87], [2, 2], [162, 119], [17, 10], [-24, 95], [-18, 32], [-24, 167], [-17, 133], [-1, 4], [0, 40], [-1, 34], [-5, 33], [-7, 16], [-9, 21], [-26, 58], [-36, 53], [-27, 33], [-13, 26], [-10, 64], [-1, 13], [-1, 12], [1, 152], [1, 9], [6, 17], [0, 0], [22, 46], [13, 15], [0, 3], [1, 7], [0, 3], [0, 3], [9, 23], [4, 11], [10, 22], [8, 16], [61, 98], [96, 156], [29, 49], [14, 10], [11, -1], [5, -1], [14, -17], [0, 0], [2, -3], [9, -29], [3, -9], [3, -10], [0, 0], [3, 0], [4, 2], [54, 46], [20, 19], [2, 8], [2, 12], [1, 6], [-11, 43], [-13, 38], [-3, 11], [0, 3], [-1, 3], [1, 50], [7, 38], [35, 88], [12, 28], [11, 97], [0, 7], [5, 98], [-2, 36], [-8, 40], [-22, 166], [-5, 124], [-1, 2], [0, 0], [-24, 42], [-7, 9], [-10, 8], [-24, 24], [-22, 76], [28, 45], [1, 1], [27, 6], [5, 1], [0, 0], [11, -3], [5, -5], [15, -6], [25, -44], [168, -228], [6, -7], [1, -2], [16, -19], [15, -17], [31, -8], [18, -4], [11, -2], [3, 1], [5, 1], [19, 5], [9, 9], [7, 8], [23, 25], [25, 38], [98, 142], [2, 2], [6, 6], [8, 4], [7, 4], [21, 13], [23, 15], [66, 44], [4, 3], [3, 7], [33, 101], [9, 30], [13, 37], [42, 115], [5, 13], [1, 2], [1, 1], [6, 10], [14, 20], [0, 0], [10, 10], [1, 1], [3, 3], [7, 7], [14, 14], [5, 4], [4, 5], [6, 5], [9, 9], [23, 21], [0, 0], [13, 17], [0, 12], [0, 19], [0, 5], [2, 85], [-26, 108], [19, 91], [27, 73], [-57, 117], [-17, 97], [28, 64], [32, 105], [13, 54], [8, 50], [9, 202], [-28, 169], [-59, 225], [-5, 31], [-2, 16], [-4, 45], [-2, 33], [-6, 103], [-12, 188], [2, 18], [3, 37], [7, 23], [22, 46], [34, 30], [12, 10], [-15, 74], [-43, 174], [-12, 47], [-14, 47], [-26, 71], [-2, 1], [-2, 3], [-7, 9], [-1, 1], [-64, 73], [-22, 2], [-11, 1], [-49, 34], [-10, 21], [-71, 36], [-38, 39], [-29, 46], [-5, 39], [-2, 17], [0, 2], [-35, 125], [-25, 88], [-19, 35], [-10, 20], [-5, 10], [-27, 58], [-23, 74], [25, 0], [15, 48], [3, 31], [-6, 98], [31, 100], [33, 92], [-26, 30], [29, 85], [71, 193], [5, 40], [2, 9], [-8, 37], [-2, 12], [-36, 145], [2, 64], [3, 27], [-43, 187], [-22, 75], [-45, 58], [2, 8], [6, 16], [2, 5], [5, 15], [8, 21], [35, 46], [20, 22], [18, 12], [15, 23], [8, 18], [3, 9], [2, 7], [8, 132], [23, 200], [28, 136], [20, 184], [-3, 10], [-7, 22], [-12, 26], [-39, 33], [-16, 10], [-39, 20], [-30, 27], [-36, 51], [-19, 35], [-19, 83], [-6, 58], [-8, 42], [-32, 54], [-54, 45], [0, 0], [-6, 9], [-17, 24], [-31, 81], [5, 108], [10, 95], [7, 22], [4, 14], [25, 27], [1, 1], [1, 2], [25, 56], [17, 58], [-4, 6], [1, 1], [37, 32], [68, 10], [15, -1], [9, -2], [79, -47], [27, -39], [16, -21], [38, -33], [16, -10]], [[14197, 47240], [20, -15], [34, 10], [24, 10], [28, 17], [51, 29], [4, 2], [19, 6], [1, 1], [36, 14], [15, 8], [13, 10], [19, 16], [43, 39], [57, 31], [24, 12], [20, 6], [22, 8], [67, 43], [106, 80], [18, 15], [16, 20], [49, 69], [0, 0], [0, 10], [0, 34], [17, 29], [12, 20], [33, 49], [185, 273], [47, 53], [38, 32], [78, 61], [2, -6], [9, -25], [2, -8], [3, -8], [28, -28], [24, -18], [10, -7], [7, -4], [14, -9], [12, -3], [112, -15], [1, -2], [6, -9], [14, -13], [75, -47], [10, -6], [36, 5], [34, -41], [34, -91], [-39, -91], [-18, -24], [-39, -69], [-28, -81], [3, -84], [1, -4], [3, -33], [8, -36], [9, -21], [5, -37], [5, -56], [4, -70], [-11, -74], [11, -22], [23, -6], [80, -42], [79, -124], [86, -154], [53, -65], [137, -152], [27, -31], [19, 4], [38, 80], [17, 22], [16, 21], [11, 14], [2, 3], [6, -36], [3, -18], [2, -9], [0, -3], [1, -4], [3, -11], [1, -4], [0, -2], [3, -4], [38, -74], [5, -6], [8, -10], [7, -3], [4, 0], [3, 1], [3, 1], [4, 2], [5, 3], [3, 3], [2, 3], [1, 1], [2, 3], [8, 15], [1, 2], [4, 24], [1, 23], [1, 99], [0, 104], [1, 14], [2, 9], [2, 10], [31, 107], [8, 14], [46, 6], [101, 12], [60, -19], [40, -15], [13, 7], [2, 21], [9, 148], [0, 121], [0, 60], [20, 28], [9, 12], [10, 190], [-17, 45], [-14, 39], [4, 74], [8, 29], [10, 18], [2, 2], [29, 19], [77, 6], [11, -1], [8, -1], [24, -32], [9, -2], [84, 29], [7, 18], [2, 4], [11, 24], [20, 43], [23, 31], [41, 25], [24, 0], [3, -1], [54, -32], [37, -17], [17, -21], [46, -96], [19, -54], [13, -60], [-7, -42], [41, -317], [3, -15], [1, -7], [26, -56], [52, -93], [61, -90], [55, 18], [36, 11], [29, -31], [20, -43], [18, -44], [93, -39], [13, 0], [12, 9], [52, 28], [33, 8], [47, 9], [131, 7], [74, -2], [25, -19], [1, 0], [20, -57], [3, -20], [4, -17], [7, -29], [23, -14], [14, -4], [109, -52], [9, -26], [9, -22], [10, -24], [63, -123], [20, -6], [40, 22], [7, 3], [79, -16], [43, -65], [8, -33], [3, -12], [18, -238], [-11, -128], [10, -253], [33, -65], [16, -16], [54, -49], [41, -31], [16, -25], [2, -2], [-5, -19], [-11, -50], [-7, -65], [44, -238], [20, -81], [63, -108], [25, -10], [11, -2], [22, -76], [6, -69], [5, -174], [9, -103], [88, -77], [42, -167], [102, -297], [29, -85], [48, -21], [71, 23], [20, 16], [18, 17], [69, -25], [39, -23], [35, -31], [95, -128], [18, -32], [14, -26], [63, -128], [29, -65], [-37, -96], [-34, -119], [4, -34], [10, -164], [-18, -70], [19, -167], [22, -142], [8, -64], [-9, -44], [-1, -61], [1, -21], [9, -101], [15, -54], [0, -1], [5, -11], [51, -39], [71, -133], [15, -16], [17, 25], [38, 98], [4, 20], [5, 21], [61, 251], [17, 69], [-13, 59], [38, 111], [35, 23], [66, 43], [16, 5], [11, 3], [98, -16], [13, -27], [23, -14], [69, 23], [118, 57], [9, 16], [2, 11], [1, 7], [-10, 48], [-5, 47], [-4, 56], [-2, 44], [5, 69], [27, 29], [120, 13], [2, 5], [71, 142], [54, -7], [9, -14], [9, -17], [7, -9], [10, -12], [8, -6], [8, -6], [29, -3], [72, 12], [180, 59], [10, 5], [0, 0], [7, 8], [7, 8], [10, 20], [5, 20], [0, 22], [3, 14], [148, 243], [63, 61], [24, 21], [9, 5], [76, 30], [10, 1], [11, -1], [48, -46], [57, -55], [10, -9], [8, 0], [23, 9], [5, 5], [1, 1], [5, 8], [13, 22], [90, 170], [88, 171], [7, 6], [51, -3], [29, -9], [29, -12], [21, -4], [70, 15], [39, 31], [36, 41], [1, 2], [7, 12], [40, 20], [48, 17], [67, 18], [59, -7], [8, -1], [25, 11], [29, 32], [21, 26], [0, 4], [2, 31], [-14, 65], [-15, 53], [-13, 84], [2, 28], [3, 9], [10, 39], [12, 26], [5, 97], [1, 68], [-40, 156], [-30, 207], [-5, 41], [9, 88], [5, 48], [19, 47], [33, 77], [25, 28], [30, 11], [40, 55], [4, 19], [-7, 62], [-5, 73], [-1, 23], [0, 0], [6, 12], [44, 71], [60, 128], [20, 48], [92, 36], [140, -175], [85, -128], [89, 38], [23, 13], [27, 23], [16, 14], [45, 81], [45, 89], [109, 164], [121, 207], [45, -46], [67, -111], [43, -51], [23, 0], [21, 13], [46, -12], [51, -13], [22, -22], [25, -48], [9, -17], [71, -55], [48, -37], [20, -6], [10, -13], [52, -92], [74, -153], [17, -123], [7, -81], [6, -22], [46, -133], [39, -59], [26, -5], [11, 2], [3, 0], [11, 2], [29, -19], [7, -15], [12, -20], [10, -22], [4, -59], [54, 54], [32, 51], [26, -33], [24, -31], [28, -19], [77, 22], [10, 18], [26, -29], [6, -8], [107, -172], [21, -40], [18, -111], [6, -3], [37, 4], [1, 2], [19, 23], [51, 1], [118, -4], [14, -1], [22, -44], [14, -32], [22, -69], [27, -98], [4, -31], [24, -1], [134, 3], [18, -2], [7, -4], [7, -4], [41, -28], [37, -20], [65, -3], [54, -1], [34, -15], [0, 0], [20, -82], [-1, -177], [0, 0], [-19, -28], [-1, -4], [-2, -3], [-13, -39], [-3, -92], [7, -12], [10, -3], [23, -27], [13, -29], [4, -88], [-1, -59], [15, -84], [14, -10], [15, -12], [42, -42], [-1, -20], [-13, -97], [0, 0], [-23, -20], [-7, -7], [-8, -96], [17, -217], [4, -27], [39, -128], [28, -50], [12, -16], [47, -19], [39, -21], [21, -28], [0, -1], [10, -21], [10, -24], [-4, -32], [0, -2], [-9, -52], [3, -72], [16, -118], [26, -33], [15, -29], [1, -2], [1, -2], [26, -128], [-18, -84], [-14, -62], [-2, -19], [0, -20], [4, -27], [19, -143], [7, -33], [3, -9], [76, -127], [22, 5], [18, -39], [15, -34], [10, -34], [14, -241], [-41, -98], [0, -214], [47, -44], [87, -11], [11, 3], [8, 4], [5, 6], [7, 11], [1, 0], [66, 7], [144, -206], [90, -163], [17, -46], [8, -34], [57, -83], [77, -51], [14, 21], [18, -16], [24, -21], [0, -2], [5, -20], [-8, -39], [-40, -56], [-50, -75], [-53, -89], [-4, -28], [-5, -154], [7, -37], [60, -46], [36, -9], [5, -6], [114, -273], [8, -24], [-4, -112], [-1, -1], [-39, -198], [-35, -232], [-25, -168], [99, -4], [112, -58], [15, -31], [5, -17], [2, -41], [1, -9], [6, -91], [16, -91], [23, -81], [35, -157], [-4, -27], [14, -162], [30, -64], [33, -135], [5, -67], [0, -1], [-9, -185], [-10, -27], [-5, -5], [-15, -14], [-20, -13], [-26, -29], [-54, -100], [0, 0], [-3, -11], [-3, -11], [-17, -247], [1, -2], [26, -70], [47, -86], [67, -150], [8, -32], [0, 0], [0, -1], [-16, -25], [-6, -22], [-4, -15], [-29, -196], [-13, -91], [-1, -24], [0, 0], [-34, -36], [-50, -46], [-4, -3], [-22, 13], [0, 1], [-20, 58], [-13, 26], [-60, -21], [-16, -62], [-24, 13], [-14, -47], [-18, -158], [-8, -108], [-3, -29], [0, -8], [-1, -117], [29, -45], [2, -21], [0, -1], [-10, -66], [-16, -105], [-23, -165], [1, -64], [8, -35], [1, -38], [-4, -110], [-16, -13], [-20, -16], [-22, -13], [-2, 0], [-34, -6], [-17, 4], [-106, 40], [-27, 14], [-14, 16], [-14, 14], [-68, -27], [-7, -22], [-5, -164], [3, -99], [-10, -40], [-29, -28], [-91, -60], [-71, -12], [-24, 24], [-1, 0], [-43, 4], [-15, -11], [-30, -24], [-3, -2], [-10, -12], [-3, -4], [-48, -98], [-6, -21], [-6, -21], [-6, -55], [0, -1], [-1, -17], [17, -15], [51, -6], [59, -87], [90, -143], [3, -9], [15, -39], [3, -38], [79, 22], [17, 5], [25, 18], [69, -10], [54, -12], [19, -7], [42, -12], [27, 23], [27, 28], [8, 11], [187, -86], [37, -19], [37, -55], [5, -105], [1, -29], [6, -61], [9, -48], [27, -43], [2, -120], [0, -9], [0, -81], [-5, -6], [-43, -53], [-18, -150], [-47, -111], [-11, -24], [-1, -4], [-17, -13], [-93, -64], [-123, -82], [-16, -16], [0, 0], [-1, -23], [9, -24], [101, -109], [131, -130], [35, -35], [10, -11], [12, -51], [8, -45], [5, -29], [27, -169], [10, -74], [43, -53], [18, -20], [26, -18], [21, 1], [194, -173], [12, -12], [-2, -17], [-13, -74], [-3, -15], [-1, -6], [20, -116], [16, -97], [-20, -83], [-10, -41], [-39, -45], [-2, -2], [-7, -2], [-218, -208], [-34, -40], [-1, 1], [-30, 14], [-28, 8], [-60, -2], [-27, -5], [-4, -1], [-24, 0], [-4, 5], [-38, 51], [0, 0], [-5, 18], [-26, 100], [-46, 152], [-62, 19], [-121, 56], [-52, 34], [-32, -18], [-24, 14], [-24, 29], [-24, 58], [-66, 96], [-120, 126], [-151, 111], [-116, -21], [-88, -29], [-28, 1], [-43, 60], [-8, 24], [-12, 31], [-24, 60], [-33, -6], [-68, 15], [-32, -17], [-1, 0], [-55, -41], [-109, -114], [-32, -50], [-26, -51], [-14, -36], [0, -1], [-34, -56], [-9, -13], [-12, -10], [-60, -9], [-74, -12], [-29, 1], [-64, -16], [2, -6], [26, -136], [-46, -37], [-42, -23], [0, -1], [16, -60], [14, -19], [1, -2], [21, -51], [-14, -107], [-21, -83], [-20, -77], [-12, -18], [-4, -6], [-50, -69], [-10, -73], [-11, -57], [-36, -129], [-2, -4], [-50, -6], [-20, 10], [-37, 20], [-23, 20], [-36, 31], [-48, 40], [-60, 22], [-102, 31], [-154, 38], [-50, -3], [-10, -6], [-18, -20], [-42, -45], [-18, 22], [-67, 110], [-16, 26], [-2, 21], [-59, 118], [0, 0], [-15, 1], [-33, 2], [-19, 16], [-25, 26], [-18, 27], [-7, 20], [-14, 86], [-50, -19], [-24, -2], [-19, 10], [-37, 9], [-27, -58], [-40, -141], [5, -13], [8, -26], [0, -14], [-3, -35], [-20, -59], [-61, -52], [-29, -24], [-18, 26], [-27, 52], [-24, 73], [-33, 55], [-31, 32], [-1, 1], [-48, 38], [-38, 19], [-48, 21], [-47, -53], [-16, -14], [-71, -30], [-6, 9], [-20, 41], [-24, 48], [-47, 0], [-20, -12], [-37, -69], [-55, -52], [-46, -2], [0, 30], [-12, 71], [0, 2], [-38, 10], [-88, -15], [-32, -45], [-1, 0], [-88, -28], [-111, 35], [-53, 91], [-13, 5], [-33, 6], [-21, -5], [-8, 5], [-60, 42], [-1, 1], [0, 0], [-2, 31], [0, 55], [1, 28], [0, 4], [50, 165], [38, 55], [-5, 7], [-44, 62], [-3, 7], [1, 20], [-11, 47], [-27, 55], [-50, 60], [-28, -6], [-20, -29], [-5, -14], [-12, -22], [-35, -18], [-34, 25], [-8, 26], [-1, 6], [-1, 5], [-9, 17], [-109, 55], [-50, -3], [-164, -104], [-23, -40], [-14, -46], [-5, -40], [-17, -81], [-8, -20], [0, -1], [-2, -3], [-3, 0], [-59, 56], [-3, 6], [-35, 110], [-44, 196], [-17, 86], [-20, 91], [-54, 4], [-1, 54], [2, 12], [0, 3], [-32, 28], [-6, 5], [-16, 9], [-13, 8], [-68, -63], [-27, -50], [0, -5], [-7, -35], [-63, -62], [-24, -2], [-39, 21], [-32, 25], [-3, 2], [-1, 0], [-7, 2], [0, 0], [-107, -222], [-60, -148], [-60, -162], [-29, 21], [-70, 53], [-14, 95], [-7, 60], [1, 36], [-7, 45], [-19, 28], [-36, 84], [-6, 16], [5, 33], [0, 0], [44, 28], [0, 0], [18, 36], [8, 17], [23, 117], [11, 153], [-41, 44], [-42, 41], [0, 0], [38, 25], [48, 51], [1, 2], [15, 27], [3, 19], [0, 23], [-13, 236], [-6, 28], [-29, 83], [-22, 55], [-29, 114], [64, 86], [13, 1], [5, 1], [73, 46], [0, 4], [-7, 46], [-6, 33], [23, 76], [37, 17], [-35, 113], [-1, 2], [-7, 18], [-21, 13], [-2, 7], [-5, 202], [1, 0], [29, 7], [21, 61], [1, 218], [-9, 20], [-9, 20], [-91, 162], [-13, 2], [-21, 0], [-18, 5], [-83, 45], [-28, 36], [-12, 27], [-20, 29], [-34, 47], [-30, 39], [-14, 18], [-2, 2], [-11, 13], [-18, 15], [-102, 54], [0, 0], [-15, -3], [-98, 20], [-36, 65], [-72, 49], [-42, 26], [-52, -4], [-30, -32], [-11, -12], [-42, -16], [-39, 6], [-38, 13], [-20, 9], [-43, 40], [0, 1], [0, 0], [-1, 1], [-6, 22], [2, 26], [6, 24], [-6, 29], [-24, 112], [-2, 8], [-20, 67], [-27, 35], [-11, -10], [-25, -22], [-58, 2], [-46, 8], [-2, 21], [-25, 31], [-224, 71], [-12, 3], [-56, 7], [-40, -76], [0, -1], [-1, -7], [-3, -46], [-10, -25], [-10, -17], [-36, -58], [0, -1], [-12, -12], [-31, -23], [-22, -7], [-14, -5], [-43, -10], [-3, 1], [-16, 11], [-16, 29], [-7, 7], [-15, 15], [-27, 19], [-77, -15], [-8, -7], [-11, -13], [-6, -7], [-8, -17], [-32, -30], [-95, 13], [-23, 11], [-18, 20], [-4, 4], [-46, 322], [-3, 143], [-51, 224], [-7, 23], [-4, 13], [-40, 35], [-10, 24], [5, 63], [1, 7], [-54, 51], [-120, 70], [-22, 6], [-34, 19], [-6, 36], [-6, 13], [-57, -36], [-19, -15], [-21, -18], [-43, -32], [-16, -2], [-20, 71], [-64, 208], [-23, 33], [-10, -4], [-33, -14], [-88, 32], [-15, 26], [-8, 13], [-15, 46], [-53, -5], [-39, -32], [-27, -16], [-59, -10], [-2, 2], [-9, 16], [-30, 56], [-52, 75], [-118, 6], [-48, 2], [-49, -20], [-50, 5], [-99, 54], [-45, 73], [-23, 49], [-7, 15], [-10, 13], [-24, 29], [-38, 1], [-12, -22], [-25, -8], [-7, -2], [-21, 17], [-65, 97], [-43, 64], [-6, 0], [-21, 2], [-11, 1], [-86, 30], [-9, 10], [-13, 15], [2, 28], [3, 48], [1, 31], [-3, 142], [-48, 168], [-8, 24], [-60, 44], [-25, 7], [-43, 11], [-78, 31], [-169, 114], [-7, 19], [-2, 39], [1, 25], [1, 11], [0, 0], [-39, 18], [-55, -2], [-112, -228], [-18, -96], [-30, -120], [-42, -78], [-15, -19], [-19, -26], [-45, -10], [-34, -48], [-4, -7], [-14, -32], [7, -13], [12, -22], [5, -75], [0, -41], [-2, -257], [-10, -40], [-1, -3], [-29, -39], [-28, 5], [-13, 38], [-7, 10], [-19, 16], [-29, -16], [-20, -24], [-12, -18], [-3, -6], [-1, -1], [-1, -1], [0, -16], [0, -19], [0, -10], [-1, -23], [0, -19], [0, -1], [-47, -103], [-50, -85], [-177, -11], [-1, 1], [-20, 22], [-51, 6], [-31, -28], [-58, -134], [-32, -120], [5, -41], [4, -33], [13, -23], [4, -25], [-8, -33], [-59, -119], [-12, -36], [-6, -17], [-44, -4], [-44, 3], [-20, 6], [-15, 6], [-21, 15], [-85, 66], [-48, 68], [-78, 136], [-12, 70], [1, 48], [-8, 83], [-26, 46], [-6, 10], [-73, 50], [-75, 255], [35, 274], [-87, 57], [-50, 29], [-81, 44], [2, 15], [13, 114], [4, 32], [0, 2], [1, 57], [-3, 57], [-40, 106], [-17, 141], [-38, 26], [-118, 93], [-2, 25], [-21, 67], [-38, 129], [-13, 24], [-28, 48], [-18, 29], [-3, 38], [-10, 94], [-31, 210], [-99, 110], [-82, 41], [-112, 48], [-6, -67], [-129, 123], [2, 55], [-57, 131], [-24, 12], [-52, 9], [-56, 4], [-9, 28], [-46, 51], [-31, 17], [-36, 1], [-26, -6], [-34, -129], [-16, -68], [5, -67], [-21, -39], [-31, -19], [-42, -16], [-58, -1], [-21, 8], [-52, -68], [6, -33], [-33, -70], [-13, -19], [-4, -4], [-23, -26], [-26, -25], [-13, -13], [-82, -101], [-6, -94], [-1, -36], [23, -22], [8, -7], [6, -16], [-45, -34], [-85, -27], [-46, -7], [-51, -1], [-61, 46], [-17, 62], [-3, 94], [0, 28], [3, 19], [9, 60], [0, 16], [-1, 22], [-44, 180], [-13, 51], [0, 1], [-22, 68], [-8, 9], [-8, 3], [-14, 45], [-87, 24], [-85, 178], [-26, -33], [-1, -2], [-1, -1], [-20, -26], [0, 0], [-2, -2], [-96, -53], [36, 73], [71, 140], [29, 19], [24, 16], [5, 4], [44, 55], [12, 15], [18, 45], [36, 95], [17, 53], [4, 14], [10, 21], [25, 49], [22, 42], [40, 68], [40, 67], [39, 46], [14, -19], [7, -43], [63, 141], [15, 64], [20, 134], [3, 44], [-3, 51], [-4, 50], [-4, 20], [-3, 190], [17, 12], [71, 358], [-11, -21], [8, 83], [9, 31], [51, 122], [7, 32], [0, 14], [100, -75], [38, -32], [26, 1], [51, 34], [61, 114], [14, 30], [15, 110], [11, 87], [17, 71], [18, 25], [15, 28], [28, 123], [1, 19], [22, 119], [65, 109], [46, 111], [-3, 79], [-8, 42], [-4, 11], [-26, 54], [-3, 7], [-2, 3], [-18, 27], [-4, 5], [-3, 3], [-28, 31], [-3, 3], [-14, 5], [-23, 106], [-22, 322], [32, 68], [-99, 165], [-21, 14], [-27, 12], [-4, 2], [-19, 6], [-24, -1], [-60, -2], [-1, 0], [-9, -3], [-13, -11], [-14, -15], [-4, 8], [0, 0], [-2, 50], [4, 59], [1, 3], [10, 46], [12, 32], [3, 7], [3, 7], [0, 78], [-3, 60], [-1, 3], [-12, 29], [-16, 43], [-2, 19], [62, 151], [18, 41], [18, 31], [14, 8], [8, 6], [-15, 171], [-55, 206], [-8, 17], [-23, 26], [-18, 20], [-85, 113], [-8, 42], [-4, 16], [-35, 96], [-33, 32], [-3, 3], [-23, 41], [-9, 107], [-34, 279], [-9, 45], [-37, 95], [-1, 2], [-15, 9], [-24, 36], [9, 46], [12, 46], [25, 79], [26, 71], [74, 108], [31, -10], [2, 0], [0, -1], [49, 3], [62, 39], [-8, 30], [5, 59], [5, 33], [1, 6], [10, 30], [16, 33], [11, 15], [19, -10], [7, -8], [8, 3], [95, 226], [6, 17], [73, 189], [45, 106], [69, 87], [64, 59], [3, 3], [20, 56], [-4, 32], [-13, 40], [-22, 18], [-27, 137], [-2, 40], [28, 33], [16, 30], [12, 25], [-6, 25], [-21, 28], [-21, 35], [-2, 3], [-5, 24], [-1, 8], [22, 60], [10, 28], [16, 25], [15, 24], [15, 15], [14, 21], [17, 51], [19, 60], [7, 82], [22, 178], [50, 115], [28, 87], [0, 1], [-1, 14], [-15, 104], [-33, 183], [-21, 63], [-42, 76], [-7, 42], [1, 1], [7, 30], [16, 39], [29, 24], [0, 0], [6, 4], [75, 40], [94, 24], [6, 0], [88, 8], [29, 34], [12, 18], [33, 51], [11, 17], [25, 51], [0, 3], [-1, 99], [7, 4], [21, -2], [2, 0], [21, -6], [5, -3], [18, -9], [19, -15], [4, -4], [17, -15], [50, -52], [16, -16], [18, -24], [5, -11], [14, -50], [7, -23], [14, -53], [1, -33], [0, -9], [-1, -66], [-2, -39], [0, -10], [0, -24], [1, -55], [0, -42], [7, -123], [10, -14], [0, 0], [15, -31], [15, -29], [22, -42], [3, -27], [-3, -49], [-3, -30], [-3, -22], [-10, -68], [-3, -13], [-5, -32], [-3, -32], [-2, -28], [0, -32], [1, -28], [3, -32], [10, -45], [14, -50], [11, -32], [30, -74], [10, -22], [13, -23], [16, -21], [19, -17]], [[29932, 51525], [156, -22], [0, 0], [5, 1], [10, 30], [61, 31], [161, -50], [70, -130], [21, -39], [1, -53], [-6, -27], [-1, -14], [11, -27], [159, -100], [43, -11], [0, 0], [16, 2], [36, 1], [0, 0], [29, -183], [-14, -58], [-46, -12], [-4, -1], [42, -162], [37, -143], [50, -172], [15, -216], [0, -100], [-3, -28], [18, -72], [1, -3], [99, -119], [21, 19], [25, 8], [21, -7], [26, -23], [16, -32], [15, -31], [9, -18], [10, -26], [32, -89], [6, -31], [8, -102], [5, -63], [111, -238], [47, -23], [5, -1], [22, -3], [0, 0], [38, 2], [112, 19], [18, 6], [25, 19], [4, 4], [7, 8], [98, 39], [112, 1], [40, 0], [132, -8], [111, -10], [17, -35], [64, 30], [57, 63], [12, 30], [34, 18], [27, 13], [0, 0], [-5, -74], [17, -45], [53, -131], [12, -19], [19, -18], [87, -65], [0, 0], [66, 9], [3, 0], [78, -128], [38, -68], [22, 20], [62, -26], [1, 0], [1, -1], [7, -5], [15, -16], [28, -39], [38, -140], [14, -60], [15, -173], [-2, -20], [-26, -50], [-4, -1], [-24, -10], [-43, -129], [60, -165], [14, -34], [0, 0], [37, -1], [6, -42], [-13, -49], [-26, -56], [-24, -34], [-7, -15], [-2, -2], [-35, -80], [1, -51], [22, -45], [0, 0], [22, 5], [0, 0], [42, -150], [0, -1], [-1, -50], [-10, -83], [-11, -26], [-10, -24], [-8, -30], [22, -54], [58, -94], [80, 7], [18, 3], [62, -56], [95, -47], [22, -1], [0, 0], [16, 5], [74, 95], [61, -26], [8, -2], [42, -12], [0, 0], [-2, -6], [-17, -56], [3, -212], [18, -34], [22, -31], [20, -40], [-3, -20], [-47, -273], [-32, -180], [1, -11], [9, -225], [-26, -8], [-31, -16], [-23, -26], [9, -69], [29, -103], [18, -47], [25, -74], [22, -72], [-7, -63], [3, -24], [5, -24], [66, -131], [36, -26], [7, -9], [50, -96], [83, -229], [8, -28], [-15, -103], [-13, -32], [-1, -74], [131, -188], [32, -81], [37, -96], [-2, -59], [-5, -106], [-14, -55], [57, -316], [32, -73], [103, -128], [70, -57], [32, -24], [58, -25], [46, -16], [36, -12], [26, -29], [7, -22], [1, -23], [-16, -44], [35, -20], [68, 59], [25, 28], [26, 46], [8, 8], [57, 30], [69, 17], [30, -55], [36, 1], [26, -24], [1, -2], [14, -92], [6, -19], [40, -89], [5, -6], [25, -28], [6, -7], [16, -31], [75, -174], [22, -65], [22, -233], [2, -51], [-3, -116], [9, -146], [74, -37], [21, -67], [10, -35], [6, -43], [7, -23], [146, -193], [64, -41], [22, -2], [0, 0], [16, -33], [13, -34], [11, -72], [-40, -54], [-84, -122], [-13, -22], [-53, -261], [1, -8], [36, -95], [7, -14], [34, 7], [85, -65], [17, -68], [9, -105], [-2, -4], [-54, -95], [-15, -18], [-23, -12], [-20, -17], [-8, -13], [-78, -164], [-39, -137], [4, -36], [0, -49], [-10, -126], [-19, -68], [-9, -18], [-8, -43], [0, -39], [3, -149], [16, -18], [9, -6], [17, -6], [27, -19], [25, -51], [1, -93], [-1, -99], [11, -101], [8, -23], [0, -1], [1, -2], [17, -23], [11, -10], [18, -24], [4, -8], [29, -50], [8, -41], [3, -45], [-18, -87], [78, -87], [32, -29], [155, -7], [54, 19], [77, 28], [18, 11], [20, 21], [9, 18], [35, -2], [43, -45], [51, -65], [13, -38], [28, -68], [19, -29], [36, -47], [54, -63], [3, -12], [15, -63], [-9, -74], [-4, -15], [-21, -83], [-3, -74], [5, -50], [1, -12], [18, -26], [2, -62], [0, -14], [-26, -98], [-30, -78], [-8, -20], [-23, -58], [22, -68], [17, -76], [-74, -139], [-50, -44], [-91, -21], [-25, 23], [-30, 44], [-48, -40], [-21, -25], [-38, -49], [-48, -119], [-58, -50], [-38, -165], [0, 0], [17, -67], [-69, -85], [-62, -63], [-18, -18], [-42, -175], [3, -80], [0, 0], [7, -18], [0, -1], [28, -79], [53, -16], [34, -105], [-18, -45], [-55, -35], [1, -64], [-6, -104], [-16, -44], [-32, -41], [-37, -20], [-21, -56], [0, 0], [62, -128], [67, -102], [10, -62], [0, 0], [6, -81], [4, -83], [-10, -89], [-50, -114], [-51, -71], [-70, -54], [-65, -28], [-28, 0], [-13, 16], [-31, -1], [-2, -2], [-19, -28], [3, -114], [-74, -50], [-81, -73], [-40, -248], [2, -88], [8, -66], [2, -40], [1, -31], [-15, -21], [-19, -27], [-53, -162], [-29, -112], [-2, -10], [-66, -59], [-9, -71], [26, -58], [-33, -117], [-13, -30], [-23, -12], [-19, -2], [-1, -1], [-30, -13], [-23, -55], [-17, -64], [-17, -78], [-41, -150], [-94, -172], [-210, -290], [-129, -110], [-43, -28], [-28, 41], [-93, 186], [-14, 70], [9, 70], [-153, 72], [-169, 88], [-14, 46], [-31, 67], [-29, 41], [-36, 5], [-26, 38], [-15, 70], [0, 0], [9, 29], [-2, 20], [0, 0], [-33, 97], [-28, 44], [-23, 36], [-29, 35], [-47, 75], [-20, 36], [-62, 122], [-3, 88], [16, 45], [-1, 107], [0, 0], [-27, 73], [-67, 84], [-6, 68], [-4, 55], [3, 29], [1, 1], [0, 10], [-15, 31], [-116, 90], [-47, 12], [-28, -57], [-35, -41], [-22, -24], [-15, 2], [-10, 2], [-9, 58], [-12, 43], [-94, 115], [-20, -11], [-1, -1], [-34, -36], [-37, -24], [-34, -16], [-12, 19], [-60, 96], [-62, 40], [-21, -24], [-61, -77], [-16, -29], [-9, 7], [-70, 172], [5, 42], [-6, 60], [0, 0], [-5, 18], [-36, 35], [-22, 11], [-29, 56], [-54, 85], [-26, -43], [-12, -33], [-16, -11], [-31, -22], [-21, 5], [-45, 53], [-44, 62], [-47, 104], [-78, 30], [0, 0], [-42, -13], [-33, -68], [-52, -92], [-112, -135], [-46, 45], [-32, 10], [-99, -28], [-2, -1], [-72, -36], [-20, -18], [-5, -8], [-168, -243], [-1, -22], [0, 0], [3, -148], [29, -135], [73, -202], [32, -60], [42, -58], [60, -55], [23, -3], [20, 21], [0, 31], [44, 40], [38, -26], [20, -44], [19, -41], [38, -34], [21, 6], [1, 0], [25, 13], [9, 21], [35, -21], [43, -67], [3, -50], [-20, -72], [18, -111], [26, -42], [33, 3], [12, -48], [0, 0], [4, -54], [-1, -11], [-1, -4], [-12, -45], [-2, -71], [66, -214], [31, 4], [-6, -47], [-25, -51], [-185, -230], [-39, -26], [-20, -13], [-8, 10], [-24, 32], [-41, -30], [-51, -91], [-33, -69], [-1, -1], [-5, -25], [0, 0], [24, -65], [8, -151], [-16, -70], [-66, 31], [-23, 53], [-31, 57], [-47, 61], [-37, 22], [-26, -9], [-70, -28], [-93, -39], [-123, 0], [-45, -23], [-28, -57], [-35, -80], [-1, -2], [-30, -95], [-58, -210], [-12, -156], [-2, -53], [-2, -53], [0, -59], [0, -82], [7, -89], [-18, -1], [-53, 9], [-7, -123], [2, -44], [-9, -75], [-1, -5], [-4, -27], [-18, -7], [-27, -11], [-20, -27], [-11, -14], [-14, -29], [-6, -42], [-8, -145], [2, -49], [0, 0], [7, -153], [-11, -197], [-21, -72], [-19, -26], [-14, -12], [-32, 15], [-28, 7], [-27, 2], [-7, -5], [-47, -61], [-52, -66], [-7, -4], [-187, -78], [-11, -1], [-112, -5], [-61, 17], [-22, 25], [-13, -3], [-15, -5], [-48, -35], [-45, -39], [-137, -138], [8, -52], [9, -60], [0, -2], [1, -50], [-7, -59], [-25, -47], [-11, -62], [-3, -27], [-46, -10], [-47, 10], [-37, -11], [-39, -23], [-104, -64], [-51, -97], [-61, -126], [-118, -24], [-124, 162], [-1, 8], [-12, 59], [-16, 37], [-50, 32], [-25, 6], [-80, 24], [-113, 39], [-31, 14], [-17, 8], [-23, 68], [-28, 71], [-6, 10], [-41, 45], [-21, 17], [-40, 24], [-28, 74], [-49, 108], [-53, 86], [-20, 21], [-44, -49], [-49, -2], [-131, 56], [-59, 59], [-53, 96], [-78, 86], [-21, 18], [-11, -52], [-6, -48], [-105, -143], [-17, 19], [-5, 11], [-13, 28], [-47, -22], [-50, -25], [-39, -21], [-11, -10], [-16, -51], [-102, -32], [-18, 14], [-49, -19], [-38, -30], [-20, -16], [-10, -64], [-2, -15], [-21, -93], [-22, -6], [0, 0], [-21, 35], [-40, 65], [-20, 15], [-19, 37], [0, 0], [6, 92], [3, 29], [-6, 112], [-19, 58], [-10, 13], [-51, 37], [-67, 52], [-22, 64], [-11, 102], [-7, 58], [-66, 90], [0, 0], [14, 74], [26, 38], [4, 65], [-5, 78], [1, 40], [5, 47], [14, 70], [34, 40], [218, 208], [7, 2], [2, 2], [39, 45], [10, 41], [20, 83], [-16, 97], [-20, 116], [1, 6], [3, 15], [13, 74], [2, 17], [-12, 12], [-194, 173], [-21, -1], [-26, 18], [-18, 20], [-43, 53], [-10, 74], [-27, 169], [-5, 29], [-8, 45], [-12, 51], [-10, 11], [-35, 35], [-131, 130], [-101, 109], [-9, 24], [1, 23], [0, 0], [16, 16], [123, 82], [93, 64], [17, 13], [1, 4], [11, 24], [47, 111], [18, 150], [43, 53], [5, 6], [0, 81], [0, 9], [-2, 120], [-27, 43], [-9, 48], [-6, 61], [-1, 29], [-5, 105], [-37, 55], [-37, 19], [-187, 86], [-8, -11], [-27, -28], [-27, -23], [-42, 12], [-19, 7], [-54, 12], [-69, 10], [-25, -18], [-17, -5], [-79, -22], [-3, 38], [-15, 39], [-3, 9], [-90, 143], [-59, 87], [-51, 6], [-17, 15], [1, 17], [0, 1], [6, 55], [6, 21], [6, 21], [48, 98], [3, 4], [10, 12], [3, 2], [30, 24], [15, 11], [43, -4], [1, 0], [24, -24], [71, 12], [91, 60], [29, 28], [10, 40], [-3, 99], [5, 164], [7, 22], [68, 27], [14, -14], [14, -16], [27, -14], [106, -40], [17, -4], [34, 6], [2, 0], [22, 13], [20, 16], [16, 13], [4, 110], [-1, 38], [-8, 35], [-1, 64], [23, 165], [16, 105], [10, 66], [0, 1], [-2, 21], [-29, 45], [1, 117], [0, 8], [3, 29], [8, 108], [18, 158], [14, 47], [24, -13], [16, 62], [60, 21], [13, -26], [20, -58], [0, -1], [22, -13], [4, 3], [50, 46], [34, 36], [55, -49], [45, -22], [119, -14], [158, 34], [62, 24], [131, 73], [58, 128], [9, 59], [4, 12], [0, 2], [65, 120], [12, 5], [7, 3], [35, 10], [21, 5], [32, 17], [68, 45], [25, 25], [27, -9], [30, -44], [35, -6], [18, 15], [3, 4], [16, 34], [15, 37], [17, 52], [2, 32], [0, 122], [-10, 92], [-1, 41], [26, 194], [0, 0], [21, 73], [35, 44], [12, 11], [30, 18], [12, 10], [22, 29], [20, 48], [58, 138], [67, 25], [0, 0], [1, 1], [25, 52], [47, 106], [18, 141], [54, 206], [52, 43], [19, 8], [18, -12], [4, -3], [0, 0], [45, -15], [50, 18], [70, 80], [21, 27], [1, 0], [-3, 31], [-1, 33], [22, 105], [14, 44], [23, 30], [20, 62], [17, 81], [-4, 63], [-62, 167], [-11, 18], [-2, 61], [3, 86], [34, 37], [29, 28], [0, 0], [18, 48], [5, 139], [-5, 92], [-2, 1], [-33, 37], [-42, 87], [-23, 49], [-2, 110], [19, 30], [9, 16], [6, 11], [0, 1], [2, 2], [26, 54], [1, 2], [3, 7], [4, 12], [0, 2], [2, 7], [12, 83], [6, 63], [2, 19], [4, 28], [24, 161], [2, 14], [64, 286], [17, 30], [39, 61], [29, 49], [13, 35], [17, 47], [43, 150], [1, 8], [2, 11], [0, 2], [-4, 41], [-2, 10], [-1, 5], [-3, 11], [-12, 62], [32, 107], [27, 50], [23, 40], [0, 0], [44, 142], [10, 99], [1, 23], [-28, 15], [-10, 17], [0, 0], [28, 51], [33, 33], [23, 14], [25, -4], [-17, 58], [12, 53], [9, 21], [-3, 305], [-15, 110], [-18, 51], [-30, 81], [-26, 55], [-46, 120], [-3, 21], [-4, 38], [-2, 15], [0, 16], [-12, 104], [-19, 112], [-16, 43], [-10, 21], [-12, 13], [-38, 67], [0, 1], [-2, 5], [-10, 42], [-3, 19], [-1, 13], [0, 38], [20, 259], [12, 120], [41, 146], [26, 90], [-28, 96], [-50, 72], [0, 88], [2, 92], [0, 4], [-17, 14], [-18, 10], [-28, 13], [-33, -13], [0, 0], [-6, 157], [4, 33], [-2, 25], [0, 2], [-12, 150], [-21, 55], [-14, 34], [-1, 30], [0, 3], [28, 40], [30, 31], [30, 28], [13, 18], [30, 52], [2, 13], [0, 2], [2, 18], [8, 42], [19, 31], [0, 0], [28, -26], [23, -30], [16, -28], [11, -21], [4, -9], [2, -3], [7, -7], [39, -34], [7, -5], [5, -2], [2, -1], [5, -1], [97, -14], [8, 4], [7, 67], [-65, 87], [-29, 19], [-39, 60], [-25, 106], [1, 35], [22, 42], [18, 30], [0, 1], [1, 0], [5, 12], [5, 14], [13, 53], [1, 2], [1, 8], [-5, 57], [-1, 1], [-19, 14], [-4, 3], [-120, 149], [-12, 32], [6, 166], [5, 46], [7, 25], [26, 33], [87, 54], [2, 0], [22, -6], [6, -1], [37, 16], [33, 63], [105, 300], [0, 21], [1, 14], [3, 20], [3, 26], [14, 42], [17, 34], [31, 39], [14, 14], [28, 8], [8, 17], [9, 23], [2, 8], [11, 53], [-1, 35], [-1, 32], [-4, 6], [-3, 10], [-2, 10], [-1, 9], [0, 6], [0, 30], [3, 31], [1, 12], [7, 17], [10, 25], [9, 19], [1, 2], [16, 23], [5, 11], [1, 4], [7, 23], [8, 29], [7, 29], [4, 18], [0, 24], [0, 20], [0, 29], [-2, 26], [-1, 16], [-2, 18], [-1, 14], [-5, 17], [-53, 135], [-36, 148], [-27, 39], [-29, -20], [-19, -15], [0, -2], [-36, -39], [-1, 0], [-7, -2], [-8, -1], [-75, 3], [-11, 22], [-21, 82], [-11, 73], [-16, 110], [1, 30], [6, 35], [-14, 121], [-8, 23], [-25, 63], [-17, 5], [-12, -9], [-2, -1], [-5, -8], [0, 0], [-25, -5], [0, 0], [-21, 0], [-14, 0], [-42, 45], [-47, 157], [-2, 95], [31, 195], [29, 232], [-1, 105], [-1, 19], [0, 0], [-10, 16], [-5, 38], [7, 33], [23, 59], [14, 29], [5, 5], [15, 7], [1, 0], [5, 0], [5, 0], [22, -13], [8, -24], [109, 49], [22, 27], [17, 18], [14, 13], [59, -5], [9, -3], [25, -10], [8, -3], [7, 5], [46, 45], [-13, 82], [-52, 262], [-14, 50], [-14, 44], [-25, 48], [-22, 41], [-46, 81], [-9, 15], [-15, 5], [-14, -1], [-1, -2], [-28, -40], [-30, 9], [-29, 25], [13, 212], [43, 43], [60, 88], [3, 111], [2, 85], [6, 90], [28, 10], [40, 36], [88, 123], [8, 28], [2, 9], [0, 0], [20, 74], [13, 62], [4, 41], [116, 199], [66, 122], [12, 42], [4, 18], [0, 31], [-5, 34], [0, 3], [-11, 39], [-4, 33], [-5, 88], [2, 43], [114, 42], [23, -121], [8, -15], [68, -92], [18, -13], [0, 0], [166, -90]], [[34003, 66166], [11, -2], [0, 0], [131, 35], [36, 10], [18, 17], [12, 9], [18, -2], [28, -25], [19, -44], [70, -183], [1, -16], [-10, -51], [-8, -62], [0, -27], [11, -99], [33, -69], [15, -18], [43, -37], [33, -91], [7, -19], [-5, -17], [1, -79], [3, -52], [30, -102], [84, -217], [19, 10], [49, 39], [33, 154], [20, 104], [4, 54], [16, 34], [0, 0], [32, -15], [65, -182], [9, -56], [8, -9], [4, -2], [39, -4], [25, 26], [28, 42], [33, 67], [10, 11], [22, 20], [10, 2], [14, 0], [16, -9], [19, -13], [8, -5], [60, 26], [50, 27], [51, 32], [14, 12], [-8, -43], [-15, -37], [-7, -8], [-36, -35], [-28, -23], [-16, -43], [-41, -162], [40, -78], [143, -75], [23, 3], [21, 36], [81, -73], [35, -26], [116, 0], [51, 21], [27, 35], [8, 11], [40, 78], [5, 45], [-5, 18], [5, 16], [18, 41], [38, 76], [24, -6], [0, 0], [11, 3], [13, 22], [17, 54], [19, 189], [-19, 37], [15, 73], [17, 149], [-7, 69], [-11, 17], [0, 34], [6, 38], [27, 68], [139, 149], [-29, -112], [-15, -38], [-4, -94], [30, -44], [69, 52], [55, 48], [10, 5], [61, -42], [27, -24], [0, 0], [13, 0], [29, 70], [30, 76], [28, 29], [14, 12], [27, -9], [44, -36], [20, -25], [74, -227], [69, -215], [5, -71], [-2, -17], [-25, -17], [-63, 33], [-49, 45], [-4, 2], [-3, 2], [-6, 1], [-14, -12], [-1, -4], [-3, -20], [0, -3], [9, -25], [31, -40], [13, -37], [0, -5], [0, -21], [-2, -7], [-6, -16], [-17, -28], [-8, -14], [-26, -23], [-21, -8], [-9, -4], [-19, -9], [-12, -9], [-5, -6], [-4, -24], [1, -31], [0, -7], [5, -13], [19, -23], [24, -21], [-1, -6], [-4, -35], [-4, -10], [-18, -27], [-18, -33], [-14, -179], [0, -11], [14, -67], [2, -7], [9, -19], [26, -43], [2, -6], [5, -18], [-13, -53], [-51, -80], [-35, -52], [-21, -48], [-3, -6], [-28, -82], [12, -134], [23, -249], [22, -25], [38, -15], [101, -36], [53, 5], [18, 26], [21, 24], [61, 24], [44, -3], [28, -19], [17, -30], [7, -23], [-1, -23], [-1, -48], [-2, -15], [4, -35], [7, -21], [32, -53], [17, -24], [13, -9], [14, -27], [18, -45], [13, -51], [1, -1], [-5, -54], [-47, -107], [-8, -13], [-24, -106], [-45, -240], [11, -122], [-34, -145], [-8, -38], [11, -25], [42, -34], [42, -44], [7, -10], [17, -33], [3, -13], [1, -47], [-4, -32], [7, -30], [35, -113], [51, -52], [20, -26], [17, -43], [23, -98], [14, -91], [23, -53], [20, -21], [20, 5], [20, 1], [0, 0], [43, -19], [44, -22], [6, -12], [22, -42], [13, -89], [5, -61], [11, -15], [27, -19], [20, -19], [42, -79], [19, -75], [15, -86], [15, -109], [-31, -88], [-23, -50], [-7, -16], [-1, -38], [15, -40], [0, -43], [-34, -75], [-40, 0], [-38, 82], [-32, 59], [-17, 12], [-14, 5], [-43, -14], [-8, -15], [-105, -275], [-52, -150], [-7, -101], [-1, -35], [17, -60], [18, -55], [-7, -47], [-20, -52], [1, -99], [6, -41], [10, -39], [9, -51], [-6, -22], [-31, -81], [-26, -47], [-54, -61], [-20, 16], [-36, 52], [-45, -23], [-86, -53], [-14, -15], [-140, -153], [-19, -28], [-23, -33], [-2, -36], [-4, -20], [-60, -48], [-47, -32], [-23, -7], [28, -110], [2, -91], [-26, -165], [-23, -140], [12, -89], [11, -64], [4, -24], [-16, -108], [-22, -67], [18, -73], [19, -51], [71, -83], [95, -28], [25, -1], [0, 0], [29, 14], [54, -51], [35, -52], [23, -57], [55, -63], [50, -8], [0, 0], [48, 12], [42, 3], [0, 0], [26, -1], [13, -14], [0, -2], [-16, -48], [-27, -15], [-65, -123], [-27, -101], [-1, -55], [13, -32], [-25, -77], [-33, -36], [-6, -6], [-22, -17], [-7, -15], [-9, -122], [6, -71], [-8, -79], [-18, -139], [-6, -26], [-50, -217], [-24, -65], [-29, -58], [-74, -69], [-33, 8], [6, -180], [1, -26], [14, -29], [21, -50], [8, -28], [8, -111], [-2, -88], [-52, -119], [-30, -66], [-49, -17], [-43, -28], [-30, -52], [-12, -33], [-17, -81], [0, 0], [-46, 9], [-24, -10], [-9, -12], [-11, -44], [-19, -46], [-46, -85], [-58, -33], [-52, 17], [-39, 24], [-94, 22], [-5, -24], [-10, -19], [-59, -79], [-60, -55], [-30, -23], [-166, -141], [-58, -54], [-23, -3], [-7, 3], [-23, 11], [-13, -15], [-40, -55], [-13, -68], [13, -49], [-3, -80], [-15, -106], [-10, -23], [-12, -20], [-7, -29], [-5, -28], [0, -5], [-15, -209], [-1, -91], [19, -184], [21, -29], [26, 2], [27, 1], [27, -45], [10, -37], [6, -132], [39, -103], [37, -75], [17, -51], [16, -185], [4, -54], [2, -43], [0, 0], [-23, -15], [-25, -30], [-20, -52], [11, -49], [16, -18], [11, -25], [12, -37], [-7, -80], [-33, -75], [-17, -23], [-15, -17], [-80, -8], [0, 0], [-59, -8], [-1, 0], [-3, -2], [-11, -66], [-23, -210], [7, -57], [10, -45], [24, -65], [11, -308], [-9, -59], [-94, 0], [-114, -18], [-1, -205], [23, -35], [8, -35], [3, -41], [-23, -51], [-32, -52], [0, 0], [-26, 5], [0, 0], [-31, -50], [-20, -82], [-24, -102], [-18, -88], [9, -63], [5, -15], [89, -121], [59, -11], [44, 25], [15, 2], [0, 0], [61, -32], [41, -57], [26, -45], [14, -181], [-5, -96], [34, -74], [-3, -60], [2, -14], [18, -85], [47, -91], [29, -35], [1, -27], [-4, -56], [7, -65], [50, -10], [4, 0], [0, 0], [35, 13], [27, -6], [21, -14], [20, -20], [18, -106], [62, -79], [17, -97], [0, -59], [-25, 2], [-83, 2], [-21, -14], [-19, -82], [15, -52], [-8, -105], [-9, -120], [-12, -130], [8, -30], [27, -44], [3, -110], [1, -88], [-75, -99], [-63, -105], [-8, -60], [4, -16], [16, -17], [8, -53], [-9, -76], [-5, -37], [-13, -28], [-10, -65], [1, -47], [18, -110], [18, -59], [12, -32], [21, -21], [13, -28], [6, -38], [8, -165], [-5, -91], [-2, -46], [13, -16], [21, -24], [25, -9], [32, -13], [52, -164], [0, 0], [26, -131], [28, -131], [12, -54], [-33, -53], [-68, -38], [-101, 85], [-84, 87], [-62, 20], [-37, -25], [-131, 108], [-8, 6], [-10, -38], [-2, -28], [-2, -40], [1, -40], [5, -36], [4, -16], [-6, -21], [-43, -155], [-27, -145], [-8, -123], [3, -37], [3, -40], [3, -10], [1, -4], [10, -6], [20, -16], [52, -227], [-46, -88], [-15, -23], [3, -25], [6, -12], [22, -51], [-8, -68], [-20, -19], [-1, -1], [-140, 64], [-15, 17], [-13, 70], [13, 40], [8, 86], [-4, 26], [-3, 24], [-54, 177], [-13, 16], [-37, 33], [-37, 7], [-114, 67], [-64, 62], [-5, -1], [-18, -9], [-9, -6], [-10, -11], [-42, -52], [-62, -1], [-19, 2], [-28, 10], [-3, 21], [-106, 81], [-41, -1], [-17, -8], [-18, -65], [-4, -40], [-12, -39], [-2, -6], [-10, -21], [-12, 12], [-16, 29], [-26, 90], [-26, 99], [-8, 37], [-75, 127], [-21, 12], [-4, 3], [0, 0], [-120, 15], [-4, -1], [-41, -11], [-25, -14], [-44, -53], [-14, -23], [-7, -11], [-8, -21], [-23, -12], [-65, -35], [-23, -6], [-17, -4], [-46, 3], [-44, -17], [-17, -21], [-20, -44], [-26, -32], [-35, -32], [0, 0], [-43, -8], [-39, -13], [-44, -43], [0, 0], [-42, 12], [-8, 2], [-61, 26], [-74, -95], [-16, -5], [0, 0], [-22, 1], [-95, 47], [-62, 56], [-18, -3], [-80, -7], [-58, 94], [-22, 54], [8, 30], [10, 24], [11, 26], [10, 83], [1, 50], [0, 1], [-42, 150], [0, 0], [-22, -5], [0, 0], [-22, 45], [-1, 51], [35, 80], [2, 2], [7, 15], [24, 34], [26, 56], [13, 49], [-6, 42], [-37, 1], [0, 0], [-14, 34], [-60, 165], [43, 129], [24, 10], [4, 1], [26, 50], [2, 20], [-15, 173], [-14, 60], [-38, 140], [-28, 39], [-15, 16], [-7, 5], [-1, 1], [-1, 0], [-62, 26], [-22, -20], [-38, 68], [-78, 128], [-3, 0], [-66, -9], [0, 0], [-87, 65], [-19, 18], [-12, 19], [-53, 131], [-17, 45], [5, 74], [0, 0], [-27, -13], [-34, -18], [-12, -30], [-57, -63], [-64, -30], [-17, 35], [-111, 10], [-132, 8], [-40, 0], [-112, -1], [-98, -39], [-7, -8], [-4, -4], [-25, -19], [-18, -6], [-112, -19], [-38, -2], [0, 0], [-22, 3], [-5, 1], [-47, 23], [-111, 238], [-5, 63], [-8, 102], [-6, 31], [-32, 89], [-10, 26], [-9, 18], [-15, 31], [-16, 32], [-26, 23], [-21, 7], [-25, -8], [-21, -19], [-99, 119], [-1, 3], [-18, 72], [3, 28], [0, 100], [-15, 216], [-50, 172], [-37, 143], [-42, 162], [4, 1], [46, 12], [14, 58], [-29, 183], [0, 0], [-36, -1], [-16, -2], [0, 0], [-43, 11], [-159, 100], [-11, 27], [1, 14], [6, 27], [-1, 53], [-21, 39], [-70, 130], [-161, 50], [-61, -31], [-10, -30], [-5, -1], [0, 0], [-156, 22], [-166, 90], [0, 0], [-18, 13], [-68, 92], [-8, 15], [-23, 121], [-114, -42], [0, 0], [0, 0], [-13, 57], [-2, 204], [7, 65], [-21, 123], [-21, 64], [-38, 174], [-6, 50], [-1, 15], [15, 18], [6, 13], [8, 14], [11, 72], [1, 17], [-2, 37], [-26, 324], [-42, 163], [-41, 23], [-32, 24], [-12, 17], [-10, 35], [2, 74], [6, 89], [0, 252], [-2, 43], [8, 132], [13, 61], [30, 120], [13, 63], [6, 92], [-14, 22], [-32, 50], [-23, 39], [-23, 108], [6, 97], [48, 173], [17, 41], [33, 13], [14, 19], [2, 4], [14, 20], [23, 50], [-1, 3], [-15, 88], [-6, 95], [-11, 162], [-37, 39], [0, 0], [-34, 0], [-29, 38], [-12, 27], [-15, 63], [-2, 9], [-7, 56], [28, 97], [24, 14], [36, 32], [-27, 63], [-16, 29], [-30, 97], [-22, 70], [16, 78], [11, 31], [35, 16], [21, 26], [8, 46], [22, 216], [-24, 200], [-23, 97], [-10, 26], [18, 59], [-8, 32], [-4, 14], [-2, 4], [3, 36], [13, 36], [51, 53], [68, 76], [2, 19], [1, 62], [-18, 206], [-32, 79], [-11, 22], [-8, 20], [-8, 27], [-3, 20], [13, 44], [1, 2], [0, 0], [23, 43], [0, 0], [33, 139], [45, 192], [8, 95], [13, 148], [-6, 89], [-24, 33], [-12, 6], [-11, 7], [-38, 146], [12, 50], [6, 100], [3, 83], [-91, 175], [-20, 23], [-25, 11], [-25, 4], [-25, 17], [-47, 187], [1, 5], [5, 61], [40, 46], [27, 105], [7, 57], [7, 68], [3, 124], [0, 23], [0, 20], [-2, 6], [-4, 7], [-1, 2], [-4, -1], [-2, 3], [-7, 20], [-1, 47], [7, 19], [11, 6], [3, 2], [-4, 57], [-7, 145], [17, 151], [16, 52], [-26, 63], [-39, 54], [-42, 75], [-95, 189], [5, 302], [9, 96], [7, 59], [27, 15], [24, 8], [40, 26], [0, 13], [0, 72], [48, 72], [86, 42], [56, 14], [12, 7], [0, 0], [6, 18], [17, 48], [77, 69], [48, -10], [9, -9], [43, -21], [88, 7], [28, 31], [38, 60], [23, 52], [119, 80], [29, 12], [5, 2], [0, 0], [35, 0], [15, -3], [0, 0], [34, -56], [1, 0], [7, -5], [185, 163], [160, 132], [22, 84], [10, 52], [-8, 56], [14, 42], [25, 66], [18, 19], [82, 41], [89, 43], [11, 6], [36, 63], [2, 11], [1, 4], [6, 53], [12, 76], [53, 130], [55, 116], [91, 78], [79, 164], [68, 114], [18, 71], [2, 54], [11, 102], [36, 45], [137, 92], [2, -2], [49, -4], [107, -25], [11, -15], [30, -39], [16, -43], [56, 82], [25, 37], [47, 79], [18, 36], [25, 35], [12, 14], [17, 14], [33, 122], [7, 0], [23, -6], [5, -5], [23, -25], [3, -3], [18, -9], [4, 0], [77, 30], [8, 7], [51, 56], [18, 21], [28, 68], [13, 45], [6, 38], [-5, 10], [2, 54], [21, 77], [10, 24], [16, 41], [19, 44], [26, 16], [55, 46], [24, 32], [92, 152], [43, 82], [20, 48], [9, 9], [12, 12], [29, 22], [0, 0], [2, 1], [44, 9], [9, 14], [45, 108], [13, 31], [6, 18], [19, 73], [32, 132], [16, 71], [2, 17], [2, 23], [0, 7], [1, 22], [-1, 17], [-3, 63], [67, 100], [22, 6], [7, 10], [7, 8], [3, 16], [3, 76], [-1, 11], [-4, 38], [-3, 24], [3, 31], [12, 78], [9, 55], [87, 95], [72, 117], [3, 9], [33, 98], [1, 5], [0, 5], [0, 5], [-2, 5], [-2, 4], [-1, 0], [-11, 30], [-5, 17], [-1, 12], [0, 8], [3, 6], [13, 11], [21, 16], [21, 3], [0, 0], [132, -5], [118, -9], [43, -1], [14, 5], [46, 14], [20, 39], [5, 17], [5, 16], [28, 118], [0, 1], [0, 7], [2, 8], [2, 4], [0, 0], [7, -5], [15, -25], [22, -38], [14, -40], [3, -12], [26, -44], [17, -9], [77, -19], [34, 24], [36, 37], [7, 80], [1, 71], [-3, 14], [-19, 25], [27, 47], [63, 69], [52, 5], [41, -28], [77, -76], [13, -6], [14, -6], [122, -40]], [[36298, 55677], [27, -10], [33, 12], [63, -26], [43, -60], [20, -23], [60, -20], [9, 1], [10, 3], [22, 34], [23, 19], [151, 114], [9, -2], [35, -65], [69, -47], [51, -26], [90, -44], [23, 17], [29, 15], [44, 7], [49, -10], [91, -74], [45, -37], [39, -26], [42, 23], [39, 28], [84, 31], [19, -2], [55, -27], [14, -31], [25, -81], [10, -67], [6, -49], [2, -16], [11, -15], [85, -45], [60, -20], [76, -34], [25, -24], [13, -34], [17, -14], [88, -42], [34, 0], [41, -15], [25, -13], [38, -45], [30, -63], [12, -35], [10, -69], [40, -81], [1, 1], [25, 21], [42, 63], [5, 10], [30, 91], [19, 96], [21, 68], [52, 123], [98, 100], [109, 31], [81, 82], [148, 150], [43, 35], [43, 31], [62, -116], [6, -29], [63, -73], [13, 24], [13, 19], [60, 47], [26, 7], [43, -11], [17, -5], [25, -29], [-18, -34], [-2, -18], [-4, -84], [12, -68], [6, -13], [30, -18], [13, -8], [2, -1], [11, 5], [73, -4], [130, -121], [69, -105], [17, -75], [-1, -27], [51, -52], [16, -4], [68, -42], [76, -86], [-10, -57], [-10, -32], [-9, -31], [4, -39], [9, -53], [24, -77], [10, -19], [36, -28], [8, -6], [4, -3], [17, -8], [14, -4], [0, -29], [-2, -7], [-7, -15], [-22, -44], [-29, -14], [-6, -5], [-41, -43], [-5, -5], [-6, -8], [-7, -12], [-10, -23], [-2, -5], [0, 0], [-2, -9], [-9, -75], [-3, -26], [-1, -18], [-1, -17], [-2, -20], [0, -18], [0, -17], [1, -15], [1, -18], [2, -21], [2, -38], [2, -86], [-1, -11], [-1, -43], [0, -11], [-1, -2], [-1, -11], [-1, -7], [-59, -187], [-37, -82], [-2, -6], [-3, -8], [-2, -6], [-16, -93], [0, -2], [-1, -3], [0, -3], [-1, -4], [0, -3], [-2, -20], [0, -3], [0, -7], [-1, -106], [0, -59], [0, -6], [0, -1], [0, -3], [1, -4], [0, -2], [12, -115], [23, -195], [17, -110], [16, -93], [18, -61], [1, 0], [1, -1], [1, -1], [3, -25], [1, -2], [8, -76], [0, -4], [3, -56], [1, -3], [-5, -71], [0, -2], [-19, -140], [-7, -7], [0, 0], [-9, 2], [-3, 0], [-3, 0], [-3, 0], [-3, 0], [-4, -2], [-19, -9], [0, 0], [-1, 0], [-1, -1], [-5, -3], [-8, -7], [0, 0], [-2, -1], [-1, -1], [0, 0], [-2, -1], [0, -1], [-2, -3], [-4, -3], [0, -1], [0, 0], [-1, 0], [-9, -13], [0, 0], [-1, 0], [0, -1], [-1, -2], [-1, 0], [0, -2], [-5, -8], [-4, -6], [-5, -10], [-1, -2], [-1, -2], [0, -1], [0, 0], [0, -1], [-4, -10], [0, 0], [0, 0], [0, -1], [0, 0], [-14, -59], [-1, 0], [0, -1], [0, 0], [0, -1], [0, -1], [-1, -5], [0, 0], [0, -4], [0, 0], [0, -3], [0, 0], [-1, -33], [1, -59], [0, -1], [0, 0], [0, -1], [6, -89], [0, -4], [5, -53], [1, -3], [1, -6], [11, -77], [25, -166], [25, -123], [10, -45], [5, -21], [56, -210], [24, -79], [20, -60], [18, -48], [75, -188], [0, -1], [0, -1], [27, -57], [84, -183], [53, -86], [10, 2], [2, 0], [2, -1], [24, -19], [2, -4], [33, -68], [13, -104], [121, -84], [0, -1], [1, -1], [0, -1], [1, -4], [0, -5], [0, -11], [-1, -1], [0, -1], [-3, -3], [0, 0], [-2, -1], [-2, 0], [-4, 1], [-13, 6], [-1, 1], [-13, 17], [-10, 15], [-5, 6], [-4, 5], [-4, 3], [-11, 8], [-16, 8], [-42, -82], [6, -30], [34, 5], [1, 0], [12, 8], [7, 6], [14, -7], [98, -153], [25, -64], [18, -48], [10, -109], [3, -87], [-16, -33], [-20, -114], [-1, -5], [-2, -28], [0, -2], [0, -2], [0, -2], [0, -1], [12, -35], [12, -20], [11, -18], [1, -19], [-24, -219], [-12, -64], [0, -2], [0, -3], [0, -3], [17, -68], [5, -54], [-3, -64], [-7, -41], [-1, -4], [0, -6], [14, -118], [3, -9], [15, -49], [9, -46], [2, -7], [1, -4], [3, -6], [1, -3], [3, -7], [3, -25], [2, -48], [-5, -41], [-2, -107], [0, -1], [0, -1], [0, 0], [0, -1], [0, -1], [0, -2], [0, -1], [0, 0], [0, -1], [0, -1], [0, 0], [0, -3], [0, -1], [0, 0], [0, -2], [0, -1], [0, -1], [0, -1], [0, -1], [0, -1], [0, -4], [0, -1], [0, -2], [0, 0], [3, -21], [0, 0], [2, -6], [3, -7], [2, -2], [1, -3], [7, -6], [7, -6], [0, 0], [0, 0], [2, 1], [23, -73], [26, -117], [3, -70], [0, -1], [-1, -9], [-1, -5], [-10, -20], [-9, -7], [0, -2], [0, 0], [1, -18], [0, -2], [0, -1], [0, -1], [0, 0], [0, -2], [0, 0], [0, -2], [1, -13], [0, -3], [1, -3], [3, -4], [0, 0], [0, 0], [0, 0], [1, -1], [0, -1], [0, 0], [0, 0], [0, -1], [0, 0], [2, -11], [0, -5], [-1, -2], [0, -2], [-3, -11], [-3, -13], [-5, -31], [0, -24], [0, -2], [1, -7], [1, -4], [2, -3], [0, 0], [52, 21], [58, -18], [18, -12], [87, -58], [2, -3], [2, -3], [0, -2], [0, -4], [0, -5], [0, -1], [-2, -3], [-2, -2], [-4, 0], [-4, 1], [-62, 18], [-9, 12], [-12, 7], [-8, 5], [-2, -2], [-4, -6], [-45, -117], [3, -17], [2, -13], [11, -22], [1, 0], [13, -9], [0, -1], [24, 0], [0, 0], [9, 4], [5, 5], [0, 0], [-7, 35], [-5, 26], [3, 9], [7, 23], [84, -4], [1, -1], [4, -9], [1, -4], [0, -1], [4, -38], [1, -12], [0, -1], [0, -1], [0, 0], [0, 0], [-18, -79], [0, -3], [-1, -3], [-35, -45], [0, 0], [-18, -17], [0, 0], [-4, -2], [-1, 0], [0, 0], [-1, 0], [-23, 21], [-2, 5], [0, 2], [0, 3], [-1, 4], [-2, 0], [-6, -1], [0, 0], [-6, -3], [-1, -1], [0, 0], [0, 0], [-1, -1], [0, 0], [-3, -2], [0, 0], [-5, -5], [0, 0], [-1, -1], [-1, -1], [-1, -1], [0, -1], [0, 0], [0, 0], [-1, 0], [-8, -13], [0, -1], [-2, -2], [0, -1], [-10, -19], [-1, -1], [0, -1], [-3, -6], [-3, -8], [-3, -12], [-7, -32], [-1, -8], [-1, -8], [-6, -101], [0, -1], [0, 0], [0, -25], [0, -1], [0, 0], [0, -3], [2, -49], [5, -24], [1, 0], [0, -1], [1, 0], [0, 0], [0, -1], [0, 0], [2, -106], [0, -2], [0, -8], [0, -3], [-5, -27], [0, -1], [-21, -82], [-15, -41], [-22, -62], [0, 0], [-1, -12], [0, -18], [8, -85], [11, -50], [-6, -23], [-2, -7], [-3, -4], [0, -2], [-28, -46], [-11, -16], [-6, -8], [0, -1], [-181, -180], [-17, -14], [-16, -44], [-16, -49], [-1, -8], [-2, -14], [-6, -215], [0, -1], [0, -3], [2, -11], [32, -164], [11, -48], [0, -1], [0, -2], [1, -1], [1, -2], [1, -1], [3, -4], [0, -1], [1, -1], [4, -4], [1, 0], [0, -1], [6, -3], [1, 0], [1, 0], [0, 0], [2, 1], [0, 0], [1, 0], [1, -1], [0, 0], [0, -1], [1, -1], [4, -15], [16, -66], [-2, -36], [-1, -1], [0, -2], [0, -1], [-1, -1], [-1, -2], [1, -3], [6, -21], [13, -52], [5, -33], [9, -87], [-8, -186], [-24, -178], [-26, -243], [0, -1], [0, -12], [0, -1], [0, -1], [18, -142], [1, -1], [0, -2], [5, -28], [0, -1], [1, -2], [1, -1], [5, -8], [5, -31], [5, -86], [0, -1], [0, -3], [-21, -123], [-19, -96], [-32, -88], [-19, -74], [-2, -73], [-1, -38], [0, -15], [0, 0], [0, -5], [32, -234], [0, -1], [7, -23], [21, -47], [12, -83], [0, -2], [5, -79], [0, -15], [0, -62], [-5, -40], [-31, -117], [-20, -55], [-16, -38], [-23, -93], [-16, -63], [-9, -38], [-22, -116], [0, -2], [-7, -134], [1, -73], [-15, -94], [-1, -2], [-1, -4], [-1, -3], [-50, -118], [-90, -160], [-50, -172], [-51, -44], [-16, -6], [-1, 0], [-1, -1], [-12, -9], [-7, -5], [-1, -1], [-1, -1], [-1, -1], [-5, -7], [-1, -2], [-1, -1], [-1, -1], [-2, -3], [-1, -1], [0, -2], [-1, -2], [-6, -15], [-1, -1], [-9, -33], [0, -2], [-35, -160], [-1, -29], [-19, -62], [-14, -41], [0, 0], [-77, -126], [-1, -2], [-1, -1], [-1, 0], [-14, -3], [-5, 0], [-1, 0], [0, 0], [-1, 0], [0, 0], [-1, 1], [0, 1], [-1, 1], [0, 1], [0, 1], [0, 2], [0, 1], [0, 1], [0, 1], [0, 1], [0, 1], [1, 0], [0, 1], [0, 0], [1, 0], [0, 0], [0, 0], [1, 0], [0, 0], [0, 0], [0, -1], [0, 0], [17, 3], [1, 1], [2, 1], [0, 1], [4, 17], [2, 12], [0, 6], [0, 0], [0, 0], [-28, 12], [-11, 3], [-9, -2], [-23, -44], [-6, -12], [-1, -2], [-6, -15], [-5, -14], [0, -2], [-6, -23], [-11, -87], [-3, -25], [0, -10], [-4, -47], [-4, -72], [-1, -38], [-1, -35], [-34, -103], [-13, -36], [0, -1], [-16, -41], [-2, -3], [0, -1], [-1, -2], [-6, -8], [-4, -5], [0, -1], [-1, -1], [-5, -8], [0, -1], [-1, -2], [-1, -1], [-1, -2], [-1, -2], [-14, -33], [-13, -30], [-11, -27], [-7, -19], [-37, -118], [-12, -71], [-29, -89], [-5, 1], [-9, -1], [0, 0], [-6, -3], [-2, -1], [-1, -1], [-1, -1], [-1, -1], [-1, 0], [-1, -1], [0, -1], [-1, -1], [-1, -1], [-1, -1], [-1, -2], [-3, -7], [-1, -1], [0, -1], [-1, -1], [-24, -62], [-3, -11], [-6, -20], [-2, -8], [0, -2], [-11, -97], [2, -81], [8, -62], [5, -13], [2, -6], [1, -6], [1, -9], [1, -3], [0, -7], [0, -3], [0, -5], [0, -3], [-1, -7], [0, -3], [-1, -3], [-25, -82], [-34, -74], [-28, 28], [-3, -3], [-59, -101], [-6, -10], [-6, -12], [-4, -10], [-3, -9], [-3, -10], [-12, -63], [0, -2], [-1, -4], [0, -11], [0, -28], [0, -3], [0, -4], [0, -4], [8, -75], [0, -3], [3, -20], [2, -11], [1, -3], [2, -7], [3, -11], [0, -4], [1, -6], [2, -71], [-44, -223], [-11, -23], [-28, -23], [-20, 5], [-1, 1], [-1, -1], [-2, -2], [-3, -2], [-3, -3], [-4, -7], [-7, -16], [-22, -53], [-2, -8], [-1, -3], [0, -2], [-1, -3], [-1, -11], [-1, -8], [-1, -4], [0, -6], [-20, -221], [-1, -36], [-13, -41], [-34, -110], [0, -1], [-1, -1], [0, -2], [0, -2], [0, -2], [-3, -51], [0, -6], [1, -13], [0, -4], [3, -41], [2, -18], [16, -131], [8, -55], [10, -59], [1, -5], [1, -5], [1, -4], [14, -43], [6, -109], [-14, -129], [-6, -29], [-14, 35], [-1, 0], [-24, -29], [-2, -2], [-2, -13], [-5, -31], [1, -114], [1, -13], [9, -45], [15, -199], [-6, -78], [-6, -24], [-17, -33], [-2, -4], [-2, -3], [-2, -2], [-4, -4], [-3, -3], [-2, -2], [-3, -5], [-4, -5], [-3, -4], [-3, -5], [-3, -8], [-3, -6], [-2, -9], [-1, -11], [-1, -13], [0, -12], [0, -7], [1, -6], [1, -11], [1, -2], [0, -1], [0, 0], [0, -2], [2, -5], [0, 0], [0, -1], [0, 0], [0, -1], [5, -32], [4, -32], [-4, -13], [0, 0], [0, 0], [0, 0], [1, -1], [7, -16], [11, -16], [4, -9], [5, -27], [1, -9], [0, 0], [0, 0], [0, -4], [0, 0], [-4, -36], [-2, -2], [0, 0], [0, 0], [0, 0], [0, -1], [0, 0], [0, -1], [0, 0], [-1, 0], [0, -1], [0, 0], [0, 0], [0, -1], [0, 0], [0, -3], [0, -1], [1, -1], [0, -1], [0, -2], [0, -1], [0, 0], [0, -1], [1, -4], [0, 0], [0, -1], [0, 0], [0, 0], [0, 0], [1, -1], [0, 0], [0, 0], [0, 0], [11, -18], [4, -7], [8, -96], [-6, -22], [-12, -8], [-3, 2], [-1, 0], [-1, 0], [-9, -29], [0, -3], [-1, -2], [0, -3], [-4, -97], [0, -2], [0, -3], [0, -3], [0, -3], [1, -6], [0, -2], [0, -5], [1, -3], [0, -3], [1, -3], [0, -2], [1, -2], [1, -1], [1, 0], [1, -1], [1, -1], [4, 0], [2, 0], [0, 0], [1, 1], [6, 5], [1, 4], [0, 1], [1, 1], [1, 0], [1, -1], [5, -9], [6, -35], [0, 0], [1, -4], [0, 0], [0, -1], [-1, 0], [0, -1], [0, 0], [0, 0], [-2, -4], [0, 0], [0, 0], [0, -1], [0, 0], [0, 0], [-3, -2], [0, 0], [0, -1], [-5, -4], [0, 0], [-1, 0], [0, 0], [0, -1], [0, 0], [-1, 0], [0, 0], [-1, 1], [0, 0], [0, 0], [0, 0], [0, 0], [0, 0], [-23, -50], [0, 0], [1, 0], [0, -1], [0, 0], [1, 0], [1, -1], [0, 0], [4, -3], [0, -1], [0, 0], [0, 0], [0, 0], [8, -11], [0, -7], [0, 0], [1, -3], [0, 0], [0, 0], [0, -1], [-4, -62], [0, 0], [0, 0], [-1, -6], [-3, -17], [0, -1], [-4, -18], [0, 0], [0, 0], [-21, -23], [-6, -4], [-14, 12], [-28, -1], [0, 0], [0, 0], [0, 0], [0, 0], [0, 0], [-2, -1], [0, 0], [0, -1], [0, 0], [0, 0], [-1, 0], [0, -1], [0, 0], [0, 0], [-10, -18], [-2, -5], [-1, -6], [-2, -6], [-1, -5], [-5, -43], [0, -6], [0, -6], [2, -31], [0, -8], [6, -75], [1, -11], [1, -8], [16, -98], [1, -8], [4, -16], [2, -11], [2, -9], [2, -8], [58, -242], [1, -2], [7, -13], [0, 0], [0, -1], [1, 0], [0, -1], [0, 0], [0, 0], [0, 0], [2, -2], [0, 0], [0, 0], [1, 0], [0, 0], [0, 0], [0, 1], [0, 0], [1, 0], [0, 1], [0, 0], [1, 0], [0, 1], [0, 0], [0, 1], [0, 0], [3, 4], [4, 6], [0, 0], [0, 1], [0, 0], [1, 0], [0, 0], [4, 0], [0, 0], [10, 1], [1, 0], [1, 0], [0, 0], [0, 0], [1, -1], [0, 0], [0, 0], [1, 0], [0, 0], [0, 0], [0, 0], [0, -1], [11, -17], [21, -119], [0, -1], [0, 0], [0, -1], [-29, -64], [-1, -3], [-3, -4], [-20, -33], [-23, -31], [-1, 0], [-3, 1], [-1, 1], [-1, 0], [0, 0], [-8, -9], [-28, -59], [-16, -52], [-3, -10], [0, -2], [0, -2], [0, -7], [0, -5], [1, -9], [1, -17], [1, -4], [3, -25], [-70, -26], [-4, 0], [-14, -1], [-11, 2], [-18, 5], [-110, 36], [-9, 3], [0, 1], [-19, 16], [-15, 12], [-130, 134], [-17, 20], [-86, 46], [-7, 2], [-12, 2], [-9, 0], [-7, 0], [-9, -2], [-3, -1], [-3, -3], [-2, -3], [-27, -47], [-11, -32], [-21, -29], [-39, -12], [-77, -24], [-9, 1], [-10, 1], [-74, -70], [-43, -74], [-22, -32], [-15, -7], [-13, 5], [-5, 6], [-10, 11], [-24, 41], [-36, 50], [-10, 9], [-14, -11], [-1, -1], [-17, -26], [-18, -28], [-31, -6], [-72, -3], [-9, 0], [-13, 4], [-129, 88], [-105, 60], [-71, 67], [-58, -21], [-86, -107], [-41, -62], [-15, -6], [-84, -4], [-20, 45], [-44, 109], [-31, 124], [-72, 60], [-48, 40], [-108, 202], [-1, 51], [0, 0], [-19, 78], [-12, 39], [-10, 25], [-48, 79], [-20, 81], [31, 133], [-30, 249], [0, 0], [-23, 56], [-14, 75], [5, 58], [54, 29], [54, 44], [43, 105], [13, 38], [2, 214], [28, 8], [47, 32], [25, 22], [22, 33], [22, 49], [11, 46], [-8, 74], [-4, 106], [-2, 84], [3, 173], [24, 21], [1, 9], [-4, 116], [-23, 118], [-63, 113], [-61, 31], [-54, 66], [-18, 64], [-56, 119], [-24, 82], [-1, 4], [-27, 0], [-11, -3], [-40, -83], [-27, -79], [-4, -16], [-22, -13], [-156, -95], [-44, 35], [-15, 17], [-36, 66], [-21, 89], [0, 0], [-4, 8], [-48, -60], [0, -30], [16, -99], [10, -42], [0, 0], [1, -23], [-2, -40], [0, -11], [-56, -256], [-82, 8], [-71, 54], [-37, 45], [-70, 45], [-62, -37], [-42, -77], [-17, 76], [-22, 68], [23, 58], [8, 20], [30, 78], [26, 98], [0, 14], [-2, 62], [-18, 26], [-1, 12], [-5, 50], [3, 74], [21, 83], [4, 15], [9, 74], [-15, 63], [-3, 12], [-54, 63], [-36, 47], [-19, 29], [-28, 68], [-13, 38], [-51, 65], [-43, 45], [-35, 2], [-9, -18], [-20, -21], [-18, -11], [-77, -28], [-54, -19], [-155, 7], [-32, 29], [-78, 87], [18, 87], [-3, 45], [-8, 41], [-29, 50], [-4, 8], [-18, 24], [-11, 10], [-17, 23], [-1, 2], [0, 1], [-8, 23], [-11, 101], [1, 99], [-1, 93], [-25, 51], [-27, 19], [-17, 6], [-9, 6], [-16, 18], [-3, 149], [0, 39], [8, 43], [9, 18], [19, 68], [10, 126], [0, 49], [-4, 36], [39, 137], [78, 164], [8, 13], [20, 17], [23, 12], [15, 18], [54, 95], [2, 4], [-9, 105], [-17, 68], [-85, 65], [-34, -7], [-7, 14], [-36, 95], [-1, 8], [53, 261], [13, 22], [84, 122], [40, 54], [-11, 72], [-13, 34], [-16, 33], [0, 0], [-22, 2], [-64, 41], [-146, 193], [-7, 23], [-6, 43], [-10, 35], [-21, 67], [-74, 37], [-9, 146], [3, 116], [-2, 51], [-22, 233], [-22, 65], [-75, 174], [-16, 31], [-6, 7], [-25, 28], [-5, 6], [-40, 89], [-6, 19], [-14, 92], [-1, 2], [-26, 24], [-36, -1], [-30, 55], [-69, -17], [-57, -30], [-8, -8], [-26, -46], [-25, -28], [-68, -59], [-35, 20], [16, 44], [-1, 23], [-7, 22], [-26, 29], [-36, 12], [-46, 16], [-58, 25], [-32, 24], [-70, 57], [-103, 128], [-32, 73], [-57, 316], [14, 55], [5, 106], [2, 59], [-37, 96], [-32, 81], [-131, 188], [1, 74], [13, 32], [15, 103], [-8, 28], [-83, 229], [-50, 96], [-7, 9], [-36, 26], [-66, 131], [-5, 24], [-3, 24], [7, 63], [-22, 72], [-25, 74], [-18, 47], [-29, 103], [-9, 69], [23, 26], [31, 16], [26, 8], [-9, 225], [-1, 11], [32, 180], [47, 273], [3, 20], [-20, 40], [-22, 31], [-18, 34], [-3, 212], [17, 56], [2, 6], [44, 43], [39, 13], [43, 8], [0, 0], [35, 32], [26, 32], [20, 44], [17, 21], [44, 17], [46, -3], [17, 4], [23, 6], [65, 35], [23, 12], [8, 21], [7, 11], [14, 23], [44, 53], [25, 14], [41, 11], [4, 1], [120, -15], [0, 0], [4, -3], [21, -12], [75, -127], [8, -37], [26, -99], [26, -90], [16, -29], [12, -12], [10, 21], [2, 6], [12, 39], [4, 40], [18, 65], [17, 8], [41, 1], [106, -81], [3, -21], [28, -10], [19, -2], [62, 1], [42, 52], [10, 11], [9, 6], [18, 9], [5, 1], [64, -62], [114, -67], [37, -7], [37, -33], [13, -16], [54, -177], [3, -24], [4, -26], [-8, -86], [-13, -40], [13, -70], [15, -17], [140, -64], [1, 1], [20, 19], [8, 68], [-22, 51], [-6, 12], [-3, 25], [15, 23], [46, 88], [-52, 227], [-20, 16], [-10, 6], [-1, 4], [-3, 10], [-3, 40], [-3, 37], [8, 123], [27, 145], [43, 155], [6, 21], [-4, 16], [-5, 36], [-1, 40], [2, 40], [2, 28], [10, 38], [8, -6], [131, -108], [37, 25], [62, -20], [84, -87], [101, -85], [68, 38], [33, 53], [-12, 54], [-28, 131], [-26, 131], [0, 0], [-52, 164], [-32, 13], [-25, 9], [-21, 24], [-13, 16], [2, 46], [5, 91], [-8, 165], [-6, 38], [-13, 28], [-21, 21], [-12, 32], [-18, 59], [-18, 110], [-1, 47], [10, 65], [13, 28], [5, 37], [9, 76], [-8, 53], [-16, 17], [-4, 16], [8, 60], [63, 105], [75, 99], [-1, 88], [-3, 110], [-27, 44], [-8, 30], [12, 130], [9, 120], [8, 105], [-15, 52], [19, 82], [21, 14], [83, -2], [25, -2], [0, 59], [-17, 97], [-62, 79], [-18, 106], [-20, 20], [-21, 14], [-27, 6], [-35, -13], [0, 0], [-4, 0], [-50, 10], [-7, 65], [4, 56], [-1, 27], [-29, 35], [-47, 91], [-18, 85], [-2, 14], [3, 60], [-34, 74], [5, 96], [-14, 181], [-26, 45], [-41, 57], [-61, 32], [0, 0], [-15, -2], [-44, -25], [-59, 11], [-89, 121], [-5, 15], [-9, 63], [18, 88], [24, 102], [20, 82], [31, 50], [0, 0], [26, -5], [0, 0], [32, 52], [23, 51], [-3, 41], [-8, 35], [-23, 35], [1, 205], [114, 18], [94, 0], [9, 59], [-11, 308], [-24, 65], [-10, 45], [-7, 57], [23, 210], [11, 66], [3, 2], [1, 0], [59, 8], [0, 0], [80, 8], [15, 17], [17, 23], [33, 75], [7, 80], [-12, 37], [-11, 25], [-16, 18], [-11, 49], [20, 52], [25, 30], [23, 15], [0, 0], [-2, 43], [-4, 54], [-16, 185], [-17, 51], [-37, 75], [-39, 103], [-6, 132], [-10, 37], [-27, 45], [-27, -1], [-26, -2], [-21, 29], [-19, 184], [1, 91], [15, 209], [0, 5], [5, 28], [7, 29], [12, 20], [10, 23], [15, 106], [3, 80], [-13, 49], [13, 68], [40, 55], [13, 15], [23, -11], [7, -3], [23, 3], [58, 54], [166, 141], [30, 23], [60, 55], [59, 79], [10, 19], [5, 24], [94, -22], [39, -24], [52, -17], [58, 33], [46, 85], [19, 46], [11, 44], [9, 12], [24, 10], [46, -9], [32, -7], [31, -20], [24, -33], [4, -7], [7, -17], [19, -32], [39, -43]], [[29933, 13914], [-2, -51], [-12, -126], [-47, -149], [-45, -114], [-35, -20], [-35, -54], [-5, -37], [-12, -122], [-1, -44], [4, -41], [-3, -77], [-7, -22], [-28, -35], [-20, -11], [-7, -1], [-4, 0], [-12, -26], [-19, -68], [-5, -85], [-16, -204], [-2, -22], [-48, -179], [-111, -358], [-97, -195], [-48, -73], [-10, -35], [-4, -13], [43, -129], [32, -59], [24, -78], [1, -6], [10, -38], [0, -4], [-1, -17], [0, -7], [-14, -113], [-7, -27], [-6, -27], [2, -114], [11, -166], [43, -78], [50, -97], [-22, -136], [-26, -63], [-26, -60], [-117, -151], [-123, 23], [-85, 23], [-48, -63], [-113, -29], [-3, -1], [-4, -1], [-5, -2], [14, -57], [9, -32], [24, -77], [11, -24], [-26, -115], [-10, -1], [-35, -10], [-11, -31], [-39, -255], [11, -28], [2, -6], [3, -9], [-6, -19], [-22, -66], [-21, -129], [24, -85], [18, -31], [24, -37], [28, -49], [25, -47], [1, -15], [2, -53], [-23, -190], [-21, -135], [-25, -163], [0, -65], [7, -3], [25, -8], [30, -16], [65, -52], [5, -15], [40, -125], [-2, -55], [0, -13], [-1, -10], [-1, -23], [38, -59], [81, -117], [25, -31], [27, -43], [43, -109], [17, -49], [38, -122], [0, -1], [21, -68], [42, -29], [14, -8], [18, -9], [17, -8], [1, -1], [55, -44], [0, -13], [0, -92], [-15, -75], [-2, -11], [11, -121], [8, -11], [16, -21], [96, -149], [21, -130], [21, -237], [3, -46], [-8, -168], [-4, -70], [81, -4], [147, -115], [24, -29], [109, -99], [11, -8], [77, -29], [45, 35], [75, 80], [115, 68], [39, 44], [35, 68], [46, 9], [26, 2], [3, -18], [30, -238], [-45, -356], [-24, -119], [-19, -217], [2, -46], [50, -305], [39, -140], [28, -59], [33, -86], [16, -50], [12, -144], [0, -81], [4, -72], [13, -53], [81, -235], [11, -25], [-20, -70], [-24, -143], [-9, -70], [-3, -22], [-4, -43], [-7, -38], [-8, -42], [-13, -54], [-65, -186], [-66, -122], [-16, -64], [-2, -20], [-7, -37], [-14, -15], [-22, -7], [-124, 100], [-36, 32], [-11, 11], [-41, 65], [-6, 13], [-45, -16], [-95, -51], [-6, -6], [-14, -47], [-19, -84], [-17, -82], [-15, -55], [-30, -44], [-51, -50], [-51, -46], [-58, -41], [-33, -36], [-70, -95], [-54, -88], [-28, -74], [-6, -40], [-58, -113], [-74, -112], [-73, -67], [-68, -56], [-19, -23], [-48, -62], [-21, -39], [-25, -50], [-101, -20], [-73, 43], [-41, 95], [-127, 101], [-87, 42], [-96, 40], [-48, 3], [-30, 11], [-32, 11], [-7, 17], [2, 40], [6, 3], [12, 30], [3, 89], [-7, 73], [-90, 133], [-35, 13], [-49, 83], [-45, 145], [-27, 109], [-111, 85], [-136, 164], [-10, 3], [-84, 29], [-174, 51], [-24, 4], [-65, 75], [-67, 31], [-216, 87], [-54, -32], [-58, -74], [-34, -38], [-84, -87], [-99, -143], [-103, -94], [-136, -103], [-77, -23], [-38, 13], [-62, 145], [0, 11], [10, 58], [-8, 32], [-82, 75], [-63, -51], [-44, -39], [-42, -69], [-12, -194], [-25, -345], [-26, -96], [-21, -75], [-45, -16], [-48, -91], [-7, -72], [-40, -159], [-36, -126], [-21, -38], [-24, -14], [-26, -15], [-62, -76], [-95, -263], [-34, -180], [-1, -13], [-53, -114], [-176, -267], [-51, -32], [-37, 70], [-136, 273], [-17, 47], [-31, 32], [-180, -29], [-63, -33], [-20, -18], [-24, -57], [-86, -84], [-201, -191], [-17, -11], [-16, -3], [-70, 7], [-44, 18], [-16, -2], [-24, -11], [-15, -16], [-5, -7], [-4, -5], [-10, -21], [-13, -28], [-13, -96], [4, -56], [-12, -167], [-4, -45], [-23, -106], [-92, -251], [-3, -7], [-21, -46], [-41, -91], [-23, -30], [-65, -87], [-26, -33], [-24, -15], [-30, -16], [-69, 8], [-166, 45], [-120, 35], [-11, 8], [-76, 55], [-62, -61], [-119, -45], [-49, -15], [-23, 11], [-22, 15], [-17, 19], [-8, 21], [-35, 78], [-11, 5], [-61, 7], [-13, -13], [-21, 10], [-19, 11], [-22, 20], [-110, 142], [-74, 104], [-72, 58], [-28, -21], [-30, -18], [-76, -22], [-107, 94], [-4, 14], [-52, 133], [-17, 38], [-15, 4], [-35, -8], [-50, -34], [-6, -7], [-87, -103], [-44, -48], [-14, 29], [-10, 21], [-39, 26], [-35, -10], [-41, -15], [-6, -3], [-11, -5], [-40, -16], [-12, -3], [-26, -7], [-52, 4], [-98, 139], [-5, 17], [-17, 21], [-30, 31], [-5, 3], [-3, 0], [-28, 25], [-20, 37], [-22, 178], [0, 65], [-20, 133], [-39, 93], [0, 30], [-58, 58], [-41, 29], [-90, -7], [-138, -8], [-43, 34], [-56, 35], [-42, -12], [0, 0], [-12, -17], [-23, -35], [-26, -28], [-138, -27], [-9, 13], [-16, 35], [-34, 58], [-71, 80], [-21, 13], [-48, 9], [-23, -42], [-32, -38], [-8, -8], [-77, -77], [-66, -39], [-17, -9], [-6, 0], [-22, 0], [-21, 1], [-28, -31], [-24, -90], [-55, -124], [-28, -4], [-41, -7], [-25, -69], [7, -43], [-20, -85], [-33, 15], [-79, 61], [-19, 53], [-11, 9], [-39, -15], [-9, -6], [-24, -24], [-22, -34], [-1, -12], [-1, -9], [-39, -18], [-62, -16], [-33, 11], [-111, -54], [-21, -36], [-12, -23], [-11, -40], [-8, -15], [-219, -72], [-72, -8], [-8, 4], [-39, 28], [-30, 26], [-92, 80], [-34, 38], [-34, 45], [-1, 1], [-12, 20], [-59, 17], [-26, 2], [-8, -1], [-18, -4], [-66, 53], [-17, 13], [-57, 62], [-20, 24], [-201, 238], [-12, 17], [-6, 27], [-4, 22], [-2, 23], [-1, 55], [-22, 119], [-43, 66], [-13, 100], [-5, 54], [-47, -1], [-21, -18], [-29, 5], [-76, 26], [-29, 28], [-5, 10], [-12, 38], [-27, 127], [-7, 33], [6, 43], [-2, 166], [-4, 166], [-47, 60], [-78, 54], [-14, 5], [-24, -10], [-20, -21], [-17, 18], [-36, 65], [-48, 72], [-20, 22], [-8, 8], [-35, 30], [-40, 21], [-16, 5], [-14, 4], [-13, 8], [-96, 101], [-3, 3], [-7, 10], [-6, 22], [-2, 12], [-8, 144], [-1, 12], [32, 148], [9, 31], [8, 39], [-1, 34], [-20, 212], [-33, 191], [-16, 77], [-14, 81], [37, 226], [39, 132], [4, 172], [-15, 280], [-13, 61], [-4, 14], [-30, 38], [-20, 5], [-35, 3], [-14, -7], [-5, -2], [-18, 5], [-4, 3], [-2, 1], [-1, 1], [-13, 21], [-4, 7], [-3, 10], [-4, 57], [-1, 10], [-42, 241], [-46, 217], [-1, 8], [0, 105], [43, 89], [9, 20], [20, 167], [6, 99], [-4, 0], [48, 16], [-9, 107], [-2, 122], [35, 113], [25, 70], [9, 41], [13, 72], [-12, 55], [-57, 91], [18, 206], [32, 129], [-34, 91], [-29, 97], [-19, 121], [-13, 42], [-17, 40], [-8, 13], [-7, 10], [-5, 15], [-15, 49], [27, 23], [32, 15], [9, 13], [19, 53], [45, 84], [124, 77], [88, 49], [19, 7], [18, 9], [16, 7], [34, 85], [28, 81], [23, 38], [117, 145], [15, 16], [63, 60], [62, 40], [15, 9], [26, 4], [32, 41], [13, 46], [36, 163], [9, 65], [4, 37], [8, 13], [22, 32], [46, 9], [25, -40], [9, -29], [69, -53], [22, 2], [51, 50], [65, 63], [100, 94], [46, -17], [20, -47], [18, -51], [17, -49], [2, -8], [10, -36], [98, -141], [12, -13], [42, 38], [20, 21], [48, 146], [-7, 42], [10, 35], [24, 6], [10, 0], [55, -20], [38, -10], [40, 0], [41, 6], [59, 41], [25, 27], [34, 47], [39, -4], [3, -1], [79, -20], [36, -82], [5, -149], [-9, -76], [12, -35], [8, -21], [6, -19], [3, -31], [-9, -36], [-19, -23], [-19, -11], [-22, -40], [-21, -40], [-28, -58], [-5, -44], [0, -23], [67, -120], [1, 0], [34, -20], [29, -62], [14, -35], [9, -31], [18, -97], [-1, -41], [-5, -23], [-26, -41], [-33, -50], [-8, -20], [-2, -42], [-1, -160], [2, -16], [87, -193], [20, -27], [11, -14], [26, -35], [0, -84], [104, -28], [12, 53], [54, 69], [93, 99], [11, 6], [101, -24], [41, -10], [10, -17], [27, 0], [50, 21], [79, 40], [67, 59], [12, 62], [14, 106], [151, 120], [41, 70], [7, 35], [6, 22], [24, 74], [89, 78], [80, 55], [69, -62], [107, -20], [6, 1], [19, 76], [2, 7], [39, 23], [42, 11], [43, -4], [36, -5], [32, -5], [89, 26], [7, 17], [1, 24], [-1, 6], [-2, 17], [-4, 25], [-4, 77], [-1, 29], [2, 14], [46, 75], [21, 30], [22, 18], [25, 26], [58, 82], [10, 15], [10, 21], [5, 23], [20, 97], [-1, 103], [-14, 43], [-27, 43], [-29, 56], [1, 83], [4, 22], [20, 25], [49, 81], [38, 68], [46, 13], [63, -36], [23, 8], [63, 23], [23, -5], [-12, -53], [-1, -69], [0, -54], [1, -53], [24, -95], [24, -39], [80, -124], [33, -47], [22, -28], [34, -105], [12, -42], [7, -22], [17, -70], [58, -278], [4, -60], [119, -19], [9, -10], [9, -12], [36, -37], [15, -5], [13, -3], [53, 15], [24, 18], [38, 30], [72, -10], [12, -3], [29, -23], [28, -30], [15, -52], [1, -3], [11, -49], [5, -54], [12, -97], [32, -212], [17, -41], [10, -22], [110, -135], [20, -23], [17, -20], [19, -17], [227, -198], [21, -6], [95, -23], [16, 7], [10, 5], [2, 1], [20, 7], [9, 4], [54, 11], [64, 8], [0, 0], [1, 1], [6, 8], [7, 29], [10, 140], [1, 71], [-1, 1], [-3, 9], [-5, 10], [-23, 32], [-13, 19], [-32, 46], [10, 48], [3, 40], [13, 228], [0, 41], [0, 16], [-6, 51], [8, 42], [37, 49], [76, 93], [16, 3], [11, 3], [71, 88], [12, 15], [2, 75], [-1, 39], [-9, 34], [-2, 32], [0, 31], [15, 57], [13, 41], [22, 44], [70, 69], [16, 9], [14, -3], [25, 2], [83, 25], [43, 38], [27, 63], [-41, 80], [-3, 18], [59, 245], [43, 140], [4, 9], [5, 8], [38, 18], [49, 4], [60, -5], [27, -13], [22, 1], [20, 8], [13, 8], [13, 40], [39, 43], [5, -16], [11, -14], [3, -2], [48, -12], [30, -3], [4, 0], [20, -13], [22, -34], [22, -59], [59, -124], [41, 18], [7, 13], [14, 22], [11, 13], [65, 73], [37, -14], [23, -17], [7, -5], [2, -2], [24, -28], [17, -21], [40, -39], [101, -79], [25, -9], [6, -4], [35, 24], [55, 46], [22, 23], [52, 161], [0, 12], [0, 26], [1, 16], [3, 23], [9, 12], [35, -3], [30, -19], [20, -34], [28, -29], [149, -123], [124, -7], [24, 22], [27, 26], [80, 85], [36, 64], [31, 60], [1, 2], [8, 54], [2, 57], [-46, 218], [-11, 23], [-35, 33], [-7, 61], [5, 44], [4, 35], [22, 15], [24, 16], [3, 2], [37, -13], [8, -6], [11, -19], [1, -8], [3, -23], [25, -30], [4, -5], [98, 95], [-1, 30], [1, 2], [4, 13], [7, 9], [4, 5], [28, -14], [24, -36], [55, -116], [11, -61], [1, -34], [4, -40], [8, -17], [123, -192], [17, -19], [65, 32], [10, 6], [34, 40], [87, 73], [35, 1], [13, 0], [67, 75], [9, 10], [66, 111], [9, 14], [7, 13], [2, 14], [1, 6], [-9, 78], [-1, 70], [3, 19], [30, 145], [9, 39], [15, 63], [30, -5], [41, -61], [13, -26], [86, -431], [-11, -41], [-6, -25], [5, -67], [20, -85], [16, -51], [27, -83], [9, -14], [3, -4], [5, -5], [34, 19], [20, 16], [15, 21], [2, 26], [-20, -4], [-23, -2], [-2, 1], [-22, 32], [-5, 11], [-1, 4], [-2, 16], [2, 18], [2, 12], [2, 8], [12, 45], [14, 29], [6, 10], [18, 28], [12, -6], [2, -8], [0, -1], [0, -4], [2, -24], [1, 0], [10, 8], [14, 12], [1, 2], [11, 13], [59, 102], [34, 59], [4, 33], [2, 22], [5, 39], [4, 21], [24, 51], [8, -3], [67, -10], [5, 2], [78, 36], [26, 14], [35, 17], [20, 35], [33, 35], [14, 1], [21, 1], [15, -2], [12, -11], [95, -50], [-1, 9], [-2, 36], [23, 21], [32, 31], [22, 34], [29, 144], [-6, 33], [0, 14], [7, 19], [50, 120], [15, 32], [10, 23], [32, 97], [7, 47], [-4, 28], [-9, 28], [-3, 43], [53, 166], [58, 160], [42, 66], [-23, 107], [-25, 46], [-3, 43], [8, 45], [8, 39], [2, 9], [9, 38], [30, 8], [58, 98], [34, 120], [16, 225], [1, 18], [2, 28], [21, 105], [23, 32], [18, 21], [20, -17], [24, -9], [16, 2], [13, 83], [12, 115], [-17, 53], [-25, 141], [-11, 68], [-12, 73], [13, 91], [3, 8], [12, 29], [28, 64], [25, 79], [1, 6], [2, 14], [17, 86], [-2, 46], [-3, 40], [1, 32], [28, 149], [10, 50], [6, 13], [22, 36], [30, 44], [10, 29], [-6, 86], [-6, 18], [96, 223], [56, 11], [33, 14], [11, 4], [19, 18], [109, -45], [35, -52], [65, -23], [46, -2], [88, 22], [69, 53], [2, 3], [10, 28], [45, 133], [127, 127], [34, 28], [67, 48], [7, 3], [17, 8], [67, 14], [22, -10], [3, 1], [16, 6], [44, 34], [180, 130], [44, 32], [36, -88], [-6, -14], [-7, -23], [0, 0], [-1, -12], [-3, -40]], [[14513, 14404], [47, -20], [176, 0], [350, -6], [123, -7], [20, -15], [59, -46], [84, -12], [216, -38], [50, -26], [30, -16], [37, -20], [60, -6], [54, -5], [46, -5], [50, -5], [129, -63], [118, -111], [15, -15], [63, -67], [21, -23], [37, -39], [131, -81], [22, -14], [53, -9], [3, 3], [-4, -58], [94, -245], [6, -8], [7, -9], [3, -4], [24, -33], [5, -3], [22, -16], [36, -25], [107, -77], [9, -70], [13, -77], [1, -7], [11, -54], [7, -84], [3, -32], [2, -35], [2, -76], [1, -19], [-1, -31], [-1, -81], [-1, -46], [-1, -12], [-4, -92], [-1, -21], [0, 0], [-29, 25], [-13, -28], [-1, -2], [0, 0], [-7, -14], [-21, -43], [-47, -98], [-4, -6], [-85, -118], [-25, -36], [-3, -3], [-9, -7], [22, -93], [-34, -31], [-8, -5], [-23, -18], [-15, -7], [-210, -4], [-298, 7], [-213, 2], [-2, 1], [0, 86], [0, 78], [-488, 3], [-6, 0], [0, -13], [0, -103], [0, -38], [-6, -6], [-7, -5], [-37, 0], [-64, 0], [-9, 0], [0, -14], [-1, -151], [-52, 0], [-16, 0], [-14, 0], [-5, -11], [-8, -18], [-19, -39], [-9, -19], [-5, -88], [-60, -7], [-44, -142], [-90, -321], [-28, -103], [-20, -75], [-32, -167], [-2, -30], [-2, -23], [-3, -15], [-7, -43], [-4, -17], [-8, -38], [-6, -19], [-12, -44], [-17, -49], [-14, -28], [-13, -26], [-5, -10], [-15, -26], [-7, -14], [-15, -27], [-23, -43], [-14, -26], [-11, -22], [-13, -35], [-18, -47], [-12, -32], [-10, -29], [-8, -23], [-48, -167], [-81, -256], [-22, -76], [-3, -27], [-2, -28], [0, -21], [4, -17], [6, -18], [9, -21], [3, -4], [47, -104], [40, -89], [53, -164], [12, -46], [22, -54], [24, -32], [24, -32], [69, -81], [7, -8], [17, -14], [53, -43], [330, -314], [85, -91], [66, -77], [70, -76], [17, -30], [9, -20], [20, -37], [9, -19], [112, -162], [25, -35], [26, -35], [32, -41], [17, -52], [17, -63], [4, -21], [7, -32], [2, -18], [3, -31], [19, -255], [6, -75], [0, -120], [-1, -46], [0, -47], [-6, -64], [-15, -111], [-14, -43], [-5, -14], [-2, -3], [-1, -4], [-7, -13], [-16, -33], [-164, -286], [-55, -75], [-2, -2], [-5, -4], [-6, -8], [-12, -10], [-43, -25], [-33, -19], [-91, -18], [-21, -3], [-57, -7], [-149, 94], [-223, 127], [-123, 37], [-118, 18], [-11, 1], [-37, 3], [-63, 7], [-51, 21], [-61, 37], [-30, 19], [-52, 46], [-67, 57], [-174, 118], [-79, 40], [-71, 24], [-24, -8], [-28, -24], [-35, -37], [-74, -143], [-12, -24], [-2, -47], [-6, -185], [1, -99], [13, -113], [4, -36], [2, -16], [4, -27], [20, -138], [4, -18], [5, -29], [22, -117], [11, -51], [7, -35], [16, -79], [19, -70], [5, -19], [4, -13], [3, -9], [19, -53], [6, -18], [6, -14], [36, -97], [14, -35], [14, -38], [31, -79], [250, -452], [19, -31], [17, -25], [18, -29], [214, -313], [114, -141], [92, -114], [24, -34], [125, -211], [36, -114], [16, -51], [35, -329], [4, -53], [2, -31], [4, -51], [2, -31], [-2, -22], [-11, -94], [-3, -22], [-1, -14], [-119, -250], [-15, -52], [-13, -45], [-22, -61], [-11, -29], [-15, -41], [-90, -203], [-8, -17], [-11, -23], [-12, -25], [-245, -216], [-55, -27], [-21, -10], [-46, -22], [-26, -48], [-15, -33], [-50, 42], [-41, 34], [-60, 51], [-24, -2], [-9, 81], [-6, 84], [-8, 147], [-22, 314], [-2, 26], [-3, 32], [-4, 23], [-2, 22], [-10, 57], [-12, 61], [-23, 108], [-4, 21], [-5, 21], [-11, 44], [-43, 170], [-11, 34], [-4, 14], [-10, 32], [-38, 105], [-2, 7], [-11, 27], [-2, 6], [-40, 94], [-1, 2], [-11, 21], [-8, 16], [-4, 6], [-53, 71], [-20, 24], [-10, 1], [-112, -20], [-47, -44], [0, -1], [-15, -19], [-34, -8], [-61, 8], [-16, 16], [-4, 6], [-26, 54], [-37, 42], [-108, 65], [-12, 5], [-22, -22], [-12, -27], [-1, -1], [0, 0], [-24, -29], [-8, -7], [-31, -5], [-37, -6], [-8, 11], [-44, 75], [-43, 87], [-3, 5], [-19, 33], [-33, 35], [-154, 113], [-43, 28], [-91, 57], [-5, 3], [-32, -6], [-57, -18], [-105, 62], [-10, -97], [-16, -111], [-19, -69], [-109, 41], [-45, 34], [-40, 14], [-174, 0], [-39, -9], [-4, -1], [0, 0], [-3, -2], [-20, -29], [-14, -41], [-4, -29], [4, -16], [1, -6], [0, -1], [6, -50], [0, -8], [-14, -48], [-8, -23], [-14, -16], [-62, -9], [-179, -81], [-23, -15], [-13, -10], [-30, -27], [-12, -39], [-16, -16], [-20, -17], [-17, 34], [-17, 45], [-5, 25], [0, 11], [0, 1], [-5, 24], [-10, 32], [-14, 44], [-22, 40], [-157, 148], [-26, 4], [-32, 19], [-110, 145], [-9, 17], [-4, 10], [-10, 40], [-1, 2], [-23, 1], [-32, -10], [-9, -7], [-134, -204], [0, -32], [4, -58], [14, -137], [15, -101], [1, 0], [0, -31], [-1, -9], [0, -1], [-28, -103], [-15, -52], [-6, -13], [-40, -25], [-107, -24], [-14, 5], [-41, 68], [-9, 13], [-14, 19], [-26, 2], [-88, -42], [-24, -31], [-18, -7], [-155, 40], [-31, 15], [-20, 16], [-4, 27], [-10, 30], [-27, 60], [-92, 2], [-25, -1], [-24, -2], [-4, -1], [-6, -5], [-8, -4], [-59, 11], [-18, 42], [-19, 48], [3, 4], [2, 53], [-4, 38], [-2, 14], [-19, 65], [-44, 87], [-3, 6], [-22, 10], [-107, 199], [-73, 76], [-74, 56], [-13, 6], [-45, -22], [-51, -19], [-19, -2], [-23, 11], [-69, -5], [-5, -4], [-5, -3], [0, -1], [-72, -88], [-11, -10], [-33, -21], [-9, -5], [-132, -67], [-17, 0], [-32, 4], [-59, 36], [-32, 55], [-21, 95], [5, 39], [16, 44], [20, 46], [16, 23], [-11, 149], [-5, 44], [-5, 25], [-14, 44], [-9, 37], [0, 22], [5, 69], [10, 29], [60, 209], [18, 37], [28, 26], [55, 17], [37, -5], [137, -21], [116, -19], [7, 1], [4, 4], [4, 9], [78, 172], [32, 164], [4, 10], [112, 5], [25, -22], [63, 18], [107, 68], [39, 46], [-9, 18], [-4, 27], [19, 52], [3, 5], [2, 1], [2, 3], [6, 2], [7, 2], [50, -11], [2, -1], [14, -15], [13, -13], [57, 10], [-14, 57], [-10, 44], [-4, 22], [-24, 251], [-1, 25], [-1, 41], [1, 4], [0, 1], [1, 5], [24, 89], [8, 23], [5, 8], [0, 2], [5, 21], [2, 10], [2, 15], [1, 21], [0, 16], [0, 11], [-2, 15], [-25, 248], [-4, 29], [0, 2], [-1, 4], [-9, 31], [-1, 3], [-3, 7], [-13, 26], [-11, 22], [-4, 10], [-3, 8], [-30, 130], [-1, 65], [0, 15], [7, 33], [0, 1], [9, 16], [2, 3], [2, 3], [1, -2], [13, 9], [1, 1], [2, 2], [7, 24], [5, 15], [6, 29], [2, 16], [-1, 26], [-7, 235], [0, 7], [-7, 79], [-23, 206], [-59, 215], [-42, 128], [-6, 12], [-1, 5], [-1, 54], [4, 12], [9, 33], [10, 34], [6, 26], [5, 18], [2, 65], [1, 37], [0, 0], [-9, 22], [-65, 81], [-13, 2], [-11, 2], [-8, -3], [-4, 8], [-4, 13], [-33, 227], [-30, 210], [-3, 18], [-3, 10], [-19, 40], [-9, 19], [-19, 30], [-2, 4], [-3, 11], [15, 85], [4, 20], [-34, 53], [-15, 22], [-5, 6], [-24, 24], [-3, 3], [-3, 1], [-4, -1], [-26, 9], [-52, 32], [-20, 26], [-13, 26], [-11, 19], [-63, 60], [-2, 2], [-29, 28], [-46, 26], [-62, 37], [-9, 8], [-64, 62], [-111, 149], [-49, 174], [-33, 139], [-3, 16], [3, 77], [45, 276], [5, 9], [2, 4], [24, 45], [27, 23], [20, 14], [44, 36], [80, 156], [55, 116], [101, 86], [11, 7], [7, 25], [-14, 113], [-32, 169], [-7, 27], [-12, 38], [-11, 31], [-4, 8], [-61, 152], [-2, 5], [-49, -9], [-111, 112], [-30, 34], [-71, 234], [-1, 68], [5, 45], [2, 12], [58, 235], [52, 83], [26, 41], [33, 43], [178, 129], [36, 16], [34, 5], [5, 0], [17, -12], [48, -17], [43, 9], [85, 32], [3, 6], [2, 6], [46, -33], [41, 4], [74, -30], [21, -44], [27, -43], [52, -52], [17, -6], [22, -7], [37, -9], [23, -4], [8, 1], [56, 12], [46, 10], [53, 26], [9, 2], [30, -67], [60, -223], [9, -38], [1, -341], [-2, -73], [-1, -26], [-2, -4], [-5, -29], [-4, -25], [0, -12], [20, -51], [30, -27], [14, -8], [13, -24], [2, -4], [9, -36], [3, -11], [3, -22], [-3, -5], [-1, 0], [-4, -15], [8, -141], [5, -19], [137, -163], [59, -66], [12, 0], [26, 1], [11, 10], [45, 2], [87, -32], [15, -9], [6, -6], [33, -72], [16, -46], [73, -113], [24, -10], [105, -32], [15, -4], [35, 5], [41, 5], [3, 0], [25, -1], [6, -19], [14, -35], [15, -17], [5, -3], [18, -2], [17, 3], [9, 41], [-20, 70], [-14, 65], [10, 64], [-6, 104], [-4, 24], [-7, 28], [-8, 75], [4, 11], [23, 18], [33, 1], [26, 10], [115, 72], [30, 52], [12, 78], [21, 38], [38, 37], [8, -4], [19, -11], [7, -4], [43, -31], [42, -52], [37, -51], [3, -4], [21, -32], [16, -21], [1, -2], [9, -12], [19, 28], [3, 34], [-3, 50], [27, 92], [28, 27], [9, 67], [-17, 105], [-19, 138], [-7, 132], [5, 31], [6, 8], [12, 25], [12, 34], [15, 87], [3, 29], [5, 55], [-1, 5], [-23, 86], [-2, 4], [-10, 19], [0, 0], [-2, 1], [0, 4], [-3, 32], [-4, 39], [-4, 77], [11, 74], [8, 219], [2, 72], [5, 59], [8, 67], [9, 22], [11, 30], [12, 24], [6, 9], [9, 3], [13, -2], [146, 26], [23, -17], [80, -42], [41, 1], [156, -235], [42, -68], [21, -57], [40, -114], [89, -85], [30, -15], [19, -19], [8, -17], [6, -44], [4, -15], [7, -24], [103, 3], [32, 7], [19, 42], [5, 15], [19, 30], [19, 17], [105, -47], [13, -6], [12, -7], [64, -57], [-2, -23], [-3, -29], [2, -35], [6, -44], [19, -46], [21, -19], [46, -14], [52, -56], [11, -13], [24, -44], [28, -62], [31, -62], [30, -54], [1, -1], [25, -24], [23, -18], [75, -154], [14, -44], [0, 0], [8, -23], [68, -24], [41, -2], [57, 26], [37, 37], [31, 27], [40, 25], [26, 8], [5, -4], [33, -48], [32, -30], [36, -24], [70, -18], [22, -15], [12, -15], [34, -38], [40, -42], [61, -43], [19, -10], [12, 1], [34, 22], [10, 13], [3, 8], [10, 22], [7, 37], [13, 159], [2, 47], [1, 61], [-2, 50], [-1, 119], [25, 74], [5, 21], [5, 75], [-7, 37], [-4, 14], [-14, 69], [-5, 55], [-4, 299], [15, 19], [35, -2], [38, -6], [40, 6], [11, 4], [68, 123], [32, 131], [8, 42], [-1, 45], [-3, 38], [-7, 72], [-3, 18], [-35, 162], [-20, 59], [3, 39], [2, 21], [-30, 84], [-10, 16], [-20, 21], [-16, 17], [23, 42], [20, 26], [139, 113], [54, 5], [114, -5], [78, -2], [38, 5], [13, 13], [-5, 101], [-35, 42], [-24, 28], [-50, 289], [-7, 54], [-10, 11], [-11, 17], [-8, 82], [0, 10], [26, 56]], [[10917, 24303], [14, -4], [41, 5], [175, 39], [16, 21], [87, 96], [5, 1], [43, 4], [4, -10], [15, -41], [46, -76], [44, -42], [66, 14], [136, -6], [14, -1], [3, 0], [130, -31], [13, -10], [42, -31], [80, -17], [63, -3], [37, -43], [15, -24], [0, 0], [28, -66], [14, -19], [40, -33], [24, 35], [4, -135], [38, -164], [28, -95], [38, -56], [12, -22], [34, -176], [53, 1], [44, -48], [4, -4], [44, -22], [23, 9], [8, 46], [27, -5], [49, -17], [100, -66], [9, -40], [-4, -9], [-6, -55], [34, -190], [95, -175], [45, -49], [-5, -32], [-57, -137], [-16, -13], [-22, -4], [-26, -10], [-4, -36], [-1, -8], [6, -118], [12, -75], [-21, -107], [-13, -80], [15, -109], [40, -41], [5, -6], [4, -20], [2, -41], [2, -76], [-1, -51], [-13, -44], [-13, -62], [0, -6], [2, -204], [12, -52], [14, -47], [30, -90], [51, -100], [15, -101], [9, -57], [9, -84], [32, -46], [3, -4], [107, -104], [54, 21], [71, -67], [30, -60], [56, -24], [98, -45], [48, -32], [1, -1], [0, -32], [-3, -19], [-7, -26], [0, -7], [0, -43], [9, -149], [32, -50], [50, -76], [-1, -3], [-14, -49], [-2, -9], [-37, -121], [-2, -10], [35, -97], [2, -5], [49, -93], [22, -40], [54, -146], [25, -76], [33, -15], [33, 14], [16, 19], [6, 8], [60, 27], [85, 7], [57, 4], [8, -18], [48, -85], [27, -45], [16, -7], [21, -63], [10, -56], [6, -38], [-10, -57], [-5, -14], [-9, -22], [-11, -23], [7, -40], [24, -88], [87, -152], [13, -4], [26, -6], [35, -7], [45, 9], [35, 2], [20, -9], [42, -34], [20, -26], [67, -47], [154, -31], [19, 28], [90, 86], [21, -5], [18, -5], [16, 2], [10, 1], [3, 2], [31, 29], [0, 0], [5, -17], [5, -18], [2, -9], [8, -38], [55, -575], [3, -41], [4, -60], [0, -20], [0, -26], [-5, -178], [-15, -289], [-16, -264], [-1, -3], [-3, -22], [-13, -165], [0, -2], [-1, -16], [6, -27], [1, -4], [0, -2], [1, -4], [7, -28], [9, -35], [1, -5], [4, -12], [4, -14], [0, -1], [0, 0], [0, -1], [1, -1], [2, -7], [9, -40], [4, -42], [2, -113], [0, -79], [4, -129], [-4, -38], [-1, -9], [-21, -135], [-8, -30], [-5, -15], [-9, -20], [-4, -11], [-6, -11], [-9, -24], [-10, -33], [-30, -126], [-101, -425], [-27, -217], [-4, -23], [-13, -77], [-10, -45], [-5, -14], [-27, -73], [-4, -9], [-9, -23], [-3, -5], [-10, -20], [-8, -17], [-10, -29], [-11, -42], [-17, -76], [-15, -157], [-3, -82], [-1, -127], [0, -215], [1, -33], [1, -33], [74, -77], [0, -10], [8, -82], [11, -17], [10, -11], [7, -54], [50, -289], [24, -28], [35, -42], [5, -101], [-13, -13], [-38, -5], [-78, 2], [-114, 5], [-54, -5], [-139, -113], [-20, -26], [-23, -42], [16, -17], [20, -21], [10, -16], [30, -84], [-2, -21], [-3, -39], [20, -59], [35, -162], [3, -18], [7, -72], [3, -38], [1, -45], [-8, -42], [-32, -131], [-68, -123], [-11, -4], [-40, -6], [-38, 6], [-35, 2], [-15, -19], [4, -299], [5, -55], [14, -69], [4, -14], [7, -37], [-5, -75], [-5, -21], [-25, -74], [1, -119], [2, -50], [-1, -61], [-2, -47], [-13, -159], [-7, -37], [-10, -22], [-3, -8], [-10, -13], [-34, -22], [-12, -1], [-19, 10], [-61, 43], [-40, 42], [-34, 38], [-12, 15], [-22, 15], [-70, 18], [-36, 24], [-32, 30], [-33, 48], [-5, 4], [-26, -8], [-40, -25], [-31, -27], [-37, -37], [-57, -26], [-41, 2], [-68, 24], [-8, 23], [0, 0], [-14, 44], [-75, 154], [-23, 18], [-25, 24], [-1, 1], [-30, 54], [-31, 62], [-28, 62], [-24, 44], [-11, 13], [-52, 56], [-46, 14], [-21, 19], [-19, 46], [-6, 44], [-2, 35], [3, 29], [2, 23], [-64, 57], [-12, 7], [-13, 6], [-105, 47], [-19, -17], [-19, -30], [-5, -15], [-19, -42], [-32, -7], [-103, -3], [-7, 24], [-4, 15], [-6, 44], [-8, 17], [-19, 19], [-30, 15], [-89, 85], [-40, 114], [-21, 57], [-42, 68], [-156, 235], [-41, -1], [-80, 42], [-23, 17], [-146, -26], [-13, 2], [-9, -3], [-6, -9], [-12, -24], [-11, -30], [-9, -22], [-8, -67], [-5, -59], [-2, -72], [-8, -219], [-11, -74], [4, -77], [4, -39], [3, -32], [0, -4], [2, -1], [0, 0], [10, -19], [2, -4], [23, -86], [1, -5], [-5, -55], [-3, -29], [-15, -87], [-12, -34], [-12, -25], [-6, -8], [-5, -31], [7, -132], [19, -138], [17, -105], [-9, -67], [-28, -27], [-27, -92], [3, -50], [-3, -34], [-19, -28], [-9, 12], [-1, 2], [-16, 21], [-21, 32], [-3, 4], [-37, 51], [-42, 52], [-43, 31], [-7, 4], [-19, 11], [-8, 4], [-38, -37], [-21, -38], [-12, -78], [-30, -52], [-115, -72], [-26, -10], [-33, -1], [-23, -18], [-4, -11], [8, -75], [7, -28], [4, -24], [6, -104], [-10, -64], [14, -65], [20, -70], [-9, -41], [-17, -3], [-18, 2], [-5, 3], [-15, 17], [-14, 35], [-6, 19], [-25, 1], [-3, 0], [-41, -5], [-35, -5], [-15, 4], [-105, 32], [-24, 10], [-73, 113], [-16, 46], [-33, 72], [-6, 6], [-15, 9], [-87, 32], [-45, -2], [-11, -10], [-26, -1], [-12, 0], [-59, 66], [-137, 163], [-5, 19], [-8, 141], [4, 15], [1, 0], [3, 5], [-3, 22], [-3, 11], [-9, 36], [-2, 4], [-13, 24], [-14, 8], [-30, 27], [-20, 51], [0, 12], [4, 25], [5, 29], [2, 4], [1, 26], [2, 73], [-1, 341], [-9, 38], [-60, 223], [-30, 67], [-9, -2], [-53, -26], [-46, -10], [-56, -12], [-8, -1], [-23, 4], [-37, 9], [-22, 7], [-17, 6], [-52, 52], [-27, 43], [-21, 44], [-74, 30], [-41, -4], [-46, 33], [-2, -6], [-3, -6], [-85, -32], [-43, -9], [-48, 17], [-17, 12], [-5, 0], [-34, -5], [-36, -16], [-178, -129], [-33, -43], [-26, -41], [-52, -83], [-58, -235], [-2, -12], [-5, -45], [1, -68], [71, -234], [30, -34], [111, -112], [49, 9], [2, -5], [61, -152], [4, -8], [11, -31], [12, -38], [7, -27], [32, -169], [14, -113], [-7, -25], [-11, -7], [-101, -86], [-55, -116], [-80, -156], [-44, -36], [-20, -14], [-27, -23], [-24, -45], [-2, -4], [-20, 30], [-33, 22], [-27, 6], [-26, 59], [-11, 28], [-21, 71], [12, 54], [11, 45], [1, 12], [-115, 140], [-50, -27], [-12, -10], [-39, -33], [-32, -46], [-24, -7], [-151, 17], [-55, -11], [-50, 7], [-43, 29], [-3, 9], [-25, 46], [-35, 59], [-11, 17], [-14, 20], [-41, 59], [-15, 14], [-26, 6], [-10, 182], [7, 65], [-21, 33], [-13, 33], [-108, 321], [-26, 77], [4, 6], [19, 28], [14, 73], [-20, 58], [-14, 24], [-9, 78], [0, 18], [7, 134], [15, 132], [20, 84], [29, 170], [-18, 59], [-18, 91], [-13, 6], [-42, 30], [-10, 29], [-23, 53], [-3, 7], [-57, -72], [-33, 0], [-30, 5], [-39, 7], [-32, 6], [-16, 3], [-40, 38], [-20, 46], [-61, 111], [-15, 19], [-46, 51], [-41, 18], [-49, 22], [-21, 19], [-9, 18], [-10, 22], [-18, 30], [-12, 16], [-12, 10], [-13, 3], [-29, -1], [-15, -5], [-15, -10], [-13, -10], [-9, -26], [-11, -13], [-27, -21], [-9, 3], [0, 1], [-18, 16], [-54, 58], [-38, 45], [-9, 31], [-1, 4], [-4, 46], [-32, 120], [-57, 28], [-51, 30], [-40, 38], [-14, 15], [-11, 24], [2, 8], [1, 14], [1, 23], [1, 92], [-10, 73], [-23, 38], [-63, 193], [-10, 70], [2, 36], [6, 14], [8, 3], [10, 15], [16, 61], [21, 83], [18, 71], [3, 133], [0, 101], [23, 90], [26, 70], [114, 270], [45, 52], [20, 58], [22, 85], [0, 0], [0, 0], [-61, 11], [-48, -7], [-58, 33], [-72, 114], [-40, 76], [-17, 43], [-15, 22], [-16, 18], [-29, 24], [-34, 19], [-7, 19], [-5, 14], [-6, 17], [-10, 44], [-14, 99], [-4, 36], [-7, 89], [-24, 54], [-13, 26], [-43, 82], [0, 0], [26, 158], [0, 2], [-1, 191], [-84, 138], [-55, 78], [-48, 35], [-39, 56], [-1, 0], [-13, 56], [-13, 61], [7, 31], [3, 10], [4, 4], [14, -3], [14, 4], [9, 8], [5, 4], [13, 12], [40, 84], [-69, 123], [-14, -4], [-14, 4], [-7, 14], [-28, 87], [4, 70], [8, 39], [-7, 26], [-12, 38], [-8, 23], [-28, 44], [-25, 38], [-27, 43], [-24, 34], [-43, 56], [-4, 10], [4, 28], [7, 32], [1, 7], [8, 36], [-7, 123], [-30, 37], [-18, 65], [-9, 77], [-2, 217], [0, 0], [6, 28], [61, 186], [48, 93], [22, 5], [7, 5], [25, 31], [4, 12], [3, 18], [1, 18], [43, 67], [13, 6], [27, -15], [17, -14], [27, -23], [49, -56], [50, -61], [57, -60], [15, -12], [36, -5], [6, 13], [12, 12], [67, -46], [19, -24], [5, -12], [-3, -126], [18, -142], [18, -95], [17, -32], [31, -56], [2, 1], [93, 10], [12, -45], [41, -136], [10, -19], [77, -113], [51, 10], [36, 19], [0, 2], [-1, 3], [-9, 67], [1, 34], [13, 101], [2, 13], [2, 13], [0, 0], [0, 0], [13, 41], [0, 2], [35, 35], [15, 176], [-7, 71], [-2, 12], [-11, 31], [-16, 33], [-10, 41], [-1, 12], [-1, 1], [18, 60], [16, 55], [-2, 36], [-4, 64], [-20, 36], [-4, 15], [-11, 52], [-14, 219], [4, 48], [39, 158], [18, 40], [113, 184], [20, 25], [44, 50], [54, 27], [55, 41], [50, 52], [29, 44], [15, 22], [25, 42], [5, 13], [29, 148], [1, 1], [10, 14], [38, 46], [7, 3], [20, -1], [19, -28], [11, -23], [14, -35], [30, -57], [50, -92], [31, -36], [19, 27], [3, 5], [11, 25], [22, 27], [43, 41], [31, 23], [197, -114], [105, 34], [141, 113], [47, 42], [52, 66], [41, -3], [20, 4], [71, 64], [1, 1], [36, 93], [11, 34], [-1, 21], [-27, 56], [-41, 124], [20, 151], [14, 40], [55, 61], [51, 57], [17, 159], [12, 192], [17, 75], [113, 33], [71, 17], [20, -29], [28, 29], [8, 11], [1, 1], [11, 23], [25, 70], [39, 133], [-1, 165], [-54, 90], [-51, 65], [-1, 7], [7, 125], [45, 403], [16, 56], [52, 72], [13, 17], [8, 3], [10, 3], [25, 57], [-55, 180], [-6, 18], [-17, 5], [-23, 8], [-31, 59], [-8, 51], [-1, 76], [11, 52], [-4, 167], [-20, 178], [-10, 16], [-47, 84], [-11, 28], [124, 154], [24, -36], [47, -72], [7, -9], [60, -41], [20, -23], [33, -25], [13, -8], [19, 4], [58, 26], [13, 6], [1, 0], [20, 35], [20, 41], [55, 4], [2, -2], [14, -34], [26, -49], [3, -5], [11, -9], [25, -20], [14, 1], [1, 0], [77, 3], [37, 13], [7, 7], [13, 14], [27, 99], [14, 174], [-10, 80], [-21, 18], [-21, 23], [-3, 40], [3, 215], [36, 53], [22, 27], [46, 0], [47, -18], [46, -19], [92, -28], [32, 6], [43, 14], [17, 16], [8, 10], [12, 12], [47, 52], [69, 78], [44, 61], [117, 178], [21, 33], [8, 36], [3, 22], [16, -4], [55, -58], [96, -7], [12, -9], [12, -10], [60, -64], [4, -6], [11, -15], [8, -27], [28, -34], [51, -12], [6, -1], [6, -21], [2, -3], [32, -47], [2, -2], [0, 0], [1, -1], [3, -3], [35, -17]], [[17277, 27529], [117, -38], [87, -37], [136, 17], [33, 24], [19, 36], [19, 47], [16, 24], [67, 29], [44, -63], [104, -91], [12, 1], [24, 1], [39, 15], [27, 10], [14, 22], [14, 8], [68, 1], [36, -45], [15, -16], [93, -44], [27, 17], [21, 34], [11, 27], [14, 13], [28, -32], [0, 0], [20, -57], [10, -29], [13, -34], [24, -27], [79, 40], [38, 30], [26, 3], [31, -41], [4, -5], [1, -2], [77, 3], [59, 4], [6, 27], [-7, 23], [23, 22], [47, 9], [20, -19], [38, -57], [-7, -288], [-7, -66], [-15, -59], [-27, -48], [-2, -7], [-1, -35], [4, -41], [4, -13], [6, -12], [12, -6], [18, 0], [7, 0], [21, -21], [34, -76], [2, -9], [8, -27], [1, -1], [35, -356], [-19, -197], [-5, -45], [-31, -149], [-36, -179], [-35, -271], [-1, -56], [1, -48], [43, -105], [28, -97], [53, -190], [1, -139], [3, -27], [8, -24], [2, 2], [15, 13], [32, 41], [15, 26], [8, 23], [8, 22], [9, 23], [64, 72], [1, 0], [14, -1], [18, 3], [10, 6], [40, 53], [27, 72], [-1, 20], [4, 41], [3, 12], [76, 59], [33, -63], [53, -151], [102, -39], [28, -3], [54, 1], [77, 205], [-16, 93], [-6, 80], [5, 80], [10, 110], [6, 29], [8, 15], [57, 23], [86, 13], [129, 46], [132, 30], [95, -12], [73, 8], [27, 11], [28, 21], [13, 15], [16, 58], [18, 68], [18, -16], [59, -70], [45, -63], [25, -44], [1, -18], [1, -9], [2, -41], [-29, -92], [-28, -56], [-9, -41], [-2, -72], [12, -68], [58, -59], [27, -42], [-20, -162], [-38, -128], [-18, -43], [-28, -14], [-2, -10], [-2, -28], [8, -113], [2, -23], [7, -26], [4, -22], [2, -17], [3, -130], [-11, -84], [-16, -68], [-23, -103], [3, -49], [12, -48], [-5, -31], [-49, -176], [-33, -81], [-41, -90], [-3, -18], [-32, -261], [-1, -231], [9, -53], [4, -43], [-2, -6], [-8, -40], [30, -56], [1, -3], [49, -37], [44, -74], [33, -15], [25, -12], [68, -65], [73, -75], [23, -32], [35, -53], [9, -82], [48, -120], [37, -118], [0, -1], [-19, -48], [-28, -16], [-25, -5], [-14, 2], [-45, -7], [-14, -3], [-53, -40], [-51, -54], [-110, 36], [-25, -5], [-15, -4], [-10, -10], [-7, -38], [-4, -16], [-42, -18], [-34, -1], [-45, 20], [-40, -68], [-10, -72], [-12, -76], [-10, -58], [-31, -51], [-21, -22], [-44, -79], [-7, -16], [-94, -229], [-39, -97], [-67, -170], [-13, -97], [-56, -21], [-53, -21], [-56, -26], [-79, -60], [3, -127], [-71, -81], [-53, -13], [-110, -81], [-7, -5], [-49, 39], [-65, 19], [-141, -6], [-176, -171], [1, -55], [0, -5], [-24, -40], [0, 0], [-75, -20], [-33, 17], [-44, -6], [-36, -27], [-17, -24], [-1, -14], [-9, -133], [-47, -288], [-17, -118], [-68, 85], [-49, 70], [-47, 92], [-8, 33], [2, 61], [-4, 71], [-15, 64], [-49, 149], [-2, 13], [4, 51], [-6, 17], [-16, 23], [-45, 37], [-91, 77], [-90, 105], [-58, 50], [-61, -9], [-12, -69], [-40, -180], [27, -199], [14, -54], [24, -150], [5, -94], [24, -182], [2, -4], [8, -18], [25, -13], [15, -1], [7, -1], [17, -19], [32, -126], [0, -9], [-7, -65], [-11, -64], [-6, -32], [-10, -47], [-5, -20], [-5, -43], [-11, -116], [0, -4], [11, -47], [16, -17], [4, -43], [5, -114], [-16, -28], [22, -161], [12, -25], [9, -169], [-18, -75], [-1, -15], [-2, -34], [3, -35], [-23, -125], [-53, -141], [-7, -23], [-8, -28], [-2, -9], [-7, -33], [-2, -16], [-4, -32], [-2, -47], [-13, -137], [-20, 3], [-24, -23], [-24, -25], [-27, -36], [-57, -122], [-5, -17], [2, -25], [0, -60], [-20, -50], [-28, -31], [-47, -66], [-42, -84], [-16, -58], [-47, -42], [-2, 0], [-6, 4], [-14, 23], [-16, -1], [-56, -59], [-12, -20], [-14, -1], [-59, -150], [-18, -61], [-33, -182], [3, -24], [3, -22], [3, -43], [-3, -187], [-23, -252], [-2, -12], [-17, -94], [11, -22], [-13, -27], [-5, -9], [-22, -39], [-18, -30], [-8, -7], [-10, -8], [-4, -2], [-7, -4], [-16, -9], [-2, -1], [-1, 32], [0, 23], [0, 14], [-4, 31], [-13, 57], [-6, 16], [-5, 4], [-4, -2], [-64, -35], [-41, 79], [-29, 128], [-37, 151], [-34, 64], [-18, 7], [-24, 6], [-11, -4], [-12, -7], [-3, -4], [-47, -55], [-20, -30], [-6, -17], [-10, -60], [-13, 9], [-33, 34], [-84, 72], [-17, 10], [-26, -38], [-16, -35], [-27, -35], [-10, -11], [-16, 17], [-32, 36], [-32, 51], [-30, 69], [-41, 57], [-5, 6], [-13, 17], [-15, 38], [-5, 141], [1, 115], [-6, 54], [0, 3], [-15, 34], [-22, 40], [-11, 35], [14, 46], [16, 35], [31, 25], [20, 7], [55, 94], [28, 54], [12, 26], [5, 8], [21, 105], [8, 45], [-5, 127], [-10, 64], [-1, 32], [-1, 70], [8, 34], [20, 60], [23, 67], [20, 91], [12, 193], [-2, 47], [-3, 56], [-1, 18], [-14, 52], [-13, 24], [-24, 29], [-46, 43], [-64, 45], [-47, 13], [-110, 8], [-30, 65], [-35, 50], [-23, 25], [-50, 6], [-18, 10], [-25, 20], [-16, 33], [-31, 16], [-8, -40], [-8, -113], [-1, -2], [4, -26], [4, -33], [-25, -115], [-17, -23], [-33, -44], [-10, -13], [-27, -8], [-21, -4], [-81, 18], [-66, 6], [-20, -3], [-11, -14], [-10, -47], [-4, -24], [-3, -13], [-1, -4], [-6, -33], [-8, -13], [-26, -38], [-141, -27], [-2, 1], [-2, 6], [-46, -23], [-57, -64], [-15, -24], [-10, -30], [-2, -6], [0, -3], [-2, -7], [1, -2], [2, -3], [2, -5], [1, -8], [0, -2], [0, -2], [-3, -9], [-1, -4], [-22, -6], [-4, 2], [-5, 5], [-34, 35], [-5, -56], [1, -94], [-4, -21], [-19, -78], [-8, -16], [-51, -43], [-20, 7], [-7, 2], [-43, -39], [-14, -110], [0, -46], [1, -22], [-11, -86], [-26, -121], [-41, -68], [-24, -56], [-90, -237], [-12, -43], [0, -2], [-2, -13], [-9, -50], [-8, -62], [-44, -124], [-73, -10], [-41, -2], [-15, -5], [-71, -23], [0, -53], [0, 79], [-2, 113], [-4, 42], [-9, 40], [-2, 7], [-1, 1], [0, 1], [0, 0], [0, 1], [-4, 14], [-4, 12], [-1, 5], [-9, 35], [-7, 28], [-1, 4], [0, 2], [-1, 4], [-6, 27], [1, 16], [0, 2], [13, 165], [3, 22], [1, 3], [16, 264], [15, 289], [5, 178], [0, 26], [0, 20], [-4, 60], [-3, 41], [-55, 575], [-8, 38], [-2, 9], [-5, 18], [-5, 17], [0, 0], [-31, -29], [-3, -2], [-10, -1], [-16, -2], [-18, 5], [-21, 5], [-90, -86], [-19, -28], [-154, 31], [-67, 47], [-20, 26], [-42, 34], [-20, 9], [-35, -2], [-45, -9], [-35, 7], [-26, 6], [-13, 4], [-87, 152], [-24, 88], [-7, 40], [11, 23], [9, 22], [5, 14], [10, 57], [-6, 38], [-10, 56], [-21, 63], [-16, 7], [-27, 45], [-48, 85], [-8, 18], [-57, -4], [-85, -7], [-60, -27], [-6, -8], [-16, -19], [-33, -14], [-33, 15], [-25, 76], [-54, 146], [-22, 40], [-49, 93], [-2, 5], [-35, 97], [2, 10], [37, 121], [2, 9], [14, 49], [1, 3], [-50, 76], [-32, 50], [-9, 149], [0, 43], [0, 7], [7, 26], [3, 19], [0, 32], [-1, 1], [-48, 32], [-98, 45], [-56, 24], [-30, 60], [-71, 67], [-54, -21], [-107, 104], [-3, 4], [-32, 46], [-9, 84], [-9, 57], [-15, 101], [-51, 100], [-30, 90], [-14, 47], [-12, 52], [-2, 204], [0, 6], [13, 62], [13, 44], [1, 51], [-2, 76], [-2, 41], [-4, 20], [-5, 6], [-40, 41], [-15, 109], [13, 80], [21, 107], [-12, 75], [-6, 118], [1, 8], [4, 36], [26, 10], [22, 4], [16, 13], [57, 137], [5, 32], [-45, 49], [-95, 175], [-34, 190], [6, 55], [4, 9], [-9, 40], [-100, 66], [-49, 17], [-27, 5], [-8, -46], [-23, -9], [-44, 22], [-4, 4], [-44, 48], [-53, -1], [-34, 176], [-12, 22], [-38, 56], [-28, 95], [-38, 164], [-4, 135], [10, 74], [50, 157], [17, 42], [17, 40], [2, 4], [7, 12], [38, 8], [15, 2], [43, 7], [20, 13], [18, 13], [28, 190], [16, 114], [1, 4], [-7, 11], [-18, 26], [-13, 39], [-13, 65], [-1, 9], [0, 2], [0, 2], [3, 11], [11, 28], [1, 3], [5, 7], [1, 1], [5, -4], [4, 7], [3, 6], [5, 18], [5, 26], [0, 4], [-2, 12], [-4, 15], [-1, 5], [-1, 1], [-1, 1], [-106, 228], [-26, 77], [-38, 75], [-10, 8], [-28, 2], [-23, 0], [-27, 66], [-44, 118], [-3, 9], [-8, 32], [-6, 37], [-11, 87], [-2, 16], [-15, 93], [-29, 36], [-6, 20], [27, 103], [1, 2], [22, 67], [37, 65], [19, 32], [68, 79], [26, 23], [66, 22], [18, 0], [23, -33], [60, -26], [106, -45], [26, 2], [59, 56], [42, 42], [126, 74], [175, 80], [24, -11], [36, -46], [94, 5], [19, 7], [29, 17], [8, 2], [10, 2], [15, -52], [18, -82], [95, -314], [5, -3], [44, -12], [61, -26], [63, -77], [20, -53], [25, -76], [8, -28], [-12, -14], [-8, -15], [27, -108], [13, -50], [30, -82], [44, -63], [52, -37], [13, -10], [13, -47], [2, -22], [-3, -6], [-11, -29], [-9, -26], [3, -4], [33, 0], [116, -14], [10, -12], [15, -21], [3, -80], [-5, -57], [29, -92], [15, -25], [26, -16], [97, 63], [8, 6], [86, 117], [28, 45], [74, -26], [93, 14], [35, 20], [38, 50], [14, 20], [6, 35], [45, 99], [22, -2], [27, -3], [35, 35], [13, 12], [-49, 135], [-58, 77], [33, 60], [25, 45], [28, 38], [33, 45], [64, 86], [10, 14], [4, 27], [4, 27], [14, 92], [5, 32], [0, 4], [11, 33], [8, 24], [20, 63], [20, 63], [36, 134], [12, 48], [24, -74], [105, 56], [36, 23], [1, 7], [1, 15], [2, 4], [5, 6], [1, 1], [29, 19], [20, 0], [6, 1], [16, -32], [0, -11], [0, -12], [16, -130], [6, -34], [35, -154], [20, -65], [155, -37], [16, 4], [84, 117], [25, 72], [5, 49], [4, 17], [6, 13], [40, 19], [14, -31], [7, -59], [5, -57], [11, -67], [4, -17], [1, -1], [69, -105], [26, -19], [10, -40], [0, -1], [15, -21], [10, -12], [245, -56], [36, -7], [13, 19], [17, 2], [33, -17], [67, -41], [11, -82], [2, -21], [-7, -21], [45, -64], [161, -103], [132, -93], [69, -30], [77, 93], [33, 36], [57, -2], [-16, 32], [-92, 157], [-11, 21], [-6, 24], [-25, 111], [3, 116], [32, 95], [52, 44], [182, 276], [63, 155], [1, 4], [0, 24], [0, 2], [-8, 54], [0, 3], [-2, 5], [-15, 55], [-15, 20], [8, 84], [55, 148], [35, 51], [12, 108], [-17, 58], [-9, 11], [17, 41], [55, 101], [44, 23], [1, 0], [0, 0], [8, -1], [12, -2], [14, 19], [7, 24], [-2, 21], [-5, 21], [-24, 100], [0, 6], [0, 2], [2, 1], [2, 2], [29, 16], [26, 2], [7, -1], [70, 200], [12, 37], [26, 241], [1, 42], [-3, 54], [41, 46], [59, -84], [9, -27], [29, -105], [3, -15], [-1, -33], [-8, -16], [-4, -12], [-1, -11], [0, -22], [32, -214], [1, -1], [3, -16], [2, -8], [-1, -7], [11, -21], [14, -18], [6, -6], [6, -2], [23, -1]], [[16230, 64533], [24, -28], [103, 71], [15, -28], [14, -27], [38, -49], [28, -34], [35, -37], [27, -19], [28, -26], [19, -21], [67, -95], [14, -29], [6, -46], [-3, -9], [-1, -3], [0, 0], [5, -13], [21, -30], [50, -57], [42, -44], [16, -2], [41, -50], [13, -119], [0, 0], [13, -125], [-35, -135], [-7, -15], [-8, -1], [-6, 0], [-26, -21], [-43, -125], [-5, -18], [-13, -46], [0, -28], [6, -46], [-17, -102], [-11, -48], [-1, -3], [-10, -20], [-11, -10], [-45, -136], [-8, -149], [-22, -209], [-8, -45], [-11, -171], [19, -91], [5, -15], [8, -17], [1, 0], [13, -4], [24, -45], [9, -33], [13, -66], [28, -220], [5, -82], [6, -279], [-8, -83], [-1, -8], [-3, -22], [-20, -89], [-10, -25], [-14, -20], [0, 0], [7, -20], [3, -15], [2, -47], [-10, -26], [8, -98], [9, -48], [62, -26], [82, 37], [32, 1], [61, -47], [18, -17], [69, -94], [52, -90], [8, -26], [4, -11], [28, -12], [30, -1], [1, 0], [4, -2], [6, -3], [26, -25], [11, -17], [15, -33], [19, -98], [7, -61], [0, -1], [5, -7], [4, -6], [53, -66], [3, -1], [3, 0], [17, 10], [8, 32], [2, 12], [108, -62], [8, -11], [23, -24], [1, -1], [63, 1], [57, 63], [45, 88], [5, 37], [35, 59], [20, 30], [8, -9], [9, -2], [1, 0], [9, 8], [5, 28], [5, 24], [15, 41], [4, 11], [3, 9], [50, 22], [3, 0], [11, -1], [0, 0], [18, -28], [17, -33], [3, -3], [14, -17], [35, -10], [26, 2], [110, 31], [24, 18], [31, 25], [3, 13], [-1, 12], [-1, 18], [23, 23], [25, 16], [68, 14], [26, -28], [3, -11], [32, -122], [5, -56], [1, 0], [49, -69], [31, -35], [48, -27], [8, -3], [64, 14], [30, 44], [2, 4], [70, 24], [-2, -42], [5, -79], [51, -161], [60, -90], [67, -24], [16, 18], [19, -1], [2, -4], [9, -10], [51, -180], [0, -12], [19, -113], [25, -41], [31, -61], [0, -2], [0, -32], [-9, -43], [-5, -17], [9, -126], [5, -15], [4, -12], [5, -6], [22, -20], [6, -5], [24, -41], [54, -181], [-27, -105], [-4, -9], [-2, -9], [-1, 0], [-4, -38], [-2, -12], [1, -5], [25, -162], [1, -3], [3, 0], [18, 8], [22, 10], [11, 7], [6, 0], [3, -1], [1, 0], [25, -22], [75, -69], [28, -81], [8, -30], [-42, -110], [0, 0], [4, -4], [2, -2], [5, -10], [3, -14], [4, -24], [-5, -23], [-2, -5], [0, -3], [-1, -2], [-1, -4], [-2, -5], [-2, -6], [-4, -30], [0, 0], [-3, -32], [9, -22], [30, -52], [20, -32], [42, -53], [33, 8], [35, 23], [24, -26], [4, -21], [3, -16], [-6, -71], [-9, -26], [-21, -81], [-11, -51], [-6, -46], [-1, -44], [19, -351], [1, -16], [24, -22], [58, -49], [57, -122], [18, -43], [0, -3], [-1, -2], [-1, -3], [-2, -3], [-2, -3], [-7, -31], [-1, -7], [4, -118], [24, -17], [12, 0], [-9, -71], [0, 0], [5, -61], [30, -36], [46, -38], [2, -1], [9, -3], [21, 11], [3, 5], [8, 10], [8, 11], [3, 4], [27, 26], [0, 0], [57, -40], [69, -59], [9, -43], [23, -56], [35, -53], [12, -6], [23, 8], [40, 1], [22, -10], [5, -13], [13, -212], [1, -104], [-31, -121], [-79, -121], [-21, -18], [-13, -11], [0, 0], [-63, -102], [3, -52], [51, -185], [16, -43], [13, -25], [17, -49], [-8, -69], [-7, -43], [-8, -32], [0, 0], [-4, -37], [-3, -44], [2, -72], [2, -169], [28, -34], [8, -1], [-4, -135], [-24, -248], [-7, -107], [-12, -9], [0, 0], [-28, -24], [-45, -47], [-39, -11], [-4, 61], [-6, 14], [-30, 24], [-45, -8], [-38, -37], [-2, -6], [-17, -45], [-19, -22], [-78, 33], [-64, -26], [-12, -6], [-62, -67], [-72, -74], [-102, 81], [-128, -39], [-21, -10], [-97, -87], [-16, -50], [-17, -80], [0, -30], [2, -23], [-2, -128], [-62, -29], [-47, -67], [-16, -33], [-1, -6], [-1, -21], [-34, -61], [-9, -6], [-77, -25], [-5, 30], [-56, 37], [-105, -118], [-10, -12], [-7, -21], [-19, -51], [-8, -16], [-20, -14], [-22, -5], [-11, -1], [-35, 18], [-46, 37], [-26, 36], [-31, 12], [-12, -4], [-14, -5], [-83, -108], [0, 0], [-39, -73], [-52, -71], [-66, -34], [-41, 6], [-40, 15], [-24, -73], [-1, -21], [-3, -50], [7, -84], [8, -50], [1, -3], [-2, -22], [-18, -65], [0, 0], [-39, -49], [-9, -24], [9, -14], [98, -45], [7, -2], [78, -105], [3, -5], [34, -48], [9, -7], [34, -4], [43, -54], [7, -13], [4, -18], [-2, -21], [-1, -2], [0, 0], [-20, -16], [0, 0], [-9, -26], [-20, -80], [0, -10], [0, -54], [5, -17], [1, -59], [-12, -43], [-16, -16], [-32, -17], [-19, -140], [3, -52], [0, -7], [-10, -54], [-33, -40], [-24, -7], [-22, -5], [-67, 22], [-23, 10], [-97, 21], [-63, 6], [-71, -45], [-14, -12], [-149, 87], [-10, 31], [-5, 60], [0, 2], [2, 72], [-27, 67], [-39, 4], [-140, -176], [-91, -178], [-2, -7], [-30, -142], [-5, -31], [0, -5], [-1, -17], [2, -191], [-36, -159], [1, -23], [23, -86], [41, -46], [52, -21], [2, 2], [24, 23], [0, 0], [44, -22], [10, -22], [0, -4], [1, -16], [-81, -105], [13, -82], [-6, -50], [-3, -29], [-3, -60], [-1, -13], [-1, 0], [-1, 0], [-1, 0], [-1, 0], [-1, 0], [-1, -1], [-2, 0], [0, 0], [-1, -1], [0, 0], [-2, 0], [0, 0], [-1, -1], [0, 0], [-1, 0], [0, 0], [0, -1], [0, 0], [-1, 0], [0, 0], [-1, -1], [0, 0], [-1, -1], [0, 0], [-1, -1], [0, 0], [-1, 0], [0, 0], [-1, -1], [0, 0], [-1, -1], [0, 0], [-1, -1], [-1, -1], [0, -1], [-1, -1], [-1, -1], [0, 0], [-1, -2], [-1, -1], [0, -1], [-1, -1], [0, -1], [-39, -66], [0, -5], [1, -3], [1, -2], [1, -1], [1, -1], [1, -2], [0, -1], [1, -2], [1, -2], [0, 0], [0, -1], [6, -17], [0, -1], [0, -2], [1, -1], [1, -3], [0, -2], [0, -2], [1, -2], [1, -2], [0, -2], [-11, -183], [-26, -81], [-81, -75], [-10, -3], [-51, 3], [-14, 5], [-4, 2], [-4, 4], [-5, 2], [-24, -8], [-34, -13], [0, 0], [-3, -1], [-40, -23], [-21, -20], [2, -8], [1, -3], [-1, -12], [-12, -23], [-15, -12], [-184, -138], [-67, -30], [-35, -15], [5, -35], [16, -31], [2, -41], [-16, -28], [-18, -7], [-2, -1], [-19, -8], [-32, 8], [-24, -11], [-5, -3], [-15, -8], [-57, -72], [-3, -7], [-2, -4], [6, -17], [5, -22], [8, -41], [0, 0], [-4, -3], [-46, -14], [-10, 3], [-35, 16], [-48, -69], [-7, -13], [4, -12], [3, -7], [20, -28], [3, -4], [11, -12], [6, -5], [11, -1], [12, 0], [-3, -149], [7, -126], [19, -12], [7, -5], [2, -2], [29, -72], [92, -236], [1, -146], [-137, -1], [-51, -1], [-22, -17], [-5, -4], [-15, -13], [-19, -24], [-24, -30], [-3, -8], [-24, -87], [-110, -158], [-6, -8], [-5, -5], [-10, -12], [-38, -34], [-6, -5], [-63, -50], [-18, -10], [-17, -6], [-26, -17], [-22, -50], [-28, -77], [-18, -52], [-9, -31], [-6, -23], [-8, -46], [-4, -25], [-166, -82], [-26, -27], [-112, 15], [-12, 3], [-14, 9], [-7, 4], [-10, 7], [-24, 18], [-28, 28], [-3, 8], [-2, 8], [-9, 25], [-2, 6], [-78, -61], [-38, -32], [-47, -53], [-185, -273], [-33, -49], [-12, -20], [-17, -29], [0, -34], [0, -10], [0, 0], [-49, -69], [-16, -20], [-18, -15], [-106, -80], [-67, -43], [-22, -8], [-20, -6], [-24, -12], [-57, -31], [-43, -39], [-19, -16], [-13, -10], [-15, -8], [-36, -14], [-1, -1], [-19, -6], [-4, -2], [-51, -29], [-28, -17], [-24, -10], [-34, -10], [-20, 15], [-19, 17], [-16, 21], [-13, 23], [-10, 22], [-30, 74], [-11, 32], [-14, 50], [-10, 45], [-3, 32], [-1, 28], [0, 32], [2, 28], [3, 32], [5, 32], [3, 13], [10, 68], [3, 22], [3, 30], [3, 49], [-3, 27], [-22, 42], [-15, 29], [-15, 31], [0, 0], [-10, 14], [-7, 123], [0, 42], [-1, 55], [0, 24], [0, 10], [2, 39], [1, 66], [0, 9], [-1, 33], [-14, 53], [-7, 23], [-14, 50], [-5, 11], [-18, 24], [-16, 16], [-50, 52], [-17, 15], [-4, 4], [-19, 15], [-18, 9], [-5, 3], [-21, 6], [-2, 0], [-21, 2], [-7, -4], [1, -99], [0, -3], [-25, -51], [-11, -17], [-33, -51], [-12, -18], [-29, -34], [-88, -8], [-6, 0], [-94, -24], [-75, -40], [-6, -4], [0, 0], [-29, -24], [-16, -39], [-7, -30], [-1, -1], [7, -42], [42, -76], [21, -63], [33, -183], [15, -104], [1, -14], [0, -1], [-28, -87], [-50, -115], [-22, -178], [-7, -82], [-19, -60], [-17, -51], [-14, -21], [-15, -15], [-15, -24], [-16, -25], [-10, -28], [-22, -60], [1, -8], [5, -24], [2, -3], [21, -35], [21, -28], [6, -25], [-12, -25], [-16, -30], [-28, -33], [2, -40], [27, -137], [22, -18], [13, -40], [4, -32], [-20, -56], [-3, -3], [-64, -59], [-69, -87], [-45, -106], [-73, -189], [-6, -17], [-95, -226], [-8, -3], [-7, 8], [-19, 10], [-11, -15], [-16, -33], [-10, -30], [-1, -6], [-5, -33], [-5, -59], [8, -30], [-62, -39], [-49, -3], [0, 1], [-2, 0], [-31, 10], [-74, -108], [-26, -71], [-25, -79], [-12, -46], [-9, -46], [24, -36], [15, -9], [1, -2], [37, -95], [9, -45], [34, -279], [-38, 4], [-26, -1], [-31, -9], [-16, 3], [-11, 11], [-108, 197], [-47, 116], [-63, 127], [-69, 61], [-33, 19], [-5, 2], [-52, -21], [-17, -57], [-2, -7], [-2, -19], [-2, -6], [-26, -54], [-1, 0], [-13, 1], [-150, 38], [-80, 39], [-16, 8], [-21, 27], [-15, 29], [-14, 104], [-4, 84], [-1, 40], [0, 6], [3, 20], [3, 13], [5, 24], [6, 37], [4, 28], [0, 7], [-106, 136], [-31, 29], [-52, 46], [-54, 42], [-45, 35], [-56, -83], [-3, -3], [-4, 0], [-4, 1], [-66, 56], [0, 0], [15, 36], [28, 69], [2, 6], [7, 18], [20, 68], [33, 114], [82, 118], [10, 26], [6, 39], [-1, 42], [-7, 89], [-6, 41], [-3, 10], [-31, 90], [-20, 84], [-34, 188], [-3, 44], [0, 31], [-1, 57], [-2, 50], [-1, 43], [-17, 116], [-11, 60], [-5, 42], [-4, 39], [1, 30], [5, 108], [3, 45], [37, 245], [9, 36], [17, 10], [21, 11], [30, 15], [16, 29], [20, 82], [-8, 56], [-20, 230], [1, 77], [-11, 46], [-17, 29], [-9, 189], [-1, 37], [-6, 172], [-11, 72], [-87, 181], [-14, 78], [-32, 190], [0, 3], [21, 145], [14, 58], [17, 49], [19, 40], [175, 19], [32, 3], [19, 1], [285, 2], [78, -25], [24, -10], [9, -4], [26, -2], [7, 0], [17, 2], [21, 6], [20, 9], [27, 19], [13, 13], [12, 16], [8, 12], [11, 17], [-11, 120], [-17, 38], [-31, 70], [-23, 52], [13, 67], [29, 146], [1, 5], [6, 69], [3, 50], [-2, 24], [-5, 36], [-4, 20], [-2, 35], [-2, 91], [1, 73], [1, 20], [8, 89], [5, 44], [3, 41], [0, 7], [1, 24], [0, 131], [-5, 3], [-17, 15], [-14, 12], [-11, 9], [-41, 5], [-28, 3], [-12, 0], [-5, -2], [0, 0], [-2, -1], [-10, -5], [-16, -12], [0, 0], [-8, -9], [-10, -14], [-1, -2], [-4, -6], [-9, -8], [-16, -9], [-15, -7], [-13, -6], [-1, 0], [-8, -2], [-7, 6], [-63, 377], [-19, 129], [-1, 11], [-2, 8], [-36, 104], [-91, 218], [-67, 138], [-17, 26], [-43, 64], [-5, 8], [-5, 8], [-26, 71], [-42, 38], [-122, 172], [-16, 38], [-29, 181], [6, 96], [4, -5], [5, -6], [1, -1], [22, -19], [13, -9], [56, -35], [9, -3], [25, -5], [67, -5], [7, 2], [2, 1], [34, 15], [7, 10], [5, 52], [-3, 88], [-1, 9], [0, 0], [-1, 2], [-3, 4], [-10, 14], [-2, 2], [-7, 4], [-9, 4], [-10, 0], [-12, 9], [-3, 2], [0, 60], [9, 9], [117, 39], [84, 18], [70, 1], [11, 2], [5, 3], [11, 12], [13, 15], [5, 7], [3, 4], [5, 10], [57, 147], [38, 123], [-13, 69], [-12, 101], [0, 5], [9, 86], [45, 95], [13, -1], [6, -3], [6, -4], [5, -3], [3, -3], [2, -3], [2, -2], [14, -9], [4, -2], [4, -1], [3, 0], [24, 5], [56, 35], [75, 114], [26, 82], [2, 12], [4, 49], [85, 49], [57, 0], [60, 107], [28, 59], [35, 84], [5, 31], [-23, 289], [-17, 198], [-6, 41], [9, 129], [18, 77], [13, 6], [165, 37], [15, -24], [42, -127], [48, -252], [-21, -166], [74, -62], [71, -14], [34, 23], [12, -28], [47, -81], [10, -15], [11, -14], [2, -2], [15, -4], [28, 4], [27, 6], [14, 5], [8, 35], [1, 5], [70, 174], [6, 6], [6, 7], [30, 26], [5, 3], [18, 12], [1, 0], [2, 0], [1, -1], [8, -5], [37, -38], [7, -9], [7, -12], [4, -11], [39, -3], [4, 0], [85, 26], [8, 21], [42, 167], [11, 51], [11, 57], [-19, 97], [-16, 27], [-8, 6], [-75, 54], [-19, 1], [-10, -6], [-13, -13], [-4, -6], [-16, 5], [-39, 24], [-140, 118], [-10, 13], [-13, 65], [-11, 124], [3, 79], [-2, 36], [-7, 42], [-27, 69], [-12, 16], [-20, 19], [-6, 4], [-9, 0], [-18, -9], [-14, 10], [-18, 13], [-30, 23], [-31, 39], [-33, 83], [-7, 19], [-4, 32], [-1, 37], [-4, 49], [-6, 26], [-17, 40], [-11, 25], [-7, 14], [-27, 36], [-26, 71], [-10, 35], [0, 0], [29, 36], [51, 77], [243, 366], [-1, 57], [21, 93], [14, 46], [23, 16], [23, 79], [1, 2], [0, 2], [-15, 9], [-46, 46], [-86, 97], [-7, 37], [12, 95], [41, 118], [26, 47], [26, 54], [11, 66], [3, 58], [-11, 12], [-15, 29], [0, 2], [-1, 10], [0, 4], [1, 7], [0, 0], [21, 66], [17, 50], [2, 8], [5, 40], [-11, 128], [-6, 26], [-31, 108], [-24, 80], [-11, 21], [-11, 11], [-8, 11], [-3, 25], [-11, 85], [4, 72], [35, 15], [39, 59], [1, 55], [-11, 55], [-26, 40], [-8, 64], [15, 154], [-1, 47], [-4, 79], [-12, 32], [-7, 42], [-4, 22], [10, 34], [50, 52], [55, -16], [13, 31], [17, 49], [3, 62], [8, 61], [8, 23], [36, -6], [39, -8], [21, -18], [113, 21], [59, 12], [128, 3], [103, -16], [56, 85], [138, 285], [43, 161], [1, 1], [3, 44], [-27, 150], [-5, 4], [-25, 19], [-48, 59], [-12, 31], [-25, 149], [-3, 56], [22, 19], [38, 54], [20, 84], [10, 51], [19, 109], [-1, 36], [-2, 33], [-23, 18], [-20, 48], [-13, 47], [-3, 17], [-5, 24], [-13, 119], [3, 45], [4, 52], [27, 63], [6, 54], [10, 125], [3, 129], [11, 44], [13, 26], [35, 74], [22, 164], [-22, 111], [29, 71], [44, 145], [-3, 64], [-42, 154], [-22, 43], [-22, 34], [65, 101], [42, 67], [13, 114], [108, 166], [61, 85], [77, 56], [36, 2], [117, 26], [118, 28], [5, -3], [33, -22], [21, -18], [3, -2], [6, -8], [17, -14], [44, -34], [93, -37], [65, -11], [52, 18], [50, -26], [31, -18], [36, -7], [19, 9], [12, 14], [22, 24], [10, 5], [29, -4], [50, -17], [41, -17], [2, -2], [16, 15], [101, 150], [11, 25], [6, 32], [-3, 44], [5, 80], [49, 126], [47, 81], [23, 23], [7, 1], [22, 57], [36, 164], [2, 15], [5, 188], [7, 141], [64, 56], [48, 42], [17, 12], [4, 5], [49, 59], [23, 77], [2, 49], [71, 124], [32, 37], [7, 19], [49, 211], [-1, 39], [53, -43], [47, -33], [41, -16], [44, -13], [8, -6], [18, -16], [0, 0]], [[31915, 77342], [35, -52], [10, 2], [20, 14], [24, 8], [14, -4], [18, -10], [32, -32], [36, -42], [11, -40], [37, -99], [33, -73], [103, -50], [18, -5], [48, -3], [35, 13], [37, 6], [9, 0], [120, -73], [64, -92], [23, -71], [2, -151], [17, -31], [157, -134], [105, -20], [16, 8], [14, 19], [2, 6], [3, 7], [4, 4], [24, -25], [20, -32], [23, -39], [37, -127], [4, -41], [10, -23], [27, -13], [15, -4], [63, -43], [65, -62], [44, -53], [31, -41], [13, -29], [92, -28], [17, -21], [0, 0], [5, -52], [0, -2], [58, -43], [27, 16], [12, 5], [29, 7], [39, -11], [-2, -47], [-4, -18], [-2, -27], [23, -105], [89, -247], [46, -58], [66, -63], [51, -62], [30, -59], [53, -119], [80, -219], [33, -115], [1, -39], [-3, -56], [-12, -46], [16, -81], [8, -23], [-1, -27], [-12, -57], [-24, -108], [-45, -85], [-14, -16], [-14, -4], [-19, -1], [-51, -124], [0, -63], [-12, -78], [-45, -103], [-29, -52], [-89, -151], [-28, -40], [-51, -56], [-7, -8], [-18, -18], [-19, 5], [-149, -123], [-10, -2], [-69, 85], [-10, 22], [-5, 32], [-18, 21], [-58, 45], [-31, 2], [-23, -4], [0, -1], [-2, -2], [-5, -8], [-78, 74], [-11, 80], [-21, 80], [-138, 182], [-37, 48], [-122, 79], [-34, 5], [-20, -14], [-39, -33], [-7, -9], [-1, -2], [-1, -5], [-15, -37], [-22, -51], [-23, -54], [-1, -1], [-7, -13], [-13, -11], [0, 0], [-121, -67], [-35, 4], [-96, -39], [-82, -94], [-96, -52], [-64, -45], [-20, -74], [-51, -157], [-5, -15], [-95, -84], [-69, -48], [-14, -1], [-34, -39], [-44, -51], [-33, -50], [-16, -34], [-8, -34], [-18, -47], [-33, -45], [-90, -87], [65, -84], [60, 75], [3, 6], [22, -14], [29, -17], [49, -39], [1, -2], [15, -23], [-36, -134], [-27, -84], [-18, -44], [-19, -33], [-28, -92], [2, -43], [12, -14], [8, 0], [7, -4], [16, -11], [9, -9], [21, -47], [6, -14], [2, -11], [5, -57], [-1, -310], [-1, -2], [-17, -49], [-5, -10], [-19, -24], [-5, 8], [-12, -37], [-2, -30], [0, -31], [3, -28], [8, -40], [50, -250], [13, -10], [13, -12], [10, -12], [17, -43], [0, -1], [0, -11], [-1, -58], [0, -6], [0, -26], [0, -2], [-3, -45], [-2, -10], [-1, -9], [-4, -14], [-1, -6], [-7, -19], [-6, -13], [-17, -39], [-13, -41], [-17, -80], [0, -41], [1, -89], [4, -73], [4, -3], [-1, -7], [-12, -99], [-4, -24], [-8, -31], [-4, -19], [-10, -25], [-9, -18], [-13, -15], [-13, -8], [-13, -3], [-22, 5], [-56, 58], [-22, 24], [-25, 29], [1, 11], [-5, 4], [-1, 1], [-18, -1], [-10, -4], [-17, -18], [-4, -8], [-7, -14], [-107, -212], [-9, -41], [-1, -9], [4, -96], [10, -25], [10, -11], [15, -6], [50, -9], [160, -139], [5, -6], [14, -19], [9, -75], [-11, -23], [-31, -8], [-13, -24], [-23, -49], [-29, -61], [-2, -10], [-1, -14], [12, -14], [19, -5], [8, -2], [-1, 4], [0, 3], [20, 14], [15, 7], [20, 11], [12, 3], [14, 2], [6, 0], [4, -1], [0, -1], [3, -3], [99, -67], [87, 43], [3, 0], [1, -1], [1, -1], [1, -1], [2, -1], [1, -2], [8, -9], [9, -17], [14, -32], [12, -20], [2, -1], [26, -20], [10, -7], [1, -1], [9, -5], [13, -4], [4, 0], [11, 6], [22, 36], [3, 9], [1, 2], [1, 3], [1, 1], [6, 7], [4, 2], [3, 2], [4, 0], [14, -4], [66, -61], [13, -13], [11, -15], [7, -18], [1, -11], [-4, -27], [-49, -94], [-39, -77], [-4, -9], [0, 0], [-1, -16], [1, -10], [4, -9], [6, -8], [156, -193], [10, -9], [2, -2], [10, -4], [4, 1], [7, 1], [13, 5], [2, 1], [14, 6], [15, 15], [2, 2], [8, 10], [16, 18], [9, 11], [40, 19], [14, 6], [13, 4], [7, 1], [5, -3], [108, -91], [8, -18], [9, -23], [4, -14], [10, -45], [1, -25], [0, -14], [1, -6], [6, -21], [3, -6], [16, -21], [72, -33], [43, -8], [14, 1], [0, 2], [0, 0], [2, 1], [11, 3], [1, 0], [4, 0], [1, -1], [2, -1], [24, -15], [4, -3], [99, -89], [3, -4], [1, -2], [2, -3], [1, -4], [4, -22], [1, -10], [1, -3], [1, -46], [-1, -35], [0, -51], [3, -27], [5, -14], [14, -31], [31, -27], [36, -25], [23, -26], [36, -83], [10, -38], [54, -196], [2, -2], [35, -38], [-4, -54], [-18, -30], [-26, -43], [-17, -33], [0, -21], [16, -36], [14, -9], [24, -15], [16, -17], [3, -9], [9, -164], [-1, -12], [-1, -9], [-10, -28], [-20, -54], [-17, -38], [-1, -3], [-27, -58], [-4, -19], [-7, -43], [-1, -22], [0, -16], [1, -8], [2, -8], [4, -7], [6, -8], [0, -1], [20, -23], [1, -1], [2, -2], [13, -13], [20, -17], [4, -3], [18, -17], [12, -15], [14, -22], [3, -33], [-5, -102], [-1, -18], [-11, -57], [-9, -30], [-9, -19], [-8, -24], [2, -14], [6, -18], [18, -26], [10, -7], [110, -43], [9, 8], [12, 10], [15, -3], [12, -32], [2, -11], [20, -178], [-2, -13], [0, -1], [-16, -53], [-9, -56], [-6, -66], [0, -3], [-1, -34], [0, -28], [1, -13], [2, -30], [6, -23], [0, -7], [0, -1], [-28, -118], [-5, -16], [-5, -17], [-20, -39], [-46, -14], [-14, -5], [-43, 1], [-118, 9], [-132, 5], [0, 0], [-21, -3], [-21, -16], [-13, -11], [-3, -6], [0, -8], [1, -12], [5, -17], [11, -30], [1, 0], [2, -4], [2, -5], [0, -5], [0, -5], [-1, -5], [-33, -98], [-3, -9], [-72, -117], [-87, -95], [-9, -55], [-12, -78], [-3, -31], [3, -24], [4, -38], [1, -11], [-3, -76], [-3, -16], [-7, -8], [-7, -10], [-22, -6], [-67, -100], [3, -63], [1, -17], [-1, -22], [0, -7], [-2, -23], [-2, -17], [-16, -71], [-32, -132], [-19, -73], [-6, -18], [-13, -31], [-45, -108], [-9, -14], [-44, -9], [-2, -1], [0, 0], [-29, -22], [-12, -12], [-9, -9], [-20, -48], [-43, -82], [-92, -152], [-24, -32], [-55, -46], [-26, -16], [-19, -44], [-16, -41], [-10, -24], [-21, -77], [-2, -54], [5, -10], [-6, -38], [-13, -45], [-28, -68], [-18, -21], [-51, -56], [-8, -7], [-77, -30], [-4, 0], [-18, 9], [-3, 3], [-23, 25], [-5, 5], [-23, 6], [-7, 0], [-33, -122], [-17, -14], [-12, -14], [-25, -35], [-18, -36], [-47, -79], [-25, -37], [-56, -82], [-16, 43], [-30, 39], [-11, 15], [-107, 25], [-49, 4], [-2, 2], [-137, -92], [-36, -45], [-11, -102], [-2, -54], [-18, -71], [-68, -114], [-79, -164], [-91, -78], [-55, -116], [-53, -130], [-12, -76], [-6, -53], [-1, -4], [-2, -11], [-36, -63], [-11, -6], [-89, -43], [-82, -41], [-18, -19], [-25, -66], [-14, -42], [8, -56], [-10, -52], [-22, -84], [-160, -132], [-185, -163], [-7, 5], [-1, 0], [-34, 56], [0, 0], [-15, 3], [-35, 0], [0, 0], [-5, -2], [-29, -12], [-119, -80], [-23, -52], [-38, -60], [-28, -31], [-88, -7], [-43, 21], [-9, 9], [-48, 10], [-77, -69], [-17, -48], [-6, -18], [0, 0], [-12, -7], [-56, -14], [-86, -42], [-48, -72], [0, -72], [0, -13], [-40, -26], [-24, -8], [-27, -15], [-7, -59], [-9, -96], [-5, -302], [95, -189], [42, -75], [39, -54], [26, -63], [-16, -52], [-17, -151], [7, -145], [4, -57], [-14, -7], [-47, 10], [-26, 10], [-53, 7], [-13, -7], [-3, -11], [-12, -42], [-43, -13], [-130, 1], [-102, 71], [-2, 2], [-12, 11], [-42, 70], [-56, 68], [-49, 6], [-61, 32], [-19, 56], [-11, 46], [-17, 112], [-4, 49], [-8, 51], [-26, 38], [-57, 193], [-2, 31], [3, 61], [5, 57], [-41, 116], [-54, 102], [-15, 24], [-54, 40], [-61, 35], [-52, 5], [-84, 53], [-37, 16], [-56, -81], [-86, -74], [-70, -62], [-65, -64], [-16, -19], [-22, -4], [-10, 4], [-27, 9], [-31, 35], [-21, 13], [-22, 14], [-51, -43], [-42, -38], [-17, -10], [-25, -8], [0, 0], [-17, 14], [-57, 84], [-16, 28], [-34, 69], [-22, 45], [4, 64], [0, 0], [-36, 48], [-187, 112], [-24, -2], [-5, -1], [-79, -67], [-11, -29], [-43, -90], [-9, -9], [-23, -25], [0, 0], [-65, -21], [-5, -2], [-79, 33], [-2, 0], [-2, 3], [-29, 81], [-63, 181], [-12, 37], [-7, 23], [-26, 114], [-5, 29], [-1, 4], [0, 7], [1, 50], [-7, 21], [-4, 2], [-110, 65], [-28, -14], [-15, -7], [-57, 30], [-15, 11], [-51, 45], [-18, 21], [-8, 18], [-1, 3], [-3, 13], [-4, 98], [-45, 129], [-77, 92], [-34, 50], [-17, 87], [-14, 84], [-10, 56], [-7, 21], [-9, 23], [-176, 108], [-47, -22], [-198, 60], [-10, 5], [-38, 22], [-25, 32], [-20, 66], [-10, 45], [-21, 109], [-5, 64], [-22, -4], [-16, -3], [-138, 28], [-77, -4], [-55, 10], [-36, 7], [-25, 28], [-4, 7], [-5, 4], [-42, 6], [-42, -21], [-1, -1], [-8, -10], [-7, -27], [-22, -116], [-1, -27], [4, -94], [-29, -116], [-15, -46], [-25, -71], [-16, -21], [-14, -11], [-18, -18], [-25, -50], [-4, -15], [-6, -19], [-1, 0], [-14, -50], [-12, -40], [-3, -1], [-13, -6], [0, 0], [-19, 17], [-16, 29], [-69, 153], [-31, 78], [-31, 182], [0, 89], [3, 32], [-11, 131], [-16, 20], [-29, 49], [0, 17], [3, 24], [8, 26], [18, 58], [4, 5], [4, 6], [4, 2], [2, 2], [12, 5], [53, 77], [16, 30], [14, 28], [-19, 31], [-14, 3], [-15, 14], [-39, 69], [-3, 9], [-2, 26], [6, 51], [7, 35], [-17, 28], [-10, 14], [-40, 53], [-55, -12], [-26, -31], [-47, -130], [-71, -201], [-15, -53], [-31, -48], [-15, 21], [-9, 24], [-9, 4], [-20, 0], [-78, -88], [-140, -171], [-3, -13], [-5, -73], [-2, -27], [-138, -122], [-20, 7], [-15, 15], [-22, 26], [-10, 5], [-129, 42], [-24, -60], [-4, -17], [-1, -4], [-3, -24], [-3, -31], [1, -18], [2, -10], [-34, -68], [-15, -20], [-24, -1], [-15, 14], [2, 27], [1, 12], [7, 14], [1, 30], [1, 48], [-1, 4], [-13, 83], [-20, 65], [-25, 36], [-61, 88], [-17, -4], [-4, -1], [-46, -26], [-5, -33], [-4, -27], [-2, -21], [-22, -16], [-53, -21], [-6, -1], [-20, 16], [-24, 23], [-26, 41], [-5, 15], [0, 3], [-19, 12], [0, -1], [-10, -21], [-28, -83], [-4, -10], [-2, -12], [-3, -14], [-6, -39], [-1, -9], [-2, -43], [-1, -29], [0, -29], [0, -4], [-2, -24], [-3, -36], [-4, -21], [-5, -26], [-6, -17], [-6, -19], [-8, -20], [-11, -30], [-18, -99], [-44, -12], [-40, 54], [-81, 171], [-3, 4], [-10, 0], [-2, -3], [-2, -2], [-40, -135], [-1, -9], [7, -65], [3, -29], [-11, -91], [-49, -182], [-13, -39], [-19, -40], [0, -1], [-19, -13], [-9, -2], [-1, 0], [-37, 7], [6, 43], [-38, 103], [-47, 78], [-40, 143], [-11, 91], [8, 48], [-11, 23], [-40, 24], [21, 35], [28, 89], [-4, 35], [35, 188], [4, 22], [17, 17], [19, 38], [36, 113], [9, 77], [4, 81], [-6, 151], [-6, 36], [-2, 11], [0, 1], [-2, 2], [-7, 6], [-33, -20], [-70, -18], [-97, 19], [-10, 3], [-20, 18], [-88, 106], [-31, 50], [10, 35], [12, 37], [9, 19], [9, 8], [6, 5], [33, 144], [16, 111], [88, 83], [17, 12], [8, 4], [11, 3], [4, 1], [34, 9], [15, 0], [8, 0], [6, -2], [4, -2], [3, -3], [0, 0], [2, -10], [82, 16], [9, 38], [21, 74], [46, 132], [21, 37], [26, 19], [4, -8], [2, -4], [6, -8], [9, -11], [12, -9], [5, 11], [27, 72], [8, 31], [6, 32], [2, 16], [1, 32], [1, 4], [-1, 12], [-6, 0], [-9, 24], [-8, 32], [0, 3], [13, 85], [8, 30], [-25, 40], [-45, 63], [-40, 34], [-40, 112], [2, 59], [-6, 78], [-1, 9], [-1, 2], [-22, 93], [-16, 18], [-11, 2], [-19, 0], [-16, 0], [-5, 9], [-6, 19], [-1, 38], [4, 175], [11, 155], [1, 5], [5, 20], [2, 20], [4, 58], [0, 3], [-3, 20], [-13, 72], [-6, 5], [-80, 36], [-25, 9], [-11, 2], [-9, 15], [-29, 21], [-2, -2], [0, 0], [-18, -11], [-65, -61], [0, -1], [-10, -15], [-1, -31], [-11, -20], [-19, -32], [-21, 3], [-43, 31], [-7, 7], [-18, 17], [-1, 1], [0, 1], [0, 0], [-6, 15], [-32, 32], [-77, 41], [-11, -2], [-22, -5], [-25, -49], [-18, -41], [-12, -37], [-3, -61], [-7, -72], [-9, -31], [-6, -16], [-31, -20], [-4, 14], [-12, 28], [-13, 18], [-118, 40], [-129, 23], [-65, -18], [-38, -12], [-32, -13], [-20, -21], [-8, -55], [-12, -83], [-2, -14], [-1, -11], [-5, -30], [-39, -50], [-26, -24], [-38, -33], [-14, -86], [3, -10], [2, -8], [2, -10], [5, -48], [1, -16], [0, 0], [1, -148], [-3, -15], [-7, 5], [-7, 7], [-5, 6], [-12, 13], [-3, 2], [-5, 6], [-4, 0], [-16, -14], [-48, -84], [-2, -13], [8, -40], [24, -32], [3, -111], [-2, -19], [-8, -57], [-112, 38], [-50, 61], [-78, -95], [-24, -24], [-13, 6], [-28, 30], [-2, 5], [-1, 8], [-1, 111], [-17, 71], [-43, 125], [-23, 61], [-42, 76], [-9, 10], [-24, 26], [-79, 71], [-106, 94], [-13, -14], [-41, -75], [-11, -23], [-1, -13], [0, -3], [-3, -3], [-6, -2], [-35, 70], [-13, 35], [-27, 93], [15, 81], [24, 128], [22, 91], [4, 11], [17, 45], [9, 23], [67, 119], [21, 29], [31, -1], [15, -22], [14, -13], [47, 11], [22, 21], [26, 73], [13, 66], [-36, 178], [-32, 104], [-19, 5], [-12, 6], [-17, 29], [-28, 70], [12, 84], [12, 48], [10, -1], [17, 23], [0, 2], [0, 0], [-9, 35], [-51, -11], [-18, -15], [-13, -12], [-12, -12], [-14, -15], [-1, -5], [-1, -6], [-16, -16], [-27, -17], [-8, -6], [-13, -6], [-9, 3], [-75, 202], [2, 17], [-5, 8], [-28, 47], [-19, 28], [-14, 38], [-22, 82], [-3, 43], [5, 35], [13, 9], [8, 2], [15, 3], [0, 0], [8, 2], [6, 15], [2, 8], [24, 79], [4, 51], [17, 98], [26, 71], [9, 93], [18, 68], [8, 14], [23, 26], [25, 43], [15, 27], [0, 2], [1, 32], [-8, 38], [3, 17], [1, 1], [12, 43], [40, 192], [9, 94], [14, 39], [35, 30], [91, 22], [7, -33], [-3, -17], [0, -38], [11, -8], [48, -21], [29, 7], [12, 17], [114, 221], [4, 38], [15, 49], [42, 93], [1, 4], [2, 2], [3, 1], [1, 0], [3, 0], [14, -6], [9, -4], [9, -4], [12, -4], [11, 9], [21, 19], [18, 41], [-3, 9], [-19, 45], [0, 1], [-12, -3], [-48, -16], [-10, -17], [1, -9], [2, -13], [0, 0], [0, -2], [-1, 1], [-5, 1], [-10, 3], [-14, 6], [-1, 0], [-1, 5], [0, 1], [-7, 23], [-8, 44], [0, 2], [14, 69], [16, 64], [6, 27], [-44, 74], [-21, 34], [-15, 5], [-3, 1], [-3, 2], [-19, 17], [-20, 30], [-62, 197], [4, 51], [18, 39], [25, 97], [25, 144], [41, 112], [8, 13], [12, 23], [-1, 23], [0, 5], [-2, 22], [-6, 25], [1, 14], [0, 0], [23, 57], [15, 4], [57, 12], [39, -8], [2, -5], [15, -24], [41, -39], [1, -1], [2, -2], [4, 0], [4, 1], [2, 0], [4, 2], [2, 2], [19, 19], [1, 2], [1, 1], [51, 189], [17, 66], [45, 218], [-4, 13], [-4, 13], [-15, 23], [1, 3], [8, 26], [23, 21], [78, 16], [111, 282], [7, 20], [14, 346], [-10, 36], [10, 67], [5, 25], [24, 66], [10, 9], [45, 55], [42, 56], [22, 30], [0, 1], [0, 0], [2, 9], [3, 20], [8, 130], [-21, 37], [-24, 15], [-33, 27], [-3, 7], [-3, 24], [19, 349], [28, 188], [5, 141], [-4, 114], [0, 0], [1, 6], [29, 63], [14, 8], [5, 22], [2, 16], [10, 66], [1, 29], [-7, 62], [-5, 23], [-30, 171], [-3, 25], [78, 118], [62, 84], [57, 112], [18, 47], [0, 1], [15, 41], [15, 183], [-62, 128], [-9, 199], [3, 89], [6, 82], [12, 140], [8, 50], [24, 92], [31, 65], [39, 38], [28, 36], [0, 0], [14, 74], [6, 48], [11, 41], [22, 56], [25, 32], [17, 38], [42, 90], [30, 38], [146, 55], [36, -16], [42, -37], [117, -39], [196, -85], [30, -25], [76, -92], [40, -61], [97, -165], [11, -21], [6, -32], [47, -92], [15, -28], [13, -20], [52, -66], [15, -10], [21, 4], [23, 1], [24, -19], [6, 49], [3, 37], [1, 84], [9, 38], [63, 100], [16, 26], [27, 33], [23, 26], [27, 21], [31, 6], [9, 86], [-8, 198], [-13, 105], [-6, 29], [-57, 129], [-46, 29], [-50, 131], [-53, 179], [-3, 13], [-12, 78], [-3, 21], [1, 52], [6, 45], [14, 13], [34, 82], [29, 298], [3, 51], [14, 82], [3, 17], [16, 70], [8, 0], [12, -9], [2, -2], [2, -4], [0, 0], [17, -61], [15, -56], [5, -11], [12, -21], [96, -140], [16, -22], [15, 24], [6, 13], [31, 73], [6, 12], [32, 93], [1, 7], [2, 14], [1, 9], [7, 119], [0, 14], [-5, 26], [-3, 14], [-1, 10], [2, 34], [47, 131], [20, 51], [1, 2], [10, 8], [7, 3], [0, 0], [0, -1], [0, -2], [1, 1], [53, 41], [68, 76], [20, 43], [1, 180], [-59, 125], [-13, 11], [-19, 41], [-14, 37], [27, 15], [27, 23], [22, 26], [-4, 32], [-2, 18], [56, 85], [39, 44], [9, 1], [14, -4], [1, 0], [35, -42], [12, -25], [21, -57], [17, -52], [25, -44], [10, -4], [113, -11], [27, -4], [135, -19], [50, -11], [41, -68], [0, -1], [10, -60], [1, -2], [-3, -16], [-5, -25], [-13, -74], [-10, -27], [-3, -11], [-1, -1], [-3, -117], [19, -33], [35, -31], [1, 1], [39, 11], [56, -53], [44, -45], [27, 36], [38, 54], [44, 45], [6, 2], [44, -12], [80, -36], [44, -37], [43, 10], [45, 17], [33, 14], [1, 2], [7, 8], [28, 33], [13, 7], [51, 3], [23, -22], [67, -170], [-21, -49], [-8, -199], [12, -104], [7, -36], [31, -4], [74, -69], [98, -216], [95, -224], [-3, -74], [5, -57], [54, -118], [19, -34], [34, -24], [15, -9], [158, -67], [90, 1], [1, 0], [14, -5], [86, -37], [13, -6], [57, -38], [1, -2], [9, -14], [6, -10], [13, -26], [31, -44], [47, -55], [26, -27], [27, -24], [78, 41], [29, 67], [10, 88], [-3, 45], [0, 16], [19, 142], [16, 71], [141, -105], [122, -90], [59, -86], [56, -89], [35, -45], [25, -26], [18, 30], [12, 66], [-5, 78], [-11, 131], [3, 188], [3, 66], [21, 101], [11, 28], [9, 16], [10, 13], [71, 82], [53, 68], [12, 17], [3, 15], [2, 29], [12, 53], [33, 45], [29, 26], [58, 38], [-3, 111], [-3, 96], [16, 46], [34, 46], [25, 52], [91, 283], [7, 71], [-7, 46], [-11, 54], [-35, 82], [27, 36], [43, 71], [20, 83], [18, 78], [17, 41], [40, 81], [37, 34], [8, -1], [22, -16], [73, -23], [27, -9], [85, -14], [13, 21], [11, 18], [117, 59], [65, 30], [25, 0], [12, -3], [9, 0], [35, -1], [47, 23], [20, -69], [25, -37], [28, -63], [39, -87], [78, -191], [-10, -59], [2, -100], [5, -26], [37, -84], [110, -101], [222, 106], [66, 71], [19, 21], [46, -4], [14, -10], [28, -11], [55, 28], [104, 69], [0, 2], [18, 55], [2, 4], [18, 24], [19, 4], [109, -17], [19, -27], [45, -64], [96, -45], [105, -38], [237, -108], [12, -11], [30, -6], [36, -3], [40, 9], [18, 33], [13, 16], [86, -78], [21, -51], [21, -21], [12, -1], [25, 18], [29, 63], [32, 11], [126, -70], [53, -70], [18, -33], [50, 37], [55, 26], [64, -106], [2, -5], [15, -45], [9, -34], [37, -68], [23, 2], [25, 0], [82, -34], [29, -17], [25, -55], [16, -30], [22, -21], [10, -8], [26, 3], [2, 17], [-7, 13], [0, 33], [31, 53], [21, -19], [31, -43], [37, -53], [-8, -26], [-10, -81], [5, -30], [21, -7], [51, 10], [30, 36], [80, 125], [17, 99], [24, 83], [43, 121], [1, 88], [-12, 51], [-27, 49], [-5, 29], [38, 112], [40, 52], [50, 101], [0, 24], [1, 28], [0, 12], [-18, 110], [7, 39], [92, 141], [68, 99], [48, 2], [47, 17], [46, 37], [4, 5], [24, 31], [5, 19], [24, 34], [23, 24], [38, 39], [26, 6], [50, -3], [17, 4], [76, 108], [31, 47], [15, 5], [13, -21]], [[40541, 63597], [19, -23], [62, -105], [11, -40], [-42, 55], [-35, 67], [-15, 46]], [[40541, 63597], [-9, 13], [2, 0], [0, 0], [0, 0], [5, -8], [1, 0], [0, -1], [1, -1], [0, -3]], [[39826, 66868], [11, -44], [-1, 0], [0, 0], [-1, 0], [-1, 1], [0, 1], [-6, 27], [-1, 2], [-1, 13]], [[39972, 75018], [-25, -85], [19, 79], [6, 6]], [[39972, 75018], [25, 90], [0, 0], [-15, 42], [-18, 47], [-7, 20], [-53, 11], [-12, 2], [0, 0], [-40, -28], [-21, -17], [-14, -12], [-6, -5], [-45, -87], [-38, -90], [-3, -8], [-3, -11], [-28, -158], [-2, -12], [-9, -65], [-1, -8], [0, -6], [-1, -8], [-2, -33], [0, -7], [0, -14], [-1, -24], [0, -32], [0, -6], [2, -90], [0, -6], [2, -23], [7, -69], [4, -28], [25, -188], [2, -17], [1, -2], [0, -2], [1, -2], [0, -2], [12, -52], [1, -3], [8, -26], [-34, -108], [-45, -39], [0, -1], [-2, -2], [-8, -9], [-46, -74], [-1, -2], [0, -2], [-1, -1], [-14, -78], [-1, -8], [-4, -59], [0, -3], [0, -12], [0, -13], [0, -22], [0, -6], [5, -74], [2, -28], [0, -5], [7, -77], [32, -177], [58, -233], [49, -168], [7, -16], [1, -3], [28, -256], [5, -76], [12, -234], [0, -43], [-9, -229], [-24, -188], [0, -1], [-7, -8], [-2, -2], [-7, -11], [-28, -51], [-3, -5], [-6, -12], [-4, -7], [-41, -108], [-36, -98], [-72, -254], [0, 0], [-1, -5], [0, -1], [0, -2], [0, -2], [-1, -1], [0, -1], [0, -1], [0, -1], [4, -30], [0, -3], [1, -2], [1, -4], [9, -45], [11, -36], [74, -277], [27, -108], [0, -1], [0, -1], [14, -65], [29, -168], [2, -29], [1, -1], [0, -1], [-1, -1], [-2, -10], [0, -1], [-4, -10], [-4, -9], [0, -1], [-1, -1], [0, -1], [0, -1], [0, -1], [0, -1], [0, -3], [0, -1], [0, -1], [0, -3], [0, -1], [0, -1], [2, -35], [0, -3], [1, -11], [1, -10], [0, -1], [0, -1], [0, -3], [0, -1], [0, -1], [0, -1], [1, 0], [0, -2], [0, -1], [5, -29], [3, -17], [13, -73], [13, -72], [1, -1], [0, -1], [0, -1], [0, -1], [0, -1], [1, -1], [0, 0], [0, -1], [0, -1], [10, -37], [2, -6], [17, -68], [17, -59], [7, -72], [0, -1], [0, -1], [0, -1], [0, -1], [1, -1], [0, -1], [4, -19], [0, -1], [1, -4], [3, -12], [0, -1], [0, -1], [0, -1], [1, -1], [0, -1], [0, -1], [3, -9], [0, -1], [0, -1], [1, -1], [1, -4], [0, 0], [0, -1], [1, -1], [4, -14], [6, -24], [2, -8], [-6, -56], [0, -1], [-3, -13], [0, -1], [0, -1], [-1, 0], [-1, 0], [0, 0], [-1, 0], [0, 1], [-1, 0], [0, 1], [-1, 0], [0, 1], [-7, 2], [0, 0], [-1, 0], [0, -1], [-1, 0], [0, -1], [-1, 0], [0, -1], [-1, -1], [0, -1], [0, 0], [-1, -1], [0, -1], [-4, -20], [-4, -22], [0, -1], [0, -1], [0, -16], [0, 0], [0, -2], [0, -1], [0, -1], [2, -11], [0, -2], [0, -1], [3, -18], [3, -14], [8, -43], [5, -19], [0, -2], [12, -49], [37, -223], [-2, -192], [-11, -57], [-44, -147], [-29, -59], [0, -1], [-1, -3], [-1, -4], [-2, -8], [0, -3], [-1, -2], [0, -2], [0, -11], [0, -13], [0, -6], [0, -16], [1, -6], [0, -13], [1, -3], [1, -12], [0, -1], [3, -18], [1, -7], [6, -31], [3, -14], [4, -27], [18, -127], [8, -73], [3, -89], [1, -100], [-15, -72], [0, 1], [-1, 0], [-3, 1], [-4, 1], [-5, 2], [-4, 1], [-15, -4], [-8, -2], [0, 0], [0, 0], [0, -1], [-4, -5], [-1, -4], [-2, -4], [-1, -4], [-27, -94], [-2, -9], [-1, -4], [-1, -8], [0, -6], [0, -8], [1, -72], [0, -5], [2, -8], [20, -103], [7, -6], [0, -21], [-2, -39], [-6, -28], [-2, 1], [-1, 0], [-1, 0], [-1, -1], [-1, -1], [-1, -1], [-1, -2], [-2, -4], [-1, -2], [-5, -10], [-3, -10], [-1, -7], [-1, -4], [0, -3], [0, -2], [0, -2], [0, -2], [0, -3], [0, -4], [0, -6], [3, -29], [0, -1], [1, -2], [20, -105], [6, -30], [1, -3], [3, -14], [11, -46], [14, -55], [18, -70], [8, -31], [4, -19], [20, -82], [13, -85], [-14, -96], [-8, -47], [-1, -1], [-7, -12], [-8, -13], [-2, -3], [0, -2], [-1, -2], [0, -2], [0, -4], [0, -2], [0, -3], [0, -2], [0, -2], [8, -71], [-14, 56], [0, 0], [-11, -3], [0, 0], [-47, -69], [-5, -10], [-5, -14], [-2, -13], [-3, -15], [-3, -16], [-4, -37], [-1, -10], [0, -9], [0, -2], [0, -1], [29, -219], [4, -41], [1, -7], [21, -110], [0, -1], [0, -1], [0, -3], [21, -90], [4, -17], [7, -28], [20, -69], [8, -27], [2, -5], [1, 0], [31, -169], [0, -1], [2, -6], [5, -12], [0, -1], [3, -1], [0, -1], [1, 1], [0, 0], [1, 2], [1, 2], [0, 1], [1, 4], [0, 2], [1, 0], [0, 0], [1, 0], [0, 0], [0, 0], [0, -1], [0, -1], [0, -1], [0, -2], [0, -1], [-7, -43], [-5, -28], [-1, -1], [-25, -55], [-1, -6], [-6, -25], [-1, -7], [-4, -18], [0, 0], [-1, -5], [0, 0], [-2, -22], [0, 0], [0, 0], [0, -4], [0, 0], [0, 0], [0, -1], [0, 0], [0, -13], [1, -25], [0, 0], [0, 0], [1, -11], [2, -9], [1, -6], [8, -48], [4, -16], [1, -6], [1, -5], [0, 0], [0, -1], [1, 0], [0, 0], [0, -1], [4, -3], [0, 0], [0, 0], [0, 0], [1, 0], [1, 0], [0, 0], [0, 0], [0, 0], [0, 0], [1, 0], [0, 0], [0, 0], [0, 0], [0, 0], [0, 0], [0, 0], [1, -1], [0, 0], [0, 0], [0, 0], [-1, -6], [0, 0], [0, 0], [0, -1], [-2, -4], [0, 0], [0, 0], [0, 0], [0, -1], [0, 0], [0, 0], [0, 0], [-1, 0], [0, -1], [0, -10], [6, -19], [0, 0], [3, -16], [0, 0], [0, 0], [0, -1], [0, 0], [0, 0], [-1, 0], [6, -24], [-1, -12], [0, 0], [0, 0], [0, -1], [0, 0], [-1, -2], [0, 0], [0, 0], [0, 0], [0, -1], [-1, 0], [0, 0], [0, 0], [0, 0], [0, 0], [0, 0], [-1, -5], [3, -13], [1, -4], [1, -3], [3, -13], [3, -13], [34, -143], [11, -63], [19, -80], [41, -156], [39, -183], [3, -14], [10, -34], [19, -65], [10, -28], [3, -7], [122, -267], [14, -28], [164, -325], [96, -185], [5, -29], [4, -89], [33, -85], [17, -21], [-38, -3], [0, 0], [-22, -18], [42, -141], [1, -1], [30, -74], [63, -132], [81, -200], [66, -113], [-6, -149], [19, -171], [17, -194], [0, 0], [0, 0], [0, -1], [-11, -29], [0, -1], [0, -1], [0, 0], [0, -1], [0, 0], [0, -2], [5, -30], [17, -84], [2, -7], [17, -72], [15, -46], [9, -21], [8, -18], [8, -18], [7, -10], [32, -43], [4, -47], [8, -111], [0, -4], [-1, -8], [-6, -30], [0, 0], [-1, -1], [0, -1], [0, 0], [-9, -17], [-8, -15], [0, -1], [0, 0], [0, 0], [0, -1], [0, 0], [0, 0], [0, -1], [0, 0], [0, -10], [0, 0], [4, -145], [0, -1], [0, -2], [12, -35], [66, -158], [62, -129], [11, -21], [8, -9], [64, -229], [2, -10], [5, -24], [4, -15], [96, -261], [55, -137], [5, -30], [-22, -102], [-20, -74], [-1, -5], [0, 0], [-17, -35], [-64, -106], [-45, -33], [-36, -39], [-8, -10], [-21, -44], [-5, -14], [-5, -13], [0, -3], [-2, -9], [-3, -12], [0, -1], [-1, -18], [0, -2], [0, -3], [0, -3], [8, -381], [1, -8], [1, -9], [4, -43], [1, -5], [2, -13], [3, -21], [2, -13], [8, -52], [1, -5], [1, -6], [13, -58], [28, -123], [71, -267], [27, -73], [30, -104], [-1, -66], [0, 0], [0, -1], [-1, 0], [0, 0], [-4, -23], [0, -1], [-2, -12], [0, -1], [-1, -2], [0, -1], [0, -3], [0, -4], [0, -2], [0, -2], [0, -3], [0, -2], [0, -2], [0, -2], [0, -1], [0, -1], [5, -45], [1, -8], [7, -40], [13, -73], [1, -2], [0, -1], [-92, -161], [-25, -85], [-1, -2], [0, -3], [-1, -2], [0, -2], [-1, -2], [0, -4], [0, -2], [-1, -3], [0, -2], [0, -4], [-2, -12], [0, -4], [-5, -58], [0, -4], [0, -3], [0, -2], [0, -4], [0, -5], [0, -3], [0, -4], [0, -4], [0, -2], [0, -2], [0, -3], [1, -4], [0, -4], [1, -3], [0, -2], [20, -167], [1, -7], [30, -162], [9, -283], [0, -3], [4, -101], [3, -54], [0, -2], [22, -169], [-11, -172], [-1, 0], [0, 1], [-1, 1], [0, 0], [-1, 1], [-1, 1], [-1, 0], [-1, 1], [-1, 0], [-1, 0], [-1, 0], [-2, 1], [0, 0], [-2, -1], [-1, 0], [-1, 0], [-1, 0], [-2, -1], [-1, -1], [-1, 0], [-1, -1], [-1, -1], [-2, -1], [-1, -1], [-1, -1], [-1, -2], [-2, -1], [-1, -1], [-107, -124], [-2, -2], [-1, -2], [-4, -11], [-10, -31], [-1, -3], [-1, -5], [-7, -32], [-1, -7], [-2, -20], [-1, -3], [-3, -94], [0, -27], [-4, -94], [-3, -22], [-5, 1], [-30, 1], [0, 0], [-1, 0], [-1, -1], [-1, -1], [-1, -1], [-1, 0], [0, -1], [-1, -2], [-1, -1], [-2, -3], [-1, -2], [-2, -4], [-1, -1], [-3, -6], [-1, -2], [-1, -1], [-3, -6], [0, -2], [-1, -2], [-1, -2], [-1, -2], [-1, -2], [0, -2], [-1, -2], [-1, -7], [-1, -2], [-1, -2], [-2, -8], [0, -3], [-3, -11], [0, -4], [-1, -2], [0, -5], [-1, -3], [0, -2], [0, -3], [0, -2], [-1, -3], [0, -9], [-1, -7], [0, -2], [0, -3], [-1, -3], [0, -2], [0, -3], [0, -2], [0, -3], [0, -2], [0, -3], [-6, -141], [0, -6], [0, -10], [1, -2], [1, -22], [0, -2], [0, -1], [0, -1], [1, -1], [0, 0], [0, -1], [1, -1], [16, -108], [-60, -114], [-1, -1], [-15, -9], [-14, -9], [-12, -10], [-26, -26], [-14, -15], [-12, -20], [-12, -22], [-12, -23], [-4, -11], [-3, -14], [-21, -73], [9, 48], [9, 47], [35, 92], [67, 63], [-70, 203], [-56, -16], [-150, -141], [-85, -54], [-157, -208], [-7, -11], [-47, -94], [-19, -47], [-9, -25], [-6, -16], [-9, -23], [-11, -32], [-8, -26], [-18, -62], [-9, -34], [-6, -23], [-4, -15], [-23, -127], [-25, -76], [-16, -45], [-21, -62], [-10, -140], [-5, -65], [-13, -108], [-39, -211], [-1, -1], [0, -3], [0, 0], [-31, -51], [-58, -93], [-30, -46], [-5, -76], [-14, 4], [-17, 8], [-4, 3], [-8, 6], [-36, 28], [-10, 19], [-24, 77], [-9, 53], [-4, 39], [9, 31], [10, 32], [10, 57], [-76, 86], [-68, 42], [-16, 4], [-51, 52], [1, 27], [-17, 75], [-69, 105], [-130, 121], [-73, 4], [-11, -5], [-2, 1], [-13, 8], [-30, 18], [-6, 13], [-12, 68], [4, 84], [2, 18], [18, 34], [-25, 29], [-17, 5], [-43, 11], [-26, -7], [-60, -47], [-13, -19], [-13, -24], [-63, 73], [-6, 29], [-62, 116], [-43, -31], [-43, -35], [-148, -150], [-81, -82], [-109, -31], [-98, -100], [-52, -123], [-21, -68], [-19, -96], [-30, -91], [-5, -10], [-42, -63], [-25, -21], [-1, -1], [-40, 81], [-10, 69], [-12, 35], [-30, 63], [-38, 45], [-25, 13], [-41, 15], [-34, 0], [-88, 42], [-17, 14], [-13, 34], [-25, 24], [-76, 34], [-60, 20], [-85, 45], [-11, 15], [-2, 16], [-6, 49], [-10, 67], [-25, 81], [-14, 31], [-55, 27], [-19, 2], [-84, -31], [-39, -28], [-42, -23], [-39, 26], [-45, 37], [-91, 74], [-49, 10], [-44, -7], [-29, -15], [-23, -17], [-90, 44], [-51, 26], [-69, 47], [-35, 65], [-9, 2], [-151, -114], [-23, -19], [-22, -34], [-10, -3], [-9, -1], [-60, 20], [-20, 23], [-43, 60], [-63, 26], [-33, -12], [-27, 10], [-39, 43], [-19, 32], [-7, 17], [-4, 7], [-24, 33], [-31, 20], [-32, 7], [0, 0], [17, 81], [12, 33], [30, 52], [43, 28], [49, 17], [30, 66], [52, 119], [2, 88], [-8, 111], [-8, 28], [-21, 50], [-14, 29], [-1, 26], [-6, 180], [33, -8], [74, 69], [29, 58], [24, 65], [50, 217], [6, 26], [18, 139], [8, 79], [-6, 71], [9, 122], [7, 15], [22, 17], [6, 6], [33, 36], [25, 77], [-13, 32], [1, 55], [27, 101], [65, 123], [27, 15], [16, 48], [0, 2], [-13, 14], [-26, 1], [0, 0], [-42, -3], [-48, -12], [0, 0], [-50, 8], [-55, 63], [-23, 57], [-35, 52], [-54, 51], [-29, -14], [0, 0], [-25, 1], [-95, 28], [-71, 83], [-19, 51], [-18, 73], [22, 67], [16, 108], [-4, 24], [-11, 64], [-12, 89], [23, 140], [26, 165], [-2, 91], [-28, 110], [23, 7], [47, 32], [60, 48], [4, 20], [2, 36], [23, 33], [19, 28], [140, 153], [14, 15], [86, 53], [45, 23], [36, -52], [20, -16], [54, 61], [26, 47], [31, 81], [6, 22], [-9, 51], [-10, 39], [-6, 41], [-1, 99], [20, 52], [7, 47], [-18, 55], [-17, 60], [1, 35], [7, 101], [52, 150], [105, 275], [8, 15], [43, 14], [14, -5], [17, -12], [32, -59], [38, -82], [40, 0], [34, 75], [0, 43], [-15, 40], [1, 38], [7, 16], [23, 50], [31, 88], [-15, 109], [-15, 86], [-19, 75], [-42, 79], [-20, 19], [-27, 19], [-11, 15], [-5, 61], [-13, 89], [-22, 42], [-6, 12], [-44, 22], [-43, 19], [0, 0], [-20, -1], [-20, -5], [-20, 21], [-23, 53], [-14, 91], [-23, 98], [-17, 43], [-20, 26], [-51, 52], [-35, 113], [-7, 30], [4, 32], [-1, 47], [-3, 13], [-17, 33], [-7, 10], [-42, 44], [-42, 34], [-11, 25], [8, 38], [34, 145], [-11, 122], [45, 240], [24, 106], [8, 13], [47, 107], [5, 54], [-1, 1], [-13, 51], [-18, 45], [-14, 27], [-13, 9], [-17, 24], [-32, 53], [-7, 21], [-4, 35], [2, 15], [1, 48], [1, 23], [-7, 23], [-17, 30], [-28, 19], [-44, 3], [-61, -24], [-21, -24], [-18, -26], [-53, -5], [-101, 36], [-38, 15], [-22, 25], [-23, 249], [-12, 134], [28, 82], [3, 6], [21, 48], [35, 52], [51, 80], [13, 53], [-5, 18], [-2, 6], [-26, 43], [-9, 19], [-2, 7], [-14, 67], [0, 11], [14, 179], [18, 33], [18, 27], [4, 10], [4, 35], [1, 6], [-24, 21], [-19, 23], [-5, 13], [0, 7], [-1, 31], [4, 24], [5, 6], [12, 9], [19, 9], [9, 4], [21, 8], [26, 23], [8, 14], [17, 28], [6, 16], [2, 7], [0, 21], [0, 5], [-13, 37], [-31, 40], [-9, 25], [0, 3], [3, 20], [1, 4], [14, 12], [6, -1], [3, -2], [4, -2], [49, -45], [63, -33], [25, 17], [2, 17], [-5, 71], [-69, 215], [-74, 227], [-20, 25], [-44, 36], [-27, 9], [-14, -12], [-28, -29], [-30, -76], [-29, -70], [-13, 0], [0, 0], [-27, 24], [-61, 42], [-10, -5], [-55, -48], [-69, -52], [-30, 44], [4, 94], [15, 38], [29, 112], [-139, -149], [-27, -68], [-6, -38], [0, -34], [11, -17], [7, -69], [-17, -149], [-15, -73], [19, -37], [-19, -189], [-17, -54], [-13, -22], [-11, -3], [0, 0], [-24, 6], [-38, -76], [-18, -41], [-5, -16], [5, -18], [-5, -45], [-40, -78], [-8, -11], [-27, -35], [-51, -21], [-116, 0], [-35, 26], [-81, 73], [-21, -36], [-23, -3], [-143, 75], [-40, 78], [41, 162], [16, 43], [28, 23], [36, 35], [7, 8], [15, 37], [8, 43], [-14, -12], [-51, -32], [-50, -27], [-60, -26], [-8, 5], [-19, 13], [-16, 9], [-14, 0], [-10, -2], [-22, -20], [-10, -11], [-33, -67], [-28, -42], [-25, -26], [-39, 4], [-4, 2], [-8, 9], [-9, 56], [-65, 182], [-32, 15], [0, 0], [-16, -34], [-4, -54], [-20, -104], [-33, -154], [-49, -39], [-19, -10], [-84, 217], [-30, 102], [-3, 52], [-1, 79], [5, 17], [-7, 19], [-33, 91], [-43, 37], [-15, 18], [-33, 69], [-11, 99], [0, 27], [8, 62], [10, 51], [-1, 16], [-70, 183], [-19, 44], [-28, 25], [-18, 2], [-12, -9], [-18, -17], [-36, -10], [-131, -35], [0, 0], [-11, 2], [-122, 40], [-14, 6], [-13, 6], [-77, 76], [-41, 28], [-52, -5], [-63, -69], [-27, -47], [19, -25], [3, -14], [-1, -71], [-7, -80], [-36, -37], [-34, -24], [-77, 19], [-17, 9], [-26, 44], [-3, 12], [-14, 40], [-22, 38], [-15, 25], [-7, 5], [0, 0], [-2, -4], [-2, -8], [-6, 23], [-2, 30], [-1, 13], [0, 28], [1, 34], [0, 3], [6, 66], [9, 56], [16, 53], [0, 1], [2, 13], [-20, 178], [-2, 11], [-12, 32], [-15, 3], [-12, -10], [-9, -8], [-110, 43], [-10, 7], [-18, 26], [-6, 18], [-2, 14], [8, 24], [9, 19], [9, 30], [11, 57], [1, 18], [5, 102], [-3, 33], [-14, 22], [-12, 15], [-18, 17], [-4, 3], [-20, 17], [-13, 13], [-2, 2], [-1, 1], [-20, 23], [0, 1], [-6, 8], [-4, 7], [-2, 8], [-1, 8], [0, 16], [1, 22], [7, 43], [4, 19], [27, 58], [1, 3], [17, 38], [20, 54], [10, 28], [1, 9], [1, 12], [-9, 164], [-3, 9], [-16, 17], [-24, 15], [-14, 9], [-16, 36], [0, 21], [17, 33], [26, 43], [18, 30], [4, 54], [-35, 38], [-2, 2], [-54, 196], [-10, 38], [-36, 83], [-23, 26], [-36, 25], [-31, 27], [-14, 31], [-5, 14], [-3, 27], [0, 51], [1, 35], [-1, 46], [-1, 3], [-1, 10], [-4, 22], [-1, 4], [-2, 3], [-1, 2], [-3, 4], [-99, 89], [-4, 3], [-24, 15], [-2, 1], [-1, 1], [-4, 0], [-1, 0], [-11, -3], [-2, -1], [0, 0], [0, -2], [-14, -1], [-43, 8], [-72, 33], [-16, 21], [-3, 6], [-6, 21], [-1, 6], [0, 14], [-1, 25], [-10, 45], [-4, 14], [-9, 23], [-8, 18], [-108, 91], [-5, 3], [-7, -1], [-13, -4], [-14, -6], [-40, -19], [-9, -11], [-16, -18], [-8, -10], [-2, -2], [-15, -15], [-14, -6], [-2, -1], [-13, -5], [-7, -1], [-4, -1], [-10, 4], [-2, 2], [-10, 9], [-156, 193], [-6, 8], [-4, 9], [-1, 10], [1, 16], [0, 0], [4, 9], [39, 77], [49, 94], [4, 27], [-1, 11], [-7, 18], [-11, 15], [-13, 13], [-66, 61], [-14, 4], [-4, 0], [-3, -2], [-4, -2], [-6, -7], [-1, -1], [-1, -3], [-1, -2], [-3, -9], [-22, -36], [-11, -6], [-4, 0], [-13, 4], [-9, 5], [-1, 1], [-10, 7], [-26, 20], [-2, 1], [-12, 20], [-14, 32], [-9, 17], [-8, 9], [-1, 2], [-2, 1], [-1, 1], [-1, 1], [-1, 1], [-3, 0], [-87, -43], [-99, 67], [-3, 3], [0, 1], [-4, 1], [-6, 0], [-14, -2], [-12, -3], [-20, -11], [-15, -7], [-20, -14], [0, -3], [1, -4], [-8, 2], [-19, 5], [-12, 14], [1, 14], [2, 10], [29, 61], [23, 49], [13, 24], [31, 8], [11, 23], [-9, 75], [-14, 19], [-5, 6], [-160, 139], [-50, 9], [-15, 6], [-10, 11], [-10, 25], [-4, 96], [1, 9], [9, 41], [107, 212], [7, 14], [4, 8], [17, 18], [10, 4], [18, 1], [1, -1], [5, -4], [-1, -11], [25, -29], [22, -24], [56, -58], [22, -5], [13, 3], [13, 8], [13, 15], [9, 18], [10, 25], [4, 19], [8, 31], [4, 24], [12, 99], [1, 7], [-4, 3], [-4, 73], [-1, 89], [0, 41], [17, 80], [13, 41], [17, 39], [6, 13], [7, 19], [1, 6], [4, 14], [1, 9], [2, 10], [3, 45], [0, 2], [0, 26], [0, 6], [1, 58], [0, 11], [0, 1], [-17, 43], [-10, 12], [-13, 12], [-13, 10], [-50, 250], [-8, 40], [-3, 28], [0, 31], [2, 30], [12, 37], [5, -8], [19, 24], [5, 10], [17, 49], [1, 2], [1, 310], [-5, 57], [-2, 11], [-6, 14], [-21, 47], [-9, 9], [-16, 11], [-7, 4], [-8, 0], [-12, 14], [-2, 43], [28, 92], [19, 33], [18, 44], [27, 84], [36, 134], [-15, 23], [-1, 2], [-49, 39], [-29, 17], [-22, 14], [-3, -6], [-60, -75], [-65, 84], [90, 87], [33, 45], [18, 47], [8, 34], [16, 34], [33, 50], [44, 51], [34, 39], [14, 1], [69, 48], [95, 84], [5, 15], [51, 157], [20, 74], [64, 45], [96, 52], [82, 94], [96, 39], [35, -4], [121, 67], [0, 0], [13, 11], [7, 13], [1, 1], [23, 54], [22, 51], [15, 37], [1, 5], [1, 2], [7, 9], [39, 33], [20, 14], [34, -5], [122, -79], [37, -48], [138, -182], [21, -80], [11, -80], [78, -74], [5, 8], [2, 2], [0, 1], [23, 4], [31, -2], [58, -45], [18, -21], [5, -32], [10, -22], [69, -85], [10, 2], [149, 123], [19, -5], [18, 18], [7, 8], [51, 56], [28, 40], [89, 151], [29, 52], [45, 103], [12, 78], [0, 63], [51, 124], [19, 1], [14, 4], [14, 16], [45, 85], [24, 108], [12, 57], [1, 27], [77, -31], [50, -23], [20, -4], [82, 3], [93, 93], [88, 99], [38, 18], [34, 9], [16, -8], [44, -20], [13, -24], [31, -14], [101, -34], [9, 2], [21, 35], [11, 10], [25, 6], [123, 20], [103, 6], [123, -105], [34, -39], [94, -68], [22, 0], [19, -28], [15, -53], [1, -4], [3, 0], [22, 35], [-5, 35], [-12, 37], [-17, 29], [-17, 9], [-102, 135], [-3, 23], [4, 108], [9, 98], [-3, 47], [-3, 28], [-20, 36], [-22, 64], [-39, 127], [-16, 69], [-9, 56], [7, 52], [15, -2], [34, 31], [22, 80], [34, 175], [-3, 19], [-26, 76], [-23, 60], [-2, 98], [-57, 137], [-22, 24], [-28, 3], [-16, 29], [-12, 50], [43, 66], [74, 72], [9, 7], [9, 1], [11, 22], [110, 227], [9, 37], [27, 77], [22, 27], [16, 14], [26, 16], [14, 5], [73, 158], [37, 137], [32, 115], [36, 86], [33, 65], [34, 27], [33, 22], [34, -17], [50, 61], [-1, 34], [3, 34], [41, 40], [52, 46], [83, 23], [79, 32], [8, 9], [22, 44], [48, 156], [14, 104], [23, 175], [15, 179], [7, 51], [8, 15], [11, 17], [105, 49], [120, -82], [20, -13], [26, 17], [20, 25], [37, 16], [21, -41], [32, -42], [27, -18], [96, -47], [50, 3], [7, 76], [6, 58], [4, 95], [-2, 28], [0, 42], [58, 110], [54, 97], [19, 27], [10, 37], [4, 46], [29, 48], [38, 36], [34, -14], [23, -15], [67, 13], [25, 35], [8, 11], [13, 23], [5, 14], [4, 32], [1, 22], [48, 47], [85, 57], [38, 12], [20, 33], [98, 232], [-4, 49], [5, 39], [16, 59], [10, 33], [19, 26], [55, -6], [20, -11], [20, -22], [22, -25], [9, -12], [15, -14], [10, -1], [37, 2], [18, 10], [79, 64], [46, 74], [7, 25], [9, 63], [1, 44], [11, 37], [1, 1], [6, -11], [5, -64], [25, -37], [44, 24], [13, 11], [11, 12], [14, 21], [7, 4], [79, 21], [104, -7], [29, -7], [39, -22], [8, -8], [21, -22], [9, -14], [6, -2], [120, 0], [12, 6], [34, 54], [11, 0], [7, 0], [45, -70], [-3, -41], [-5, -26], [3, -23], [1, -7], [20, -94], [3, -12], [6, -19], [6, -13], [46, -99], [29, -55], [15, -28], [9, -17], [6, -7], [12, -12], [5, -1], [2, 0], [4, 0], [15, 1], [16, 0], [24, -3], [7, -10], [0, -89], [0, -5], [0, -3], [-1, -4], [-1, -3], [-1, -2], [-37, -104], [-1, -4], [-6, -6], [-13, -9], [-7, -1], [-1, -1], [-11, -3], [-1, 0], [-10, -13], [0, -1], [-5, -10], [0, -1], [0, -2], [-4, -13], [0, -1], [-1, -5], [0, -3], [0, -5], [0, -1], [0, -5], [10, -107], [0, -4], [1, -6], [1, -1], [2, -10], [2, -15], [3, -10], [1, -6], [43, -172], [8, -28], [2, -5], [0, -1], [2, -4], [14, -34], [2, -6], [39, -82], [1, -1], [29, -36], [1, -1], [3, -1], [1, -1], [3, -1], [3, -1], [1, 0], [1, 0], [1, 0], [2, 0], [37, 12], [7, 16], [0, 0], [0, 0], [0, 1], [1, 0], [0, 0], [0, -1], [1, 0], [0, 0], [0, -1], [3, -9], [0, -1], [0, -1], [0, -1], [0, 0], [0, -14], [-1, -4], [-31, -116], [0, 0], [0, -1], [-25, -40], [-10, -4], [-8, -14], [-17, -53], [-34, -118], [-2, -4], [0, -2], [-1, -4], [-1, -7], [-1, -4], [0, -1], [-3, -16], [-4, -35], [62, -330], [4, -12], [4, -11], [27, -59], [10, -21], [6, -7], [3, -1], [67, 44], [2, 1], [1, 4], [2, 3], [2, 0], [9, -3], [8, -4], [3, -2], [4, -5], [3, -4], [6, -9], [10, -18], [10, -17], [44, -84], [1, -1], [0, -3], [0, -2], [0, -2], [-1, -2], [-1, -2], [-9, -8], [-1, -1], [-1, 1], [-2, 1], [-1, 2], [-6, 9], [0, 12], [0, 0], [0, 2], [-37, 70], [-16, 30], [-9, 8], [-4, 3], [-4, 2], [-4, 1], [-3, 0], [-3, -1], [-2, -1], [-4, -1], [-19, -11], [-48, -36], [-12, -18], [7, -31], [19, -70], [17, -30], [57, -102], [20, 31], [-12, 25], [-12, 26], [-2, 5], [-7, 15], [-12, 25], [-3, 13], [-2, 11], [0, 1], [0, 6], [0, 5], [1, 5], [0, 0], [0, 1], [0, 0], [0, 1], [0, 0], [27, 25], [2, 3], [1, 0], [2, 1], [0, 0], [1, 1], [3, 1], [1, 0], [0, 0], [1, -1], [0, 0], [1, -1], [1, 0], [0, -1], [1, -1], [0, -1], [0, -1], [0, -1], [1, -5], [1, -3], [0, -1], [0, -1], [0, -2], [0, 0], [0, -1], [0, 0], [-1, -1], [0, -1], [-2, -3], [-2, -2], [-2, -1], [-1, -1], [0, 0], [-3, 0], [-1, 0], [0, 0], [-1, 0], [-7, -5], [-1, 0], [-2, -2], [0, 0], [0, -1], [0, -1], [-1, -6], [0, -6], [-1, -7], [0, -5], [0, -2], [0, -3], [2, -5], [2, -3], [45, -97], [85, -184], [4, -8], [4, -7], [0, -1], [6, -9], [3, -4], [2, -3], [1, -1], [15, -14], [118, -148], [-5, -25], [-17, 31], [-26, 47], [-2, 3], [-2, 4], [0, 1], [-3, 2], [-2, 3], [0, 0], [-1, 1], [-1, 1], [-25, 23], [-6, 3], [-3, 1], [-5, 0], [-5, -12], [-1, -6], [-1, -33], [128, -229], [16, -79], [4, -10], [1, -4], [2, -5], [3, -5], [2, -5], [0, 0], [4, -9], [2, -5], [1, -1], [2, -4], [2, -3], [105, -163], [26, -38], [20, -24], [30, -34], [29, -35], [5, -6], [161, -203], [24, -30], [17, -25], [68, -69], [56, -61], [22, -25], [23, -26], [0, -2], [0, -1], [0, -12], [0, -1], [3, -9], [13, -30], [22, -39], [6, -10], [2, -4], [1, -1], [112, -113], [22, -125], [30, -124], [31, -46], [0, -1], [1, -1], [0, 0], [1, -28], [0, -2], [-10, -52], [-1, -3], [-10, -15], [-104, -121]], [[99968, 84453], [6, -17], [1, 1], [0, 1], [0, 0], [0, 0], [0, 1], [0, 0], [0, 0], [0, 1], [1, 1], [2, 6], [0, 1], [0, 0], [2, 1], [0, 1], [0, 0], [0, 0], [6, 4], [1, 1], [1, 0], [4, 2], [1, 0], [0, -1], [1, 0], [1, -1], [2, -5], [0, -1], [1, -1], [0, -1], [2, -40], [-19, -28], [-21, -29], [5, -21], [2, -3], [2, -3], [1, -1], [1, -2], [0, 0], [0, -1], [0, -1], [0, -1], [-1, -4], [0, -1], [-1, 0], [-13, -2], [0, 0], [-1, 1], [-37, 29], [0, 0], [1, -1], [0, 0], [0, 0], [0, -1], [1, -8], [0, -1], [0, 0], [0, -7], [0, 0], [0, 0], [0, 0], [0, 0], [0, 0], [0, 0], [-7, 3], [0, 0], [-1, 0], [0, 0], [-3, 4], [-13, 20], [0, 0], [-1, 0], [-1, 6], [11, 32], [0, 0], [3, -3], [0, 0], [0, 0], [-3, -10], [-2, -6], [4, -3], [3, -2], [8, 11], [0, 0], [0, 0], [0, 1], [0, 0], [0, 0], [0, 0], [2, 6], [2, 9], [0, 1], [1, 2], [0, 1], [0, 1], [0, 1], [0, 2], [4, 25], [-1, 4], [-2, 4], [0, 0], [-2, 1], [-1, 0], [0, 1], [0, 0], [4, 8], [1, 2], [43, 59], [0, 0], [0, 0], [0, 0], [2, 2], [0, 0], [0, 0], [1, 0], [0, 0], [0, 0], [0, 0], [0, 0], [0, 0], [1, 0], [0, 0], [0, 0], [0, 0], [0, 0], [0, -1], [0, -1], [0, 0], [0, 0], [0, 0], [0, -1], [1, -14], [0, -10], [-6, -24]], [[99871, 84565], [12, -63], [-20, -76], [-7, -13], [-3, -6], [0, 0], [0, 0], [-13, -3], [0, 0], [0, 0], [0, 0], [-32, 15], [-8, 6], [-6, 12], [-8, 82], [14, 13], [2, -5], [22, 5], [0, 0], [6, 4], [2, 2], [1, 1], [0, 0], [1, 1], [6, 7], [0, 0], [0, 1], [0, 0], [0, 0], [0, 1], [1, 4], [1, 2], [6, 57], [3, -4], [0, 0], [0, 0], [15, -26], [0, -1], [2, -5], [0, 0], [0, 0], [3, -11]], [[77103, 98815], [-9, -2], [-1, 1], [-2, 3], [-3, 4], [-10, 16], [-28, 74], [-11, 31], [-1, 5], [-2, 6], [-2, 6], [-4, 25], [9, 83], [6, 21], [2, 4], [28, 43], [3, 4], [6, 5], [5, 2], [5, 1], [6, -1], [6, -4], [26, -23], [13, -15], [1, -14], [-4, -46], [-2, -52], [-1, -117], [0, 0], [0, -1], [0, -1], [-3, -10], [-1, -1], [-2, -5], [-19, -29], [-5, -7], [-1, -1], [-2, -3], [-3, -2]], [[76733, 99774], [12, -17], [7, 0], [2, -1], [0, -5], [-1, -7], [-3, -8], [-4, -9], [-39, -88], [-5, -6], [-8, -10], [-4, -2], [-1, 0], [-11, 5], [-8, 6], [-29, 24], [-16, 16], [-3, 5], [-1, 8], [-1, 4], [0, 0], [0, 1], [8, 23], [2, 3], [103, 58]], [[76443, 99605], [5, -1], [128, 15], [1, 0], [1, 0], [1, 1], [1, 1], [1, 1], [2, 2], [4, 6], [5, 6], [10, 9], [4, 2], [4, 0], [6, -3], [4, -5], [5, -8], [3, -6], [12, -31], [2, -8], [0, -6], [-1, -18], [0, -3], [-2, -2], [-136, -88], [-36, -16], [0, 0], [-4, -2], [-3, -2], [-2, -2], [-5, -6], [-9, -23], [-9, -21], [-3, -14], [-1, -5], [2, -4], [9, -71], [-51, -224], [-20, -76], [-4, -11], [-7, -41], [-5, -51], [0, -7], [2, -9], [58, -278], [1, -6], [0, -1], [0, 0], [1, -2], [1, -1], [72, -142], [4, -8], [4, -6], [4, -6], [2, -3], [1, -1], [1, 0], [21, -10], [0, 0], [1, 1], [2, 11], [2, 11], [2, 5], [2, 2], [13, 13], [10, 6], [4, 0], [3, -2], [2, -6], [25, -262], [-14, -156], [-60, -258], [3, -14], [18, -111], [0, -10], [0, -4], [-2, -75], [-3, -34], [-14, -93], [-11, -22], [9, 88], [0, 0], [-1, 2], [-37, -6], [-54, -97], [-1, -3], [-16, -32], [-1, -2], [0, -1], [-1, -4], [0, -3], [0, -3], [-2, -74], [6, -77], [12, -83], [23, -33], [6, -2], [7, -3], [24, 0], [11, 12], [0, 1], [0, 0], [-3, 68], [-3, 27], [-3, 33], [-4, 35], [-1, 7], [0, 2], [0, 3], [4, 75], [0, 2], [1, 2], [0, 2], [2, 2], [1, 1], [1, 1], [1, 0], [2, 0], [1, 0], [2, 0], [1, -2], [1, -1], [1, -2], [1, -2], [0, -2], [0, -2], [0, -3], [1, -310], [-12, -88], [1, -77], [4, -23], [1, -4], [2, -4], [5, -4], [2, -2], [2, -2], [3, 0], [60, 7], [31, 34], [0, 3], [0, 5], [1, 3], [1, 2], [1, 1], [2, 2], [1, 1], [2, 0], [23, 4], [2, 0], [0, -1], [1, 0], [30, -21], [1, -2], [2, -3], [2, -5], [2, -4], [1, -2], [1, -7], [1, -2], [0, -2], [0, -1], [0, -1], [-1, -12], [0, -1], [0, -1], [-21, -61], [-1, -2], [-4, -6], [-73, -98], [-3, -3], [-3, -4], [-20, -17], [-60, -18], [-1, 0], [0, 0], [0, 0], [-1, 0], [0, 0], [0, 0], [-1, 0], [0, 0], [0, 0], [-1, 0], [0, 0], [0, 1], [-6, 6], [-28, 36], [-13, 3], [-57, -40], [-10, -22], [-9, -19], [12, -36], [8, -20], [7, -26], [-12, -46], [0, -2], [-5, -14], [-1, -2], [-17, -46], [-17, -38], [-1, -1], [0, 0], [-6, -4], [-46, -30], [-99, -56], [-20, 16], [-73, 22], [-2, 0], [-2, 0], [-1, 0], [-16, -5], [-2, -1], [-146, -89], [-4, -3], [-3, -2], [-4, -5], [-127, -146], [-2, -2], [-11, -16], [-50, -83], [-78, -173], [-66, -300], [8, -33], [3, -10], [0, 0], [0, 0], [126, 87], [14, 23], [0, 0], [0, 1], [0, 0], [0, 0], [-1, 4], [0, 0], [0, 2], [0, 0], [0, 1], [5, 6], [1, 1], [1, 0], [1, 0], [1, -1], [3, -2], [0, 0], [1, -3], [1, -3], [1, -2], [0, -2], [0, -1], [0, 0], [0, -2], [-1, 0], [-3, -7], [-3, -3], [-12, -19], [-5, -7], [-115, -79], [-29, -17], [-13, -9], [-1, -3], [-1, -2], [0, -4], [-1, -8], [0, -1], [0, 0], [0, -2], [0, -1], [0, 0], [1, -1], [0, 0], [1, -2], [0, -1], [0, -1], [0, 0], [0, -1], [2, -21], [6, -104], [-4, -40], [-1, -2], [-1, -6], [0, -1], [-1, -2], [0, -1], [-1, -2], [0, -1], [-5, -10], [0, -1], [-1, -1], [-1, -2], [-1, -1], [-1, 2], [1, -2], [0, 0], [-2, -2], [-1, -1], [-1, -1], [-2, -2], [-2, -2], [-13, -10], [-3, -2], [0, 0], [-1, 0], [-1, 0], [0, 1], [-6, 2], [-1, 0], [-6, 4], [-8, 5], [-4, 4], [-5, 5], [-1, 1], [0, 1], [-1, 1], [-1, 1], [0, 0], [0, 1], [-5, 16], [-1, 4], [-6, 29], [-2, 12], [-1, 9], [-12, 50], [-8, 25], [-6, 17], [-9, 23], [-2, 4], [-4, 11], [-9, 18], [-6, 8], [-12, 14], [-14, 14], [-9, 7], [-5, 3], [-12, 8], [-81, 51], [-10, 5], [-5, 2], [-4, 2], [-5, 2], [-3, 1], [-1, 0], [-39, -1], [-17, -2], [0, 0], [0, 0], [-48, -6], [-26, -5], [-7, 16], [-18, 13], [-4, -1], [-2, -1], [-2, -2], [-8, -7], [6, -13], [-1, -11], [-1, -3], [0, 0], [-1, -1], [-2, -1], [-4, 0], [-2, 0], [-1, 1], [-2, 0], [-2, 2], [-1, 1], [-20, 24], [-20, 39], [-1, 2], [-4, 11], [-2, 3], [0, 3], [0, 0], [-1, 3], [-34, 44], [-21, 24], [-45, 43], [-79, -24], [-90, -28], [-87, 96], [0, 1], [-6, 8], [-1, 2], [-2, 4], [-4, 5], [-2, 1], [-116, 94], [-5, 3], [-11, 4], [-5, -4], [-11, -12], [-2, -5], [0, -2], [3, -8], [2, -3], [3, -3], [35, -27], [3, 1], [0, 0], [0, 1], [0, 1], [0, 0], [2, 2], [3, -2], [1, -1], [2, -2], [2, -3], [1, -2], [0, -3], [0, -3], [-1, -5], [-1, -2], [-3, -4], [-1, -1], [-2, 0], [-1, 0], [-1, 0], [-2, 1], [-1, 1], [-32, 26], [-35, 31], [-2, 2], [-43, 64], [0, 1], [-2, 13], [0, 2], [1, 2], [0, 2], [10, 16], [10, -1], [3, 13], [0, 6], [-1, 7], [-1, 7], [-2, 5], [-1, 5], [-2, 6], [-2, 4], [-14, 31], [-2, 5], [-4, 6], [-3, 4], [-4, 4], [-38, 35], [-4, 3], [-6, 3], [-74, 40], [-6, 3], [-18, 7], [-18, 7], [-19, 7], [-7, 2], [-38, 6], [-1, 0], [-1, 0], [-2, 0], [-1, 0], [0, 0], [-4, -2], [0, 0], [-7, -5], [-4, -3], [-2, -2], [-1, 0], [-63, 2], [-97, 46], [-6, 3], [-4, 3], [-8, 7], [-17, 16], [-1, 1], [-28, 36], [0, 1], [-2, 7], [-7, 22], [-10, 35], [-3, 13], [-3, 12], [-1, 9], [-3, 34], [-2, 18], [0, 10], [2, 0], [1, 0], [0, 1], [0, 0], [2, 11], [0, 1], [1, 12], [0, 1], [1, 10], [0, 1], [0, 0], [0, 5], [-2, 32], [0, 3], [-1, 15], [-2, 14], [0, 2], [-1, 6], [-2, 8], [-5, 15], [-1, 1], [-9, 22], [-4, 6], [-6, 10], [-14, 20], [-2, 2], [-9, 10], [-26, 24], [-29, 26], [-10, 4], [-5, 2], [-32, 19], [-5, 8], [-4, 8], [-5, 28], [-1, 3], [0, 3], [-1, 19], [0, 168], [0, 40], [3, 52], [35, 342], [0, 2], [1, 3], [1, 4], [1, 2], [3, 3], [1, 2], [3, 2], [2, 2], [4, 3], [9, 9], [2, 3], [2, 4], [4, 5], [6, 14], [0, 2], [1, 3], [1, 2], [0, 3], [0, 2], [0, 4], [0, 1], [-6, 37], [-1, 4], [-2, 11], [-1, 2], [-1, 5], [-1, 3], [-1, 2], [-1, 2], [-6, 13], [-1, 0], [-20, 13], [-30, 15], [16, 49], [51, 51], [1, 3], [1, 4], [1, 7], [0, 10], [0, 9], [-1, 13], [-2, 20], [-17, 59], [-3, 8], [-3, 7], [-13, 23], [-5, 7], [-21, 20], [-1, 1], [0, 0], [-1, 0], [-5, -3], [-1, -1], [0, 0], [-1, -1], [0, -1], [-16, 6], [-19, 37], [-1, 5], [-13, 57], [-16, 78], [-39, 119], [-3, 8], [-3, 9], [-10, 18], [-2, 3], [-10, 15], [-6, 8], [-7, 8], [-4, 4], [-3, 2], [-2, 1], [-2, 0], [-17, 2], [-2, 0], [-3, 0], [-1, 0], [-1, -4], [0, -1], [0, -1], [2, -2], [2, -3], [2, -3], [2, -3], [0, -2], [1, -3], [0, -1], [-1, -1], [-1, -1], [-20, 0], [-5, 1], [-3, 1], [-3, 2], [-4, 4], [-13, 12], [-1, 2], [-33, 226], [0, 5], [2, 25], [49, 213], [60, 25], [3, 0], [3, -2], [1, -6], [0, -7], [0, -6], [-2, -5], [-14, -26], [-5, -25], [2, -46], [0, -1], [2, -9], [4, -18], [3, -10], [1, -1], [4, -7], [2, -3], [2, -4], [67, -44], [20, -11], [5, -2], [11, -2], [20, -2], [20, 6], [7, 3], [7, 5], [8, 5], [9, 8], [6, 8], [4, 11], [2, 9], [2, 15], [18, 34], [5, 9], [1, 1], [20, 27], [0, 0], [0, 1], [1, 0], [0, 0], [0, 0], [11, 3], [19, 4], [29, 3], [10, -6], [4, -3], [0, 0], [0, 0], [24, -2], [4, 0], [1, 0], [1, 0], [0, 0], [23, 6], [0, 0], [12, 4], [2, 1], [20, 6], [1, 1], [0, 0], [3, 1], [0, 1], [1, 0], [3, 2], [0, 1], [16, 16], [3, 2], [4, 5], [6, 8], [7, 10], [4, 6], [3, 6], [11, 24], [0, 1], [1, 3], [4, 8], [0, 1], [1, 4], [1, 3], [87, 116], [103, 134], [8, -4], [-6, -19], [-10, -36], [-3, -18], [2, -2], [34, -33], [92, -15], [0, 0], [4, 1], [11, 5], [33, 18], [1, 1], [11, 15], [2, 3], [3, 5], [3, 7], [1, 2], [0, 1], [0, 1], [0, 1], [0, 0], [0, 1], [0, 1], [-2, 33], [12, 23], [42, 45], [91, 85], [95, 110], [2, 5], [3, 4], [15, 16], [3, 3], [21, 16], [72, 48], [1, 0], [0, 0], [0, 0], [9, 3], [8, 2], [43, 1], [0, 0], [0, 0], [7, -2], [0, 0], [1, 0], [0, 0], [13, -12], [7, -10], [69, -27], [142, 3], [89, 48], [20, 21], [3, 2], [2, 1], [3, 1], [56, 14], [41, 9], [8, 0], [4, 2], [11, 7], [8, 6], [1, 0], [3, 4], [1, 1], [1, 1], [0, 0], [1, 1], [0, 1], [0, 1], [29, 64], [141, 240], [43, 10], [103, 12], [21, -10], [6, -3], [171, -93], [2, -2], [1, 0], [26, -13], [2, -1], [4, -1], [1, -1], [3, 0], [10, -2], [1, 0], [2, -1], [1, 0], [2, 0], [5, 1], [17, 5], [2, 1], [8, 4], [5, 3], [9, 6], [3, 3], [4, 4], [3, 4], [42, 58], [2, 2], [0, 3], [1, 8], [1, 10], [2, 12], [0, 3], [18, 54], [25, 71], [2, 5], [2, 3], [25, 33], [43, 55], [2, 2], [3, 3], [13, 12], [5, 4], [54, 39], [7, 3], [9, 1], [54, 6], [3, -1], [0, 0], [1, 0], [40, -24], [0, 0], [1, -1], [6, -6], [0, 0], [1, -2], [0, 0], [23, -49], [1, -3], [12, -64], [0, -1], [0, -4], [0, -3], [0, -7], [-5, -48], [-3, -6], [-7, -3], [0, -1], [-1, -1], [0, -20], [0, -6], [2, -6], [41, -109], [0, -1], [1, -1], [4, -10], [1, -1], [4, -4], [13, -8], [7, -5]]]}