{"type": "FeatureCollection", "features": [{"type": "Feature", "geometry": {"type": "MultiPolygon", "coordinates": [[[[126.9301832900799, 35.16113702861148], [126.93070998695123, 35.16027416542001], [126.93150428710632, 35.160466371492504], [126.93511259618175, 35.16166199135495], [126.93886573811393, 35.16115859743185], [126.93847858229904, 35.16012040671177], [126.938450901621, 35.159978889168386], [126.9384168693211, 35.159777120860646], [126.93837156640338, 35.15938541189266], [126.93837042236666, 35.15937549864692], [126.93885579457482, 35.1590325783877], [126.93992480245977, 35.15858820860374], [126.93994059847702, 35.15858492547648], [126.94019917727913, 35.15853346272425], [126.94143740322777, 35.158540797226955], [126.94437608479042, 35.15872034933354], [126.94569597829968, 35.155602370387655], [126.94769950847872, 35.15445191973072], [126.94930251554919, 35.15436890231975], [126.9513848898359, 35.15412536004441], [126.95522292968771, 35.15219182666383], [126.95538730833745, 35.15197297818349], [126.95561602689351, 35.15141287150689], [126.95562500519621, 35.15138751073776], [126.95564125436225, 35.150910376524514], [126.95375376521388, 35.14570839376226], [126.95339857847188, 35.14514673456798], [126.95308561894569, 35.14498131787081], [126.95171982491614, 35.14448120055222], [126.95149500010005, 35.14450513695524], [126.95139485534092, 35.14452840394559], [126.95154431845219, 35.143642881278595], [126.9516431370732, 35.14324431517109], [126.95524397555351, 35.140541436328185], [126.95525156149216, 35.140535744575544], [126.95755229920834, 35.140132754209304], [126.95797906869845, 35.14009681006148], [126.95799782852436, 35.14012335914516], [126.95818381799437, 35.1403865576938], [126.95821045607056, 35.140424252833334], [126.9582107779905, 35.140424706930794], [126.95850871182735, 35.140561556532795], [126.9587117246078, 35.14064712322596], [126.96096410422476, 35.14045369788111], [126.96186023383585, 35.140335006744614], [126.96308537998, 35.13987113730349], [126.96495220800404, 35.13898924053854], [126.96549790844834, 35.138721123037236], [126.96612093573536, 35.13815284700218], [126.96776153114328, 35.13692844075783], [126.96802357790779, 35.13682745280788], [126.96842924683334, 35.136738331473964], [126.97077286546482, 35.13658327103455], [126.97101264654572, 35.136583071770666], [126.97375368173792, 35.137975867435955], [126.97813728990647, 35.13843965250027], [126.98153499029127, 35.13778828881125], [126.98240631214811, 35.13759101483892], [126.98349432716418, 35.13698436709725], [126.98518890248954, 35.134328718850576], [126.98546839548119, 35.1338300797371], [126.98690088306157, 35.13119777051591], [126.98962396160509, 35.12686862354958], [126.99071295733778, 35.12558587352062], [126.99185673184196, 35.124183175196535], [126.99261255679487, 35.122655448078454], [126.99437843267131, 35.12310935968579], [126.9951971629495, 35.123294337804275], [126.99715273754254, 35.12294847175797], [127.00121949919027, 35.12183258134343], [127.004275822453, 35.121107040216366], [127.00394977745248, 35.11968848762474], [127.00013045898103, 35.11669471797953], [126.99962037864583, 35.1163486704644], [126.99887890075793, 35.11587812402698], [126.99873783206776, 35.11578826013948], [126.99868658807578, 35.11575558828183], [126.99895227279653, 35.11531392296483], [126.99993185422744, 35.11405020491885], [126.99779696222107, 35.11299388152348], [126.99439897065002, 35.11175083564908], [126.9932170703352, 35.111440772511514], [126.99180191018444, 35.11114632441582], [126.98920533178007, 35.10987742437522], [126.98635174127175, 35.10594533106727], [126.98779258696311, 35.10049521288965], [126.98872572370678, 35.09702929329406], [126.9888268762575, 35.09670312223469], [126.98892464549394, 35.09613906822285], [126.98895931835253, 35.095709521576936], [126.98895069248368, 35.09498758806041], [126.98765179907298, 35.09395270723267], [126.97961505403767, 35.091873743825445], [126.97875061887063, 35.09174992745432], [126.9787334779966, 35.09174752643401], [126.97216857997743, 35.090500975512036], [126.966512998261, 35.089385589308286], [126.96280642197779, 35.08720301842876], [126.96243030337587, 35.086903761351174], [126.96229739241754, 35.08677386935874], [126.96218984758991, 35.08666861824858], [126.960648375614, 35.08511269474339], [126.95860100964823, 35.08258802178689], [126.95859622006336, 35.08257295433564], [126.95856285835303, 35.08246703024674], [126.9585551625741, 35.08212098680209], [126.95865002302855, 35.08190737306644], [126.95829688422326, 35.07869711321096], [126.9549865143028, 35.07484269336318], [126.95389907680267, 35.07410032895431], [126.95252896468476, 35.07342854973854], [126.95188207919388, 35.07315661085583], [126.95041769147313, 35.07288432663082], [126.94945296345661, 35.07272997727422], [126.94715709355673, 35.07266461541667], [126.94674300505702, 35.07269878870931], [126.94630603510342, 35.07288125380962], [126.94532747287664, 35.07315924941753], [126.94379329114457, 35.073513015322405], [126.93599500783267, 35.074481693515985], [126.93423476302877, 35.074451720112506], [126.93229620081382, 35.0743923219797], [126.93234340058501, 35.0757270744786], [126.93258028974307, 35.076792796002394], [126.93265349062791, 35.07694100392114], [126.93262534261997, 35.07761771042329], [126.93252838700981, 35.07780709175253], [126.93126040148054, 35.07843505919605], [126.93071319020056, 35.0786395223577], [126.93008001714149, 35.078988007118376], [126.92929787007341, 35.079431048545445], [126.92768735152603, 35.08044213735197], [126.92609306846873, 35.08239219533302], [126.92500736404908, 35.08566854330918], [126.9246693535359, 35.08799582552293], [126.92222830018787, 35.090569341778334], [126.92104853985624, 35.091469644042704], [126.92057624700547, 35.091686222507946], [126.91941978864831, 35.0915540944776], [126.91940597972996, 35.0922766209959], [126.9197120533015, 35.09342348365015], [126.92071851611519, 35.0959040430738], [126.9213615585564, 35.0972383240281], [126.9178767195608, 35.102063843706055], [126.91717889660023, 35.10301410123808], [126.91638972489415, 35.10379630175157], [126.91568111004005, 35.104173697981004], [126.91531760610098, 35.10440852506717], [126.91491591607713, 35.10474157966444], [126.91455094468661, 35.105157640623084], [126.91395402850945, 35.10627478244711], [126.91248884475546, 35.11056311586246], [126.91234599269143, 35.111765058514194], [126.91235965265649, 35.11226667819658], [126.91242884385635, 35.11238944614112], [126.91295632149134, 35.113082905478095], [126.91263828112739, 35.114846376728835], [126.9118270286592, 35.11564403332978], [126.91352839464363, 35.116128262889674], [126.9174909072963, 35.11695981929874], [126.91879499070309, 35.117380298096855], [126.91935536318073, 35.11771302069989], [126.92270560930417, 35.12095059205959], [126.92422648387495, 35.123566359894], [126.92429174161364, 35.1247007074606], [126.92959081482397, 35.1263918112747], [126.92745295007208, 35.12934599365801], [126.92531582788173, 35.13243961962298], [126.92172146239558, 35.135413352345985], [126.92073274096987, 35.137691226047885], [126.920305181853, 35.13796698151151], [126.91748012673999, 35.141294179754496], [126.91715289477209, 35.14169619688868], [126.91591005186454, 35.14298421269165], [126.91382009158882, 35.144636196031804], [126.9097327698608, 35.14919234299544], [126.90972810138011, 35.14918936265806], [126.90715577317566, 35.151446497432175], [126.90928946590812, 35.15312652953609], [126.9111861649242, 35.15463683483888], [126.91183662203933, 35.15520177263809], [126.91247832415462, 35.15578201510556], [126.91298043310111, 35.15704252006235], [126.91298236269091, 35.157048107356786], [126.91632050747933, 35.16548902128212], [126.91959647396186, 35.164756638100606], [126.91960146635448, 35.16475546816334], [126.92123092851494, 35.164373043442374], [126.92224943791975, 35.16413388956252], [126.92271638277583, 35.16402423933523], [126.92397565524882, 35.16367027680062], [126.92815972304584, 35.16249405465751], [126.92820604113828, 35.162481030845285], [126.92832078444762, 35.162433399688744], [126.92865621284452, 35.1622941267769], [126.92893827842585, 35.162153593292686], [126.92921806805616, 35.16199103960918], [126.92958358845799, 35.16172960403642], [126.92975064018512, 35.16159219157105], [126.92997403704437, 35.16137325034033], [126.9301832900799, 35.16113702861148]]]]}, "properties": {"name": "\ub3d9\uad6c", "base_year": "2018", "name_eng": "Dong-gu", "code": "24010"}}, {"type": "Feature", "geometry": {"type": "MultiPolygon", "coordinates": [[[[126.87564806157026, 35.17136833931803], [126.87561583308222, 35.170558227016215], [126.8789991225365, 35.1709281703865], [126.88416623316698, 35.16972564031409], [126.88401685150983, 35.1685153278699], [126.88546038085278, 35.166416212539495], [126.88731151564114, 35.16233980167675], [126.88777979287022, 35.16140064910126], [126.8884490811353, 35.16143104902016], [126.89055422964533, 35.1607604913071], [126.89229586102466, 35.160775062457525], [126.89279252991173, 35.160722031358226], [126.8936260459678, 35.160384796098874], [126.89820779647133, 35.15840808911886], [126.89841781435739, 35.15829291155614], [126.89877126901469, 35.15809819389087], [126.89918073010107, 35.1578236013887], [126.89942693183369, 35.157656121421574], [126.89957127364498, 35.157553974085886], [126.89996250162324, 35.15727152936401], [126.90012329000524, 35.157155244742654], [126.90026589076662, 35.15704982467478], [126.9004173662288, 35.15691248655545], [126.90040219342964, 35.156899798430125], [126.90269403837436, 35.154712542247594], [126.90715577317566, 35.151446497432175], [126.90972810138011, 35.14918936265806], [126.90535910937733, 35.14828211943504], [126.90459027811602, 35.14861160342101], [126.90423605137467, 35.14876978962863], [126.904139652655, 35.14881956855355], [126.90385415303149, 35.14898038642969], [126.90360522430173, 35.149145188831234], [126.90343372958912, 35.14929382930043], [126.90327224131505, 35.14943658287523], [126.90322484421822, 35.149478483423], [126.9029539198984, 35.14975323826102], [126.90282743223293, 35.14989832597402], [126.90107743505955, 35.15234077293619], [126.89647850380038, 35.152169881647616], [126.89430480354922, 35.15146009383198], [126.89456299989779, 35.150885936293506], [126.89337597160053, 35.1504883815812], [126.89020062233585, 35.149033637418285], [126.88902886682374, 35.148431235390724], [126.88643105243699, 35.147093097700534], [126.8854039257392, 35.146566709669], [126.88621471638932, 35.145516807664634], [126.88692810099468, 35.144588222107416], [126.88714938227218, 35.14429989052948], [126.88717389100994, 35.144267857875086], [126.88830613273844, 35.14278689400752], [126.88781293045946, 35.142072144399066], [126.88575417815139, 35.14124689093363], [126.8855911009055, 35.14117201253151], [126.88325015244745, 35.13886908344784], [126.88317462851384, 35.138389388351705], [126.88362570339726, 35.137615202968206], [126.88362605329209, 35.13761538418735], [126.88374272845209, 35.1376375896619], [126.88412837133613, 35.137601422434976], [126.8843453747975, 35.13755519363622], [126.88568876921882, 35.13662460736187], [126.88732594347483, 35.134391360604745], [126.88736655340571, 35.13431292807122], [126.88752609251328, 35.13393967138957], [126.88758466601426, 35.131927445243896], [126.88660342707384, 35.13032373190321], [126.88637701779133, 35.13007005186681], [126.88707006589217, 35.126688114435524], [126.88731322049847, 35.12582518499666], [126.88733834525173, 35.12580436713266], [126.88785498891124, 35.125376303884345], [126.88828466947137, 35.123600297682586], [126.88846501576734, 35.12130312450594], [126.88765298441467, 35.11694002893794], [126.88646122745928, 35.11709456093297], [126.88578625857046, 35.11716556608817], [126.88569475888711, 35.117172206072546], [126.88451451818135, 35.116811327931266], [126.88343996627259, 35.11618763003563], [126.88055114844482, 35.116961936621244], [126.87886228221892, 35.11753868880243], [126.87692630573741, 35.118440985915576], [126.87452679485212, 35.11976647229837], [126.87359474923244, 35.11941512554996], [126.87006690645896, 35.115983426845], [126.86988351836267, 35.11505178982546], [126.86894549161167, 35.113700107516216], [126.87012470669742, 35.110821787660136], [126.87055419295301, 35.11022839994618], [126.87055692269723, 35.11022359899307], [126.87053808979631, 35.110221973708775], [126.86859651394109, 35.11006059132547], [126.8680294502974, 35.11016859172388], [126.86599961261712, 35.11060396171322], [126.8659850858924, 35.11056716815324], [126.8657180069292, 35.10989517732009], [126.86547368746461, 35.1093855170197], [126.86367792806928, 35.1091606210713], [126.86316989365676, 35.10958899899524], [126.8605566152965, 35.10913280294565], [126.8604316499224, 35.109081649827424], [126.86020605385771, 35.108979011767566], [126.86016770878899, 35.1089538536971], [126.86003449135623, 35.10884582371722], [126.85970911438281, 35.10856082115654], [126.85948100553165, 35.10832188421361], [126.85975687364801, 35.10822375856503], [126.85999291673701, 35.10818672922284], [126.8608513186203, 35.10805206302442], [126.8611860747838, 35.10763823704897], [126.86122580228923, 35.10758912470805], [126.86125444683304, 35.107503771982365], [126.8613019942789, 35.10726721747267], [126.86098436266485, 35.106763601835574], [126.8606255709477, 35.10635566323839], [126.85648361454302, 35.10643265422197], [126.85642436761772, 35.10650479923374], [126.85622117581622, 35.106744985200955], [126.85597499773958, 35.10698800465937], [126.85591022280751, 35.10705194154265], [126.85528119545508, 35.10719429418006], [126.85478680841051, 35.10704044737666], [126.85460639479973, 35.106822938080754], [126.85449081796845, 35.10665020997309], [126.85447384684207, 35.10661801516804], [126.85365617900314, 35.10635734957807], [126.84977922239611, 35.10555307053792], [126.84957643631645, 35.10555276360945], [126.84897986228853, 35.105551887840434], [126.84856735722177, 35.10580810522623], [126.84773163975812, 35.10578026819642], [126.84400688879872, 35.10406880716756], [126.84373498855663, 35.103515829049925], [126.84241897675349, 35.10203501230592], [126.84215460021778, 35.101745967244774], [126.84107624893782, 35.10105358806074], [126.83949205214982, 35.10136684336528], [126.83831851940135, 35.10201777526543], [126.83683339438372, 35.09922177263485], [126.8365988649225, 35.098661644735316], [126.83658478740296, 35.098652547011], [126.8358601000291, 35.098264505615596], [126.8351452731378, 35.09797605541594], [126.83424046115294, 35.09785642003332], [126.83360010349317, 35.097850207744834], [126.83273875245871, 35.09796256622913], [126.83141280156113, 35.09801073107164], [126.83139086718192, 35.09799353716276], [126.83097343249455, 35.097666145047334], [126.83079861904046, 35.09752142088428], [126.83019713063153, 35.09656614761473], [126.8293488907756, 35.09569320148717], [126.82655213488297, 35.09367459126723], [126.82566512173288, 35.093126605325345], [126.8200788141106, 35.090933097924406], [126.81818895330304, 35.09201399343468], [126.81702527857149, 35.092961345531165], [126.81401585072958, 35.092909500255026], [126.81390311155731, 35.092790897290044], [126.81323595831255, 35.09220747523507], [126.81159670434836, 35.09118707231688], [126.81133649194625, 35.09106105074243], [126.8110976066353, 35.090949180365946], [126.81109146097369, 35.090946303264275], [126.80961026939136, 35.092190165542156], [126.80838192248753, 35.09357028409112], [126.80533103385928, 35.09539636224881], [126.80514979739812, 35.09504323046958], [126.8049960408037, 35.094887893954564], [126.80441322326824, 35.09434188623203], [126.80370035811036, 35.09381460041239], [126.80317442382518, 35.09356126137031], [126.80253100245072, 35.09348246496896], [126.80109509945676, 35.09606713566409], [126.80080455447315, 35.096642807169054], [126.80077973942284, 35.096694088401556], [126.80062678411981, 35.09729296112469], [126.80066570009002, 35.09869141516037], [126.800926585259, 35.100898902854595], [126.8016190133121, 35.10171096564218], [126.80338544469572, 35.102818336986104], [126.80582756620828, 35.103895714291], [126.80508100035593, 35.10545068782562], [126.80494682469045, 35.10580330884401], [126.8029895459897, 35.11101432514698], [126.80285510627927, 35.11150386848152], [126.80280732886573, 35.112270084191124], [126.8038691480905, 35.112708281630354], [126.80694109114393, 35.11251766143122], [126.80694398580631, 35.11251767798103], [126.80919768031121, 35.11234377561072], [126.80940110978491, 35.11263688699052], [126.80965822928863, 35.11351513250706], [126.80964665010168, 35.11373576154357], [126.80963588478946, 35.113812018731124], [126.80957915503106, 35.11395307663982], [126.80956914860943, 35.11397526560617], [126.8095202771207, 35.11403603896446], [126.80949036715613, 35.114057902647126], [126.80946144734868, 35.11494515605826], [126.80947222467589, 35.115161454352155], [126.80952166126757, 35.11552467208571], [126.80956685530529, 35.11580937583858], [126.80972304020091, 35.11634258483499], [126.80983303166663, 35.1165711836907], [126.80988637293879, 35.11665279588972], [126.80994390962638, 35.116712421342804], [126.81310731598086, 35.11703237527873], [126.81592170582368, 35.11689610959452], [126.81698814381313, 35.11838926275718], [126.8169461104723, 35.118436030859655], [126.81686140572847, 35.11853105033384], [126.81686509779288, 35.11895141427555], [126.81694760578733, 35.1207416904771], [126.81722901878052, 35.12147814428117], [126.81767179061806, 35.12207425930393], [126.81767964814289, 35.122084836344165], [126.81808609676305, 35.122495903212766], [126.81814894784485, 35.12255879539646], [126.81860271067829, 35.122943495761724], [126.81892937815796, 35.12313359770902], [126.81917649648781, 35.12327450042959], [126.81956925202843, 35.12348033870919], [126.81990185764546, 35.123642369772185], [126.82000900637776, 35.123692148097], [126.82018749070198, 35.12377505290826], [126.82042478380988, 35.1238866358825], [126.8210197909995, 35.12428319922468], [126.82102414238517, 35.12428997105275], [126.82118408431597, 35.12453889867719], [126.82151410210452, 35.12505463579569], [126.82205374652453, 35.12617524181647], [126.822185315968, 35.12650659281948], [126.82222906189394, 35.12661677048723], [126.82224378541581, 35.126668296828655], [126.82209705533617, 35.12699439792721], [126.82204256073605, 35.12710980874792], [126.8215649474592, 35.12784447362812], [126.82090628580026, 35.12836507217945], [126.82039360054709, 35.12862416036319], [126.8197794340222, 35.12894306118371], [126.81934792583408, 35.129308843648715], [126.8190259775111, 35.12977098122038], [126.81889381316094, 35.13006681319439], [126.81876316212234, 35.13054323757446], [126.81869463648074, 35.131056988067066], [126.81868034830796, 35.13116710395427], [126.81871138339542, 35.13149081032128], [126.81873144157206, 35.131700000016146], [126.81875497243206, 35.13181750063597], [126.81885949644382, 35.13229501137507], [126.81886862030218, 35.13233001084987], [126.81900645891993, 35.13282169227128], [126.81907889695621, 35.132939357614845], [126.81919554100433, 35.133121886368905], [126.81942676550393, 35.13337818300098], [126.81976885893911, 35.13370625850792], [126.82029571788136, 35.13405153790896], [126.82062632547401, 35.13426820163588], [126.82146332439537, 35.13465902253526], [126.8222844695879, 35.13497111604279], [126.82230670670023, 35.13497471375654], [126.82286287026191, 35.1350587982326], [126.82373061142223, 35.13523803749122], [126.82424878932432, 35.13563804058017], [126.82698331625431, 35.13829681815385], [126.8285345528848, 35.13983909837072], [126.82944063628761, 35.14082862484094], [126.82944871459779, 35.14084828607414], [126.82965216350809, 35.14137151348187], [126.82969434924382, 35.141480004297], [126.82926759307645, 35.14716953983228], [126.82912830818044, 35.148620438991294], [126.82902475349357, 35.149052737954285], [126.82892653782048, 35.14923789752705], [126.82883627913324, 35.149309112572055], [126.82852847633185, 35.15018531390207], [126.82845806057858, 35.150347987205706], [126.82816543556872, 35.15072838129885], [126.82707727671279, 35.151924731423456], [126.82611438575447, 35.15273900184557], [126.82527668074323, 35.15364520644217], [126.82525801940874, 35.15404882786759], [126.82523814669418, 35.15452068316409], [126.82522956700073, 35.15783791985033], [126.82566624254036, 35.158624155159146], [126.82609578990773, 35.16045694417843], [126.82594208061059, 35.160756023006236], [126.82594177932992, 35.160756607434294], [126.82556332462673, 35.16112924543341], [126.82541266883533, 35.16122194706918], [126.82519529246592, 35.1613698215413], [126.8246581265375, 35.16222181544237], [126.82449044499748, 35.16272421056683], [126.82447929893003, 35.16461130238084], [126.82452550445852, 35.16472979792832], [126.82476935312928, 35.16517717161556], [126.82513182362919, 35.1658345511655], [126.82663148616102, 35.16705067975123], [126.82696227771613, 35.16731254255682], [126.82792632315443, 35.168008723724775], [126.8302770970833, 35.16912081396903], [126.8310719404442, 35.169448374418835], [126.83252913415392, 35.169821797747744], [126.83278563362936, 35.1698862151843], [126.83398077409066, 35.16987980503343], [126.83615349393887, 35.17008493576544], [126.8361601346739, 35.17008556367233], [126.83661848185399, 35.17030626489334], [126.83686787129037, 35.170435748204454], [126.83722198557378, 35.17068243601479], [126.83738036873409, 35.170796162663784], [126.83759273330585, 35.17120058163699], [126.83762790081, 35.17149783119838], [126.83759268557326, 35.17378131323836], [126.83766505121203, 35.17610520168799], [126.83769408227974, 35.176668043085336], [126.83790255093272, 35.17709905982821], [126.83799712985227, 35.17729460310453], [126.83872487688612, 35.17842558915589], [126.84042562073776, 35.17848480851207], [126.84293993525533, 35.17617186714584], [126.84787940720658, 35.17508060885183], [126.84795849239637, 35.175062169272785], [126.85300222567942, 35.17388603374499], [126.85829501123192, 35.172653911200634], [126.85957954964984, 35.17237384006815], [126.85986212449923, 35.17231222828284], [126.85986227960117, 35.17231219483792], [126.8607302016322, 35.172216507629074], [126.86287077574586, 35.17209841063844], [126.87026616597298, 35.17170381099917], [126.87564806157026, 35.17136833931803]]]]}, "properties": {"name": "\uc11c\uad6c", "base_year": "2018", "name_eng": "Seo-gu", "code": "24020"}}, {"type": "Feature", "geometry": {"type": "MultiPolygon", "coordinates": [[[[126.90459027811602, 35.14861160342101], [126.90535910937733, 35.14828211943504], [126.90972810138011, 35.14918936265806], [126.9097327698608, 35.14919234299544], [126.91382009158882, 35.144636196031804], [126.91591005186454, 35.14298421269165], [126.91715289477209, 35.14169619688868], [126.91748012673999, 35.141294179754496], [126.920305181853, 35.13796698151151], [126.92073274096987, 35.137691226047885], [126.92172146239558, 35.135413352345985], [126.92531582788173, 35.13243961962298], [126.92745295007208, 35.12934599365801], [126.92959081482397, 35.1263918112747], [126.92429174161364, 35.1247007074606], [126.92422648387495, 35.123566359894], [126.92270560930417, 35.12095059205959], [126.91935536318073, 35.11771302069989], [126.91879499070309, 35.117380298096855], [126.9174909072963, 35.11695981929874], [126.91352839464363, 35.116128262889674], [126.9118270286592, 35.11564403332978], [126.91263828112739, 35.114846376728835], [126.91295632149134, 35.113082905478095], [126.91242884385635, 35.11238944614112], [126.91235965265649, 35.11226667819658], [126.91234599269143, 35.111765058514194], [126.91248884475546, 35.11056311586246], [126.91395402850945, 35.10627478244711], [126.91455094468661, 35.105157640623084], [126.91491591607713, 35.10474157966444], [126.91531760610098, 35.10440852506717], [126.91568111004005, 35.104173697981004], [126.91638972489415, 35.10379630175157], [126.91717889660023, 35.10301410123808], [126.9178767195608, 35.102063843706055], [126.9213615585564, 35.0972383240281], [126.92071851611519, 35.0959040430738], [126.9197120533015, 35.09342348365015], [126.91940597972996, 35.0922766209959], [126.91941978864831, 35.0915540944776], [126.91857221447978, 35.091592205490585], [126.91802841369714, 35.091523237682985], [126.91801043051916, 35.091519986350704], [126.91669987354003, 35.09124697794477], [126.91343017782911, 35.0894713591298], [126.91071144764786, 35.087431284688726], [126.90861387046381, 35.08532402224455], [126.90580723084001, 35.08204820247351], [126.90453184516589, 35.081390509545976], [126.90124508542853, 35.08087189743049], [126.89989297660837, 35.08071485749047], [126.89909365249659, 35.08118265689002], [126.8990809779232, 35.081190067499556], [126.89762255892646, 35.08123404207559], [126.89706758517693, 35.08112793853268], [126.89510537257432, 35.08071413900592], [126.89464155890147, 35.080338114257856], [126.89397257669621, 35.07978050681077], [126.89198856860664, 35.07795308446632], [126.89147569654575, 35.07822032236852], [126.89104701067737, 35.07837457032499], [126.88996419318809, 35.078791588966936], [126.88818747732867, 35.07996297953439], [126.88609707315618, 35.081214052751704], [126.88561097756968, 35.08147963639327], [126.88547277639253, 35.08155470358002], [126.88540282334152, 35.08159026885948], [126.87908052888713, 35.07828505708047], [126.8772095752228, 35.07721574518413], [126.87633317968594, 35.076036866514315], [126.87493134841016, 35.075439668468846], [126.87197977694919, 35.07443181993999], [126.87167670180914, 35.074337827106525], [126.86536703130803, 35.07534622532711], [126.86435392669024, 35.075813085859956], [126.86236607319664, 35.076751913479114], [126.86217517548005, 35.076974916931285], [126.86196670271394, 35.077570146912855], [126.86113104531822, 35.0789419352076], [126.85986151706601, 35.07894327304227], [126.85727543771546, 35.07861432879134], [126.85631661175138, 35.078479530143355], [126.85560924950967, 35.07835953014967], [126.85509793973304, 35.07744670603524], [126.85496854683814, 35.07661151485198], [126.8549291197217, 35.07613853149101], [126.85413079517969, 35.0747021489968], [126.85381339988616, 35.07428981077403], [126.85338290833626, 35.07380691023429], [126.85192663014818, 35.073208527450845], [126.84974018445857, 35.07254542826544], [126.84843556558691, 35.072222253230905], [126.84818408362878, 35.071947859490265], [126.8457624995618, 35.06830917476496], [126.8458704441495, 35.06793397493567], [126.84587031539189, 35.06764370892065], [126.84586779985408, 35.067073734563486], [126.84562022552352, 35.06682779474424], [126.84408498029312, 35.065426296165874], [126.84397733370629, 35.065381232433324], [126.84391226374808, 35.06536622130954], [126.84373724202176, 35.065342611680265], [126.8429615215523, 35.06538962583701], [126.84250638590241, 35.06547832009845], [126.83993399517692, 35.06575294112538], [126.83795408139342, 35.065869998870006], [126.83683231607183, 35.065668352148755], [126.83681958222233, 35.065613548504416], [126.8366664031096, 35.06520645458562], [126.83613703365982, 35.06413592924382], [126.83602288015697, 35.063917336719314], [126.83596509706857, 35.063856829188865], [126.83437706247545, 35.06334594970634], [126.82984155842261, 35.06196615987187], [126.82961971547604, 35.061973588647476], [126.82789114169155, 35.0621958480587], [126.82720826723232, 35.06231549065736], [126.82595704670615, 35.06197115895336], [126.82234898651122, 35.06026061501673], [126.82199471069754, 35.06004361990074], [126.82189826072182, 35.05997982194076], [126.82185927204027, 35.05994821713006], [126.82079999678014, 35.05857134677131], [126.8207521052303, 35.058461145275636], [126.82058330551759, 35.05803669204654], [126.820529790819, 35.05783717667213], [126.81880921660641, 35.05324607471606], [126.81861322797242, 35.05281086888212], [126.81858369806721, 35.05276913578145], [126.81852928985343, 35.05273820973355], [126.81849404092992, 35.05272716950107], [126.81818206359617, 35.052691634627564], [126.818084710154, 35.052689101845544], [126.81524678330477, 35.053321783037774], [126.81449529474115, 35.05337484994834], [126.81441719863354, 35.05337346361601], [126.81135162126742, 35.05307688132114], [126.8094867872823, 35.0522879249803], [126.80777078122266, 35.05122693618528], [126.80731450013269, 35.05102029910285], [126.80601163075923, 35.051253265994056], [126.80487706138926, 35.0515824078929], [126.80357545755301, 35.05242110165999], [126.80356179636478, 35.05247191594213], [126.80352646355709, 35.052637489508434], [126.80341792086529, 35.05340234161298], [126.80340897360999, 35.05349007383223], [126.80340164170913, 35.05361639783455], [126.80334220662958, 35.05425725400013], [126.80306823063626, 35.05515240152239], [126.803062709785, 35.055168871152844], [126.80120485686204, 35.05820258523711], [126.8009941103055, 35.05836912557528], [126.79976083584214, 35.0591552190844], [126.79963307457683, 35.059218949398804], [126.79921140354575, 35.05941738663657], [126.79849177208602, 35.059305775342864], [126.7981115633925, 35.059150492241685], [126.79750500022786, 35.05896300821637], [126.79730459492258, 35.05896577168572], [126.79693818597991, 35.059049792689116], [126.79663943302252, 35.05933673483552], [126.79635377406002, 35.05966342209339], [126.79620244983467, 35.05996667358187], [126.79609076261461, 35.060379564991806], [126.7960573701652, 35.06051148100621], [126.79594301804833, 35.06076325153655], [126.79576257210496, 35.06092701168899], [126.79550050645271, 35.061066288566785], [126.79522767695478, 35.06112215171013], [126.79489572232089, 35.06112285730859], [126.79462273610739, 35.06103648218352], [126.7920192622808, 35.060193321361226], [126.78938339343887, 35.05898598609983], [126.78705278619803, 35.057399846177276], [126.78648075797112, 35.056987441129394], [126.7857817658467, 35.05647003181182], [126.78379891100596, 35.05516950457527], [126.78158701443317, 35.05384458975505], [126.78133852374107, 35.05390032969752], [126.78092448032018, 35.05399323932259], [126.78053799676152, 35.0541539357555], [126.7797784490101, 35.05426592432653], [126.77888395700218, 35.05423893946241], [126.77804197771688, 35.05398796701144], [126.7766428692404, 35.05313285837769], [126.77441725208912, 35.05271960365668], [126.77338297041032, 35.052837382057426], [126.77279601295265, 35.052905989183465], [126.77210151422176, 35.05308664770947], [126.76921070467581, 35.053971384182134], [126.76834052464511, 35.054556451101945], [126.76747730165279, 35.055699382506376], [126.76740562879823, 35.055966557532464], [126.76734404720956, 35.05635811047276], [126.76737634488636, 35.056687032202554], [126.76737935021187, 35.05671323151575], [126.7675397779257, 35.05757364392545], [126.76776517191104, 35.05854136218478], [126.76786920460661, 35.05887886725065], [126.76827998165359, 35.059706098635054], [126.76837655035139, 35.05984021717793], [126.7686317755084, 35.06019829697232], [126.76862993728994, 35.06054447308866], [126.76862927770978, 35.06065728745309], [126.7684318646019, 35.06141278394802], [126.76805169471663, 35.062042171494724], [126.76779432479515, 35.062437709431975], [126.76746780451913, 35.062872414231286], [126.76739599333759, 35.06294748426631], [126.76685325796306, 35.06351359482392], [126.76628591077862, 35.06388261525735], [126.76510877514852, 35.064361854621275], [126.76448724139668, 35.064270082238814], [126.76355397292375, 35.06411263464468], [126.76281401680288, 35.06398470287371], [126.76163417321726, 35.06356789076557], [126.76135036911509, 35.06344113903308], [126.76073521905435, 35.063103457843695], [126.76019453399743, 35.062785354803665], [126.75963300012272, 35.06245143597607], [126.75956508677395, 35.06236201011612], [126.75915135725747, 35.06180656484955], [126.75912031719156, 35.061700727412706], [126.75896244190965, 35.061162833074505], [126.75876524929684, 35.060538806825825], [126.75857152573047, 35.06013449027121], [126.75850035681034, 35.05998956894016], [126.75813556010984, 35.05945731182881], [126.75772564799816, 35.059004959342786], [126.75673721700215, 35.05824441406271], [126.75625076739715, 35.05870650976871], [126.75584983618029, 35.0590925847276], [126.75581542509909, 35.059374893554335], [126.75581385321803, 35.05944249406859], [126.75581113160189, 35.059721632112876], [126.75581600953599, 35.06020852366276], [126.75582797503834, 35.060730349386986], [126.75585052196402, 35.06115601140618], [126.7558420452492, 35.061182188312266], [126.75558208927684, 35.0619627535281], [126.75546633028415, 35.06229363021643], [126.75537390871322, 35.06255554308384], [126.75527867252227, 35.06266674863322], [126.75509475964645, 35.06287974807058], [126.75492716543963, 35.06307235883409], [126.75478037442822, 35.0632403633035], [126.7546129716302, 35.06343057443994], [126.75432611098677, 35.06375504217364], [126.7541473185675, 35.06391143347324], [126.75379341565254, 35.064141406975985], [126.7533335946982, 35.064448483556845], [126.75322866468537, 35.064649100661605], [126.75317746834179, 35.064756034624686], [126.753151538989, 35.06505920961857], [126.75313643734958, 35.06523860344977], [126.75358256515604, 35.06623495635642], [126.75385043797368, 35.06653281926805], [126.75413845182622, 35.06685155735341], [126.75697867062152, 35.068375271784085], [126.75824895137316, 35.0686410510516], [126.75882702665447, 35.068664040289285], [126.75961476439267, 35.06869363593136], [126.76064359420064, 35.06869780024594], [126.76188710349753, 35.06857477448583], [126.76217519343516, 35.068531537548935], [126.76277382704949, 35.06843582754696], [126.76308336526641, 35.06838136269932], [126.76330958848608, 35.06834152530695], [126.76377732711448, 35.068255406494636], [126.76433690446632, 35.06821805009594], [126.76509776791656, 35.068180812637735], [126.76522574981188, 35.068174579963554], [126.76587876641668, 35.06816838646905], [126.76699767865296, 35.06818125481584], [126.76774318712557, 35.068361135000664], [126.76784553374105, 35.06839062738628], [126.76845193612844, 35.06857685364831], [126.76858320336851, 35.068618792104424], [126.7691622174259, 35.068857078434824], [126.76934717768712, 35.06893602291373], [126.77134636292975, 35.07018331266589], [126.77232093377833, 35.070600741588244], [126.77281184311985, 35.07075811803198], [126.77328867807582, 35.07090721794397], [126.77377963287672, 35.07100924657822], [126.77442817213603, 35.071139809275984], [126.77533111483042, 35.07126115041358], [126.77568528289994, 35.07127671236296], [126.7774041236612, 35.071352222060725], [126.77783058090462, 35.07139582506757], [126.77795721827621, 35.07140910199611], [126.77894718109074, 35.071525753973255], [126.77912751631594, 35.071548825881116], [126.77981146470951, 35.07171344391874], [126.78028737160297, 35.07183056784442], [126.78107862328449, 35.072042019050635], [126.78153175247724, 35.07217900840515], [126.78189742030757, 35.07231401927878], [126.78225498343693, 35.07244933726529], [126.7825023604846, 35.072560538110636], [126.78353485864349, 35.07313733916142], [126.78386108203996, 35.07332287733477], [126.78422216895333, 35.07353409368352], [126.78453288662418, 35.073718220243045], [126.78504531320235, 35.07407616568994], [126.78523274659277, 35.07420793896753], [126.78570285347712, 35.074588910739635], [126.78586584108386, 35.074723139586624], [126.78607892277226, 35.07490223098602], [126.78771056936705, 35.077023847529986], [126.78805443791207, 35.07781179341192], [126.78971525182848, 35.08014589360563], [126.79139658236923, 35.08208865995268], [126.79140698052912, 35.08209991722522], [126.79195969949302, 35.08261112667178], [126.79373252870231, 35.08419561764348], [126.79598192792109, 35.08799363189747], [126.79736115340815, 35.08905489867936], [126.79792243361915, 35.089102631980396], [126.79823343181931, 35.089076084398314], [126.79983509783375, 35.08991083444286], [126.80126732800063, 35.09081527290378], [126.80221893609293, 35.091617528006914], [126.80253976992977, 35.09218664270566], [126.8025701502917, 35.09229884921357], [126.80267830852465, 35.092735358522944], [126.80253100245072, 35.09348246496896], [126.80317442382518, 35.09356126137031], [126.80370035811036, 35.09381460041239], [126.80441322326824, 35.09434188623203], [126.8049960408037, 35.094887893954564], [126.80514979739812, 35.09504323046958], [126.80533103385928, 35.09539636224881], [126.80838192248753, 35.09357028409112], [126.80961026939136, 35.092190165542156], [126.81109146097369, 35.090946303264275], [126.8110976066353, 35.090949180365946], [126.81133649194625, 35.09106105074243], [126.81159670434836, 35.09118707231688], [126.81323595831255, 35.09220747523507], [126.81390311155731, 35.092790897290044], [126.81401585072958, 35.092909500255026], [126.81702527857149, 35.092961345531165], [126.81818895330304, 35.09201399343468], [126.8200788141106, 35.090933097924406], [126.82566512173288, 35.093126605325345], [126.82655213488297, 35.09367459126723], [126.8293488907756, 35.09569320148717], [126.83019713063153, 35.09656614761473], [126.83079861904046, 35.09752142088428], [126.83097343249455, 35.097666145047334], [126.83139086718192, 35.09799353716276], [126.83141280156113, 35.09801073107164], [126.83273875245871, 35.09796256622913], [126.83360010349317, 35.097850207744834], [126.83424046115294, 35.09785642003332], [126.8351452731378, 35.09797605541594], [126.8358601000291, 35.098264505615596], [126.83658478740296, 35.098652547011], [126.8365988649225, 35.098661644735316], [126.83683339438372, 35.09922177263485], [126.83831851940135, 35.10201777526543], [126.83949205214982, 35.10136684336528], [126.84107624893782, 35.10105358806074], [126.84215460021778, 35.101745967244774], [126.84241897675349, 35.10203501230592], [126.84373498855663, 35.103515829049925], [126.84400688879872, 35.10406880716756], [126.84773163975812, 35.10578026819642], [126.84856735722177, 35.10580810522623], [126.84897986228853, 35.105551887840434], [126.84957643631645, 35.10555276360945], [126.84977922239611, 35.10555307053792], [126.85365617900314, 35.10635734957807], [126.85447384684207, 35.10661801516804], [126.85449081796845, 35.10665020997309], [126.85460639479973, 35.106822938080754], [126.85478680841051, 35.10704044737666], [126.85528119545508, 35.10719429418006], [126.85591022280751, 35.10705194154265], [126.85597499773958, 35.10698800465937], [126.85622117581622, 35.106744985200955], [126.85642436761772, 35.10650479923374], [126.85648361454302, 35.10643265422197], [126.8606255709477, 35.10635566323839], [126.86098436266485, 35.106763601835574], [126.8613019942789, 35.10726721747267], [126.86125444683304, 35.107503771982365], [126.86122580228923, 35.10758912470805], [126.8611860747838, 35.10763823704897], [126.8608513186203, 35.10805206302442], [126.85999291673701, 35.10818672922284], [126.85975687364801, 35.10822375856503], [126.85948100553165, 35.10832188421361], [126.85970911438281, 35.10856082115654], [126.86003449135623, 35.10884582371722], [126.86016770878899, 35.1089538536971], [126.86020605385771, 35.108979011767566], [126.8604316499224, 35.109081649827424], [126.8605566152965, 35.10913280294565], [126.86316989365676, 35.10958899899524], [126.86367792806928, 35.1091606210713], [126.86547368746461, 35.1093855170197], [126.8657180069292, 35.10989517732009], [126.8659850858924, 35.11056716815324], [126.86599961261712, 35.11060396171322], [126.8680294502974, 35.11016859172388], [126.86859651394109, 35.11006059132547], [126.87053808979631, 35.110221973708775], [126.87055692269723, 35.11022359899307], [126.87055419295301, 35.11022839994618], [126.87012470669742, 35.110821787660136], [126.86894549161167, 35.113700107516216], [126.86988351836267, 35.11505178982546], [126.87006690645896, 35.115983426845], [126.87359474923244, 35.11941512554996], [126.87452679485212, 35.11976647229837], [126.87692630573741, 35.118440985915576], [126.87886228221892, 35.11753868880243], [126.88055114844482, 35.116961936621244], [126.88343996627259, 35.11618763003563], [126.88451451818135, 35.116811327931266], [126.88569475888711, 35.117172206072546], [126.88578625857046, 35.11716556608817], [126.88646122745928, 35.11709456093297], [126.88765298441467, 35.11694002893794], [126.88846501576734, 35.12130312450594], [126.88828466947137, 35.123600297682586], [126.88785498891124, 35.125376303884345], [126.88733834525173, 35.12580436713266], [126.88731322049847, 35.12582518499666], [126.88707006589217, 35.126688114435524], [126.88637701779133, 35.13007005186681], [126.88660342707384, 35.13032373190321], [126.88758466601426, 35.131927445243896], [126.88752609251328, 35.13393967138957], [126.88736655340571, 35.13431292807122], [126.88732594347483, 35.134391360604745], [126.88568876921882, 35.13662460736187], [126.8843453747975, 35.13755519363622], [126.88412837133613, 35.137601422434976], [126.88374272845209, 35.1376375896619], [126.88362605329209, 35.13761538418735], [126.88362570339726, 35.137615202968206], [126.88317462851384, 35.138389388351705], [126.88325015244745, 35.13886908344784], [126.8855911009055, 35.14117201253151], [126.88575417815139, 35.14124689093363], [126.88781293045946, 35.142072144399066], [126.88830613273844, 35.14278689400752], [126.88717389100994, 35.144267857875086], [126.88714938227218, 35.14429989052948], [126.88692810099468, 35.144588222107416], [126.88621471638932, 35.145516807664634], [126.8854039257392, 35.146566709669], [126.88643105243699, 35.147093097700534], [126.88902886682374, 35.148431235390724], [126.89020062233585, 35.149033637418285], [126.89337597160053, 35.1504883815812], [126.89456299989779, 35.150885936293506], [126.89430480354922, 35.15146009383198], [126.89647850380038, 35.152169881647616], [126.90107743505955, 35.15234077293619], [126.90282743223293, 35.14989832597402], [126.9029539198984, 35.14975323826102], [126.90322484421822, 35.149478483423], [126.90327224131505, 35.14943658287523], [126.90343372958912, 35.14929382930043], [126.90360522430173, 35.149145188831234], [126.90385415303149, 35.14898038642969], [126.904139652655, 35.14881956855355], [126.90423605137467, 35.14876978962863], [126.90459027811602, 35.14861160342101]]]]}, "properties": {"name": "\ub0a8\uad6c", "base_year": "2018", "name_eng": "Nam-gu", "code": "24030"}}, {"type": "Feature", "geometry": {"type": "MultiPolygon", "coordinates": [[[[126.93377444062926, 35.24677835449104], [126.93354047938422, 35.24447417865698], [126.93293123485294, 35.2430157712939], [126.93271357896846, 35.24196656818274], [126.9326298093472, 35.241559087163296], [126.93490330474494, 35.239048305372464], [126.93631869613588, 35.23883598325568], [126.93843604570395, 35.23782830371987], [126.93931462116473, 35.237349216647864], [126.93963094406784, 35.23717432009468], [126.9413155276051, 35.236079612160104], [126.94274722292779, 35.23499349523632], [126.94299348161182, 35.23388834203357], [126.94353055690424, 35.23173945527759], [126.94418826704205, 35.23130782573729], [126.94479375838, 35.230918568986326], [126.94480902713634, 35.230918575901114], [126.94629872964755, 35.230921228240796], [126.94757293543088, 35.230773368798744], [126.94879315677521, 35.22915880595458], [126.95184100250948, 35.224591125050914], [126.95137937327718, 35.22394943143534], [126.95067869513478, 35.22325763708064], [126.9504461262959, 35.2230205118623], [126.94978788941629, 35.22227719175368], [126.949661530198, 35.222077155690705], [126.94937245753249, 35.22161255106486], [126.94925484934025, 35.22142110876842], [126.94895758846431, 35.220904816658816], [126.94892429988217, 35.22062636711715], [126.94888743196138, 35.22031243029422], [126.94885466145722, 35.22003201736699], [126.94890075783233, 35.21908055058142], [126.95027468256318, 35.21642724521638], [126.95175928236183, 35.2147784000233], [126.95404005142207, 35.21200035541068], [126.95613488451106, 35.208814194541475], [126.9603838629768, 35.204933714802465], [126.96105674182068, 35.20442932226213], [126.96268344545265, 35.20359977652071], [126.9629520352199, 35.20348704004008], [126.96310288122328, 35.20343231211872], [126.9631457743194, 35.203431624043446], [126.96400612235826, 35.203418506951714], [126.96438806636915, 35.20341271112693], [126.96438978373655, 35.203413838635576], [126.96480954301671, 35.20366775422603], [126.96485467570895, 35.203670161063854], [126.96511427408262, 35.203683760579914], [126.965153219044, 35.20368574502777], [126.96546338439082, 35.203439796231585], [126.96553565627218, 35.2033595447017], [126.96609974273973, 35.201990508555326], [126.96627360230931, 35.201064423871536], [126.96627533037818, 35.20105484460366], [126.96619594328767, 35.20091187622839], [126.96615188870857, 35.20083257217878], [126.96575172121712, 35.20053923146575], [126.96501799080416, 35.200258185174334], [126.96450583183763, 35.200258173809765], [126.96249775115905, 35.197919807946], [126.96173505675492, 35.196594444001015], [126.96045544034467, 35.194966380213344], [126.96045406897056, 35.19496595571376], [126.95959019425439, 35.19469666079959], [126.95923825076453, 35.194466840202125], [126.95864701456183, 35.19319276503317], [126.9586242532885, 35.19308868624971], [126.95920780815456, 35.19129308895186], [126.95932651005567, 35.19100005541796], [126.95954618255323, 35.19050677873559], [126.95964661506281, 35.190380065240156], [126.9599447921859, 35.19003314886436], [126.96480967029088, 35.185033351345616], [126.96567018829295, 35.184546454706094], [126.9660584778865, 35.18435292309671], [126.96637477825794, 35.18428290671031], [126.96711083928199, 35.182507422616105], [126.96732385559686, 35.182169899726425], [126.96732986552524, 35.18216046367813], [126.96756363094009, 35.181849572342486], [126.96814715635995, 35.18114273135205], [126.96836456045334, 35.180988147275635], [126.96891209010974, 35.18063282889281], [126.97061775959064, 35.1799803638131], [126.97169473262903, 35.179837255147554], [126.97185073587993, 35.18052936778917], [126.97240459127563, 35.18354324963862], [126.97243015169038, 35.18406237178146], [126.97236775765839, 35.184372763976455], [126.9722445353207, 35.18454371040688], [126.97212052968014, 35.18495239016439], [126.97235063779308, 35.18524636540719], [126.97298247418571, 35.18568255275296], [126.97397336293022, 35.18613303427208], [126.97695550215886, 35.18581706429181], [126.97845424787906, 35.18547865834202], [126.97959187772773, 35.18449877576182], [126.98000844374785, 35.18428126510907], [126.98198937900692, 35.1839250072287], [126.98276489509172, 35.18401568775793], [126.98278823412953, 35.18402751679686], [126.98297894825045, 35.18417359202856], [126.98327464307893, 35.18442151695035], [126.98474548317783, 35.1860775268188], [126.98435268333856, 35.18664884649925], [126.98388717571818, 35.18704861963423], [126.9849926488708, 35.18797743587871], [126.98547257007336, 35.18836579181266], [126.98575731889974, 35.18856510915232], [126.98720090583387, 35.188869348816745], [126.98782303339843, 35.1884443889745], [126.98795205288232, 35.18831369874945], [126.98809569464716, 35.18806584326621], [126.98832356213148, 35.187787296001325], [126.9889371392477, 35.18711092521738], [126.98925966676286, 35.18696292841415], [126.98948202449529, 35.18686155946568], [126.99008848441764, 35.186633323149316], [126.99059852515799, 35.18647393817589], [126.99111147372032, 35.18639061841454], [126.99261218617852, 35.186419318568014], [126.99291137998532, 35.18643553633246], [126.99314261984105, 35.186473165799256], [126.99409039428313, 35.18690952649917], [126.99421425755446, 35.186966575297944], [126.99472199847429, 35.18759473359238], [126.9948636705662, 35.18779740102095], [126.99508360421945, 35.18801346569025], [126.99580425820693, 35.1885510578289], [126.99580648603938, 35.18855260721457], [126.99581795902445, 35.18856036815586], [126.9960802692059, 35.18873754108087], [126.99632404965831, 35.1888999385969], [126.99668035032649, 35.18900332869738], [126.99669461296749, 35.189004385256325], [126.99708763607119, 35.18903038561464], [126.99815779433384, 35.18899774493693], [126.99996890875113, 35.18881609470049], [127.000417019717, 35.188622039723526], [127.00065085121334, 35.18852077422985], [127.00700036635278, 35.18522706158286], [127.00777074982638, 35.1845826930387], [127.01178738719209, 35.18098108685649], [127.01625219511169, 35.17529409589072], [127.01670666060784, 35.17488067926817], [127.01709905434353, 35.174525298008625], [127.01724996387338, 35.17440880562792], [127.01852629990698, 35.1736950227893], [127.02141648311681, 35.173037999780064], [127.02227522577896, 35.171359643961026], [127.02197826558667, 35.17047088155127], [127.02087241692463, 35.16725731656179], [127.01681121481238, 35.16533196061841], [127.01678154602457, 35.165336047848136], [127.01534453083073, 35.16553480763987], [127.01478132074914, 35.16561274745736], [127.01470174750422, 35.16564642132131], [127.01427505665269, 35.165827016866096], [127.01403257154071, 35.16593703566603], [127.0138783885255, 35.16603901163858], [127.01383347280465, 35.16606887811964], [127.01251288813857, 35.166242093198456], [127.0113584582313, 35.16616909448619], [127.01109274380228, 35.16583492054319], [127.0099967611661, 35.163679073841976], [127.01031183829016, 35.16232364053738], [127.01040273078146, 35.1622327946403], [127.011052823848, 35.161744607355075], [127.01172846813607, 35.161316968261], [127.01146492247605, 35.16019987850619], [127.01111988274171, 35.15892970060629], [127.0110675716053, 35.15882435380555], [127.00997691450674, 35.157469872004796], [127.00872322961577, 35.156413818172425], [127.00774348209242, 35.155928691018914], [127.00812074477619, 35.153695141601375], [127.00844559073637, 35.15232576593254], [127.00845140743095, 35.15231042438885], [127.00868936838278, 35.151685094064504], [127.00895937552058, 35.15097596457036], [127.00794298480008, 35.14804126288588], [127.00773576408143, 35.1470818881309], [127.0071840989502, 35.143872104058204], [127.00890504207544, 35.139935901722744], [127.00882945954729, 35.134591270213384], [127.00880404053764, 35.13401749385207], [127.00871297976344, 35.1337492095974], [127.00868038174069, 35.133495984649905], [127.00888499632828, 35.13261658876056], [127.00894480967602, 35.132420394725024], [127.00915853780192, 35.131786055868076], [127.00933542237044, 35.13140000565468], [127.00963314174759, 35.130793403504484], [127.01015455787943, 35.13007100871573], [127.01044339808915, 35.129779600385746], [127.0110320182245, 35.129129446072035], [127.0118320825451, 35.127816213181354], [127.01168042828098, 35.12691951762243], [127.01156223622166, 35.126262099334106], [127.01130020972427, 35.12555722628743], [127.01060803876999, 35.1243139720603], [127.00952104480857, 35.124090957557755], [127.00913518143004, 35.12406675884267], [127.00786924011479, 35.123987118499855], [127.00458699231103, 35.12176117273382], [127.00431802214464, 35.12129063687739], [127.004275822453, 35.121107040216366], [127.00121949919027, 35.12183258134343], [126.99715273754254, 35.12294847175797], [126.9951971629495, 35.123294337804275], [126.99437843267131, 35.12310935968579], [126.99261255679487, 35.122655448078454], [126.99185673184196, 35.124183175196535], [126.99071295733778, 35.12558587352062], [126.98962396160509, 35.12686862354958], [126.98690088306157, 35.13119777051591], [126.98546839548119, 35.1338300797371], [126.98518890248954, 35.134328718850576], [126.98349432716418, 35.13698436709725], [126.98240631214811, 35.13759101483892], [126.98153499029127, 35.13778828881125], [126.97813728990647, 35.13843965250027], [126.97375368173792, 35.137975867435955], [126.97101264654572, 35.136583071770666], [126.97077286546482, 35.13658327103455], [126.96842924683334, 35.136738331473964], [126.96802357790779, 35.13682745280788], [126.96776153114328, 35.13692844075783], [126.96612093573536, 35.13815284700218], [126.96549790844834, 35.138721123037236], [126.96495220800404, 35.13898924053854], [126.96308537998, 35.13987113730349], [126.96186023383585, 35.140335006744614], [126.96096410422476, 35.14045369788111], [126.9587117246078, 35.14064712322596], [126.95850871182735, 35.140561556532795], [126.9582107779905, 35.140424706930794], [126.95821045607056, 35.140424252833334], [126.95818381799437, 35.1403865576938], [126.95799782852436, 35.14012335914516], [126.95797906869845, 35.14009681006148], [126.95755229920834, 35.140132754209304], [126.95525156149216, 35.140535744575544], [126.95524397555351, 35.140541436328185], [126.9516431370732, 35.14324431517109], [126.95154431845219, 35.143642881278595], [126.95139485534092, 35.14452840394559], [126.95149500010005, 35.14450513695524], [126.95171982491614, 35.14448120055222], [126.95308561894569, 35.14498131787081], [126.95339857847188, 35.14514673456798], [126.95375376521388, 35.14570839376226], [126.95564125436225, 35.150910376524514], [126.95562500519621, 35.15138751073776], [126.95561602689351, 35.15141287150689], [126.95538730833745, 35.15197297818349], [126.95522292968771, 35.15219182666383], [126.9513848898359, 35.15412536004441], [126.94930251554919, 35.15436890231975], [126.94769950847872, 35.15445191973072], [126.94569597829968, 35.155602370387655], [126.94437608479042, 35.15872034933354], [126.94143740322777, 35.158540797226955], [126.94019917727913, 35.15853346272425], [126.93994059847702, 35.15858492547648], [126.93992480245977, 35.15858820860374], [126.93885579457482, 35.1590325783877], [126.93837042236666, 35.15937549864692], [126.93837156640338, 35.15938541189266], [126.9384168693211, 35.159777120860646], [126.938450901621, 35.159978889168386], [126.93847858229904, 35.16012040671177], [126.93886573811393, 35.16115859743185], [126.93511259618175, 35.16166199135495], [126.93150428710632, 35.160466371492504], [126.93070998695123, 35.16027416542001], [126.9301832900799, 35.16113702861148], [126.92997403704437, 35.16137325034033], [126.92975064018512, 35.16159219157105], [126.92958358845799, 35.16172960403642], [126.92921806805616, 35.16199103960918], [126.92893827842585, 35.162153593292686], [126.92865621284452, 35.1622941267769], [126.92832078444762, 35.162433399688744], [126.92820604113828, 35.162481030845285], [126.92815972304584, 35.16249405465751], [126.92397565524882, 35.16367027680062], [126.92271638277583, 35.16402423933523], [126.92224943791975, 35.16413388956252], [126.92123092851494, 35.164373043442374], [126.91960146635448, 35.16475546816334], [126.91959647396186, 35.164756638100606], [126.91632050747933, 35.16548902128212], [126.91298236269091, 35.157048107356786], [126.91298043310111, 35.15704252006235], [126.91247832415462, 35.15578201510556], [126.91183662203933, 35.15520177263809], [126.9111861649242, 35.15463683483888], [126.90928946590812, 35.15312652953609], [126.90715577317566, 35.151446497432175], [126.90269403837436, 35.154712542247594], [126.90040219342964, 35.156899798430125], [126.9004173662288, 35.15691248655545], [126.90026589076662, 35.15704982467478], [126.90012329000524, 35.157155244742654], [126.89996250162324, 35.15727152936401], [126.89957127364498, 35.157553974085886], [126.89942693183369, 35.157656121421574], [126.89918073010107, 35.1578236013887], [126.89877126901469, 35.15809819389087], [126.89841781435739, 35.15829291155614], [126.89820779647133, 35.15840808911886], [126.8936260459678, 35.160384796098874], [126.89279252991173, 35.160722031358226], [126.89229586102466, 35.160775062457525], [126.89055422964533, 35.1607604913071], [126.8884490811353, 35.16143104902016], [126.88777979287022, 35.16140064910126], [126.88731151564114, 35.16233980167675], [126.88546038085278, 35.166416212539495], [126.88401685150983, 35.1685153278699], [126.88416623316698, 35.16972564031409], [126.8789991225365, 35.1709281703865], [126.87561583308222, 35.170558227016215], [126.87564806157026, 35.17136833931803], [126.87026616597298, 35.17170381099917], [126.86287077574586, 35.17209841063844], [126.8607302016322, 35.172216507629074], [126.85986227960117, 35.17231219483792], [126.85986212449923, 35.17231222828284], [126.85957954964984, 35.17237384006815], [126.85829501123192, 35.172653911200634], [126.85300222567942, 35.17388603374499], [126.84795849239637, 35.175062169272785], [126.84787940720658, 35.17508060885183], [126.84293993525533, 35.17617186714584], [126.84042562073776, 35.17848480851207], [126.83872487688612, 35.17842558915589], [126.84134694869307, 35.1818062281014], [126.8413837060408, 35.18184787538743], [126.84477033057037, 35.182195024469024], [126.84483906691825, 35.18209743413876], [126.84519085141167, 35.181582650589135], [126.84560971013322, 35.18094528374826], [126.84581217370551, 35.18063719268313], [126.84606139700246, 35.1802844636247], [126.84609964781804, 35.18024626865179], [126.84648346809543, 35.179863010639046], [126.84711257980629, 35.17956684511262], [126.84933647348238, 35.1795483873319], [126.85024375826951, 35.17962844508298], [126.85086387930241, 35.179800338968285], [126.85104903727034, 35.18003178347689], [126.85133663990189, 35.18041444647328], [126.85143991890702, 35.18117725145397], [126.85193817950082, 35.18178651391175], [126.85259688408095, 35.18221925010083], [126.85325448887694, 35.18240406773929], [126.85407980192267, 35.182379504074696], [126.85472939326546, 35.18219201054143], [126.85541053439933, 35.18203078917106], [126.85593755918678, 35.182001879273905], [126.8560297627436, 35.18199848954539], [126.85710107897341, 35.182289256302894], [126.85782299788889, 35.18266222863184], [126.85808518932784, 35.18279768656498], [126.8587089744246, 35.1831573510086], [126.86040300345583, 35.18568282437354], [126.86034460161814, 35.186302481595234], [126.8595982086802, 35.19162065808697], [126.85934610961958, 35.193511764485315], [126.85934508354994, 35.193515978093785], [126.85923008692293, 35.19380623162033], [126.85921679418853, 35.193834967771956], [126.85891632560966, 35.19441775954335], [126.85873314316653, 35.19463584137841], [126.85866054707458, 35.19472155537278], [126.85844093501457, 35.1948998259919], [126.85729691125616, 35.19539901595164], [126.85544623674268, 35.1961005336392], [126.8550689681619, 35.19613608960495], [126.85454580602686, 35.19607351438472], [126.85400386656029, 35.196144800744975], [126.85355248557401, 35.19629401115852], [126.85330743794263, 35.19638126007624], [126.85312843987145, 35.1964613493148], [126.85300489062487, 35.19652092252328], [126.85277937140489, 35.19662966381509], [126.8522090532197, 35.19706716005413], [126.85212328256577, 35.19724613584837], [126.85196971359431, 35.19831236395963], [126.85311917300919, 35.19883630110605], [126.85332579205878, 35.198922210934604], [126.8536124411047, 35.19903216123166], [126.8542110118578, 35.19945578560656], [126.85422047485802, 35.1994642065087], [126.85477640948417, 35.200074361579084], [126.85510887601573, 35.200629497465904], [126.85511154449735, 35.20063559451168], [126.85511807212244, 35.20065767481559], [126.8551954810936, 35.200919583985595], [126.85532514512882, 35.20136176944731], [126.8553186387134, 35.20192834900067], [126.8551272585881, 35.20553350371904], [126.8551230554123, 35.20556934531881], [126.85509732512477, 35.205788740155974], [126.85505719052875, 35.20599011273765], [126.85499123986992, 35.20626659595266], [126.85487585988254, 35.20672253600925], [126.85478899755067, 35.20703753622285], [126.8547485402901, 35.20718424985381], [126.85454518250158, 35.207861906109684], [126.85448377926043, 35.20804063982374], [126.85437039713156, 35.20828555928651], [126.85426030518872, 35.20852057033265], [126.85408738535872, 35.20888808091826], [126.85361810896734, 35.20954022771762], [126.85336691333087, 35.209778589901354], [126.8529538758829, 35.2102904161398], [126.8528417500992, 35.210445670956084], [126.85265753352374, 35.21070142078389], [126.8525801249256, 35.21101745343162], [126.85263476608363, 35.21181469181279], [126.85273280133603, 35.21233327472274], [126.85310844386429, 35.21365848440338], [126.85376249157258, 35.214557022909396], [126.85447076903941, 35.21529519240061], [126.85452944972732, 35.215353817741935], [126.85515231261986, 35.21591776801408], [126.85582068338883, 35.21652286882768], [126.8558210870666, 35.216523230751], [126.85642253690361, 35.217048850410386], [126.85648230500291, 35.21709894786632], [126.85682843159243, 35.21732424557318], [126.85691180834395, 35.217379329264595], [126.85700907963636, 35.2174879778045], [126.85664917514211, 35.21763842203294], [126.85646278287227, 35.21770246504015], [126.85625155125472, 35.21777504094312], [126.85608475100658, 35.21781494914661], [126.85595597056863, 35.21784562317548], [126.85582598832185, 35.21787277767812], [126.85569513210858, 35.21789650185974], [126.85556329601009, 35.21791671400149], [126.85543069434348, 35.21793340892954], [126.85529766222152, 35.21794659022945], [126.85516408575734, 35.21795607244638], [126.85503019022896, 35.21796213179499], [126.8548960756298, 35.217964491987615], [126.85359386641704, 35.21797048522251], [126.853139918011, 35.21797254105465], [126.85311553405157, 35.21797269028892], [126.85302291361458, 35.21804964169489], [126.8530324314995, 35.219458724495446], [126.85304911563837, 35.22193933369892], [126.85264149660192, 35.22194126903785], [126.85239007051482, 35.22194240120804], [126.84855893299137, 35.22195988775449], [126.8461946123458, 35.221970668506366], [126.84611661201023, 35.222034834458], [126.84611995240758, 35.22252976736134], [126.84612029684699, 35.22257942986291], [126.84611659221649, 35.22267866530991], [126.84611309713333, 35.2227227364231], [126.84610871571925, 35.22277771230934], [126.84609644646233, 35.2228765723722], [126.84607999938194, 35.2229748868834], [126.84605927444468, 35.22307265890753], [126.84603426401635, 35.22316987938421], [126.8460051928595, 35.22326619786548], [126.84597183833179, 35.223361697002765], [126.84593442124256, 35.22345610837993], [126.84589294335828, 35.22354934724377], [126.84587022901971, 35.22359537395385], [126.84473135063868, 35.225899001829745], [126.84230743656607, 35.22509139142659], [126.84212071071192, 35.22503057485357], [126.84193288053427, 35.22497210269735], [126.84174395045844, 35.2249159695667], [126.84155391531779, 35.224862269204166], [126.84020587975348, 35.2244909303311], [126.83819795216954, 35.22393859910912], [126.83817215362691, 35.223931535787536], [126.8380478036028, 35.22398958387569], [126.83791335191636, 35.22424470775448], [126.8377551942332, 35.22454778712623], [126.83595017868205, 35.22738602491076], [126.83504182804684, 35.228770605368574], [126.83485549304957, 35.22903720306639], [126.8348593081286, 35.229105646034235], [126.83488214208234, 35.22918595153808], [126.835040634779, 35.22948910560105], [126.83518015825662, 35.2297515305482], [126.83521250289652, 35.22979720473558], [126.8352957136098, 35.22990041011893], [126.8353377033768, 35.22992779597274], [126.83685803044686, 35.22996803638998], [126.83725520012415, 35.22996814946469], [126.83965158809508, 35.231907293192585], [126.83965613683142, 35.232045462232506], [126.84031537525787, 35.23397435738432], [126.84078490997155, 35.23437608789705], [126.84080650512965, 35.23439442323633], [126.84429921843396, 35.23699247808714], [126.84513232939454, 35.23714044188454], [126.84666851629957, 35.237398172660384], [126.84727221196461, 35.237228960185995], [126.84732568466117, 35.23711858695192], [126.84744484814617, 35.236891030899066], [126.84807441883967, 35.23574093038062], [126.84836152412639, 35.2358653667869], [126.84923118487644, 35.23629009956741], [126.85033954454993, 35.2372305718215], [126.85405279849249, 35.2384744957164], [126.85483374908854, 35.23853558115765], [126.85591011224099, 35.238691939370135], [126.85940763309513, 35.240004727896256], [126.86002039532639, 35.240343587407686], [126.8600406226057, 35.24036205726788], [126.86023016760853, 35.240542127659495], [126.86110756890358, 35.241525888909415], [126.86113321224414, 35.241589302122684], [126.86119806402118, 35.24200539891648], [126.861199105526, 35.2421027192204], [126.86119618885489, 35.24229748581982], [126.861189994547, 35.24260858727388], [126.86115590066315, 35.242667134323845], [126.86112444162298, 35.242688782825724], [126.86109471474666, 35.24270847027282], [126.86106745513146, 35.24278913664207], [126.8610707178395, 35.24288476627126], [126.86112354636381, 35.24320818436171], [126.86123442991516, 35.243620392481596], [126.86128770397102, 35.24378663491214], [126.86135730368493, 35.243942195497944], [126.86138192938097, 35.24399701738655], [126.86144406371224, 35.24410763802478], [126.8625449422258, 35.24523868256379], [126.86261098802653, 35.24527284375577], [126.86315043933153, 35.24554047722969], [126.86391446397518, 35.24580470738381], [126.86677774968696, 35.246168323008995], [126.86763497351484, 35.24613575665456], [126.8679141209241, 35.24613268125377], [126.86871276905458, 35.246127647269226], [126.86913879331614, 35.24617895224951], [126.86950124066904, 35.24635624214471], [126.8708510627411, 35.24725834304356], [126.8713305380634, 35.24759897084056], [126.87659323270783, 35.25047738997008], [126.87958128539726, 35.251521559567195], [126.8786565171516, 35.24947197544664], [126.87864242755705, 35.24935731825338], [126.8786279458083, 35.249093533180464], [126.87866407152032, 35.2488889955446], [126.8788289301028, 35.24841082215139], [126.87888416649423, 35.248328629042454], [126.87909751888873, 35.248133651524206], [126.87921010121094, 35.24804292853611], [126.87994327606418, 35.24774016788765], [126.88014357746364, 35.24765910328189], [126.88030436676699, 35.247594484815515], [126.88516645172723, 35.246657777088444], [126.88726735839437, 35.24633923157755], [126.88953320293678, 35.246668508335674], [126.89009055042634, 35.247863152624625], [126.8909553940397, 35.24943594191114], [126.89139414971946, 35.24987222724456], [126.89140168718646, 35.249879695976816], [126.89237632384597, 35.25040476128755], [126.89300291293513, 35.25070361496453], [126.89699301308227, 35.25247811267645], [126.89747342647989, 35.252595987745], [126.89787796971063, 35.25269688872752], [126.8983247023958, 35.25283712335543], [126.8987130758421, 35.25296124352316], [126.90016467712847, 35.25382113592189], [126.90097476978637, 35.25461906487875], [126.9019114648348, 35.25565426982553], [126.90212726661339, 35.255951886600045], [126.90220302662782, 35.25605645111185], [126.90276945833014, 35.2567601042279], [126.90280083799618, 35.256791387221256], [126.90343278925793, 35.25741904426104], [126.90406610133516, 35.25779064566228], [126.90409045663975, 35.25780489868558], [126.90480147786108, 35.25808684794154], [126.90546612202898, 35.25824229981287], [126.909419834036, 35.258442816927946], [126.91066688790634, 35.25845770197796], [126.91111228121385, 35.258461977641275], [126.91460834646169, 35.25820977980687], [126.91497180309088, 35.25731812788355], [126.91899874149361, 35.25470818010919], [126.92104989177737, 35.25339500869242], [126.92139807682433, 35.253226941506014], [126.92154972326118, 35.25318352601349], [126.922465884422, 35.25298217389245], [126.92448051265801, 35.25278375998848], [126.92660244169502, 35.25258483270864], [126.92937210379534, 35.25241483434258], [126.93125022278518, 35.250810282566704], [126.93247032936507, 35.249264625274286], [126.93274139988492, 35.248882123392455], [126.93275017067273, 35.24886692500462], [126.93358577591354, 35.24738019174896], [126.93374341063705, 35.246934953224354], [126.93376599593665, 35.2468211733286], [126.93377444062926, 35.24677835449104]]]]}, "properties": {"name": "\ubd81\uad6c", "base_year": "2018", "name_eng": "Buk-gu", "code": "24040"}}, {"type": "Feature", "geometry": {"type": "MultiPolygon", "coordinates": [[[[126.76338400824784, 35.25651922312092], [126.76389882948135, 35.25489634024224], [126.76384864983537, 35.25402871506687], [126.76370515034607, 35.2533674903035], [126.76344014977674, 35.253043335344024], [126.7634346429957, 35.2530366095461], [126.76339995617339, 35.252994255623875], [126.76313281012621, 35.25270022292221], [126.76278829583853, 35.25244140145414], [126.76140500824864, 35.249290458293444], [126.76081646049164, 35.247440424060265], [126.7606270975079, 35.24715020965533], [126.75936472910085, 35.245657521117984], [126.75899921963297, 35.245371316906045], [126.75676115251223, 35.24364356701177], [126.75522130234847, 35.24113331154234], [126.75384981087271, 35.237086744362735], [126.75387049954622, 35.236831176226865], [126.7538722944943, 35.2368099075713], [126.75448884113877, 35.235348184806405], [126.75457466072635, 35.23523765664541], [126.755259107804, 35.234361236363554], [126.7555934294296, 35.234149252241686], [126.75570809280875, 35.234093998909756], [126.75705492000435, 35.23373055252133], [126.75917007370944, 35.2335839677678], [126.76030969804242, 35.23397312179905], [126.76216432718937, 35.23363893799628], [126.76832498224721, 35.23225951349206], [126.77487566159603, 35.23047856161231], [126.77710361955765, 35.22834540523345], [126.77802619630832, 35.22745801862215], [126.77972015248817, 35.22604293544505], [126.7799098907031, 35.22588455596123], [126.78002065773569, 35.22579575130314], [126.78013657078704, 35.225713013032966], [126.78142444027709, 35.22490781063827], [126.78429798252618, 35.22422727479708], [126.78581885912617, 35.224003676004976], [126.78763877104576, 35.22330062008685], [126.78853842603621, 35.22409425977696], [126.78889431439572, 35.224057282606275], [126.78953594844741, 35.22389460581318], [126.78992648473486, 35.223728404336136], [126.79281088407639, 35.221845943509365], [126.79292752755728, 35.22173474793608], [126.79296857293718, 35.22165819902293], [126.79336890686223, 35.22101161148859], [126.79400560625122, 35.22054583535174], [126.79439778872221, 35.2202625788546], [126.79491430809979, 35.21994827521355], [126.79500657633353, 35.21990716900431], [126.79508268473764, 35.21987392242042], [126.79510760081563, 35.21986325716072], [126.79527046511353, 35.21979861835596], [126.79537691450506, 35.21977893377146], [126.80214112279383, 35.22091088858832], [126.803098735995, 35.22113920340204], [126.80324643268389, 35.22116550283272], [126.80439594485334, 35.221315812006914], [126.80452346362091, 35.22095998988207], [126.80455150260711, 35.22086793524863], [126.80460491967528, 35.22063042888867], [126.8046197604521, 35.22017231732247], [126.80461269987072, 35.21997133358234], [126.8046156580917, 35.21995429783345], [126.8046351492633, 35.21984264544563], [126.80469472595432, 35.21961896030491], [126.80472288644741, 35.21954182475058], [126.80498206077567, 35.21888356150179], [126.80524833010178, 35.21842488034433], [126.80539043235474, 35.218274978406996], [126.80853352165062, 35.22055858311972], [126.81034532616694, 35.22115234819658], [126.81127301633785, 35.22199676047641], [126.8150348658698, 35.22410090537627], [126.81965916480662, 35.22597358483284], [126.82364603427148, 35.225747127116996], [126.82388111844902, 35.2257674732471], [126.82394322915539, 35.22578108399555], [126.82405233445789, 35.225878276839815], [126.82495564660336, 35.22698387263937], [126.82497656494795, 35.227525342732314], [126.82473895529282, 35.22915930711397], [126.82458920340699, 35.22968003368768], [126.82429340026016, 35.230730521855016], [126.8246327189227, 35.23145590344777], [126.82505053627092, 35.23183450860466], [126.82534147747161, 35.23191549361015], [126.82537342681988, 35.23190666742295], [126.82557717497312, 35.23182330561165], [126.82559315977967, 35.23181248604712], [126.82624762891334, 35.231501912134576], [126.8270162345823, 35.23135120029184], [126.82936523613256, 35.230597565904134], [126.83282039190625, 35.22869722372385], [126.83504182804684, 35.228770605368574], [126.83595017868205, 35.22738602491076], [126.8377551942332, 35.22454778712623], [126.83791335191636, 35.22424470775448], [126.8380478036028, 35.22398958387569], [126.83817215362691, 35.223931535787536], [126.83819795216954, 35.22393859910912], [126.84020587975348, 35.2244909303311], [126.84155391531779, 35.224862269204166], [126.84174395045844, 35.2249159695667], [126.84193288053427, 35.22497210269735], [126.84212071071192, 35.22503057485357], [126.84230743656607, 35.22509139142659], [126.84473135063868, 35.225899001829745], [126.84587022901971, 35.22359537395385], [126.84589294335828, 35.22354934724377], [126.84593442124256, 35.22345610837993], [126.84597183833179, 35.223361697002765], [126.8460051928595, 35.22326619786548], [126.84603426401635, 35.22316987938421], [126.84605927444468, 35.22307265890753], [126.84607999938194, 35.2229748868834], [126.84609644646233, 35.2228765723722], [126.84610871571925, 35.22277771230934], [126.84611309713333, 35.2227227364231], [126.84611659221649, 35.22267866530991], [126.84612029684699, 35.22257942986291], [126.84611995240758, 35.22252976736134], [126.84611661201023, 35.222034834458], [126.8461946123458, 35.221970668506366], [126.84855893299137, 35.22195988775449], [126.85239007051482, 35.22194240120804], [126.85264149660192, 35.22194126903785], [126.85304911563837, 35.22193933369892], [126.8530324314995, 35.219458724495446], [126.85302291361458, 35.21804964169489], [126.85311553405157, 35.21797269028892], [126.853139918011, 35.21797254105465], [126.85359386641704, 35.21797048522251], [126.8548960756298, 35.217964491987615], [126.85503019022896, 35.21796213179499], [126.85516408575734, 35.21795607244638], [126.85529766222152, 35.21794659022945], [126.85543069434348, 35.21793340892954], [126.85556329601009, 35.21791671400149], [126.85569513210858, 35.21789650185974], [126.85582598832185, 35.21787277767812], [126.85595597056863, 35.21784562317548], [126.85608475100658, 35.21781494914661], [126.85625155125472, 35.21777504094312], [126.85646278287227, 35.21770246504015], [126.85664917514211, 35.21763842203294], [126.85700907963636, 35.2174879778045], [126.85691180834395, 35.217379329264595], [126.85682843159243, 35.21732424557318], [126.85648230500291, 35.21709894786632], [126.85642253690361, 35.217048850410386], [126.8558210870666, 35.216523230751], [126.85582068338883, 35.21652286882768], [126.85515231261986, 35.21591776801408], [126.85452944972732, 35.215353817741935], [126.85447076903941, 35.21529519240061], [126.85376249157258, 35.214557022909396], [126.85310844386429, 35.21365848440338], [126.85273280133603, 35.21233327472274], [126.85263476608363, 35.21181469181279], [126.8525801249256, 35.21101745343162], [126.85265753352374, 35.21070142078389], [126.8528417500992, 35.210445670956084], [126.8529538758829, 35.2102904161398], [126.85336691333087, 35.209778589901354], [126.85361810896734, 35.20954022771762], [126.85408738535872, 35.20888808091826], [126.85426030518872, 35.20852057033265], [126.85437039713156, 35.20828555928651], [126.85448377926043, 35.20804063982374], [126.85454518250158, 35.207861906109684], [126.8547485402901, 35.20718424985381], [126.85478899755067, 35.20703753622285], [126.85487585988254, 35.20672253600925], [126.85499123986992, 35.20626659595266], [126.85505719052875, 35.20599011273765], [126.85509732512477, 35.205788740155974], [126.8551230554123, 35.20556934531881], [126.8551272585881, 35.20553350371904], [126.8553186387134, 35.20192834900067], [126.85532514512882, 35.20136176944731], [126.8551954810936, 35.200919583985595], [126.85511807212244, 35.20065767481559], [126.85511154449735, 35.20063559451168], [126.85510887601573, 35.200629497465904], [126.85477640948417, 35.200074361579084], [126.85422047485802, 35.1994642065087], [126.8542110118578, 35.19945578560656], [126.8536124411047, 35.19903216123166], [126.85332579205878, 35.198922210934604], [126.85311917300919, 35.19883630110605], [126.85196971359431, 35.19831236395963], [126.85212328256577, 35.19724613584837], [126.8522090532197, 35.19706716005413], [126.85277937140489, 35.19662966381509], [126.85300489062487, 35.19652092252328], [126.85312843987145, 35.1964613493148], [126.85330743794263, 35.19638126007624], [126.85355248557401, 35.19629401115852], [126.85400386656029, 35.196144800744975], [126.85454580602686, 35.19607351438472], [126.8550689681619, 35.19613608960495], [126.85544623674268, 35.1961005336392], [126.85729691125616, 35.19539901595164], [126.85844093501457, 35.1948998259919], [126.85866054707458, 35.19472155537278], [126.85873314316653, 35.19463584137841], [126.85891632560966, 35.19441775954335], [126.85921679418853, 35.193834967771956], [126.85923008692293, 35.19380623162033], [126.85934508354994, 35.193515978093785], [126.85934610961958, 35.193511764485315], [126.8595982086802, 35.19162065808697], [126.86034460161814, 35.186302481595234], [126.86040300345583, 35.18568282437354], [126.8587089744246, 35.1831573510086], [126.85808518932784, 35.18279768656498], [126.85782299788889, 35.18266222863184], [126.85710107897341, 35.182289256302894], [126.8560297627436, 35.18199848954539], [126.85593755918678, 35.182001879273905], [126.85541053439933, 35.18203078917106], [126.85472939326546, 35.18219201054143], [126.85407980192267, 35.182379504074696], [126.85325448887694, 35.18240406773929], [126.85259688408095, 35.18221925010083], [126.85193817950082, 35.18178651391175], [126.85143991890702, 35.18117725145397], [126.85133663990189, 35.18041444647328], [126.85104903727034, 35.18003178347689], [126.85086387930241, 35.179800338968285], [126.85024375826951, 35.17962844508298], [126.84933647348238, 35.1795483873319], [126.84711257980629, 35.17956684511262], [126.84648346809543, 35.179863010639046], [126.84609964781804, 35.18024626865179], [126.84606139700246, 35.1802844636247], [126.84581217370551, 35.18063719268313], [126.84560971013322, 35.18094528374826], [126.84519085141167, 35.181582650589135], [126.84483906691825, 35.18209743413876], [126.84477033057037, 35.182195024469024], [126.8413837060408, 35.18184787538743], [126.84134694869307, 35.1818062281014], [126.83872487688612, 35.17842558915589], [126.83799712985227, 35.17729460310453], [126.83790255093272, 35.17709905982821], [126.83769408227974, 35.176668043085336], [126.83766505121203, 35.17610520168799], [126.83759268557326, 35.17378131323836], [126.83762790081, 35.17149783119838], [126.83759273330585, 35.17120058163699], [126.83738036873409, 35.170796162663784], [126.83722198557378, 35.17068243601479], [126.83686787129037, 35.170435748204454], [126.83661848185399, 35.17030626489334], [126.8361601346739, 35.17008556367233], [126.83615349393887, 35.17008493576544], [126.83398077409066, 35.16987980503343], [126.83278563362936, 35.1698862151843], [126.83252913415392, 35.169821797747744], [126.8310719404442, 35.169448374418835], [126.8302770970833, 35.16912081396903], [126.82792632315443, 35.168008723724775], [126.82696227771613, 35.16731254255682], [126.82663148616102, 35.16705067975123], [126.82513182362919, 35.1658345511655], [126.82476935312928, 35.16517717161556], [126.82452550445852, 35.16472979792832], [126.82447929893003, 35.16461130238084], [126.82449044499748, 35.16272421056683], [126.8246581265375, 35.16222181544237], [126.82519529246592, 35.1613698215413], [126.82541266883533, 35.16122194706918], [126.82556332462673, 35.16112924543341], [126.82594177932992, 35.160756607434294], [126.82594208061059, 35.160756023006236], [126.82609578990773, 35.16045694417843], [126.82566624254036, 35.158624155159146], [126.82522956700073, 35.15783791985033], [126.82523814669418, 35.15452068316409], [126.82525801940874, 35.15404882786759], [126.82527668074323, 35.15364520644217], [126.82611438575447, 35.15273900184557], [126.82707727671279, 35.151924731423456], [126.82816543556872, 35.15072838129885], [126.82845806057858, 35.150347987205706], [126.82852847633185, 35.15018531390207], [126.82883627913324, 35.149309112572055], [126.82892653782048, 35.14923789752705], [126.82902475349357, 35.149052737954285], [126.82912830818044, 35.148620438991294], [126.82926759307645, 35.14716953983228], [126.82969434924382, 35.141480004297], [126.82965216350809, 35.14137151348187], [126.82944871459779, 35.14084828607414], [126.82944063628761, 35.14082862484094], [126.8285345528848, 35.13983909837072], [126.82698331625431, 35.13829681815385], [126.82424878932432, 35.13563804058017], [126.82373061142223, 35.13523803749122], [126.82286287026191, 35.1350587982326], [126.82230670670023, 35.13497471375654], [126.8222844695879, 35.13497111604279], [126.82146332439537, 35.13465902253526], [126.82062632547401, 35.13426820163588], [126.82029571788136, 35.13405153790896], [126.81976885893911, 35.13370625850792], [126.81942676550393, 35.13337818300098], [126.81919554100433, 35.133121886368905], [126.81907889695621, 35.132939357614845], [126.81900645891993, 35.13282169227128], [126.81886862030218, 35.13233001084987], [126.81885949644382, 35.13229501137507], [126.81875497243206, 35.13181750063597], [126.81873144157206, 35.131700000016146], [126.81871138339542, 35.13149081032128], [126.81868034830796, 35.13116710395427], [126.81869463648074, 35.131056988067066], [126.81876316212234, 35.13054323757446], [126.81889381316094, 35.13006681319439], [126.8190259775111, 35.12977098122038], [126.81934792583408, 35.129308843648715], [126.8197794340222, 35.12894306118371], [126.82039360054709, 35.12862416036319], [126.82090628580026, 35.12836507217945], [126.8215649474592, 35.12784447362812], [126.82204256073605, 35.12710980874792], [126.82209705533617, 35.12699439792721], [126.82224378541581, 35.126668296828655], [126.82222906189394, 35.12661677048723], [126.822185315968, 35.12650659281948], [126.82205374652453, 35.12617524181647], [126.82151410210452, 35.12505463579569], [126.82118408431597, 35.12453889867719], [126.82102414238517, 35.12428997105275], [126.8210197909995, 35.12428319922468], [126.82042478380988, 35.1238866358825], [126.82018749070198, 35.12377505290826], [126.82000900637776, 35.123692148097], [126.81990185764546, 35.123642369772185], [126.81956925202843, 35.12348033870919], [126.81917649648781, 35.12327450042959], [126.81892937815796, 35.12313359770902], [126.81860271067829, 35.122943495761724], [126.81814894784485, 35.12255879539646], [126.81808609676305, 35.122495903212766], [126.81767964814289, 35.122084836344165], [126.81767179061806, 35.12207425930393], [126.81722901878052, 35.12147814428117], [126.81694760578733, 35.1207416904771], [126.81686509779288, 35.11895141427555], [126.81686140572847, 35.11853105033384], [126.8169461104723, 35.118436030859655], [126.81698814381313, 35.11838926275718], [126.81592170582368, 35.11689610959452], [126.81310731598086, 35.11703237527873], [126.80994390962638, 35.116712421342804], [126.80988637293879, 35.11665279588972], [126.80983303166663, 35.1165711836907], [126.80972304020091, 35.11634258483499], [126.80956685530529, 35.11580937583858], [126.80952166126757, 35.11552467208571], [126.80947222467589, 35.115161454352155], [126.80946144734868, 35.11494515605826], [126.80949036715613, 35.114057902647126], [126.8095202771207, 35.11403603896446], [126.80956914860943, 35.11397526560617], [126.80957915503106, 35.11395307663982], [126.80963588478946, 35.113812018731124], [126.80964665010168, 35.11373576154357], [126.80965822928863, 35.11351513250706], [126.80940110978491, 35.11263688699052], [126.80919768031121, 35.11234377561072], [126.80694398580631, 35.11251767798103], [126.80694109114393, 35.11251766143122], [126.8038691480905, 35.112708281630354], [126.80280732886573, 35.112270084191124], [126.80285510627927, 35.11150386848152], [126.8029895459897, 35.11101432514698], [126.80494682469045, 35.10580330884401], [126.80508100035593, 35.10545068782562], [126.80582756620828, 35.103895714291], [126.80338544469572, 35.102818336986104], [126.8016190133121, 35.10171096564218], [126.800926585259, 35.100898902854595], [126.80066570009002, 35.09869141516037], [126.80062678411981, 35.09729296112469], [126.80077973942284, 35.096694088401556], [126.80080455447315, 35.096642807169054], [126.80109509945676, 35.09606713566409], [126.80253100245072, 35.09348246496896], [126.80267830852465, 35.092735358522944], [126.8025701502917, 35.09229884921357], [126.80253976992977, 35.09218664270566], [126.80221893609293, 35.091617528006914], [126.80126732800063, 35.09081527290378], [126.79983509783375, 35.08991083444286], [126.79823343181931, 35.089076084398314], [126.79792243361915, 35.089102631980396], [126.79736115340815, 35.08905489867936], [126.79598192792109, 35.08799363189747], [126.79373252870231, 35.08419561764348], [126.79195969949302, 35.08261112667178], [126.79140698052912, 35.08209991722522], [126.79139658236923, 35.08208865995268], [126.78971525182848, 35.08014589360563], [126.78805443791207, 35.07781179341192], [126.78771056936705, 35.077023847529986], [126.78607892277226, 35.07490223098602], [126.78586584108386, 35.074723139586624], [126.78570285347712, 35.074588910739635], [126.78523274659277, 35.07420793896753], [126.78504531320235, 35.07407616568994], [126.78453288662418, 35.073718220243045], [126.78422216895333, 35.07353409368352], [126.78386108203996, 35.07332287733477], [126.78353485864349, 35.07313733916142], [126.7825023604846, 35.072560538110636], [126.78225498343693, 35.07244933726529], [126.78189742030757, 35.07231401927878], [126.78153175247724, 35.07217900840515], [126.78107862328449, 35.072042019050635], [126.78028737160297, 35.07183056784442], [126.77981146470951, 35.07171344391874], [126.77912751631594, 35.071548825881116], [126.77894718109074, 35.071525753973255], [126.77795721827621, 35.07140910199611], [126.77783058090462, 35.07139582506757], [126.7774041236612, 35.071352222060725], [126.77568528289994, 35.07127671236296], [126.77533111483042, 35.07126115041358], [126.77442817213603, 35.071139809275984], [126.77377963287672, 35.07100924657822], [126.77328867807582, 35.07090721794397], [126.77281184311985, 35.07075811803198], [126.77232093377833, 35.070600741588244], [126.77134636292975, 35.07018331266589], [126.77057914711062, 35.07162710907456], [126.76875438088958, 35.07373535851551], [126.76863895097627, 35.073843295748354], [126.76844879810923, 35.07402179256313], [126.76726572582055, 35.07515242264618], [126.76721092306255, 35.0752055510668], [126.76697633785315, 35.07546381618814], [126.7648020736559, 35.07875464816987], [126.76522116515854, 35.079635978279065], [126.7656066016799, 35.0804864089609], [126.76568384514792, 35.080674574207436], [126.76573079280523, 35.08144645796278], [126.76574697154902, 35.081837320425215], [126.76564572942023, 35.08272552493846], [126.76551971574881, 35.08317145541285], [126.76544860736884, 35.08341087950041], [126.76534449325955, 35.083687991474726], [126.7651266651327, 35.08376770794094], [126.76309001277319, 35.086244155170014], [126.76207359688722, 35.089654656893764], [126.76204379269912, 35.09000317302631], [126.76190235944023, 35.09096397164302], [126.76187235012857, 35.09103305433617], [126.75969591067812, 35.0914813917247], [126.75870720925046, 35.09165715643452], [126.75829555737275, 35.09168327083833], [126.75398951247192, 35.09264264290628], [126.75313984884771, 35.09465234738667], [126.74903706838919, 35.10075820261179], [126.74672149176519, 35.10225567043544], [126.74629095815881, 35.10254475027612], [126.74615233103606, 35.102651917691226], [126.74518182748301, 35.10341926716639], [126.74517513343906, 35.10342544542838], [126.74461410607528, 35.10395240065034], [126.74462258800536, 35.10403810796813], [126.7431786395141, 35.1049361962405], [126.73857479942585, 35.10747405831678], [126.73643743331263, 35.10822710536694], [126.73400286912504, 35.11127806837407], [126.73276670217602, 35.1127701833643], [126.73265603903714, 35.112855427498914], [126.73243982874246, 35.11293198172351], [126.73228208576116, 35.112844875868475], [126.73206141711475, 35.11271495161821], [126.73084830052547, 35.11198567866833], [126.73061929451924, 35.11142055120769], [126.73044246005807, 35.11036547860778], [126.7312153476457, 35.109308336880254], [126.73128169514176, 35.10810883082088], [126.73075314553718, 35.1077413353426], [126.72933858337103, 35.10752184354336], [126.7283865734856, 35.10741098124321], [126.72806588932328, 35.10741630472971], [126.72016755574799, 35.10829805815038], [126.71949974560843, 35.10842339585171], [126.71910849144078, 35.10856656191415], [126.71867918714406, 35.10886173880779], [126.71812862459036, 35.109326906731646], [126.71774914326477, 35.10963220125256], [126.7166328682802, 35.11042545623959], [126.71597788610903, 35.11069995675338], [126.71585280312583, 35.11073867275623], [126.71574617460784, 35.110747849345735], [126.71548859687287, 35.110739643521754], [126.71471802841023, 35.11054432176777], [126.71399665755625, 35.11029628162993], [126.71340338192742, 35.110080665809924], [126.71273331704695, 35.10991442859374], [126.70996038279849, 35.10948965552193], [126.7091324061804, 35.10944344027348], [126.70912143894529, 35.10944284573669], [126.70882706927085, 35.109470294984696], [126.70862254147559, 35.10953262526411], [126.70861687606545, 35.109537397938226], [126.70859762066392, 35.10955396807998], [126.7071681512824, 35.111009295532845], [126.70654236652786, 35.11168534827179], [126.70552233535011, 35.11284448140854], [126.70540377562591, 35.11301431272145], [126.70268213584231, 35.11270639599919], [126.70263999070798, 35.112700380376054], [126.70250348075062, 35.112675679336014], [126.70247215088781, 35.11266742646248], [126.70233465782731, 35.11262921313858], [126.70231616568167, 35.1126231095893], [126.70162842123506, 35.112324522083995], [126.70040499054186, 35.11027878921523], [126.70006342258351, 35.109440247055055], [126.69839624059041, 35.10798123711993], [126.69831635361751, 35.107940197352455], [126.6975301605795, 35.10758712230167], [126.69597436013002, 35.10748618200723], [126.69336948151813, 35.10894879551495], [126.69110230198599, 35.110551231978405], [126.69047019493246, 35.11091902543556], [126.69017666353983, 35.111080668709796], [126.68988304993769, 35.111223005382264], [126.68560861285592, 35.11200217377753], [126.68528807100456, 35.11201415662859], [126.68525584123799, 35.1120144954523], [126.68489984781208, 35.11201722563381], [126.68388283870999, 35.11169853291205], [126.68345636209753, 35.111536711651624], [126.6832833980132, 35.11145330631378], [126.68321791947551, 35.11141187041307], [126.6835758523359, 35.111086491587514], [126.68389082718613, 35.11069945300272], [126.68459743508812, 35.109425178561], [126.68510238413793, 35.108437115132496], [126.68443743077822, 35.10763655498013], [126.68424238500285, 35.107593640125806], [126.68345538950982, 35.1074607461391], [126.6830499809363, 35.10739560467879], [126.68274798389753, 35.107398605992806], [126.68269606605894, 35.107399325385245], [126.68238616938619, 35.10740555110741], [126.68190072357882, 35.10742807174981], [126.68158864099973, 35.10747161453209], [126.68049900622006, 35.10750971507471], [126.6799669357752, 35.10748957450144], [126.6794067118147, 35.10704712617962], [126.67822952608131, 35.10599307564696], [126.67704978830024, 35.105245034068126], [126.67632920266792, 35.104886922247424], [126.66942088914534, 35.10460244712124], [126.66864791320369, 35.104788068495594], [126.66860723181549, 35.104803020959196], [126.66747242448817, 35.105124528879145], [126.66700330780274, 35.1064390771478], [126.66697398330535, 35.1065692698673], [126.66789614176875, 35.10670715693194], [126.66896225664489, 35.1079001568161], [126.66899684254899, 35.10812121918644], [126.66904409858732, 35.10846921893435], [126.66908427698151, 35.10878775862732], [126.66911024806467, 35.10902077788331], [126.66910870251104, 35.11125796734007], [126.6653787285675, 35.113883448230354], [126.66536119821335, 35.11389551302494], [126.66531100548637, 35.11392959951578], [126.66338878922726, 35.114800958701494], [126.66307205461818, 35.11475726541281], [126.66260579237971, 35.114687512772655], [126.6623881094615, 35.11456677590772], [126.66233543495653, 35.11453761539915], [126.66188122626282, 35.114290156231384], [126.66151899228042, 35.11410028082733], [126.66086340066138, 35.113810709569925], [126.65992757259048, 35.1135233118993], [126.65753996631203, 35.11325262772442], [126.65709319952214, 35.11327826423763], [126.65519808816407, 35.1148558709104], [126.65540308462734, 35.11635664627356], [126.65538515025325, 35.11698937299016], [126.65515387773499, 35.117444742976424], [126.65496069037209, 35.1178144502445], [126.65428000173398, 35.11818769248343], [126.65172349683725, 35.120509787011805], [126.6517234172528, 35.12465868331721], [126.65194491173067, 35.12509690111114], [126.65217269184745, 35.125546125226215], [126.65269428470017, 35.12599915262875], [126.65312821640431, 35.126546980501246], [126.65407388481881, 35.131088719678246], [126.65454244570357, 35.133504559329026], [126.65460005815301, 35.13398877788426], [126.65488626716422, 35.1368033653482], [126.65465209605465, 35.13712070136454], [126.65417672671273, 35.137352420660164], [126.6532629257674, 35.13948291087573], [126.65282701126664, 35.14091311253038], [126.65291485565936, 35.14230468193931], [126.65300210361156, 35.14315699876685], [126.65310109122974, 35.14338445109365], [126.65310397776756, 35.143391921025426], [126.65331605602616, 35.1439599579233], [126.65052654127304, 35.144366678442026], [126.6504146487975, 35.14434775918387], [126.64937131297762, 35.1441485544695], [126.64862539562756, 35.144005259937835], [126.64790089998911, 35.14398385208528], [126.64756409825453, 35.14403568815058], [126.64730694066984, 35.1442271764716], [126.64497761149687, 35.14655554855595], [126.64554520466106, 35.14666481921645], [126.64631758455523, 35.14679904266765], [126.64792231701635, 35.14696175887216], [126.64863515044892, 35.14706973708848], [126.6488713768431, 35.1471225404683], [126.64910571589849, 35.14717518406164], [126.65015252546738, 35.14765242418798], [126.65020636628294, 35.14769286203027], [126.65055192867642, 35.14795764223795], [126.65088355334338, 35.148318160642575], [126.65110217376645, 35.1489593096956], [126.65125361458848, 35.15064941569095], [126.65238492726412, 35.15145242871926], [126.6533168071546, 35.152519832782886], [126.65350501017251, 35.15278063742686], [126.65350989190571, 35.152801780049266], [126.6535568506881, 35.15301076593123], [126.6529449789308, 35.15350038732461], [126.652646256997, 35.153662474150494], [126.65229184831506, 35.15385299034761], [126.65198598193814, 35.15404026556873], [126.65176003929463, 35.1541849556514], [126.65141745212102, 35.15481843567086], [126.65172956183761, 35.15553675595483], [126.65224798345534, 35.15609257262897], [126.65368385175704, 35.157458450001954], [126.65462546976804, 35.15835278224576], [126.65434271589505, 35.160121707838734], [126.65413640090017, 35.16032462219455], [126.65386333521806, 35.16086225943587], [126.65366265850075, 35.16127122970515], [126.65397485698035, 35.164197278658655], [126.65413337071158, 35.16442800542946], [126.65422288210253, 35.16455177912735], [126.65489171882257, 35.16516463623015], [126.6558100664311, 35.165866641789215], [126.65707845523934, 35.16661598425809], [126.6574520928743, 35.1666766143559], [126.65838206559151, 35.16682558523024], [126.66288863598108, 35.167480472411704], [126.66428419075912, 35.16844007315602], [126.66554250359134, 35.168791145349125], [126.6658790181505, 35.168871657318455], [126.66603084605356, 35.168904328467576], [126.66890747835541, 35.16948728197062], [126.66963016891617, 35.16954799494235], [126.66985333396106, 35.16954128674506], [126.67003962555815, 35.169535037827984], [126.67042955158915, 35.16951750747198], [126.6705606838327, 35.16966053114126], [126.67080485411545, 35.169931747680565], [126.67107251779501, 35.17028963593618], [126.67143650897364, 35.17083158021175], [126.67206709870698, 35.172295589238225], [126.67208047661916, 35.172383506751224], [126.67211673080709, 35.17308975703514], [126.67131591523162, 35.17440016400676], [126.67089693283553, 35.17481321753354], [126.67054754846534, 35.175019149205255], [126.67030422836473, 35.17504397424267], [126.67013589494103, 35.175061118054046], [126.66965013951773, 35.174975854579046], [126.66816938413487, 35.17543231497524], [126.6625813401758, 35.180449001592905], [126.66249257621796, 35.18092351067976], [126.66249342357622, 35.1809254858183], [126.66265916804439, 35.181289723959104], [126.66278662669721, 35.18153612116349], [126.6630826484575, 35.18163215687884], [126.6632665122351, 35.181763076880166], [126.6636833476333, 35.18221871697436], [126.66175993556003, 35.1847171043967], [126.66123610591276, 35.18523687265979], [126.66028545168254, 35.18559332263883], [126.65921225362348, 35.1859588635496], [126.65852412122733, 35.18605465799574], [126.65792049682089, 35.18628532386071], [126.65771741988226, 35.1864800872976], [126.65592351670401, 35.18834738318844], [126.65540298974162, 35.188961911759286], [126.65545314635159, 35.1892721717353], [126.65538652108066, 35.18952928718785], [126.6546900200405, 35.190575955316945], [126.65453103070695, 35.1908070376847], [126.6532540822508, 35.192448733553086], [126.65320393155032, 35.192518026999096], [126.65351153109698, 35.19276241807458], [126.65403988773168, 35.19309940441187], [126.65451125050731, 35.1933614430694], [126.65624556716996, 35.19409859489294], [126.65667034972287, 35.19377658404627], [126.65696898480296, 35.19342450788197], [126.65907088598966, 35.19226266475539], [126.66416959474108, 35.192368794831566], [126.66811251176969, 35.19264194240017], [126.66816194502186, 35.19267897868213], [126.66838545039305, 35.1928559200265], [126.66899303666223, 35.19355105991013], [126.66914712971683, 35.19375640440977], [126.66928242986208, 35.19393915345533], [126.66975953519214, 35.19436718317435], [126.67206101833223, 35.19425713771624], [126.67253006305312, 35.1939211105871], [126.67328612731129, 35.19307393295405], [126.67406332679339, 35.19195455716129], [126.67443340882456, 35.19118026557516], [126.67597292788213, 35.19071810991531], [126.67635428609742, 35.190809260477], [126.67711746756605, 35.19104678752457], [126.67726202126153, 35.19149741795181], [126.6776299994225, 35.193144067948246], [126.6777123530234, 35.19361806172967], [126.67771777615692, 35.19393960475038], [126.67750996231555, 35.1977107399541], [126.67736982345282, 35.201373627094334], [126.67758378797494, 35.202540591926194], [126.67773505702844, 35.20285998535315], [126.67807219434629, 35.20317072373478], [126.67878308297519, 35.203685263028135], [126.67903063010604, 35.203744369892824], [126.67917391938212, 35.203737990842875], [126.6793738345434, 35.20373330826857], [126.6796509426736, 35.203777422667436], [126.67977940127041, 35.20387986747251], [126.67997764015884, 35.20404010290649], [126.68256276887412, 35.20860209307058], [126.68348169976043, 35.209078142311306], [126.6845428103314, 35.209842133284496], [126.6846232325565, 35.21007824295809], [126.68484735721154, 35.21113423851603], [126.68499042983962, 35.2119417362631], [126.68569297374299, 35.21362401350786], [126.6861254745039, 35.21423129187766], [126.68662973249272, 35.214790165246484], [126.6870534254048, 35.21519405374471], [126.68709817834093, 35.21520628890874], [126.68712233769602, 35.2152128260157], [126.6876995333469, 35.21506066781936], [126.68791947520718, 35.214988427286855], [126.68797739936693, 35.21476116828079], [126.6904285388988, 35.214999399629846], [126.69063947296432, 35.21449660487634], [126.69068932784296, 35.214380829497934], [126.69149216179808, 35.21314987412495], [126.69150131314392, 35.213136098026084], [126.69151960464244, 35.21310867649527], [126.69665894719887, 35.20977704326478], [126.70255613450513, 35.20756445017809], [126.70256916188401, 35.207568271655624], [126.70295928584576, 35.20768542553676], [126.70708199424925, 35.21011575761857], [126.70993551009398, 35.21189225356665], [126.71069933258073, 35.212272798608616], [126.71295686155561, 35.212154402358806], [126.71502660794933, 35.2120436912887], [126.7152597689275, 35.21205902922721], [126.71567575167387, 35.21210183892834], [126.71765409656672, 35.2123945912982], [126.71769487091083, 35.21238966287815], [126.71773631721749, 35.21241581623049], [126.71853674481981, 35.213188203164], [126.72021677027556, 35.21602232719652], [126.72072176948025, 35.218830047488765], [126.71919749679682, 35.221297165567975], [126.71917938583842, 35.22132360150989], [126.71912777554263, 35.221359110501965], [126.71870476255394, 35.22164641279752], [126.71847734498284, 35.22179869075121], [126.71866507515726, 35.222348524241276], [126.71874850332924, 35.222592787529564], [126.72007153795752, 35.22528481820281], [126.72220867156301, 35.22769676907629], [126.72328527896055, 35.22871888880509], [126.72412551802499, 35.23016662798711], [126.72413111442845, 35.23018283011553], [126.72358689803725, 35.23066957684811], [126.72417810657946, 35.232364607985694], [126.72518563451852, 35.23424902190412], [126.72567688843944, 35.234960225437405], [126.72631413061272, 35.235806258107736], [126.72698737351617, 35.236512659354524], [126.72790496876429, 35.2363827754591], [126.72791660100431, 35.2363916681063], [126.72909043133298, 35.23730101568567], [126.72993773167816, 35.239103618913056], [126.73041164931047, 35.24066146859753], [126.7303636911337, 35.24078459292065], [126.73013819908968, 35.24179386534841], [126.72990073524319, 35.24330151536063], [126.7299001050676, 35.24338827825668], [126.72995537631505, 35.243597114694886], [126.73007548583357, 35.24376821892359], [126.7323083415864, 35.24648876091984], [126.73290945086315, 35.24719666399469], [126.73430936174384, 35.248591624594965], [126.73523613144445, 35.249473034234], [126.73532922149991, 35.249568302492534], [126.73625248133509, 35.25069080037488], [126.73709590187418, 35.25187382435612], [126.73715427500318, 35.25198267163428], [126.73718466488042, 35.25208512630784], [126.73724696366652, 35.2526229687669], [126.73724023267005, 35.25288538723379], [126.73839886385916, 35.25207973952145], [126.73889094160681, 35.25180491885363], [126.73972994844385, 35.25144155465817], [126.74044178832332, 35.25116480342814], [126.74130080954272, 35.25097765106981], [126.74187319447813, 35.25099532981596], [126.74399378760242, 35.25171166369546], [126.74742508640438, 35.25287868183541], [126.7479165819174, 35.2530599762791], [126.74839321470964, 35.253332361544715], [126.74898588107462, 35.2542728275334], [126.74910466043183, 35.254618251745136], [126.7492419436308, 35.255030062315875], [126.74937946227033, 35.2555290359748], [126.7494549408551, 35.25588620696879], [126.75053688175129, 35.25641616151317], [126.75143741210321, 35.256642515747295], [126.75193913545164, 35.256750440618056], [126.75269838026993, 35.256863827727585], [126.75325021762981, 35.256749329055644], [126.75417448733077, 35.256575045096405], [126.75505546808495, 35.256460088618915], [126.75710304591965, 35.25780145798528], [126.75790439463222, 35.258366832635936], [126.7602893652093, 35.25870397614199], [126.76338400824784, 35.25651922312092]]]]}, "properties": {"name": "\uad11\uc0b0\uad6c", "base_year": "2018", "name_eng": "Gwangsan-gu", "code": "24050"}}]}