{"type": "FeatureCollection", "features": [{"type": "Feature", "geometry": {"type": "MultiPolygon", "coordinates": [[[[126.51351894071705, 37.35958835982864], [126.51339192116401, 37.35932951531633], [126.51338412210474, 37.359311814394665], [126.51295383240566, 37.35830790312556], [126.51294500501949, 37.35828501802429], [126.51293724351696, 37.358261965152316], [126.51292996007724, 37.358237931992214], [126.51292315501824, 37.35821315289842], [126.512918243845, 37.35818895746178], [126.51291742099102, 37.358166086881035], [126.51293223423204, 37.357910312849064], [126.51293464068958, 37.3578891745765], [126.51293893243034, 37.35787117252039], [126.5129456712751, 37.35785720731373], [126.51295486519363, 37.3578473601444], [126.51296546952668, 37.35784138613968], [126.51297662512475, 37.357839187994365], [126.51306873885856, 37.35782929544255], [126.51313885339827, 37.3578349821267], [126.51318633139596, 37.35777505251255], [126.51323230629129, 37.35765967713884], [126.51323142979945, 37.35764676065107], [126.51322188328558, 37.357600922927645], [126.51321835558684, 37.357586104098935], [126.5132138567851, 37.3575731844309], [126.5132081119622, 37.35756263574138], [126.51311865789339, 37.35740893341981], [126.51300340563735, 37.35725623077771], [126.51299188014445, 37.357240982858585], [126.51297919852259, 37.357227794796785], [126.5129651785066, 37.3572155816448], [126.5128938272885, 37.357158489398245], [126.51203561972281, 37.356770603394814], [126.51202136563981, 37.356764894141456], [126.51184470035057, 37.35674685687567], [126.5115812231104, 37.356742995085064], [126.51156703891198, 37.35674435837566], [126.50985232537353, 37.356987046185594], [126.50983764000196, 37.35699079726279], [126.50979881950923, 37.35700353107106], [126.50976582089517, 37.357014720016075], [126.50975580784306, 37.35701847955381], [126.50974730043609, 37.35702314764081], [126.50944656348584, 37.35719052719223], [126.50943910927896, 37.35719478584935], [126.5094348965046, 37.35720053364656], [126.5092946892202, 37.35806312911135], [126.50928842401896, 37.35812570620964], [126.50929362148608, 37.35826169172489], [126.5093022484216, 37.35833401459556], [126.50932317685378, 37.358482941888646], [126.50932578972193, 37.35849273803955], [126.50981638170755, 37.359613692074014], [126.50982023247249, 37.359622097874755], [126.50982524762533, 37.35962696570068], [126.50990593334858, 37.35966664807587], [126.5099180864607, 37.359672437342795], [126.50993081979654, 37.35967772490544], [126.50994554122767, 37.359682614486495], [126.50996303099659, 37.359687022481076], [126.50998204606077, 37.35969101960488], [126.51000039824328, 37.3596947624039], [126.51001600253508, 37.35969760248003], [126.51002961366048, 37.35969804630119], [126.510483714499, 37.359695223126856], [126.51049885612245, 37.35969460168103], [126.51133320250152, 37.359572863998324], [126.51274025627207, 37.359518344329665], [126.51276033508367, 37.35951855338975], [126.51277880643632, 37.35951958548451], [126.51279515707643, 37.359522348499546], [126.5128099814681, 37.359527148449146], [126.51282451090458, 37.359533604423774], [126.5128738891576, 37.35955560213339], [126.51289278319426, 37.35956436593474], [126.51291186114709, 37.3595747789404], [126.51293035171004, 37.35958658774279], [126.51300583185022, 37.35963768797083], [126.51302583441593, 37.359651395005265], [126.51304603636926, 37.359666001447245], [126.51450977927405, 37.36067646538454], [126.51363882780292, 37.359749297489955], [126.51362774392493, 37.359738576305986], [126.51361677200353, 37.359726376033755], [126.51359351547316, 37.35969925867818], [126.51358169874558, 37.35968500168137], [126.51357083261964, 37.35967041370289], [126.51356053916238, 37.359656072062045], [126.5135511932652, 37.35964214933994], [126.51354241582901, 37.359628966861926], [126.51353439620397, 37.359616034068885], [126.51352667102672, 37.35960269091164], [126.51351894071705, 37.35958835982864]]], [[[126.4419713742101, 37.36213133146072], [126.4421244601826, 37.3620295525008], [126.4422373333605, 37.36193925379456], [126.44234268377002, 37.361834125444545], [126.4424135941213, 37.36169703553664], [126.44247799671069, 37.36157127861599], [126.44251669177575, 37.361445976829074], [126.44250612841424, 37.3613695833566], [126.4424896827562, 37.361254986872936], [126.44240691515728, 37.36105857156235], [126.44211588068094, 37.36060403335797], [126.44194310345337, 37.360439991182496], [126.44158169789844, 37.3601570515113], [126.44156143724804, 37.36015243376842], [126.44142835605551, 37.36012308826157], [126.4409075487346, 37.36003488893849], [126.44079189801671, 37.3600311059706], [126.44073931001392, 37.36003249718622], [126.44067171687536, 37.36004179039495], [126.44060482520071, 37.36006480113947], [126.44022815928251, 37.36025982037123], [126.44017364023858, 37.36029444832712], [126.4398928934598, 37.360533907873005], [126.43950010199917, 37.36098286267215], [126.43915971865272, 37.36197281659505], [126.43915657696142, 37.36199448743497], [126.43916163465242, 37.36201254170637], [126.43917301517601, 37.36202584130149], [126.43919448206567, 37.36204298096517], [126.43950871219269, 37.36220785928501], [126.43976391893769, 37.36210869537183], [126.44101611883178, 37.362211948733005], [126.44132364672352, 37.36223114246078], [126.44151116920568, 37.36223959539761], [126.44162285497177, 37.36223342918926], [126.44182929489548, 37.362191822453845], [126.4419713742101, 37.36213133146072]]], [[[126.44329385909157, 37.370066614857976], [126.44327818567534, 37.37006567621854], [126.44285192444374, 37.37018925383313], [126.44273724116098, 37.37022678819284], [126.44075941667279, 37.37099099094737], [126.44036125097912, 37.371151686987986], [126.44033090986983, 37.37116933026418], [126.44023037156536, 37.37126440641562], [126.44007089022367, 37.37147788492335], [126.44002560994855, 37.3715855594011], [126.44001480797664, 37.37165800285228], [126.44002585266108, 37.37178516990028], [126.44025712132176, 37.37290927132065], [126.4402925711861, 37.372951768334865], [126.44146862511418, 37.37422708287316], [126.44218493455928, 37.37459478216843], [126.44240499357082, 37.374700796259305], [126.44254284649696, 37.37475540667398], [126.44401724786546, 37.37520257204937], [126.44412750066338, 37.37523069781168], [126.44536468958906, 37.37529340827015], [126.44581745142187, 37.375312358874105], [126.44612619685061, 37.375323680727924], [126.44625038645147, 37.375296357177184], [126.44640837350171, 37.37523119689285], [126.4464943872812, 37.37517181822096], [126.44657226490797, 37.3750629967215], [126.44660462649539, 37.37497309277533], [126.4466099150714, 37.37483737925085], [126.44656761230699, 37.37461882096838], [126.44590104844507, 37.3712352745405], [126.44430535372376, 37.37024147270011], [126.44409133486161, 37.37020109438304], [126.44329385909157, 37.370066614857976]]], [[[126.4381163846762, 37.40509465351355], [126.43815834635565, 37.40509461038144], [126.43820190510806, 37.40509652847308], [126.43824356133403, 37.405100996479206], [126.43828323052198, 37.4051080785394], [126.43832155191394, 37.405117153063415], [126.43835938373094, 37.405126973093765], [126.43839740366938, 37.4051370742168], [126.4384361262212, 37.40514862918904], [126.43847550815987, 37.40516245964398], [126.43851396586015, 37.40517773294523], [126.43867077241401, 37.4052438263355], [126.43878487243892, 37.40529341120026], [126.43882050418381, 37.4053105464419], [126.43885555442178, 37.40532661467457], [126.43889046169643, 37.40534256624219], [126.43899669229747, 37.40539031905262], [126.43903306556463, 37.40540487403885], [126.43907060534784, 37.40541731231925], [126.43911015779122, 37.40542820392198], [126.43915208029254, 37.40543768364772], [126.43923291517135, 37.40545441136795], [126.43927348362382, 37.40546216274961], [126.4393151114095, 37.4054686671533], [126.43935568679, 37.40547400477979], [126.43939547901847, 37.40547831144402], [126.43943505295537, 37.4054819130912], [126.4394746351738, 37.405485408441294], [126.43951456233903, 37.40548831919855], [126.4395552659603, 37.4054903319614], [126.43971845270575, 37.405497465041606], [126.44027389225104, 37.4055149720136], [126.44031562942861, 37.40551612488729], [126.44035755353387, 37.40551636005456], [126.44040065073266, 37.40551513112828], [126.44044197904543, 37.405512101679044], [126.44048164438568, 37.405507613364506], [126.44052076163435, 37.40550240986861], [126.44055975915018, 37.40549672216834], [126.44059885597075, 37.40548975904708], [126.44063871989921, 37.40547999240744], [126.44125661828716, 37.40527724043913], [126.44129477285377, 37.405263355366806], [126.4413302065446, 37.40524626779071], [126.44136044765575, 37.405225463448346], [126.44138340681418, 37.40520023681323], [126.44139903068832, 37.40517084519541], [126.44154459558237, 37.404784280079305], [126.44155591853632, 37.40475299677558], [126.44156447336172, 37.404721870758856], [126.44157088310472, 37.404690626389495], [126.44157455152374, 37.40465891942588], [126.4415739026408, 37.40462617512513], [126.44156763368622, 37.4045927982432], [126.4415559281585, 37.40456148723301], [126.44154052547232, 37.404532122464886], [126.44152199499847, 37.404504067280634], [126.44150007962293, 37.404477447367114], [126.44106372222613, 37.40398734398994], [126.44103786318966, 37.40395917441492], [126.44101295613719, 37.40393240503146], [126.44098829762332, 37.40390676274214], [126.44093765834481, 37.40385438108921], [126.44091074433652, 37.40382699882101], [126.44088302227277, 37.40380067649504], [126.44082667776664, 37.40374842936043], [126.44079727938205, 37.403722566101436], [126.44076637869597, 37.40369812070427], [126.44073401373463, 37.4036746392328], [126.44070147404561, 37.40365361864953], [126.44066688959792, 37.403635308995135], [126.44062957669625, 37.40361835573594], [126.44047621278982, 37.40355277710631], [126.4404378004835, 37.40353751927057], [126.44039758204178, 37.40352391271496], [126.44035699482635, 37.40351258503491], [126.44031576021592, 37.403503263330464], [126.4402754842636, 37.40349598903722], [126.44023553615996, 37.403491268463036], [126.44019508482081, 37.40348906711795], [126.44015391131008, 37.403488404182866], [126.44011279997052, 37.403488461060604], [126.44007075811069, 37.403488965659974], [126.44002768509723, 37.40349000360641], [126.43998545978567, 37.403492462439736], [126.43994296064338, 37.40349687471178], [126.43989973718362, 37.40350297679671], [126.43985835990054, 37.403509879587], [126.43810582890744, 37.40381752352437], [126.43806405123424, 37.403825233294015], [126.4380226728136, 37.40383363345657], [126.43798110051767, 37.40384248073049], [126.43793918139784, 37.40385236502086], [126.43789791574164, 37.403863980332325], [126.43785785687932, 37.40387718742225], [126.43650728468356, 37.404373955366026], [126.43616896829325, 37.40452375719769], [126.43522486709067, 37.405149291223864], [126.43514021674027, 37.40532207819797], [126.43559562127982, 37.40575616887541], [126.43562466812408, 37.40578205007779], [126.43565709359602, 37.405800404856535], [126.43569308982407, 37.405807874743275], [126.43637588454597, 37.405866886869354], [126.43641204276274, 37.40585858995362], [126.43644291317223, 37.405838940850565], [126.43652106364611, 37.40576324089821], [126.43655217186428, 37.40574163078657], [126.43658467118858, 37.40572152219328], [126.43661865417039, 37.40570212277047], [126.4366537013754, 37.405684169645774], [126.43713602613084, 37.405439572992336], [126.43752068707583, 37.40524916494924], [126.43755729541188, 37.40523216658159], [126.43759553038615, 37.405215193636195], [126.43763306800301, 37.40519911575191], [126.43767120249004, 37.40518493603326], [126.43771026243769, 37.40517258893037], [126.43775071373032, 37.405161247592716], [126.43779160792784, 37.40515102607968], [126.43787356079196, 37.40513157596267], [126.43791351864337, 37.40512253035601], [126.43795356445166, 37.40511429673208], [126.43799431242772, 37.40510706628441], [126.43803491491282, 37.40510117751262], [126.43807566362803, 37.40509677544901], [126.4381163846762, 37.40509465351355]]], [[[126.39006431990416, 37.39571681352293], [126.39004707593602, 37.39571665163999], [126.38985245908849, 37.39571554010354], [126.38983511744182, 37.39571648591801], [126.38981693666405, 37.39571902282387], [126.38980093766179, 37.39572422113342], [126.38978719649083, 37.39573366431088], [126.38901894975447, 37.39628871858932], [126.38900344569451, 37.39630093745218], [126.3889916143159, 37.39631170722294], [126.38898070711036, 37.39632262628557], [126.38897034695185, 37.39633413996255], [126.38859397621168, 37.39676409368497], [126.38858580929104, 37.39677671856203], [126.38858038354275, 37.396790079460516], [126.38857715502517, 37.396803677334624], [126.38834686563706, 37.39832082103397], [126.38875909283188, 37.40259605301862], [126.38876311700706, 37.40260953518135], [126.38876860253079, 37.40262397928576], [126.38877382197673, 37.402637620501984], [126.38882511208111, 37.40276519826213], [126.38886599856431, 37.40285102384826], [126.38891294442413, 37.40294748445344], [126.38891953636357, 37.40296061037841], [126.38896696844049, 37.40305414618674], [126.38897539341117, 37.40306663135892], [126.3889866767602, 37.40307912356273], [126.38900760548876, 37.403101334484475], [126.38902008134947, 37.40311310240081], [126.38903238389808, 37.403122528817285], [126.38904625990111, 37.40313144724299], [126.3927493417513, 37.40580137841457], [126.39338306003985, 37.405964020236624], [126.39341846457263, 37.405964416533465], [126.3934369877067, 37.4059645754918], [126.39345451636139, 37.40596459354384], [126.39347341325231, 37.40596453787136], [126.39349037804736, 37.40596432891167], [126.39350800240219, 37.405963832286965], [126.39352506289698, 37.405963108653474], [126.39354204629288, 37.405962095868226], [126.3935597559117, 37.405960718526615], [126.39357692733925, 37.40595890530659], [126.39388768279349, 37.405920431063805], [126.39679580714808, 37.40545230907537], [126.39596622023438, 37.40316335287935], [126.39373667186874, 37.4016424934734], [126.39169072338535, 37.39783443373207], [126.39180504135076, 37.39772347805537], [126.39181522971076, 37.39771057265793], [126.39182193466854, 37.397697001870526], [126.39182653645308, 37.397683708811115], [126.39183021416947, 37.397670257468185], [126.39183270559562, 37.397656809427495], [126.39183344935779, 37.39764312688227], [126.39183071481243, 37.39762935404944], [126.39182586564395, 37.39761586965368], [126.39182019091982, 37.397602595643455], [126.39181368732267, 37.397589757321974], [126.39180653779425, 37.39757736000921], [126.39178217295472, 37.39753750882716], [126.39177374707391, 37.39752509414064], [126.39034805492243, 37.39585117488381], [126.39033777779552, 37.39584006588367], [126.39029675697267, 37.39579581457011], [126.39028574545569, 37.39578486451879], [126.39027380868043, 37.39577521812988], [126.39026021327805, 37.395766657606586], [126.3902182004589, 37.39574325751729], [126.39019972592254, 37.39573599057732], [126.39018324540577, 37.39573247389037], [126.39011646626098, 37.395721676338304], [126.39009961472065, 37.39571895834748], [126.39006431990416, 37.39571681352293]]], [[[126.41400571402345, 37.40931666743232], [126.41416110264181, 37.408456489767566], [126.41421227197866, 37.40776994196478], [126.41420991458216, 37.40767962968398], [126.41419485086867, 37.40758332758168], [126.4140683996157, 37.40692419115462], [126.4163227112794, 37.403726193575025], [126.41798944084054, 37.40312275886966], [126.42146843414818, 37.40165982799517], [126.42233919972243, 37.40058784821449], [126.42232648214691, 37.40058346895526], [126.4223192650614, 37.40057904609391], [126.42230786073497, 37.400570062141576], [126.4223036764656, 37.40056624017649], [126.42223775595176, 37.40043522623344], [126.42220464864414, 37.40035932546059], [126.42216769488837, 37.400219740608094], [126.42216499016062, 37.40020128355354], [126.42216508872148, 37.40018840791311], [126.4224206569366, 37.398426651402424], [126.42244317235756, 37.39838915355935], [126.42316138222998, 37.3977880641537], [126.42558805521288, 37.396104682450485], [126.42761137640218, 37.39401664492565], [126.42885860981858, 37.39259475321083], [126.42893889483598, 37.392467666696746], [126.42964324388699, 37.39140271950228], [126.42986621350285, 37.39111195673494], [126.43130223267687, 37.39009634439525], [126.4315327031943, 37.389952079967244], [126.43160971232481, 37.389904536007805], [126.43173859228506, 37.38983405639874], [126.43712356157155, 37.386959590603986], [126.43863838659686, 37.3864895782943], [126.44094471763857, 37.385649597257405], [126.44170931467735, 37.3850166891287], [126.44173888880641, 37.381997968041574], [126.44173891658309, 37.38199261611005], [126.44173830552322, 37.38198674830065], [126.4414983723557, 37.38164220367666], [126.44147798629014, 37.3816216724499], [126.44146652347662, 37.381617528212715], [126.43885463399917, 37.38093044829738], [126.43757683300167, 37.38123704814481], [126.4364468903484, 37.381580963710135], [126.43636790289544, 37.38162257494434], [126.43623926061204, 37.38170456670155], [126.43618465506218, 37.381758943847544], [126.43613051016284, 37.38181236968761], [126.43607069623343, 37.38185675449584], [126.43599876865376, 37.38188599406363], [126.43592629276554, 37.38191294645149], [126.43590172852556, 37.38191690223143], [126.43520981009286, 37.38201938841693], [126.43519363978724, 37.38201955287012], [126.43512196971881, 37.38201601236018], [126.43492751540798, 37.381997667332456], [126.43475490149295, 37.38179569335903], [126.43471604633635, 37.381740264034754], [126.43470632692924, 37.3816858867583], [126.43471219062673, 37.38163867493765], [126.43497822875393, 37.380850389380406], [126.43590333794887, 37.37981929000916], [126.43672644743664, 37.37951092076678], [126.43802468619594, 37.37904333686376], [126.43952982826771, 37.378676152600846], [126.4395682000793, 37.37867525285111], [126.44034259063919, 37.37857014133907], [126.44037716676667, 37.37856189921372], [126.44041155702469, 37.378536201781465], [126.4404461669473, 37.378494568736855], [126.44047400083294, 37.37844693691328], [126.44049112579967, 37.378403427426214], [126.44050024247001, 37.37834934552382], [126.44050049605744, 37.37828331170313], [126.44048856625157, 37.37818700072711], [126.44010636382671, 37.3767543372453], [126.4401036196693, 37.376745160397384], [126.43970728468848, 37.376074452036214], [126.4396853255231, 37.37605637246878], [126.43953279088828, 37.37597938008534], [126.43935740043662, 37.37591689245769], [126.43689170148443, 37.3751929180959], [126.43490310707762, 37.3750934129008], [126.43487784129299, 37.37509170533048], [126.43471629467606, 37.3750748768617], [126.43467257793912, 37.375069073174224], [126.43464568653583, 37.37506443956745], [126.43458306722779, 37.37505293310367], [126.43449541219522, 37.375016913409695], [126.4344710124125, 37.375000617184575], [126.43440183437261, 37.37495440565381], [126.43406427201641, 37.3747054334296], [126.43401563003457, 37.37465774469921], [126.43395747342814, 37.37458743116065], [126.43391283079036, 37.374517163709356], [126.43382244040004, 37.37437333429294], [126.4337867668489, 37.37429180153207], [126.4337587336901, 37.374224238181725], [126.4336998765131, 37.37406415871322], [126.43369806894994, 37.374058132250056], [126.43369698882252, 37.374053215591594], [126.43344814313147, 37.37197782671349], [126.4334489204663, 37.37195443301179], [126.43345949209976, 37.371798921997254], [126.43347507960924, 37.37173766477007], [126.43353220113647, 37.371514442689225], [126.43354327671145, 37.37149043880444], [126.43356317791279, 37.371463826695205], [126.43365654544874, 37.37140632997333], [126.43399261434114, 37.37124497251023], [126.43435674775688, 37.371140675135265], [126.43486651614447, 37.3713974944923], [126.43493305505005, 37.37106048238952], [126.43384052578232, 37.368822996060494], [126.43380276093453, 37.368778168804724], [126.43376769604195, 37.36875147570756], [126.43371488250955, 37.36872607554529], [126.43364406636317, 37.368718635483084], [126.4323348415944, 37.368590910283686], [126.43224731291225, 37.368583868327946], [126.43214021538684, 37.36857762306566], [126.43200085028697, 37.368572061569274], [126.43179526905529, 37.368598330432285], [126.43166765159823, 37.36863956252516], [126.42875188836935, 37.36853972751131], [126.42607830572393, 37.36811990469642], [126.42411467636532, 37.3669280846774], [126.41996111800684, 37.36546044294825], [126.41943072008192, 37.36529392206888], [126.41896259630104, 37.36515152199926], [126.41849609621822, 37.36505819331601], [126.41658057966289, 37.36480305242101], [126.4164352230535, 37.36478783644738], [126.41626120680986, 37.36478982573359], [126.41615049013065, 37.36480139750991], [126.4157848064068, 37.364889243707935], [126.41555491247951, 37.36496398996663], [126.41540609564116, 37.36504276022876], [126.415330423764, 37.36508698744008], [126.41330379165416, 37.36632258541343], [126.40940002741536, 37.3699667585627], [126.40675673262227, 37.37265691948825], [126.40675302246119, 37.372674904829594], [126.40674487607376, 37.37273459934565], [126.40674953682648, 37.3727606804153], [126.40676355399216, 37.372788430737515], [126.40741706036384, 37.37345824051252], [126.40809646038366, 37.374118803643476], [126.4081448087664, 37.37416407921606], [126.4082098730604, 37.374206969114326], [126.40895189735222, 37.374629226323215], [126.40912760604763, 37.374717980073676], [126.40957959626084, 37.376389246203686], [126.40897707970376, 37.377975125454334], [126.40828999867972, 37.37960190021407], [126.40807354983467, 37.38002933150865], [126.40794686494321, 37.38048489481183], [126.40793747364053, 37.380622639416664], [126.40793650563148, 37.38064359207386], [126.40794125160478, 37.38067195424974], [126.40794866531962, 37.380695497253335], [126.40839284494056, 37.38207556640078], [126.40841330633152, 37.38211132041237], [126.4084428509159, 37.382133391181625], [126.40894611444051, 37.38250922253577], [126.40901494304458, 37.382552427934534], [126.40908128778804, 37.38258152962489], [126.4091590308498, 37.3826142823054], [126.40922388135779, 37.38262802209267], [126.4092091262463, 37.383170311330574], [126.40885282273534, 37.38479075563991], [126.40872014596192, 37.3853416295688], [126.40848898884506, 37.386271280419564], [126.40841107013235, 37.38655517745898], [126.40834530369754, 37.38672513098634], [126.40828657303719, 37.3868389310166], [126.40822311554707, 37.386949177549916], [126.40517485265804, 37.39096070660229], [126.40507333199422, 37.39108099311465], [126.40502150281797, 37.39113617087252], [126.40495955796413, 37.391188442742795], [126.40491469753242, 37.391219157736664], [126.403687383612, 37.3917901794717], [126.4036452256867, 37.3917990939989], [126.40359481718816, 37.39180176864509], [126.39906328891873, 37.39197670555442], [126.3989221388582, 37.391974563754545], [126.39877276028662, 37.39196609165795], [126.39864336674931, 37.391934222896545], [126.39860911661542, 37.39191297476499], [126.39856215214134, 37.39186617059299], [126.39851810779294, 37.39179150617532], [126.39850806209483, 37.39168224420487], [126.39851986599109, 37.39151788682448], [126.39851384059622, 37.391418286801304], [126.39849962573804, 37.3913657397041], [126.39839380062145, 37.39123350078789], [126.39825135012858, 37.39113954829495], [126.39798506407604, 37.391070355010285], [126.39770312971515, 37.391067252853425], [126.39679863830331, 37.391163439119985], [126.39658650284612, 37.39122907627895], [126.39649736314519, 37.391290773870026], [126.3964735095701, 37.3913164917798], [126.39644056763353, 37.391354940096925], [126.39581468671696, 37.39247990752292], [126.39579560891393, 37.39253688144451], [126.39579580012618, 37.392566508431734], [126.39580023051623, 37.39259424434073], [126.39581832031637, 37.39264358671422], [126.39649627279547, 37.39400857951772], [126.39825875244662, 37.39550259649227], [126.39828286393153, 37.395520974127244], [126.39833025706363, 37.39555538177552], [126.3983598953722, 37.395570119009996], [126.3984376930053, 37.39559849152368], [126.39847780436338, 37.39560578570654], [126.39852096919323, 37.39560961833988], [126.39856431374639, 37.39560935334423], [126.39916175503429, 37.3955976947062], [126.40002288270523, 37.39559544487289], [126.40013398657094, 37.395626354242225], [126.40019392141411, 37.395655987154335], [126.40027130159757, 37.39569550954966], [126.40027992394445, 37.395706158845805], [126.40112619358916, 37.39851396313774], [126.40137594154201, 37.40206573350739], [126.4019462128372, 37.40242671554571], [126.40243986889774, 37.402770819012204], [126.40302687039149, 37.40328195361072], [126.40339448571096, 37.403622586935334], [126.40376339355491, 37.40403013740114], [126.40390396202193, 37.40422251712374], [126.4040051901903, 37.40438709165517], [126.4040682617681, 37.40449795500692], [126.40536185146574, 37.406888199808535], [126.40552325059383, 37.407773440974175], [126.40553372400805, 37.40787011081631], [126.4055379526844, 37.40794820216559], [126.405536453085, 37.408029375332994], [126.40552709462631, 37.40812602561205], [126.40551145805823, 37.40821104639826], [126.40549703825408, 37.40828341646122], [126.4054771224065, 37.408368064126726], [126.4054502866408, 37.408452108718755], [126.40541424907933, 37.40853582113787], [126.40537529281482, 37.408615886749246], [126.40531983090038, 37.40868614799057], [126.40526329341154, 37.40873853654547], [126.40515559413525, 37.4088128963606], [126.40511208602622, 37.40882263345783], [126.4050599576999, 37.408814440619274], [126.40494983332586, 37.40879270426456], [126.40483907862489, 37.40871197486487], [126.40480271322079, 37.4086970777761], [126.4047245481931, 37.40869331430771], [126.40464487916279, 37.40869103126919], [126.40452540760964, 37.40870736872216], [126.40439387793339, 37.408762622198104], [126.40428841982144, 37.40882501600738], [126.4041621106375, 37.40892149068197], [126.40409273572573, 37.409031463262885], [126.40407330454997, 37.40912010267736], [126.40407985533543, 37.409267189488155], [126.40410697714039, 37.40938096069413], [126.40416291912452, 37.40953102728762], [126.40445137403665, 37.40998356166133], [126.40453710504448, 37.410106133941234], [126.40462535530098, 37.41022612283511], [126.40470522694596, 37.41032417481316], [126.40481818369878, 37.410441001639796], [126.40491165468075, 37.410520507370734], [126.40774561852103, 37.4124462966683], [126.40785520192576, 37.41249575236916], [126.40793820452286, 37.41253006512524], [126.40804400317755, 37.412560966823364], [126.40812611805636, 37.412553070660636], [126.40876666347931, 37.41235731473502], [126.40889974384024, 37.412313317639004], [126.40899181361836, 37.412274404012415], [126.40909518923452, 37.41222010426985], [126.40953107535236, 37.411948159949894], [126.41064246177496, 37.411367627042694], [126.41400571402345, 37.40931666743232]]], [[[126.41726880121337, 37.42139056987745], [126.41668567945578, 37.421068570649844], [126.41661708952793, 37.42101706339937], [126.41595758665814, 37.42036253269165], [126.41591723398565, 37.420267944138686], [126.41594428149016, 37.417949033742836], [126.41594761768238, 37.41790354864242], [126.41596205191252, 37.4178282139014], [126.4160059795865, 37.4177808585112], [126.41607911154021, 37.41774453826462], [126.41634206323207, 37.41699287459977], [126.41352979055779, 37.416440867258764], [126.41345258185144, 37.41642616706172], [126.41341095821754, 37.41641849265142], [126.41336815449823, 37.41641146715713], [126.41332672433738, 37.41640651472963], [126.41328998030029, 37.416404934904804], [126.4130658293382, 37.4164236444684], [126.41282253595918, 37.41648515508541], [126.41251773513687, 37.416688359118325], [126.41241731938297, 37.416800279016826], [126.41222372043491, 37.417046381411794], [126.41194793812744, 37.41820585692447], [126.41187380878185, 37.418633637359186], [126.4118734166733, 37.41864886452839], [126.41187811411099, 37.41866504889729], [126.41241717906397, 37.41985887760269], [126.41244326896457, 37.41990586814267], [126.41248121630285, 37.419941728107496], [126.41253955887296, 37.419990293446205], [126.41674607490776, 37.42121539838433], [126.41726880121337, 37.42139056987745]]], [[[126.41726880121337, 37.42139056987745], [126.41775956084015, 37.4216615630874], [126.41787203633928, 37.42170368113207], [126.4188591797302, 37.421923505917846], [126.41726880121337, 37.42139056987745]]], [[[126.35895366743381, 37.454853246593004], [126.36023469960807, 37.45477013389291], [126.36081740530999, 37.45516446806236], [126.36080285183905, 37.45517864262898], [126.36092273829627, 37.45525985058075], [126.36100984278012, 37.455177728489176], [126.35950289848682, 37.454155874558005], [126.35945896009783, 37.45412780318043], [126.35941354324989, 37.45410075223919], [126.359366086508, 37.45407550948073], [126.35931803654304, 37.45405255395207], [126.3592677125038, 37.454031043811064], [126.35921719121089, 37.45401150565], [126.35916493838027, 37.45399357133597], [126.35911241266417, 37.45397841946383], [126.35905741795703, 37.45396414685899], [126.35900411894423, 37.4539522701044], [126.35894875638198, 37.45394241760878], [126.35889243530964, 37.45393493172845], [126.35883591855735, 37.45392916366298], [126.3587808518825, 37.453925882815334], [126.35872314564214, 37.453924586407325], [126.35866776415345, 37.453924761758344], [126.35861079222849, 37.45392737152718], [126.35855570107302, 37.45393209952708], [126.35849938317921, 37.45393883822797], [126.35844436734934, 37.45394798160151], [126.35838970272974, 37.453959605188], [126.3583353941332, 37.45397190457844], [126.35828222032539, 37.45398645560599], [126.35822926503664, 37.45400314125968], [126.35817860395281, 37.454022264613144], [126.35812833868636, 37.454042866339854], [126.35807951538345, 37.45406529544864], [126.35803150057542, 37.454089425041644], [126.3579850888231, 37.45411534572081], [126.35794097745783, 37.45414299933201], [126.35789784513251, 37.45417258762255], [126.35785683880593, 37.4542033321173], [126.35782155762901, 37.45423200660757], [126.35778281444674, 37.454266484613754], [126.35586995417974, 37.4560583651373], [126.35583532470076, 37.456091205845965], [126.35579907619389, 37.45612701065111], [126.3557656228141, 37.45616235399219], [126.35573294484811, 37.4562009730407], [126.35570474177364, 37.45623826359579], [126.35567702157722, 37.456278439458195], [126.35565261923298, 37.45631813008368], [126.35562982262711, 37.45636032571718], [126.35561053356255, 37.45640175674042], [126.35559301925663, 37.456444692136394], [126.35557799978194, 37.45648802844604], [126.3555652384774, 37.45653156688917], [126.3555559162574, 37.45657601472761], [126.35554810117114, 37.456621129721945], [126.35554414776942, 37.45665782407345], [126.35554112641843, 37.45671081261043], [126.3555417348997, 37.456755756816534], [126.35554499530478, 37.45680222110551], [126.35555080653953, 37.456845562669095], [126.35555913450919, 37.456890244543146], [126.35557027374519, 37.45693430108372], [126.35558321355337, 37.45697772610684], [126.35559925028132, 37.457021368597374], [126.35561754654637, 37.457063643123846], [126.35563885021034, 37.45710562950585], [126.35566221146934, 37.4571465902722], [126.35568794933896, 37.45718695934492], [126.35571610368805, 37.45722619811563], [126.35574604677932, 37.45726395078942], [126.3557784470321, 37.457301168427094], [126.35581305526011, 37.457336693113895], [126.35584943211421, 37.45737131015535], [126.35588803220467, 37.457403974808194], [126.3559278620722, 37.45743533001146], [126.3559705072832, 37.45746534965401], [126.35887549961589, 37.45943570862829], [126.35924063760872, 37.45954584856076], [126.35937858155876, 37.45939260372907], [126.35928514465593, 37.45885085117076], [126.35851888891168, 37.45776217201226], [126.35731948302882, 37.45694723650292], [126.35726807139619, 37.4564330302788], [126.35895366743381, 37.454853246593004]]], [[[126.60511019210509, 37.48011865093297], [126.60512316397133, 37.480107152535844], [126.60514211643394, 37.48010894734443], [126.60518275347147, 37.480118641696386], [126.61211144135139, 37.482129789687555], [126.61279153139924, 37.482485006776535], [126.61279805339302, 37.48250965335107], [126.61291219780017, 37.482575944228294], [126.61442133214493, 37.483016666828576], [126.61522199259842, 37.48324102286946], [126.61524431839499, 37.48324612400916], [126.61682568480315, 37.483530263964525], [126.62045837417935, 37.48072613167872], [126.62325653245374, 37.48145441377159], [126.62758492787289, 37.47959969641578], [126.6282136114357, 37.47920856481098], [126.6313674853959, 37.47674342679777], [126.63471448409226, 37.47371555792204], [126.63600159254678, 37.47222027346416], [126.6390190298407, 37.470240415808476], [126.64046385463213, 37.469548115220675], [126.64266358516525, 37.468295600635244], [126.6430091600606, 37.46814603081393], [126.64340245874881, 37.467968757898326], [126.64328381660562, 37.46714115509591], [126.64222748953595, 37.46506546098538], [126.64222744461708, 37.46506543361894], [126.6407584061435, 37.46432334732645], [126.64027500878836, 37.46408034012864], [126.6402374106398, 37.464102254089234], [126.63758064950365, 37.45996016637676], [126.63754128497499, 37.45997788075873], [126.63532970652517, 37.4570770832164], [126.63270899621668, 37.453643579928205], [126.63190853628187, 37.45340838559514], [126.62989823803156, 37.4528063595141], [126.62980671216273, 37.4527662642991], [126.6297415097906, 37.452727668015676], [126.62966323226013, 37.45267588424401], [126.62957809732293, 37.45261408823042], [126.62951103164345, 37.45255737545157], [126.62946771334907, 37.45249557370642], [126.62941408194504, 37.45240527831528], [126.62938042538181, 37.452325378369224], [126.6293551575654, 37.45223828978405], [126.62934926858347, 37.45216755198063], [126.62934806064997, 37.45204645257089], [126.6293657526825, 37.45199315108547], [126.62941180775026, 37.451899178870626], [126.63004403652282, 37.450544791230065], [126.63008815944256, 37.44994507855129], [126.63008017506228, 37.44993046662949], [126.6291865041973, 37.44894328423012], [126.62902628946607, 37.44887235733245], [126.62894380054827, 37.448870204458636], [126.62887359183732, 37.44865296886495], [126.62887200073642, 37.448648033978735], [126.63100831916607, 37.437230237055665], [126.63235610965394, 37.42994968451739], [126.6312103924844, 37.429933082837245], [126.62274427576304, 37.42993355868013], [126.61176594845918, 37.42989755342052], [126.61173846954088, 37.429893353947364], [126.61172908861776, 37.429889701490175], [126.61152805854266, 37.42972142302615], [126.6107056160793, 37.429661173442064], [126.61069193099145, 37.429665948579576], [126.61019846299178, 37.43010645733451], [126.61019899915627, 37.43011234176955], [126.61074922626759, 37.4309880308271], [126.61139724046855, 37.432017447352884], [126.61140228486667, 37.43202060935002], [126.61149973080197, 37.43198663637504], [126.61152692472871, 37.43198708775973], [126.61154859657455, 37.43199552864583], [126.61161502212796, 37.43203257039506], [126.61166249790715, 37.43206784004997], [126.61245227884375, 37.433313934876836], [126.61307346454629, 37.43429786405939], [126.61331423010739, 37.43468781988731], [126.61418008864504, 37.43740263786253], [126.61379939534383, 37.438055260375975], [126.60922645772278, 37.439928884717375], [126.60922497271282, 37.43992980912342], [126.60784863564581, 37.44106109917176], [126.60784809365329, 37.44106295185511], [126.60856562097977, 37.44218736649731], [126.60993751811878, 37.44433392674531], [126.6103730324775, 37.4442413873144], [126.6107351657346, 37.44409794131843], [126.61074279141253, 37.4440897675992], [126.61074571279282, 37.444069116294074], [126.61074199671194, 37.44403599268724], [126.6107386897539, 37.44402198070738], [126.61166332187435, 37.4436205413441], [126.61215436869459, 37.44341079414974], [126.61554074286525, 37.44202557326421], [126.6166465955437, 37.44158961656956], [126.61665378966589, 37.44158845892859], [126.61666440131216, 37.44158833994435], [126.61693163839665, 37.44197363134487], [126.61867229007463, 37.44468603675387], [126.61625375854756, 37.44566982341256], [126.6145324281996, 37.44636930760062], [126.61281272448218, 37.44706753481301], [126.61061775011802, 37.447958045122135], [126.61094899072789, 37.44865956193866], [126.61096088198443, 37.44867883744486], [126.61234584919339, 37.45087110008112], [126.61291697661656, 37.45177360118143], [126.61365942976393, 37.45293983474897], [126.61373430255827, 37.4529115009554], [126.61384816323928, 37.453092434629596], [126.6138512590199, 37.45309931888563], [126.61384616251166, 37.45311041228545], [126.61347060650668, 37.45326559956996], [126.61276462795207, 37.453554195778516], [126.61172032838415, 37.453979191118286], [126.61091533290768, 37.45429829229529], [126.61090955260117, 37.45429910328181], [126.61089546807739, 37.45429731720713], [126.61088593787551, 37.45428711258218], [126.61057678995907, 37.453803758135344], [126.60555087326951, 37.44590173663967], [126.60398668282745, 37.44343077955334], [126.6036209556004, 37.44283805885907], [126.60289148147476, 37.44165481929749], [126.60105130699746, 37.43834206157473], [126.60023732703549, 37.438332058612545], [126.59426657856062, 37.43831413757166], [126.59316687221632, 37.441598590980654], [126.59316358047344, 37.44161806724259], [126.59316159733862, 37.44166286874493], [126.59315244122472, 37.442919790050645], [126.59314911934095, 37.444962914744266], [126.5931604011731, 37.44717209023196], [126.59317386636161, 37.44938727380836], [126.59349267495641, 37.44940614762412], [126.59350314907049, 37.449402903807844], [126.59356606483382, 37.44940228314592], [126.59687702678835, 37.449404784724244], [126.59691382856899, 37.44940608988678], [126.59692169958308, 37.44940739569332], [126.59692648169266, 37.44940909792192], [126.59692959356698, 37.449412433242955], [126.59693392488509, 37.44942022331563], [126.596954231678, 37.4499540125306], [126.59695467042565, 37.45000027290164], [126.59695733686034, 37.450282722471584], [126.59695169504373, 37.45032337327568], [126.59677505243461, 37.45089605375754], [126.59677097002734, 37.45090497831671], [126.59553119586818, 37.45285300007829], [126.59339993904153, 37.4548548882277], [126.59424639020177, 37.45540653708027], [126.59641928896653, 37.45441366097926], [126.59777693654924, 37.45422542109737], [126.59850186699953, 37.45431222956307], [126.60173852296671, 37.455787507397254], [126.60174400151968, 37.45579020079643], [126.60320743661686, 37.45673159682444], [126.60321442767231, 37.45673754647334], [126.6032167775845, 37.456743572667456], [126.60283730923881, 37.45942174015117], [126.60283578374478, 37.45943036704848], [126.60279352305936, 37.45948578889245], [126.60243833810812, 37.45989499484333], [126.60208675758562, 37.46029274034324], [126.60208070095618, 37.46029467547387], [126.60014738170753, 37.459819331784296], [126.5990846517593, 37.4592694654377], [126.59839558925236, 37.45886842279619], [126.59809285015041, 37.45862052706015], [126.59809221736214, 37.45861823462027], [126.59809276974886, 37.45861630094746], [126.59809475771564, 37.45861308209938], [126.59817141909431, 37.458558227337505], [126.59794062499768, 37.45835062590196], [126.59770497852357, 37.4581393239036], [126.59721352032595, 37.45770263146866], [126.59710888353476, 37.45761176074209], [126.59504300215953, 37.456859233943604], [126.59469760257994, 37.457011599622604], [126.59245684327131, 37.458136439248975], [126.59205197054781, 37.45913786354222], [126.590923165616, 37.461954056630006], [126.59106468734491, 37.46198761348342], [126.59110642870522, 37.46187578949715], [126.59106291165375, 37.461865475099906], [126.59185267977102, 37.459894868219465], [126.59255586895304, 37.45819383293685], [126.59375203127215, 37.45759263891286], [126.5945556591269, 37.4571892052861], [126.59471114272748, 37.457118579276326], [126.59471984091967, 37.45711923719354], [126.59524336284333, 37.45758198730531], [126.595482828122, 37.45780238192002], [126.59572066469897, 37.458023311602325], [126.59572265844471, 37.45803088732929], [126.5957245278508, 37.45804071366098], [126.59569310134604, 37.46081291344478], [126.59565606628551, 37.46315666439321], [126.59563895440972, 37.463836234202994], [126.59570160422513, 37.464248486676496], [126.59962908344032, 37.465111849316145], [126.6003888791225, 37.46551950550014], [126.60051415958915, 37.46549798877498], [126.60119323799177, 37.465381305497786], [126.60476325622876, 37.464736890532876], [126.6047642451289, 37.46473589212617], [126.60476443718748, 37.464733820491986], [126.60449121445079, 37.463653186606145], [126.60424148390474, 37.46328934490198], [126.60260919463829, 37.46089618188003], [126.60333637337766, 37.46006562646835], [126.60392228526791, 37.46022117766683], [126.6044673852569, 37.46036383932847], [126.61216377899865, 37.46236273376748], [126.61393700420007, 37.461674693386676], [126.62422549508447, 37.457675669572886], [126.62441189663402, 37.457903703205], [126.62500000533873, 37.45886345847695], [126.62515425052652, 37.459115176315784], [126.62500000850308, 37.459174864293], [126.62382752755764, 37.45962862617794], [126.61956102129044, 37.46128591198317], [126.6199250676984, 37.461880077207155], [126.62030947077065, 37.462507460456436], [126.62500000196079, 37.46068545747177], [126.62589930180322, 37.460336102583085], [126.62673694507623, 37.46170816535759], [126.62499999208497, 37.46238063755601], [126.62282648422445, 37.46322206398607], [126.61867309202276, 37.46483052808781], [126.61549788836774, 37.466060031981925], [126.614730437101, 37.466360362010825], [126.6142335128213, 37.46655553742561], [126.6142297435317, 37.466558821607066], [126.61422757990215, 37.46656182578977], [126.6142270294361, 37.466565543310594], [126.6146132535922, 37.467205184857974], [126.61528209863451, 37.468290320490325], [126.61528657788294, 37.46829204675172], [126.61648988306673, 37.46782632726419], [126.61869380705171, 37.466972502806435], [126.62102091427222, 37.46606917983975], [126.62195648790413, 37.46570470084046], [126.62240667354921, 37.46552887607749], [126.62292655069068, 37.4653245391092], [126.62323446838032, 37.46519984109591], [126.62407875631125, 37.46487110278922], [126.62408933314107, 37.46487841718628], [126.62427806657952, 37.46520386560318], [126.62504653234943, 37.46656247435364], [126.62504652261956, 37.466564473463], [126.6250431030718, 37.46656990487958], [126.62330416547161, 37.46724775241204], [126.61562007681556, 37.47023611411433], [126.61530144864183, 37.47093097707654], [126.61453137528521, 37.47259716510997], [126.61368078881439, 37.47443011198638], [126.61241192839046, 37.47715842390933], [126.60963682982343, 37.47647726555401], [126.60705735879787, 37.47571287225383], [126.60702178034532, 37.47568236334311], [126.60697716233581, 37.47562761391618], [126.60696755649622, 37.47559051419449], [126.6069657803728, 37.475571361680196], [126.60696629880036, 37.475558588178856], [126.60697384392304, 37.47553829471542], [126.60715249430086, 37.47514819578183], [126.60787356534533, 37.473580436812], [126.60853988582866, 37.47215040132301], [126.60989483242992, 37.46921161277736], [126.60992097401106, 37.46915164687374], [126.6080377544273, 37.467238033092684], [126.60634903393344, 37.466440551364265], [126.6060681365141, 37.46631049356315], [126.60373720355948, 37.46563711808705], [126.60373003786115, 37.46563739002032], [126.60362253206098, 37.465655861457364], [126.60291767801802, 37.465778342522015], [126.60066290357746, 37.46618879779636], [126.60028456388531, 37.46625977900481], [126.60014754304646, 37.46628612018783], [126.59544929140971, 37.469733404157424], [126.59508235770888, 37.4701034056835], [126.5950584143655, 37.47014136348323], [126.59504397769612, 37.4701772020269], [126.59500408126628, 37.47072661392905], [126.59500350590979, 37.470737191273045], [126.59500438294522, 37.4707460509682], [126.59500917631628, 37.4707630599455], [126.59576336129045, 37.473072781999235], [126.59607395084551, 37.473869052785105], [126.5978286861544, 37.47738743928328], [126.59801300653041, 37.477698192181], [126.5989069601902, 37.47908316182843], [126.60068931285716, 37.48176830852677], [126.60633445710876, 37.4862960577316], [126.60634520667317, 37.48630293334839], [126.60805572333724, 37.48680987385918], [126.60807248646836, 37.486808920614976], [126.60808566560394, 37.486803073073546], [126.60808847197886, 37.486800307317495], [126.60893380999424, 37.48509555318449], [126.60938035995814, 37.48395272176363], [126.60964993280564, 37.48336694255301], [126.60978968078426, 37.48301437264247], [126.609807975387, 37.48295366999075], [126.60980870566938, 37.48294150018218], [126.60980554588514, 37.482933650932736], [126.60835552071973, 37.48248335220805], [126.60686426574715, 37.48203765439364], [126.60460024353407, 37.481351680936775], [126.6045755240294, 37.48133971306443], [126.60456672578013, 37.48132729440839], [126.60456354694604, 37.48130649801796], [126.60511019210509, 37.48011865093297]]], [[[126.59142721527768, 37.49637832634586], [126.59131190837356, 37.49637740515503], [126.5875785089052, 37.49666478733005], [126.58665317433488, 37.49694616156779], [126.58662596351765, 37.49695521150973], [126.5863632745975, 37.49719198572698], [126.5861517649818, 37.497393860730895], [126.58587206541597, 37.49772269097287], [126.58569796650178, 37.49804482078137], [126.58579808179279, 37.49808590523643], [126.58817378710133, 37.49866316510151], [126.58840069908665, 37.49867303931548], [126.58861108264165, 37.498681637266166], [126.58875231946821, 37.49868557872691], [126.58887646283948, 37.498684091917035], [126.58897092623982, 37.49868143868398], [126.58904093852432, 37.49867743048375], [126.58918919715435, 37.49866881045917], [126.58932266611895, 37.49865378489546], [126.58938743682171, 37.498642253178815], [126.58944045506675, 37.498629093152296], [126.58954528723667, 37.49859611187704], [126.58962096136509, 37.49855736076585], [126.58970977033043, 37.49850550984194], [126.59199972371331, 37.496783268414305], [126.59142721527768, 37.49637832634586]]], [[[126.4188591797302, 37.421923505917846], [126.41969141315978, 37.42220237566038], [126.41970023046565, 37.42220630314766], [126.4197075508043, 37.42221499764073], [126.4197649362605, 37.42239843565848], [126.41977174029637, 37.42248302875592], [126.419771757964, 37.42248368689283], [126.41977310576853, 37.42258574128606], [126.41977038480351, 37.42266170086482], [126.41974701415873, 37.42287042963073], [126.41916608535118, 37.425626266180075], [126.41903611209736, 37.42601021294891], [126.4189034084797, 37.42638886536128], [126.41870362341277, 37.426906971480726], [126.4184887340929, 37.42745851914942], [126.41825437008211, 37.42799735415747], [126.41797121262368, 37.42860109417344], [126.41735116898779, 37.429696447631194], [126.41705574949415, 37.43021582510719], [126.4160638244671, 37.43192662876574], [126.41576573175752, 37.43232950775749], [126.41525730565344, 37.43298898006648], [126.4148602494823, 37.43349785739191], [126.41443387919458, 37.434009705260756], [126.41413407061525, 37.43435381697783], [126.41381423870263, 37.43468904600826], [126.41330395982416, 37.435215277075265], [126.41294180889255, 37.4355734122119], [126.41254761877383, 37.435927321592494], [126.41214796386518, 37.436271654019684], [126.41166000997781, 37.436658125928496], [126.41126893505329, 37.43694740153525], [126.41071305324115, 37.4373236282418], [126.4102745905579, 37.43758894071796], [126.40977297496536, 37.43787957871337], [126.4092245851078, 37.43816931416231], [126.4087306573584, 37.438369488718266], [126.40851199544483, 37.43843450163775], [126.40723178291614, 37.438554626628], [126.4072008034076, 37.438557000916035], [126.40685714926582, 37.43858291064682], [126.40647750324383, 37.43855915461676], [126.40544950024082, 37.437909789538445], [126.40534770329799, 37.43783259397363], [126.40525755140735, 37.43771754024653], [126.40521069482438, 37.43763319753313], [126.40511474721325, 37.437405165619786], [126.4050664290109, 37.43725560868836], [126.4050439521383, 37.43715901731927], [126.4050298874084, 37.4370742139983], [126.40500576620859, 37.43688257805154], [126.40500841158648, 37.436805598081556], [126.40501403253249, 37.436790642965], [126.4050389410527, 37.43675136831142], [126.40522685211276, 37.43655392170133], [126.40527376285802, 37.436468607007754], [126.40529989431786, 37.436407749486236], [126.4053041523458, 37.43634093525126], [126.40529565103438, 37.43624852214864], [126.40527725395782, 37.43618177387852], [126.405197285143, 37.43602799219027], [126.40496227718731, 37.435735136914616], [126.4047040649926, 37.43547597788842], [126.40449134902897, 37.43531333835318], [126.40146141139037, 37.433315953422664], [126.40139542411923, 37.43329235788703], [126.40131293437788, 37.43328764867382], [126.40122910888374, 37.43329189164494], [126.40114463888051, 37.43331053006564], [126.40106102847611, 37.433341649066286], [126.4000000269756, 37.43380181711236], [126.39998305751723, 37.433811723460884], [126.39996117035135, 37.43382740664747], [126.39983458644366, 37.433962356741766], [126.39973934295406, 37.43415383081224], [126.39966846822081, 37.4343982740637], [126.39962600461148, 37.43498284554082], [126.39963804428186, 37.435034290337754], [126.3996519182126, 37.43505711145966], [126.39970764902512, 37.43513296189415], [126.39992243392142, 37.43538316126223], [126.4020374277588, 37.43775076760298], [126.40214958835705, 37.43784826473608], [126.4022789636867, 37.43789986175862], [126.40248363937228, 37.43795980663626], [126.4026883792948, 37.438006240781746], [126.40322303149206, 37.4382129651075], [126.40407175391249, 37.43879934961553], [126.40409116413913, 37.43881969241413], [126.40410777249875, 37.43884706666292], [126.40411901089763, 37.43887898430697], [126.40412645236297, 37.438962291371254], [126.40412640243187, 37.43900121405368], [126.40406362251306, 37.4393147174542], [126.40396132956583, 37.43957931220509], [126.40379358316314, 37.43988597064091], [126.40355626679161, 37.44027859242717], [126.40322353301846, 37.44073239577216], [126.40289593930066, 37.44112630184003], [126.40247257500182, 37.441578300764434], [126.40220930513733, 37.44184699064357], [126.40220327831597, 37.441853141232436], [126.40181811151932, 37.44221010636447], [126.40102103346123, 37.4428981303249], [126.40078418421976, 37.44307481309623], [126.40063037155477, 37.44318303656983], [126.40051190596554, 37.44326585928121], [126.40038492065948, 37.44335288392426], [126.39992283849014, 37.443665789167845], [126.39963282371272, 37.443855752424874], [126.39953875938163, 37.44391655106525], [126.39799685085524, 37.444833126732156], [126.39756114763058, 37.44505748198972], [126.39738163303852, 37.4451441340777], [126.39720735244306, 37.44522059741213], [126.39621278050896, 37.44564805399675], [126.39592513951919, 37.44575994965477], [126.39513965321933, 37.446060633030726], [126.39511286953099, 37.44606357693834], [126.3950366686174, 37.44606355850457], [126.39376217923785, 37.445637725983005], [126.39005789498012, 37.443242393450824], [126.38999914383979, 37.44319235498131], [126.38495643167423, 37.440459425291245], [126.38480669540485, 37.44046670849127], [126.38478826931528, 37.44046751346367], [126.38461661339915, 37.440474423735076], [126.38459717325011, 37.44047500639311], [126.38457948585244, 37.44047524145292], [126.38453288523927, 37.44047395076727], [126.38451538838135, 37.44047307717638], [126.38449761113205, 37.44047205492076], [126.38421878577665, 37.44045452923388], [126.38409465444066, 37.44044663870937], [126.38387781199683, 37.440431182849366], [126.38386012838882, 37.440429793639346], [126.38380452338939, 37.44042406960801], [126.38376862427899, 37.44041996298624], [126.38367307177288, 37.440409023241465], [126.38362750999522, 37.44040370405002], [126.38340115359468, 37.440377195462105], [126.38338330288724, 37.440374120916346], [126.38316964809974, 37.44033253185181], [126.38311987683815, 37.4403224965818], [126.38310294590286, 37.44031868798956], [126.38280250957062, 37.44025090383601], [126.38264567865636, 37.44021276587868], [126.38262838017312, 37.440208439985255], [126.38249087836735, 37.44017324083923], [126.38033565873774, 37.439589636620376], [126.38076648255593, 37.43862437233848], [126.38167056476536, 37.43678182586828], [126.38214155484361, 37.436005065428255], [126.38214472987197, 37.435984476605135], [126.38212645540213, 37.43591057125707], [126.38209855661304, 37.43580632259013], [126.38208083931511, 37.43576943296831], [126.38206447382176, 37.43575473609036], [126.38138481403892, 37.43525037563402], [126.38090511032114, 37.4350094224485], [126.38079842001497, 37.43498104055415], [126.38077139587776, 37.43497941281722], [126.38067708516974, 37.43499684734397], [126.38062438475987, 37.43503013372763], [126.38061312433405, 37.43504320273916], [126.37893169105301, 37.43849646111753], [126.3788219726872, 37.439419242651056], [126.37881864976497, 37.43943436790056], [126.37876783403493, 37.43966394680505], [126.37873075199138, 37.43978809215997], [126.37872422042085, 37.43980174122955], [126.37871600811455, 37.439817880051024], [126.3787092908264, 37.4398307936747], [126.37870220863607, 37.43984392015515], [126.37868078608462, 37.43987948709907], [126.37867259943684, 37.43989239038456], [126.37863494781477, 37.4399430358202], [126.37861552271316, 37.439969127089654], [126.37860576707227, 37.43998187848053], [126.37859183921887, 37.43999909513089], [126.37851270065335, 37.44009559051569], [126.37848827959809, 37.44012452942739], [126.37838876285957, 37.44023778356333], [126.3782921377819, 37.440347072163725], [126.37796734050825, 37.44063739720685], [126.37795539387407, 37.440647126310246], [126.37684633430378, 37.44145413034209], [126.37670851276036, 37.44154620906204], [126.3766388254825, 37.44158989031079], [126.37662023771206, 37.441599368672094], [126.37647248142613, 37.4416577402788], [126.37645676765854, 37.44166385693596], [126.37642544372683, 37.441674755457925], [126.37640964929622, 37.441679915932134], [126.37640124397876, 37.441682457087175], [126.37638453506851, 37.44168738893915], [126.3763677276949, 37.441692101730744], [126.37635129333322, 37.441696664840386], [126.37633504286346, 37.44170072314872], [126.37632100641952, 37.44170382906966], [126.376301538959, 37.441707573768305], [126.3762648086801, 37.44171367984691], [126.37624791784853, 37.44171611146308], [126.37622605136607, 37.44171881663746], [126.37620871383083, 37.44172058062154], [126.37619118506849, 37.44172228149421], [126.37617560269378, 37.44172354119484], [126.37615790178302, 37.44172420569881], [126.37542464968864, 37.441739787269036], [126.37541912344881, 37.441739839237286], [126.37540206414872, 37.441739476809296], [126.37538465052882, 37.441738014990044], [126.37536751589188, 37.44173588883899], [126.37535821492989, 37.44173452404615], [126.37534173089594, 37.44173152618738], [126.37532665407697, 37.441725140099244], [126.37531591165414, 37.441717821821726], [126.37530575116881, 37.44170727150453], [126.37504259574172, 37.44154417690896], [126.37475070456803, 37.44136641569609], [126.37443456082728, 37.441174315172276], [126.37439543267259, 37.44115637739295], [126.37427399731062, 37.441125929322396], [126.3733457723388, 37.4409530113353], [126.3732807581369, 37.44094820574856], [126.37322731355692, 37.44094769981463], [126.37207527341074, 37.44100104913311], [126.37199103517908, 37.441006439074684], [126.36771835676497, 37.441348151552475], [126.3667646623166, 37.44147687960471], [126.36422444915469, 37.44202901677022], [126.36410517567101, 37.44206511875021], [126.36396141057585, 37.44216984309958], [126.36394879440138, 37.442213400218996], [126.36393645596694, 37.44225847423902], [126.36393206499513, 37.44228197654058], [126.36393003790864, 37.442306438947945], [126.36392978929105, 37.4423318522283], [126.3639295517616, 37.442449532843405], [126.36392951104864, 37.44247031709435], [126.36392986962204, 37.4424919073662], [126.36393119792811, 37.442513808003866], [126.36393471287117, 37.442535233930755], [126.36393941138898, 37.44255538774292], [126.36394470503045, 37.44257505875552], [126.36395137331735, 37.442594726758195], [126.3639625858034, 37.44261440238972], [126.36398228935613, 37.44263232994424], [126.36425406171854, 37.44285353773725], [126.36427476588584, 37.44286794705857], [126.36738050714888, 37.44440192300835], [126.3680267926352, 37.444621683304014], [126.36805325583241, 37.444622185546706], [126.36821080664429, 37.44461128862361], [126.36824023097986, 37.44460748198875], [126.36827321844758, 37.444596475403415], [126.3683751525499, 37.44455979220442], [126.36840815262693, 37.44454734537827], [126.36844153843936, 37.44453330508144], [126.36847474220328, 37.4445155892155], [126.36850716643309, 37.444492436271254], [126.36853820571758, 37.44446591350934], [126.36881427315498, 37.44432481417803], [126.36925614125845, 37.44419296921201], [126.36961760115204, 37.444092390339584], [126.3696640181607, 37.44408091693809], [126.36971022899057, 37.444072477222534], [126.37037163194425, 37.44403546709183], [126.37040104548718, 37.444038371109485], [126.37043023510901, 37.4440489505009], [126.37045764940362, 37.44406527962035], [126.37048267825824, 37.44408688574929], [126.37078610880926, 37.444390128148854], [126.3708188055837, 37.44442580872085], [126.3710016150654, 37.44462805776206], [126.37103155707082, 37.44466246271574], [126.37106050202951, 37.44469957654563], [126.37108727115651, 37.444737650229484], [126.37143663200426, 37.44527980334247], [126.37145867514874, 37.44531403180615], [126.37148071947574, 37.445349386938204], [126.37150276116954, 37.4453852197453], [126.37152362089506, 37.445420568965204], [126.37154231150687, 37.445454321945725], [126.37155685171363, 37.44548727817579], [126.3715670547985, 37.445521180846924], [126.37157507077872, 37.445558597645544], [126.37158190350192, 37.44559952914403], [126.37161910298228, 37.44586609905683], [126.3716229764683, 37.44590415049091], [126.37162547186695, 37.445940925103265], [126.37162698125279, 37.445975307187034], [126.37162829885006, 37.446006803186854], [126.37163834379712, 37.446348984057366], [126.37163910580371, 37.446391579121936], [126.37163895548775, 37.446587787963374], [126.37163873069724, 37.446624278818696], [126.37163685536991, 37.44676192446827], [126.3716360338994, 37.44680201313788], [126.37163542457154, 37.44682346255064], [126.37162883065943, 37.446964713522966], [126.37162763352828, 37.446986159125245], [126.37162445822423, 37.44701858024756], [126.37161831013256, 37.447074003736894], [126.37161692649823, 37.44708543740067], [126.37160939172603, 37.4471458734574], [126.37160780860852, 37.44715824440072], [126.37160424199011, 37.44718329973187], [126.37159810875005, 37.447220723825446], [126.37159317894219, 37.44724546509568], [126.37159040888736, 37.44725783011292], [126.3715844868167, 37.447282098624896], [126.37158132345675, 37.447294155237174], [126.37157460353971, 37.447317952847115], [126.37157085700497, 37.44732969743866], [126.37155526529185, 37.44737634914778], [126.3715509308949, 37.44738809353306], [126.37154185555546, 37.44741095109617], [126.37153711918839, 37.44742206071234], [126.371527259726, 37.447444135643785], [126.37152212772322, 37.44745509186071], [126.37149687760255, 37.447508322965106], [126.37148721834589, 37.44752835739381], [126.37148229056658, 37.447537909486265], [126.3714722340891, 37.447556541258216], [126.37146710777381, 37.447565462326594], [126.37145626073116, 37.44758283730586], [126.3714448331516, 37.44759927296348], [126.37142098485654, 37.447629320842566], [126.37140836950557, 37.447643246670076], [126.37140186067585, 37.447649978724755], [126.37138866707402, 37.44766296344847], [126.37138216073319, 37.447669228637544], [126.37136856272149, 37.44768174080576], [126.37134747700642, 37.447700523208056], [126.37133270318489, 37.44771304036608], [126.37132521564486, 37.44771929978594], [126.3713094468848, 37.44773197328287], [126.37130117463894, 37.44773854247409], [126.37128442225702, 37.44775122099417], [126.37126728681899, 37.4477638868398], [126.37072331133224, 37.44814625212865], [126.370702038329, 37.44816032768769], [126.37067091093078, 37.44817972425165], [126.37064017763701, 37.448198021347494], [126.37063012617597, 37.44820396779419], [126.37061022916632, 37.448215548990554], [126.3705798924195, 37.448232432971785], [126.37054876902656, 37.4482487019313], [126.37044140446191, 37.44830312727461], [126.37040812168493, 37.44831970003438], [126.37039688807045, 37.448325018652326], [126.37037443929596, 37.448335180159944], [126.37035158846268, 37.448344562677384], [126.37033996643342, 37.44834909702645], [126.3703167206682, 37.44835722652054], [126.37030490244182, 37.44836097483483], [126.37024739336262, 37.44837690314419], [126.37023616125414, 37.44837956464477], [126.37021469477472, 37.44838424461965], [126.370194411237, 37.44838814453381], [126.3701845635324, 37.44838986025162], [126.37016585878199, 37.44839266842367], [126.3701398594165, 37.44839641453441], [126.37013178262694, 37.44839734319453], [126.37011661746372, 37.44839842580782], [126.37010244766772, 37.44839842192078], [126.37009574863539, 37.44839794506062], [126.37008334359051, 37.44839621127019], [126.36921658017214, 37.45084008124005], [126.36924038388649, 37.4508764288347], [126.36924609091707, 37.45088551475079], [126.36926260677832, 37.45091339943839], [126.36927283578764, 37.450931888012256], [126.369287384502, 37.450959923323204], [126.36930016331043, 37.450987022342716], [126.36930821746975, 37.45100503943972], [126.36931961926076, 37.4510321397026], [126.36932336253483, 37.451041376274944], [126.36933436143708, 37.45106910541366], [126.36934831594172, 37.4511073272482], [126.36935165876511, 37.45111703048132], [126.36936108920723, 37.45114726472347], [126.3696368588397, 37.452057267945555], [126.36964727038183, 37.45209203981777], [126.36965335405279, 37.45211584800004], [126.36965630183632, 37.452128217177886], [126.36966140333654, 37.45215328323171], [126.36966375853676, 37.45216596400842], [126.369668063712, 37.4521918084026], [126.36967178753576, 37.4522181195315], [126.36970680396658, 37.45252460128052], [126.36970973548355, 37.45255247674425], [126.36971188300832, 37.45257940913068], [126.36971402100822, 37.45261809293757], [126.36971477582313, 37.45265598296422], [126.3697147638203, 37.45266819944618], [126.36971446234257, 37.4528066278897], [126.36971424935369, 37.45283325107448], [126.36971299963433, 37.452913587082], [126.36971079926094, 37.45295492255753], [126.36970862054532, 37.452982949234546], [126.36970385996565, 37.453025073218505], [126.36970009592547, 37.45305341641982], [126.36969771525767, 37.4530676670742], [126.36969059181304, 37.45310978648234], [126.369683279458, 37.453150184349425], [126.36967853112485, 37.45317601785129], [126.36967379011139, 37.45320091404203], [126.36966608324505, 37.45323582265335], [126.36966331095267, 37.45324709698175], [126.36943672810249, 37.454156294186916], [126.36943337344266, 37.45416944851319], [126.3694159919851, 37.454235362141695], [126.36940829004254, 37.45426166670335], [126.36939268768228, 37.454313489770804], [126.36938064599134, 37.45435169179225], [126.36937235712026, 37.454376577453665], [126.36912761317258, 37.455074988719986], [126.36912327084718, 37.455087353033214], [126.36909821945746, 37.45514856758672], [126.36908204018505, 37.455185817828855], [126.36907079119452, 37.455210401130884], [126.36905402889333, 37.45524687425245], [126.36902483767373, 37.45530714783915], [126.36888558673755, 37.4555814066195], [126.36879310034163, 37.45574153438322], [126.36856651766978, 37.456115022035945], [126.36853674933086, 37.45616057128991], [126.3685128928115, 37.456193753250695], [126.36847957268054, 37.456238354533376], [126.368331919026, 37.45643462321857], [126.36830747254167, 37.456467027949074], [126.36827395602182, 37.45651068990906], [126.36822960047715, 37.45656625191863], [126.36820022593888, 37.45659990012554], [126.36814543747178, 37.456654514925994], [126.36808946853715, 37.45670552930787], [126.36805596575871, 37.45673416260715], [126.36802206996029, 37.45676216480802], [126.36798639862698, 37.4567906439165], [126.3679497477047, 37.45681990138899], [126.36791211064151, 37.45684962169731], [126.36770204049314, 37.45701139805236], [126.36767051259473, 37.45703486212498], [126.3676031270943, 37.4570805427763], [126.36756824093345, 37.45710416932448], [126.36750932528581, 37.45714405624281], [126.36747346653517, 37.457167994313394], [126.36743720983208, 37.457191928558615], [126.367400958049, 37.457215385136344], [126.36737651995857, 37.45723024812152], [126.36722757027484, 37.45730359259645], [126.36702563922319, 37.45740069442093], [126.36696495295368, 37.457429308315454], [126.36690328639764, 37.457456196651876], [126.36682645782682, 37.45748652863867], [126.36678193885551, 37.45750246258462], [126.36671101718535, 37.457525121365016], [126.36665507514824, 37.45753933593578], [126.36493921388262, 37.457923026313054], [126.36491557384639, 37.4579237924896], [126.36490356416043, 37.457920491834884], [126.36489255225412, 37.457906235224264], [126.36489216783467, 37.45788604001251], [126.36489573334005, 37.45786019897893], [126.36490068902708, 37.45783155014712], [126.36491038539532, 37.457778153161385], [126.36491473391723, 37.45775451528013], [126.36492007370087, 37.45772977648625], [126.36502504746583, 37.4572528563415], [126.36503136483417, 37.45723016032295], [126.36505030835266, 37.45718193922612], [126.36506135889385, 37.45715720299689], [126.36508443800976, 37.45711416098025], [126.36510139691937, 37.45708817637286], [126.36512071794729, 37.457063449266904], [126.3651425971971, 37.45704106854472], [126.36516723325191, 37.457021360589685], [126.36519481856598, 37.45700430922186], [126.3652249644184, 37.456989451029486], [126.3652671248318, 37.456970378231944], [126.36529883749955, 37.45695583430707], [126.36532957242629, 37.45694067349057], [126.36535755365932, 37.45692487692747], [126.36538336266422, 37.456909546216316], [126.36540602699436, 37.45689311633127], [126.36548387111749, 37.45683492599035], [126.36551027525188, 37.456812080293744], [126.36552663795112, 37.45679486161112], [126.36554497645702, 37.456771541885935], [126.3655601513149, 37.45674665772685], [126.36556982240384, 37.45672834728227], [126.36558185788789, 37.45670298592265], [126.36558974868325, 37.456684045482575], [126.36559389566595, 37.45666400012689], [126.36559333101661, 37.456642699957754], [126.36558901117364, 37.456620150551856], [126.36558115736436, 37.45659712556842], [126.36555499641942, 37.456560770863256], [126.36553059025758, 37.456541179652746], [126.3655020473276, 37.456522996251245], [126.36507529413416, 37.456273391218964], [126.36505521248606, 37.45626257710587], [126.36503021233003, 37.45625582039004], [126.36500086745014, 37.456253458267966], [126.36496955958657, 37.45625499985779], [126.36493921876783, 37.45626108079729], [126.36385307598317, 37.45654279326999], [126.36334088827755, 37.45671405343844], [126.36330207487555, 37.456728899876786], [126.36135173073498, 37.45759006882529], [126.36076983652595, 37.4578469917007], [126.3595226280683, 37.4594559414718], [126.35727665255463, 37.461727584859474], [126.35688287869455, 37.4621649963302], [126.35666441521991, 37.462489130875056], [126.35621832397149, 37.463227626333826], [126.35527723068711, 37.467356465701094], [126.35527039218464, 37.467487972983626], [126.355363187549, 37.46778269113979], [126.35537460032728, 37.467818685230455], [126.3553875804165, 37.46785660711372], [126.3559566477829, 37.46939352994042], [126.35603206028732, 37.46952249512911], [126.3589831352077, 37.473052306328874], [126.35901004536423, 37.4730755373556], [126.35921636660571, 37.47324780962146], [126.35947233052322, 37.47343167589243], [126.35994095651337, 37.473685151734976], [126.35998287140069, 37.473706776958785], [126.36044641284235, 37.4738900264694], [126.36136686787377, 37.47410884636497], [126.36403673137721, 37.474732770388066], [126.36570998572145, 37.47475348690515], [126.36808092054129, 37.473956168639646], [126.36923787110437, 37.47271195802946], [126.37236795338669, 37.47191551202722], [126.37324990444797, 37.47187855175571], [126.37426264999732, 37.47229431225061], [126.37460318341506, 37.472479674615975], [126.3817383871808, 37.47650625170549], [126.38652145681827, 37.47922655830057], [126.39597537023495, 37.48456023765858], [126.39825030839096, 37.48583626689745], [126.40000004470211, 37.48682496365946], [126.40032589478609, 37.48700908623809], [126.4140861888121, 37.494792668135716], [126.41539497161094, 37.49554658946767], [126.4164630299621, 37.496166339869745], [126.41654396267685, 37.496256731635484], [126.41660897832737, 37.496299722687525], [126.41688205238039, 37.49646078083953], [126.41747024306287, 37.49671819588041], [126.41783934413748, 37.49686115713416], [126.41833047456663, 37.49700443798231], [126.41879719569665, 37.49710605044361], [126.4191559364248, 37.497162542385105], [126.41962567183296, 37.497209612937134], [126.42024325705799, 37.497259442892236], [126.42900031666278, 37.49798185918912], [126.4340818347149, 37.498458008742205], [126.43419181912367, 37.49847777040241], [126.43547946361157, 37.49858865392175], [126.43686253817357, 37.498697105151194], [126.43770744211979, 37.498758766392015], [126.43782671532476, 37.49875396234294], [126.4384509109529, 37.498700511520376], [126.43869735702697, 37.49867226484419], [126.43898776331034, 37.49863593825913], [126.44036872961713, 37.498542919084215], [126.4446553815995, 37.49888940171428], [126.45242071819449, 37.49982488868905], [126.45259877652565, 37.49958459832705], [126.45587940575673, 37.499274350803354], [126.45801748085955, 37.4992489252082], [126.45998802773629, 37.49922164708084], [126.46110149742265, 37.499171087223985], [126.46292097628188, 37.49908606589748], [126.4657466709435, 37.49893493431675], [126.4675453151625, 37.49883772925361], [126.46781603754513, 37.49882592994968], [126.47022707361961, 37.49877039871645], [126.47059369720029, 37.49876760952117], [126.47087803425086, 37.49877515439618], [126.47127613507261, 37.49879888582009], [126.473848104317, 37.499144457577934], [126.47386233714373, 37.49914668312107], [126.47499997797284, 37.49946056259625], [126.47513381624879, 37.49950098940968], [126.47575908453511, 37.49971847395497], [126.47580894157801, 37.4997399504938], [126.48955425190691, 37.505672999274324], [126.49344546591085, 37.50738378696739], [126.49374648286806, 37.50751765749169], [126.49395162315126, 37.50762313447177], [126.49418297114526, 37.50779226712514], [126.49424809409531, 37.50787097773848], [126.49438957378128, 37.50817593933722], [126.49458042722051, 37.508605964063285], [126.49586506576485, 37.51165153743312], [126.49602314703304, 37.51202773852487], [126.49615324981043, 37.51233792082327], [126.49639828862293, 37.51294501110813], [126.49652005218705, 37.513254579512186], [126.49652491095797, 37.51327536036454], [126.4965239345694, 37.513289465071416], [126.49649284479403, 37.513378064701115], [126.49646764834714, 37.51338770393637], [126.49643929832044, 37.51338644815034], [126.49634625527997, 37.513364770128625], [126.49622755714164, 37.51331128423385], [126.49613176674335, 37.51328556817692], [126.49610323993706, 37.51328416659532], [126.49603889756123, 37.51328690951964], [126.49600665299752, 37.5132932511717], [126.49517960177526, 37.513578902481036], [126.49494897765574, 37.51366041217514], [126.49493038050777, 37.51367219832028], [126.49492262825528, 37.51368124658166], [126.49491862152698, 37.513695339905546], [126.49491676159414, 37.51372113631974], [126.49493782061732, 37.51387406184755], [126.49543992102078, 37.516997794316765], [126.49645910293395, 37.524668275748695], [126.49664644613698, 37.5260915267321], [126.4966917180296, 37.5262483852837], [126.49689330561316, 37.526773344943905], [126.49837825539876, 37.530098511414856], [126.49845273014738, 37.53020832613676], [126.49871495475882, 37.53049223233244], [126.49914419720125, 37.53084078346536], [126.49921566740942, 37.53088422562116], [126.49929706921843, 37.530904357076054], [126.49932434889735, 37.530905750959334], [126.50013120739523, 37.530925836860604], [126.50017076669599, 37.53092639173482], [126.50021063896108, 37.53091927174884], [126.5002350568343, 37.53090189721222], [126.50034101000533, 37.53077426868451], [126.5004689994527, 37.5306775924522], [126.50059434000671, 37.53063199164912], [126.50064786419055, 37.5306202352609], [126.50075813631281, 37.530647409636074], [126.50146671836175, 37.531050720707434], [126.5015331769283, 37.531126720061195], [126.50237945031625, 37.53242134860527], [126.50239186078431, 37.53245386333728], [126.50239820237641, 37.53249539954619], [126.50239582813143, 37.53276250550847], [126.50239029979477, 37.53277206874276], [126.5020056196345, 37.533420576106415], [126.50166431450886, 37.5339881492371], [126.50147565473202, 37.53429385209402], [126.50133879046702, 37.53450788260127], [126.50138927660211, 37.53453300949646], [126.50250412291642, 37.5327507981819], [126.50292934451987, 37.531678119349046], [126.50276040017845, 37.53078962536988], [126.50432495866667, 37.53077712718003], [126.50806663527656, 37.53215748797529], [126.51198328306427, 37.533961496966135], [126.51200689310505, 37.53397211024067], [126.51205125538434, 37.533977463938996], [126.5123966095855, 37.53399735185656], [126.51513684306225, 37.534151469562595], [126.51545301196698, 37.53413069323899], [126.51579507261643, 37.53406527824345], [126.51690339274116, 37.53375806557679], [126.51694165344827, 37.53374455234156], [126.51698516546892, 37.53372399116871], [126.51701751431374, 37.533691794659944], [126.5170252226025, 37.533671914262904], [126.51702533862051, 37.53364720985573], [126.51702172018932, 37.53362229229354], [126.51700779321646, 37.53359754669791], [126.51712811589135, 37.53269226207923], [126.51737742735261, 37.531336512645524], [126.51738053710459, 37.53132981281746], [126.51760466590625, 37.53117429863997], [126.517755967533, 37.53115228318058], [126.51888299147966, 37.53100253017402], [126.52023663102447, 37.5308227758619], [126.52090376814598, 37.530728501537894], [126.52238097079831, 37.530506813150815], [126.5224648643678, 37.53049396069579], [126.52249698487007, 37.530484694142245], [126.52252959379469, 37.530459335709935], [126.525499991131, 37.5272994225414], [126.52556332799786, 37.52722885019185], [126.52557964973853, 37.527182559238916], [126.5255816160105, 37.52716329604552], [126.5255793626515, 37.527126157136706], [126.52557557626842, 37.52707027957563], [126.52556151491562, 37.52699692699657], [126.525299253093, 37.52624275893983], [126.52486517699091, 37.5249500517813], [126.5248664556741, 37.524939280644155], [126.52486813040761, 37.524935467430595], [126.5248731896681, 37.52493176688868], [126.52507759869738, 37.52486011342828], [126.52885796226423, 37.523810504750955], [126.52948539332203, 37.52364161778536], [126.5294872619187, 37.52364483286075], [126.5297047403403, 37.52419336987874], [126.52977189936489, 37.52432347872414], [126.52988289509183, 37.524450275629434], [126.5299651056832, 37.52451643250975], [126.5303351723999, 37.52464115112513], [126.53071053459097, 37.5247207212019], [126.53088222826021, 37.52472931388912], [126.53111394105498, 37.52471538601888], [126.53156280234681, 37.52463933257125], [126.531959569171, 37.52455243463364], [126.53708215007401, 37.52293406809576], [126.54202342373475, 37.52091614348679], [126.54157704098468, 37.52001367875564], [126.5414731297156, 37.51973452432889], [126.54146338799411, 37.519685057744596], [126.54146587231398, 37.51966901258839], [126.54158742381587, 37.51958114948758], [126.54166454407324, 37.51953573353168], [126.54184696013446, 37.5194667511825], [126.54223479632059, 37.51932066912966], [126.54680385670609, 37.517651625353466], [126.54701829100985, 37.517581972191614], [126.54709783308489, 37.517580250706374], [126.54725044050345, 37.51758727747029], [126.5475859731268, 37.51760805187032], [126.55176497142966, 37.517918277469185], [126.55305643942445, 37.51801628861466], [126.55768549542569, 37.516885423237056], [126.56221469701326, 37.51537384564183], [126.56298444221684, 37.515116605453755], [126.56350553407229, 37.51494016184192], [126.56390466755853, 37.51480262071419], [126.56463125712312, 37.51448164590303], [126.56475988964007, 37.514424672791826], [126.56486395859253, 37.51437079852503], [126.56494602382001, 37.51431202156928], [126.56559024566994, 37.513649978500794], [126.5656699615627, 37.51356479680892], [126.56605015418285, 37.51315100385458], [126.56624666011884, 37.51283575509928], [126.5663549496401, 37.51266172003221], [126.56764349895094, 37.51052239283512], [126.5692383700592, 37.507858481536175], [126.57176839989565, 37.50623452116732], [126.57191203333007, 37.50624279202517], [126.57206528475857, 37.506240012192116], [126.57294121939995, 37.50615279466644], [126.57312832732387, 37.50612708963339], [126.5733125904669, 37.506092806512825], [126.5735038778017, 37.50605005157259], [126.5736970725699, 37.50599630057157], [126.57389245084353, 37.5059344759896], [126.57412833201849, 37.50584010950753], [126.57427189982202, 37.50577413220768], [126.57433619060203, 37.50574112623036], [126.57657786486463, 37.50398816348107], [126.57695464106195, 37.50366523418232], [126.57700873183158, 37.50361173717055], [126.57702245341122, 37.50357494731911], [126.57703422035739, 37.502984716718714], [126.57701437230122, 37.5028883728885], [126.58050675937011, 37.493425225017454], [126.58229510866192, 37.49202326008874], [126.58263657708186, 37.49131830811535], [126.58244157099986, 37.489300466488466], [126.58241756142625, 37.48919355797059], [126.58239447226379, 37.48918525036183], [126.58236713605184, 37.48918643329682], [126.58193486929427, 37.4893469488557], [126.5814601149336, 37.48954493998921], [126.58132680606198, 37.48962327700464], [126.57864819632843, 37.48901647284097], [126.5782651216611, 37.48889947974038], [126.57815089619044, 37.48885938205845], [126.57802603673261, 37.488807985026796], [126.57630258363533, 37.48786466757787], [126.5738905589929, 37.486450249341594], [126.57048034729897, 37.48444985036785], [126.57009264405397, 37.484184131373], [126.56975792714604, 37.483933381342645], [126.56951783750276, 37.48373605169304], [126.56911002005897, 37.483341413116314], [126.56862206098236, 37.482729346104534], [126.56806613668333, 37.48199798243643], [126.56797372078968, 37.48175441846946], [126.56696213932993, 37.48069429984277], [126.56635239555739, 37.48024277955603], [126.56593383490353, 37.47995826254022], [126.56505495295171, 37.479560247039004], [126.56448901482017, 37.47935604133833], [126.56316589154646, 37.47902779558494], [126.56215938854066, 37.47880507358525], [126.55994436823296, 37.47833276466768], [126.5592207282092, 37.47817898688479], [126.55913624411382, 37.478168877109454], [126.55908750314686, 37.47816547126715], [126.55904526613399, 37.478167231397265], [126.55899773527365, 37.478173569607556], [126.55895421781224, 37.47818724781553], [126.55889534398435, 37.478213362930944], [126.5555798243722, 37.477475911045296], [126.55219572691465, 37.4767417911459], [126.55140961624402, 37.47657593456164], [126.55026489723853, 37.47636418057948], [126.5495527417858, 37.47626808021099], [126.54846160623526, 37.47612229593651], [126.54725735064015, 37.476011107572674], [126.54619112470216, 37.47595038039173], [126.54488646882885, 37.47591234991467], [126.54326574853049, 37.47591432161937], [126.54209011519812, 37.47592397082795], [126.54087982352806, 37.47593479796617], [126.5395057719509, 37.47591107985901], [126.53861737237997, 37.475883377621926], [126.53746858624781, 37.475778003008436], [126.53642359800551, 37.47564116171054], [126.53589092297786, 37.47555279897284], [126.53510044893797, 37.475409450884406], [126.53445368680244, 37.47526970927999], [126.53387157349725, 37.4751280285555], [126.53264095757613, 37.4748079335137], [126.53206902308438, 37.474644841208324], [126.53161465725206, 37.47449716907287], [126.53102068421084, 37.47428129266395], [126.53054366787562, 37.47409897255394], [126.53023537150919, 37.473970642908036], [126.52919594259447, 37.47353380057942], [126.52842756721921, 37.47319124811888], [126.52153518323588, 37.470164660719895], [126.52095852562749, 37.469923666932054], [126.52066460732246, 37.46981122837915], [126.5200202852613, 37.46957249575828], [126.51918050929184, 37.46928536514377], [126.51867946170366, 37.46913180465387], [126.51809140382409, 37.46896657856944], [126.51397924963533, 37.46784558502512], [126.51211844059283, 37.46734459100597], [126.51105688891894, 37.467059566597115], [126.5091904148893, 37.46654764694399], [126.50844158138159, 37.46634078183554], [126.50778005955117, 37.46615658374811], [126.50665493272399, 37.465841099530465], [126.50631440191394, 37.465708204045534], [126.50542980906678, 37.46523454170275], [126.50530716108396, 37.46516141679854], [126.50500756952513, 37.46496865382806], [126.50497725190054, 37.46494914598196], [126.50484320597856, 37.46485610783429], [126.50472186633219, 37.46476967880344], [126.50437228897849, 37.46449470321337], [126.50046883641205, 37.461382593634056], [126.49409323817197, 37.456191848308926], [126.49341259532724, 37.455596855707526], [126.49340128651933, 37.4555859054776], [126.49336745861517, 37.455552622978836], [126.49322975935304, 37.45541612317696], [126.4932191493489, 37.455405508772515], [126.49320344316644, 37.45538978182932], [126.49319300479887, 37.45537901565758], [126.4930883621858, 37.45526639252733], [126.49273998600016, 37.454885033280846], [126.49266149753426, 37.454793875411255], [126.49263094833027, 37.454757110844476], [126.49253903888257, 37.4546417385344], [126.49245213830955, 37.454528054700596], [126.49096434942122, 37.45223237612491], [126.48815560774993, 37.448047748983555], [126.4854188492927, 37.44447910206728], [126.48447897420623, 37.44451919162616], [126.48262676301331, 37.443545068805655], [126.47488635574986, 37.439204056792136], [126.47171815871934, 37.43741538873654], [126.46557059562203, 37.43392984700818], [126.4642319980739, 37.43317003319584], [126.46350162404563, 37.43275538377433], [126.46092788338815, 37.431291080814916], [126.45947631730463, 37.43046372489763], [126.45945946034033, 37.430451015450515], [126.45924143077121, 37.43027138620083], [126.45861611472766, 37.429886559299845], [126.45663541563123, 37.428733003593855], [126.45012377577932, 37.42499999997967], [126.44818664944123, 37.42391690101127], [126.44321739182988, 37.421170172132626], [126.44305306120353, 37.421083910378854], [126.4428524172484, 37.42100013581897], [126.44268146493805, 37.42093991708667], [126.4423150639194, 37.42083305197481], [126.44176869360113, 37.420733342927605], [126.44160857108686, 37.42071827028728], [126.44142577653824, 37.42070287361812], [126.44126723788034, 37.42069972858772], [126.44102709474966, 37.42070811771367], [126.44079255335839, 37.42073023525396], [126.4405564709467, 37.420755841115955], [126.43931851901611, 37.42093990058369], [126.43903708747129, 37.42098257881877], [126.43874942064687, 37.42103127361605], [126.43615743567536, 37.42150223192482], [126.43380246503342, 37.421846882919965], [126.42777115410486, 37.42269554600453], [126.42736481896057, 37.42274580984595], [126.42487608391478, 37.4223262294273], [126.4235391722008, 37.421894542102635], [126.4230715069022, 37.421672126357436], [126.42269469095066, 37.42153875060866], [126.42224636626547, 37.4214156999728], [126.42168211850017, 37.42130809908036], [126.42121741528159, 37.421249764332636], [126.42092845002001, 37.421251384693335], [126.42072498434308, 37.4212772558361], [126.42045582075656, 37.42136105402066], [126.42006116036556, 37.421621852430036], [126.4195817926631, 37.42208004848055], [126.41956926405135, 37.42208162667455], [126.4188591797302, 37.421923505917846]]], [[[126.50152031228853, 37.541066847517065], [126.5020605434303, 37.5406835312526], [126.50317263494374, 37.54106561205535], [126.50319746823486, 37.54106790736732], [126.50321696842654, 37.54106387181288], [126.50324851207164, 37.54105220094869], [126.50353025069033, 37.540903172568825], [126.50367331113009, 37.54080185408126], [126.5037325262724, 37.540755081029204], [126.50379615336715, 37.54068620502239], [126.50383651430306, 37.540631496210835], [126.50384159206602, 37.54060801807172], [126.50400159496472, 37.53748429644478], [126.50400223919806, 37.5374074440497], [126.50398913280965, 37.537297117609484], [126.50394431979004, 37.537221399602586], [126.5038534268833, 37.53716555104228], [126.50367773643899, 37.53711944773423], [126.50348500327155, 37.53711309661159], [126.50336594871568, 37.5371291214597], [126.50322098340743, 37.537194464313224], [126.5010155332039, 37.54016609499105], [126.50097442849768, 37.540228396510095], [126.5009598282691, 37.54028512314502], [126.50097589572918, 37.540341197113754], [126.50122909497121, 37.541002899782605], [126.50124833276814, 37.54101616416497], [126.50139628987986, 37.54107174923478], [126.5014308571948, 37.54108205709668], [126.50145254855646, 37.541081950311955], [126.50148579933757, 37.54107741482332], [126.50152031228853, 37.541066847517065]]], [[[126.5771004982787, 37.537681449111865], [126.57702243324707, 37.53758424155545], [126.57701349765578, 37.53757583800884], [126.57700157569924, 37.537569309320354], [126.57698865673804, 37.53756469447399], [126.57697547635212, 37.53756071933001], [126.57695778250229, 37.53755633935748], [126.57694361847668, 37.53755392844124], [126.57692996538773, 37.53755304116062], [126.57691101342961, 37.537553208473156], [126.57689709718898, 37.53755530433818], [126.57682779540848, 37.53756717206942], [126.57680804919312, 37.53757337207007], [126.57672833180466, 37.537602683780165], [126.57671614124416, 37.53760765934762], [126.57670358544516, 37.537613064696586], [126.57668889478748, 37.53761994955976], [126.57518461279638, 37.53731052585153], [126.57519181697265, 37.5347262114415], [126.57524483165125, 37.530856622773804], [126.5752391105732, 37.53075624897232], [126.57523848368712, 37.53074505673784], [126.57523568730838, 37.53067363316814], [126.57523520756949, 37.53066042310346], [126.57523493523053, 37.53064856485738], [126.57523476925206, 37.53062387609018], [126.57523472029449, 37.53061262528804], [126.57524418352611, 37.529622159520414], [126.5752505822089, 37.529469650245126], [126.5753062884955, 37.52940959268879], [126.57658240956263, 37.5282007776585], [126.5766467793028, 37.528149092061405], [126.57677185714638, 37.52805482803312], [126.5767825009748, 37.52804721747566], [126.57776962081645, 37.52740607955024], [126.57778235669794, 37.52739840231582], [126.57857626064609, 37.52734803545898], [126.5786434103846, 37.52735060720519], [126.57939423360055, 37.52692947461433], [126.58047781975529, 37.52599622999648], [126.58266681528822, 37.52367097312985], [126.582650923148, 37.52365610387752], [126.5822662166128, 37.523468246147125], [126.57941584591642, 37.52449438529559], [126.5793045570703, 37.524566157917576], [126.57726349710111, 37.526001057428736], [126.57674687928436, 37.52636888589377], [126.57667859690132, 37.526428350119936], [126.5766385900275, 37.526495447947354], [126.5765641398289, 37.526871427931916], [126.5765739225718, 37.52689014036987], [126.57658673140341, 37.52691584016057], [126.57658344370574, 37.52693080901292], [126.57656511489326, 37.52694931425151], [126.57653386557661, 37.526971924067254], [126.5756473640369, 37.527586375716595], [126.575433092614, 37.52770056275093], [126.57541373312453, 37.527704791653086], [126.5752649329194, 37.52769475023387], [126.57528774191105, 37.5249965317453], [126.57532621464068, 37.52354206451984], [126.57533560612654, 37.522986915418606], [126.57530360373143, 37.52131246823015], [126.5752884650646, 37.521191050128394], [126.5752851222052, 37.52117619883163], [126.57528066013757, 37.52117134356573], [126.57527708402205, 37.5211693398431], [126.57526993060866, 37.52116817879733], [126.57471246991057, 37.52115475771934], [126.5634308218681, 37.521089781126975], [126.55812010531729, 37.521120398656], [126.55805166649324, 37.52112635862553], [126.55800933237992, 37.52114237292386], [126.55797174691888, 37.521181939025674], [126.55647650974096, 37.52287056631884], [126.55493038833737, 37.52465242393082], [126.55225894228629, 37.52765829063114], [126.55213736289004, 37.52779407728995], [126.5519522575276, 37.527991143637976], [126.55163362263568, 37.528284371109514], [126.55160951408737, 37.528295658639934], [126.55159062734512, 37.52829461283933], [126.55151907820695, 37.52827483625654], [126.55147671968454, 37.52825981697176], [126.55110217315713, 37.52807926756128], [126.54484945235427, 37.52318929731039], [126.54483555694186, 37.52317321515167], [126.5448107879063, 37.523053339760224], [126.54480924940526, 37.52303643277766], [126.54482198160358, 37.52300972117522], [126.54484238552328, 37.522946865173104], [126.54484034969359, 37.52285357722235], [126.54481175637926, 37.52268181915099], [126.54474342537343, 37.52256712916787], [126.54467202439561, 37.52248110546509], [126.54459807493932, 37.52242526649217], [126.54446825014047, 37.52236671305639], [126.5444116358628, 37.52234580017791], [126.54435171736907, 37.52234350545883], [126.5442785616546, 37.52235658664234], [126.54421015901063, 37.52239129672029], [126.54380695325685, 37.52274492181503], [126.54361996944444, 37.52332085586834], [126.54359271928087, 37.523411965188565], [126.54357604104095, 37.52348126860848], [126.54357251399912, 37.52355702930727], [126.54358307440515, 37.523602435524516], [126.5436001313357, 37.52363608151755], [126.54367218154559, 37.523695347006246], [126.54406681927917, 37.52399218107948], [126.54561643794611, 37.52514852602574], [126.54615449361951, 37.52553110373398], [126.54743475159476, 37.52645644626692], [126.5497225146277, 37.52813957150908], [126.5503305810647, 37.52860178350243], [126.55669277488549, 37.5334387072947], [126.55687671466858, 37.533578752368705], [126.55727160045026, 37.533879786046086], [126.55751006998173, 37.534068681286705], [126.55850132490795, 37.534884522721484], [126.55872892082076, 37.53507238962111], [126.55917594841272, 37.53544454006967], [126.55965777840476, 37.53585000872089], [126.55983668402796, 37.53600139469752], [126.56003724446876, 37.5361762683755], [126.56053633098043, 37.53659455612096], [126.56112184510009, 37.537066873269275], [126.56160949550899, 37.53744977670059], [126.56221548706131, 37.53788778252417], [126.56257090286663, 37.538131483157436], [126.56273753101681, 37.53823683191984], [126.5628909987536, 37.53833235606829], [126.56335055999793, 37.53861295023563], [126.56577430864299, 37.540065863669035], [126.56599113042537, 37.54018625878362], [126.56660021339218, 37.54050505139019], [126.56673417924263, 37.540566018062975], [126.56686639170545, 37.54062146540807], [126.56706442984282, 37.540687666407024], [126.57627729882525, 37.54358916835621], [126.57633888286269, 37.54360436522957], [126.5763847832773, 37.54360333984184], [126.57642924394587, 37.54359312944245], [126.57646152925696, 37.543574468470766], [126.57652391078877, 37.543504831135294], [126.57660842134025, 37.54339139275601], [126.5770471359758, 37.54261970275021], [126.57722141948983, 37.54252264151676], [126.57737279014131, 37.54223063082553], [126.57766688227679, 37.54163740535818], [126.57775168459585, 37.54066909651751], [126.57775754746312, 37.540568791822054], [126.5777440120959, 37.54043663944073], [126.57725540930439, 37.53806171969793], [126.57723916491264, 37.53798692293565], [126.57723674899398, 37.5379759402725], [126.57723235165311, 37.53795913034635], [126.5772284751028, 37.537948188545776], [126.57714944780543, 37.53776702002999], [126.57714443965554, 37.53775642450675], [126.57713815874907, 37.537744402144604], [126.5771273111467, 37.53772417082609], [126.57712111656117, 37.537712859386055], [126.57711447066374, 37.53770179859358], [126.57710750473993, 37.53769098947469], [126.5771004982787, 37.537681449111865]]]]}, "properties": {"name": "\uc911\uad6c", "base_year": "2018", "name_eng": "Jung-gu", "code": "23010"}}, {"type": "Feature", "geometry": {"type": "MultiPolygon", "coordinates": [[[[126.6363306628324, 37.49589610988822], [126.64005001038966, 37.495585827622165], [126.64076096156705, 37.4957696909619], [126.64687374330099, 37.49248089823856], [126.65093680472368, 37.490296738879124], [126.65523255000873, 37.48799082067674], [126.65561423957794, 37.487787502432205], [126.65569953489843, 37.48774177400873], [126.66105385583124, 37.484863697644094], [126.66211296179644, 37.4842850393522], [126.66427396875763, 37.48308878272257], [126.66655793228936, 37.481410333734466], [126.67023030225056, 37.47865595754887], [126.67131701069974, 37.47778705702189], [126.67352567722014, 37.47718800837447], [126.6742594055393, 37.47699108399158], [126.67443186464574, 37.47694855948507], [126.67435276393633, 37.47561062416075], [126.67435282843176, 37.475609901732064], [126.67411276562603, 37.47565352375558], [126.67409376027645, 37.475659356011704], [126.67082494924146, 37.476666073431836], [126.67031160226827, 37.476839502913805], [126.66499467543812, 37.47955681022192], [126.66085075020762, 37.481663729969114], [126.66047069679463, 37.48185508751788], [126.65923215487149, 37.48247863586446], [126.65904661394538, 37.482564278778945], [126.65498302730379, 37.48403267877801], [126.65302672453579, 37.48176362935613], [126.65299175996466, 37.47953529643235], [126.65431191492728, 37.47845512209431], [126.65273911856168, 37.476000830263665], [126.65205487255636, 37.47594462060603], [126.6518870590407, 37.47550352756008], [126.65136402159251, 37.47412867898141], [126.65133472827145, 37.474051675811346], [126.65134439087183, 37.47403447545089], [126.65137080729353, 37.47400604569231], [126.65137312265384, 37.4740043137136], [126.65140310413506, 37.473993051327255], [126.6516892485531, 37.47388556931029], [126.65177243725634, 37.473854322047764], [126.65181236766848, 37.47384573226138], [126.65212600605501, 37.47379069029366], [126.65241690385315, 37.47361223807417], [126.65261724313852, 37.47324368741009], [126.6526230806168, 37.47322488215373], [126.65277562041456, 37.47029698653052], [126.65030796520189, 37.46951603467943], [126.64543683750007, 37.469949335869714], [126.64266358516525, 37.468295600635244], [126.64046385463213, 37.469548115220675], [126.6390190298407, 37.470240415808476], [126.63600159254678, 37.47222027346415], [126.63471448409226, 37.47371555792204], [126.6313674853959, 37.47674342679777], [126.6282136114357, 37.47920856481098], [126.62758492787289, 37.47959969641578], [126.62325653245374, 37.48145441377159], [126.62045837417935, 37.48072613167872], [126.61682568480315, 37.483530263964525], [126.61904627768543, 37.484722593299715], [126.61966481080167, 37.48586825669757], [126.61946094082387, 37.48595424853682], [126.61762106090106, 37.48537901066889], [126.61502730286159, 37.484561982374615], [126.61483026213145, 37.484496386618005], [126.61467664540274, 37.484424525349354], [126.61370524512652, 37.48411476088095], [126.61168838082892, 37.48348996421827], [126.61167234297588, 37.48349067466384], [126.6116610063406, 37.48350337764435], [126.6110373755025, 37.48476877669965], [126.61023292949972, 37.48649121225462], [126.60984852233089, 37.4873694846222], [126.60984488503861, 37.48738546501597], [126.6098532231529, 37.48739999795707], [126.60997713409606, 37.48747447008226], [126.6099862993087, 37.48747954697667], [126.62315814913042, 37.49183970880713], [126.62515157693598, 37.492380661942185], [126.62615734239041, 37.492539864732635], [126.62620048664296, 37.49254101130143], [126.62624104877017, 37.492540860655176], [126.62627969735628, 37.49253872911745], [126.62630771738596, 37.49253677313763], [126.62632759298131, 37.49253033133593], [126.6263508960407, 37.492517486519176], [126.6263814468965, 37.492495398872656], [126.62662699897889, 37.49226284259847], [126.62735171745753, 37.49152620400188], [126.62862722907296, 37.49022212965734], [126.62959679538886, 37.4892375858774], [126.63065831294958, 37.48832081358764], [126.63162211543487, 37.48753482439188], [126.63178538803645, 37.48741274975483], [126.63189091473738, 37.487337333043016], [126.63211786255349, 37.48721402409143], [126.63236850859317, 37.48708134894571], [126.63263141920409, 37.48697257675322], [126.63319157173278, 37.486686924743154], [126.63391459791485, 37.486314828536244], [126.63604694933778, 37.485206441225706], [126.63852924556042, 37.48360189764831], [126.63854088192113, 37.48358535453198], [126.63855396998869, 37.483555858892], [126.63856484420116, 37.48348354235246], [126.63856482827396, 37.48343508426025], [126.63856123983919, 37.4834126849711], [126.63855374533586, 37.483386487785836], [126.63853997874472, 37.48336692020854], [126.63826635824458, 37.483095736975656], [126.6375587427285, 37.48242541152511], [126.63773857669887, 37.48231170654396], [126.63869482944789, 37.48320011379811], [126.63877266330803, 37.48330329185243], [126.63878565921152, 37.48335689569017], [126.63878841969253, 37.48339585561339], [126.63879098812708, 37.483433218760055], [126.63879227913122, 37.48345653148067], [126.63878770638442, 37.48349504496138], [126.63877837875675, 37.48353729139164], [126.63869386470412, 37.483689670954995], [126.63868247335826, 37.48370950396988], [126.63783686383809, 37.48429290043343], [126.63622792184891, 37.48540271491168], [126.63576688458468, 37.48571853901979], [126.63290936110243, 37.487636723675], [126.63242438951671, 37.48796008149585], [126.63101319578051, 37.48924551558639], [126.62809525196005, 37.49241783183111], [126.62781008466321, 37.49273384403738], [126.62766566455656, 37.4929771094229], [126.62748175115573, 37.49335334609633], [126.62748911232349, 37.49338511142174], [126.63283377653636, 37.49490839166896], [126.63500713825931, 37.49552295125477], [126.6363306628324, 37.49589610988822]]]]}, "properties": {"name": "\ub3d9\uad6c", "base_year": "2018", "name_eng": "Dong-gu", "code": "23020"}}, {"type": "Feature", "geometry": {"type": "MultiPolygon", "coordinates": [[[[126.67411276562603, 37.47565352375558], [126.67435282843176, 37.475609901732064], [126.67435276393633, 37.47561062416075], [126.67437209328773, 37.47560710337491], [126.67437281953937, 37.47560698406416], [126.67465381623978, 37.475560633360644], [126.67808279922885, 37.474725598056764], [126.67812282126793, 37.474715850786275], [126.68094596443886, 37.47382810385799], [126.68094588815194, 37.47382794379083], [126.68088843458357, 37.473707465413725], [126.68123210812695, 37.47375723305856], [126.68320649331872, 37.4734378184154], [126.68343994349507, 37.473400048574945], [126.68503390191403, 37.472573696994026], [126.68518134175298, 37.47237938656452], [126.6853295875997, 37.47218201331309], [126.68542440804418, 37.472053513037594], [126.68576378761973, 37.47159319981693], [126.6843474827846, 37.46951536943425], [126.68724915381192, 37.468985890114105], [126.68723467597401, 37.468896131677745], [126.68680075313749, 37.46618655188822], [126.6900939585732, 37.46585139074288], [126.6926860319862, 37.46570201346173], [126.69270903926918, 37.46565995149049], [126.69274345927244, 37.46558585424152], [126.6927461837478, 37.465579824806355], [126.69280836529293, 37.46537673953594], [126.69290892821672, 37.46469186797281], [126.69721979718005, 37.461272901130116], [126.6961851923722, 37.46075973684361], [126.69594398717392, 37.46051523086315], [126.69584659709034, 37.46040254303801], [126.69579326338352, 37.460337910264364], [126.69550739138892, 37.459982941876405], [126.69467731066139, 37.458674888233965], [126.6945284845758, 37.457617084687485], [126.69450959317011, 37.4574827864042], [126.69451672437036, 37.455987232381744], [126.69505432765479, 37.45566031368692], [126.69491991427248, 37.45448189404751], [126.69428856529717, 37.45128151614521], [126.69272262961859, 37.4513644709078], [126.69266464122325, 37.450532692387206], [126.6926292434596, 37.45019121180132], [126.69289600129329, 37.44831274744216], [126.69400913455111, 37.447126802876184], [126.69321291532219, 37.44666246151163], [126.69324610371325, 37.44663268298609], [126.69480788885174, 37.44546301408395], [126.6958784128156, 37.44484814921638], [126.69595701188189, 37.444805193748785], [126.69603786190196, 37.44476485664428], [126.69612084788274, 37.44472732009054], [126.6962057415082, 37.44469258072766], [126.69629232025247, 37.44466072807485], [126.69638046881273, 37.444631762245855], [126.6964701875112, 37.444605865312475], [126.70080046821268, 37.443436106883425], [126.70093564557709, 37.44340140035744], [126.70107205151312, 37.44337021364937], [126.70120968800286, 37.44334236199129], [126.70134844009932, 37.443318025774076], [126.70148796867697, 37.44329720540673], [126.70162827372613, 37.443279903590636], [126.70176924323307, 37.443266024924625], [126.70191065145734, 37.44325575085657], [126.70294069279323, 37.44319393600361], [126.70243720999765, 37.439573418528944], [126.70241063801694, 37.439384536477], [126.7021890613923, 37.43917765332182], [126.70099132844081, 37.43880813069057], [126.70007219623677, 37.438765334850395], [126.69986359578692, 37.43876802040347], [126.69902763039403, 37.438778669017445], [126.69755605446187, 37.43879643803299], [126.69685481184656, 37.438790775443444], [126.69673877558773, 37.43878853931849], [126.69654917051804, 37.43878485116528], [126.69615102510713, 37.43876067735192], [126.695413571316, 37.43868242818143], [126.69532362714817, 37.43863246860398], [126.69529412966497, 37.438331491803666], [126.69529424318857, 37.43827824246303], [126.69534537997725, 37.43819650983139], [126.69543756664862, 37.4385114516994], [126.69557588297283, 37.4383011737874], [126.69596686195916, 37.43769665589823], [126.6961117422078, 37.43747205800918], [126.69621118045967, 37.437317854828834], [126.69627428157739, 37.43721964708816], [126.69772962460866, 37.43361973556076], [126.69773830343941, 37.43359705151606], [126.69772138625883, 37.43358908049305], [126.69763803467177, 37.43358120653294], [126.69614026804645, 37.433523827685036], [126.69559154126122, 37.433509703737975], [126.6916510461442, 37.433408348987044], [126.68915473099044, 37.43334411511211], [126.6868300784141, 37.43208470506338], [126.68553875116498, 37.43022688457799], [126.6799337111252, 37.43067345396909], [126.67720040975715, 37.431418830387194], [126.67579854074181, 37.43036729728408], [126.67216993470086, 37.43108362391674], [126.6647061132512, 37.433192435205406], [126.66135318165442, 37.43477318909756], [126.66025698148398, 37.43537186478505], [126.65664048169896, 37.435001862321535], [126.65557614002464, 37.4353970551676], [126.65376011149095, 37.43515160137134], [126.65091436089745, 37.43503187624998], [126.64903031965937, 37.43496075209576], [126.64817977560374, 37.43496813302127], [126.64814206670592, 37.43495923532873], [126.64799844930478, 37.43492107173829], [126.6479452352068, 37.43490692812259], [126.6479149453733, 37.43489887342348], [126.64789017530961, 37.43489228444684], [126.64777941570865, 37.434862806727274], [126.64707810312852, 37.43466249388603], [126.64657835094114, 37.433403516339865], [126.64632187269433, 37.43307024303388], [126.64534525569869, 37.4323715899702], [126.64523518697183, 37.432299664867095], [126.64512264492863, 37.43222738106278], [126.64456472088845, 37.43187712495331], [126.64408159221064, 37.43164485564458], [126.6438789923402, 37.43157266660682], [126.6434024272263, 37.43145511189312], [126.63853845076964, 37.43039478804925], [126.63729622441939, 37.43050134779657], [126.63576567211686, 37.43120264996391], [126.63531946231615, 37.43153186578762], [126.63463944005456, 37.432018499854095], [126.63433240654805, 37.43213245902407], [126.63348585448433, 37.432029634858566], [126.63335813862092, 37.43190021287902], [126.63344762859755, 37.43146035044028], [126.63360238423996, 37.43077453720405], [126.63371272290507, 37.43069496533127], [126.63235610965394, 37.42994968451739], [126.63100831916607, 37.437230237055665], [126.62887200073642, 37.448648033978735], [126.62887359183732, 37.44865296886495], [126.62894380054827, 37.448870204458636], [126.62902628946607, 37.44887235733244], [126.6291865041973, 37.44894328423012], [126.63008017506228, 37.44993046662949], [126.63008815944256, 37.44994507855129], [126.63004403652282, 37.450544791230065], [126.62941180775026, 37.451899178870626], [126.6293657526825, 37.45199315108547], [126.62934806064997, 37.45204645257089], [126.62934926858347, 37.45216755198063], [126.6293551575654, 37.45223828978405], [126.62938042538181, 37.45232537836922], [126.62941408194504, 37.45240527831528], [126.62946771334907, 37.45249557370642], [126.62951103164345, 37.45255737545157], [126.62957809732293, 37.45261408823042], [126.62966323226013, 37.45267588424401], [126.6297415097906, 37.452727668015676], [126.62980671216273, 37.4527662642991], [126.62989823803156, 37.4528063595141], [126.63190853628187, 37.45340838559514], [126.63270899621668, 37.453643579928205], [126.63532970652517, 37.4570770832164], [126.63754128497499, 37.45997788075873], [126.63758064950365, 37.45996016637676], [126.6402374106398, 37.464102254089234], [126.64027500878836, 37.46408034012864], [126.6407584061435, 37.46432334732645], [126.64222744461708, 37.46506543361894], [126.64222748953595, 37.46506546098538], [126.64328381660562, 37.46714115509591], [126.64340245874881, 37.467968757898326], [126.6430091600606, 37.46814603081393], [126.64266358516525, 37.468295600635244], [126.64543683750007, 37.469949335869714], [126.65030796520189, 37.46951603467943], [126.65277562041456, 37.47029698653052], [126.6526230806168, 37.47322488215373], [126.65261724313852, 37.47324368741009], [126.65241690385315, 37.47361223807417], [126.65212600605501, 37.47379069029366], [126.65181236766848, 37.47384573226138], [126.65177243725634, 37.473854322047764], [126.6516892485531, 37.47388556931029], [126.65140310413506, 37.473993051327255], [126.65137312265384, 37.4740043137136], [126.65137080729353, 37.47400604569231], [126.65134439087183, 37.47403447545089], [126.65133472827145, 37.474051675811346], [126.65136402159251, 37.47412867898141], [126.6518870590407, 37.47550352756008], [126.65205487255636, 37.47594462060603], [126.65273911856168, 37.476000830263665], [126.65431191492728, 37.47845512209431], [126.65299175996466, 37.47953529643235], [126.65302672453579, 37.48176362935613], [126.65498302730379, 37.48403267877801], [126.65904661394538, 37.482564278778945], [126.65923215487149, 37.48247863586446], [126.66047069679463, 37.48185508751788], [126.66085075020762, 37.481663729969114], [126.66499467543812, 37.47955681022192], [126.67031160226827, 37.476839502913805], [126.67082494924146, 37.476666073431836], [126.67409376027645, 37.475659356011704], [126.67411276562603, 37.47565352375558]]]]}, "properties": {"name": "\ub0a8\uad6c", "base_year": "2018", "name_eng": "Nam-gu", "code": "23030"}}, {"type": "Feature", "geometry": {"type": "MultiPolygon", "coordinates": [[[[126.59818947552155, 37.41607234476634], [126.59784678422727, 37.41603802684817], [126.59632997185507, 37.415898399478486], [126.59628273395981, 37.41590213951174], [126.59624232560739, 37.41591287573783], [126.59619724551118, 37.41592907626981], [126.59618240799014, 37.41594073806505], [126.5961226296271, 37.41599725353618], [126.5960810671135, 37.416071480979845], [126.59598321465907, 37.416318302875325], [126.59595500403337, 37.416421150179765], [126.59818947552155, 37.41607234476634]]], [[[126.59595500403337, 37.416421150179765], [126.59570552405567, 37.416460092096166], [126.58969259647046, 37.41939631059162], [126.58966689606466, 37.425000659955785], [126.58965985055583, 37.426538317991515], [126.58971606462671, 37.42653888250598], [126.58972392996372, 37.4252112160374], [126.58972651788585, 37.42471667887318], [126.58972959579788, 37.42392084274822], [126.58975321687277, 37.41942079473848], [126.59468401029588, 37.41723151913401], [126.59511127718149, 37.417082145133726], [126.5956491097822, 37.41685947043997], [126.5957228969018, 37.41680732035868], [126.59579592450575, 37.41673637308146], [126.59586557423042, 37.416652735958586], [126.59592017724322, 37.416548124683004], [126.59595500403337, 37.416421150179765]]], [[[126.59818947552155, 37.41607234476634], [126.60104509572139, 37.41635827574746], [126.60104299459984, 37.416744883084796], [126.60102805744395, 37.419494180466344], [126.60102776353668, 37.41965527104826], [126.60157295183836, 37.420700867620596], [126.60405531925691, 37.424341829490565], [126.60485876053095, 37.42527522083102], [126.60802952346172, 37.42683290206016], [126.6080649259251, 37.426840163672466], [126.60810285170622, 37.42684279515542], [126.61143603764015, 37.426852797302125], [126.61511323772402, 37.4268636840827], [126.61511696541649, 37.42685732502615], [126.6166957135461, 37.4268628525312], [126.62695863109126, 37.426902540237634], [126.62982551048567, 37.426917536344455], [126.63129225647923, 37.42692068685855], [126.63196022781605, 37.42692193997219], [126.63273622795546, 37.426918631551516], [126.63278730118552, 37.426917358596604], [126.63280528626443, 37.42691275484817], [126.63281483767156, 37.42690482092766], [126.6328286840401, 37.4268782569523], [126.63321264065556, 37.42500055796625], [126.63362334282108, 37.42298857147249], [126.63405029290453, 37.42089420108116], [126.63424530401996, 37.419919745038634], [126.6345006738421, 37.41867791172927], [126.6346265638435, 37.418072744460225], [126.63680920545175, 37.41896824513901], [126.63733157501865, 37.4211714200795], [126.63709352808422, 37.42118276124873], [126.63605614132489, 37.42138394968776], [126.63520761123534, 37.422428949913744], [126.63514928853029, 37.42254433425953], [126.63512001075564, 37.422664412604796], [126.63511423140487, 37.422849498876964], [126.63516436916304, 37.423221727209025], [126.63522318758915, 37.42362397631534], [126.63527721980125, 37.42380860778112], [126.63564226740914, 37.42463055539883], [126.63566725738514, 37.42466796212812], [126.63572284566497, 37.424729772223245], [126.63599237616796, 37.425573948823384], [126.63599271622819, 37.425587826706305], [126.63597868759365, 37.4256852449341], [126.63587517023866, 37.426157670433184], [126.6350342321628, 37.42988627677266], [126.6346735406064, 37.43046547095659], [126.6345813372555, 37.43051382936212], [126.63371272290507, 37.43069496533127], [126.63360238423996, 37.43077453720405], [126.63344762859755, 37.43146035044028], [126.63335813862092, 37.43190021287902], [126.63348585448433, 37.432029634858566], [126.63433240654805, 37.43213245902407], [126.63463944005456, 37.432018499854095], [126.63531946231615, 37.43153186578762], [126.63576567211686, 37.43120264996391], [126.63729622441939, 37.43050134779657], [126.63853845076964, 37.43039478804925], [126.6434024272263, 37.43145511189312], [126.6438789923402, 37.43157266660682], [126.64408159221064, 37.43164485564458], [126.64456472088845, 37.43187712495331], [126.64512264492863, 37.43222738106278], [126.64523518697183, 37.432299664867095], [126.64534525569869, 37.4323715899702], [126.64632187269433, 37.43307024303388], [126.64657835094114, 37.433403516339865], [126.64707810312852, 37.43466249388603], [126.64777941570865, 37.434862806727274], [126.64789017530961, 37.43489228444684], [126.6479149453733, 37.43489887342348], [126.6479452352068, 37.43490692812259], [126.64799844930478, 37.43492107173829], [126.64814206670592, 37.43495923532873], [126.64817977560374, 37.43496813302127], [126.64903031965937, 37.43496075209576], [126.65091436089745, 37.43503187624998], [126.65376011149095, 37.43515160137134], [126.65557614002464, 37.4353970551676], [126.65664048169896, 37.435001862321535], [126.66025698148398, 37.43537186478505], [126.66135318165442, 37.43477318909756], [126.6647061132512, 37.433192435205406], [126.67216993470086, 37.43108362391674], [126.67579854074181, 37.43036729728408], [126.67720040975715, 37.431418830387194], [126.6799337111252, 37.43067345396909], [126.68553875116498, 37.43022688457799], [126.6868300784141, 37.43208470506338], [126.68915473099044, 37.43334411511211], [126.6916510461442, 37.433408348987044], [126.69559154126122, 37.433509703737975], [126.69614026804645, 37.433523827685036], [126.69763803467177, 37.43358120653294], [126.69772138625883, 37.43358908049305], [126.69773830343941, 37.43359705151606], [126.69772962460866, 37.43361973556076], [126.69627428157739, 37.43721964708816], [126.69621118045967, 37.437317854828834], [126.6961117422078, 37.43747205800918], [126.69596686195916, 37.43769665589823], [126.69557588297283, 37.4383011737874], [126.69543756664862, 37.4385114516994], [126.69534537997725, 37.43819650983139], [126.69529424318857, 37.43827824246303], [126.69529412966497, 37.438331491803666], [126.69532362714817, 37.43863246860398], [126.695413571316, 37.43868242818143], [126.69615102510713, 37.43876067735192], [126.69654917051804, 37.43878485116528], [126.69673877558773, 37.43878853931849], [126.69685481184656, 37.438790775443444], [126.69755605446187, 37.43879643803299], [126.69902763039403, 37.438778669017445], [126.69986359578692, 37.43876802040347], [126.70007219623677, 37.438765334850395], [126.70099132844081, 37.43880813069057], [126.7021890613923, 37.43917765332182], [126.70241063801694, 37.439384536477], [126.70256727514534, 37.439100430565226], [126.7049920965494, 37.438964360502254], [126.70502427943585, 37.438901280349576], [126.70508245949628, 37.438726605441296], [126.70493956800848, 37.43741991422614], [126.70486364693653, 37.43717123657632], [126.70491937452928, 37.43704279273781], [126.70499839104387, 37.43686486437812], [126.70662914645257, 37.43430362607275], [126.7066296681099, 37.43429639711027], [126.70663876469062, 37.43417028303786], [126.70664619200592, 37.43401233996232], [126.70665454421953, 37.433834661634556], [126.70557480325684, 37.42864808865624], [126.70526862379272, 37.42726316832874], [126.70509231897242, 37.42659048602138], [126.70496253675205, 37.426267688839985], [126.70480096983239, 37.42595535513845], [126.70462102235193, 37.42566270751297], [126.70403203766888, 37.424901858804816], [126.69865397262731, 37.41951351451915], [126.69530749894786, 37.417111367106266], [126.69522323718022, 37.4170508794841], [126.6918836394812, 37.414653421352604], [126.68787701145341, 37.41144265856377], [126.6869242562286, 37.41051965580432], [126.68545601989904, 37.406634645949836], [126.68534982689602, 37.406291887197476], [126.6852548765772, 37.40606773154408], [126.68503115322343, 37.40565924495748], [126.6846939841675, 37.405182160267636], [126.68428416733681, 37.40471199606919], [126.68350920241174, 37.40413579024748], [126.68291624334418, 37.40381640811994], [126.68079939837887, 37.40303482571015], [126.68040835375291, 37.40287097998647], [126.68018383452439, 37.402776908091845], [126.68005994145908, 37.40272278055173], [126.67984665341564, 37.40262957729829], [126.67940101917719, 37.40241077058519], [126.67910190749532, 37.40223614920716], [126.6784725765792, 37.40184699678045], [126.67810985978623, 37.40159930948266], [126.67789374418012, 37.40142932889194], [126.67736833600706, 37.40098648452876], [126.67602170096619, 37.399798857744095], [126.67486535849295, 37.39875238934749], [126.67459100114013, 37.39850088129365], [126.67225951411652, 37.39644605415968], [126.66928674757771, 37.39384652428386], [126.66785506216084, 37.39261826942732], [126.66744601940763, 37.392267362234925], [126.66742678192821, 37.39225090769632], [126.66709062564155, 37.39244872374655], [126.66685187691748, 37.39220053749203], [126.66802744702709, 37.391508728219605], [126.66986923502208, 37.390462427260346], [126.67015981927644, 37.39030097043719], [126.67045298702196, 37.39014258301321], [126.67074862502807, 37.389987085706466], [126.67094361526573, 37.38989032030423], [126.67115918516735, 37.38978739563064], [126.67137711003282, 37.38968763280329], [126.67159716724757, 37.38959093740987], [126.67181946879597, 37.38949740035892], [126.67204379000319, 37.3894071147075], [126.67227012739384, 37.389319987580116], [126.67249836832114, 37.38923619754748], [126.6727284030829, 37.3891556554982], [126.67296034142039, 37.38907845142411], [126.67319384770015, 37.389004496437], [126.67342914266196, 37.38893405977441], [126.6736658926638, 37.388866871390796], [126.67390409577462, 37.38880310973323], [126.67414374879542, 37.388742863103985], [126.67438463227131, 37.38868595600001], [126.6745734969274, 37.38864539198296], [126.67491708479301, 37.388574440922795], [126.67526178572581, 37.388507006515056], [126.67560748458658, 37.388443085243566], [126.67595418688681, 37.38838259060785], [126.67630177546557, 37.388325703857795], [126.68201769948824, 37.387365037203146], [126.68241161371807, 37.38729879391213], [126.683067577108, 37.3871609063863], [126.68449974597794, 37.38576261286133], [126.68391056563686, 37.38583111486416], [126.68383310390142, 37.38581511291177], [126.683792300266, 37.38580346152392], [126.68376835899406, 37.3857932983865], [126.68375156994195, 37.38577942233807], [126.68354699361475, 37.38557307324511], [126.6835069631093, 37.38551743532647], [126.6835075535769, 37.38550819325373], [126.68372168832973, 37.38483701912096], [126.6837286209166, 37.384828758239145], [126.68398199665589, 37.384631499302266], [126.69171088498021, 37.38335139326795], [126.69480020042258, 37.382856367865934], [126.69484634122726, 37.38284975597541], [126.69487845200395, 37.38285041446727], [126.69489345508282, 37.38285397783956], [126.6952938209157, 37.3833005457185], [126.69540498380981, 37.38335358646324], [126.6954620895862, 37.38336652915147], [126.69551361694188, 37.38335394698047], [126.69563814600296, 37.3832573822155], [126.69564370863486, 37.383224751126214], [126.69563099048234, 37.3831811180667], [126.6943224157449, 37.3818143906127], [126.69376529286367, 37.381235755964695], [126.69043528030149, 37.3778454916927], [126.68769578533272, 37.37504087911615], [126.68478381151483, 37.37204622912756], [126.68423180900794, 37.371476582029864], [126.67745521378393, 37.364462847235274], [126.67299222543635, 37.35983650541497], [126.66827025453199, 37.35493902464117], [126.6672292965758, 37.35385837654877], [126.66682927084076, 37.35343310122811], [126.66682830481247, 37.35342692729336], [126.66683304831359, 37.3534237518503], [126.66718668592334, 37.35320695124445], [126.66461097871249, 37.35000064124967], [126.65979585570797, 37.3484714040598], [126.65879625368005, 37.34817700810275], [126.65827485964967, 37.348044863836186], [126.65736123629364, 37.34781991913777], [126.65654039689146, 37.34765232841065], [126.6549070421629, 37.34736579632397], [126.65484680934706, 37.34735870131592], [126.65419689552559, 37.347289190413946], [126.65346860821442, 37.34725350574688], [126.65306755030105, 37.34723607437041], [126.65266400531105, 37.34722999903029], [126.65193579957437, 37.347225326848196], [126.65000000527138, 37.34721692943277], [126.64579418281673, 37.347209611010214], [126.64377464932181, 37.34720813251701], [126.64331975669276, 37.347205924281134], [126.64310538898921, 37.347201438591085], [126.64295528200542, 37.34719304829844], [126.64266221249169, 37.34716813274247], [126.64218542126493, 37.34712647101306], [126.64206435053346, 37.347099631931165], [126.64204719437154, 37.347090272135944], [126.64203450647892, 37.347079160047294], [126.6420272284576, 37.34706887498634], [126.64202194308226, 37.34706028271573], [126.64201929500226, 37.34704991225525], [126.64202960478664, 37.345684106291905], [126.64204377744117, 37.3442462297673], [126.64204980334493, 37.344196467727485], [126.64205253969868, 37.344190538573734], [126.64205504611814, 37.34418795000829], [126.64205786473231, 37.34418630112506], [126.64207528274454, 37.344185091627246], [126.64562821669384, 37.34449511717092], [126.6508853472267, 37.34452218340845], [126.65110239149979, 37.34452235483238], [126.65147270574838, 37.34451732842254], [126.65155517427307, 37.34449876594788], [126.65184978506613, 37.34439564614032], [126.65332840991348, 37.343876311780065], [126.65407909810719, 37.34361020209381], [126.65282808562851, 37.34376507265794], [126.65180875526089, 37.34411928035026], [126.65146033076766, 37.34423754096982], [126.65141716539652, 37.344246783993], [126.65140171670222, 37.34424897345385], [126.65137428820177, 37.344250081867266], [126.64408917571527, 37.34423612028572], [126.64400357755699, 37.34423586327162], [126.64362713938809, 37.34422371949418], [126.64358120999418, 37.34422038184502], [126.64353035964724, 37.344213345408384], [126.64343514323656, 37.344194154608076], [126.64089047301812, 37.34355048705652], [126.6408824552197, 37.34354235261085], [126.64087828109406, 37.343532374848365], [126.64053018578734, 37.34203328160118], [126.632168468887, 37.34185786551976], [126.62281450579063, 37.34179326324863], [126.62276798721042, 37.34179536820635], [126.62269650754949, 37.34182913498177], [126.6226955683621, 37.34224038733489], [126.6226975888184, 37.34259422678788], [126.62269748129633, 37.34260929136405], [126.62259353366431, 37.34306694979731], [126.62258973448256, 37.34307269574672], [126.62258205013731, 37.3430748885522], [126.62256866714456, 37.343076665925246], [126.6220833389986, 37.34307719699781], [126.61953442426245, 37.3430685774622], [126.61510456684896, 37.343050318678806], [126.61493322496857, 37.34304555400213], [126.6146600548456, 37.346770689119964], [126.6146591133823, 37.34710950742119], [126.61465557943495, 37.34729527678182], [126.61465502860801, 37.34729699606206], [126.61465442306361, 37.347298183129595], [126.6146538893253, 37.34729883172047], [126.61458911633308, 37.34736142958762], [126.61458562515514, 37.34736452757451], [126.61458178792846, 37.347366712596184], [126.61457913086792, 37.34736742641606], [126.61456886057955, 37.347367681242915], [126.61437898551907, 37.347369899545726], [126.61341655535725, 37.34736494716745], [126.61349972329864, 37.34353560423037], [126.60980496454629, 37.343465892743446], [126.60830382180303, 37.33849794218639], [126.61020471175428, 37.33842518323207], [126.61027861407374, 37.33744038947314], [126.60573826108461, 37.337327791225384], [126.60577541251756, 37.338305411828664], [126.60768376166342, 37.338349056129495], [126.60933836115389, 37.34345708055985], [126.60275387774142, 37.34333253620633], [126.59999999200596, 37.34332820346111], [126.59496726513095, 37.34332012721705], [126.59242392517402, 37.3390174619469], [126.5940985103082, 37.33823716411436], [126.59399242377606, 37.33730389695157], [126.58064153648424, 37.33731409190335], [126.58066564895883, 37.339248939463914], [126.59104383492696, 37.33940559940966], [126.5962584100513, 37.34724726549428], [126.5960707545676, 37.347247984115064], [126.59471285041853, 37.3472503504863], [126.59304030913314, 37.3472357161242], [126.59150841482081, 37.34722518317294], [126.58617751962645, 37.34720400517312], [126.58296012262521, 37.34719260880108], [126.58295226329989, 37.347195507936085], [126.58294852096778, 37.34720281238262], [126.58290099777311, 37.3548300078727], [126.58290363097333, 37.35483575551846], [126.5829085983644, 37.354839531063334], [126.58367075857845, 37.35484353065054], [126.5999622718345, 37.3549093084385], [126.59999996951758, 37.35490945286628], [126.60071252278847, 37.354912130505646], [126.61562411323966, 37.35495546082324], [126.61923251616189, 37.35496279655544], [126.6390181510064, 37.354996375111675], [126.63720315339751, 37.35483156792772], [126.63612336987853, 37.35483028652178], [126.63496478319571, 37.354827925033], [126.63264217401883, 37.35482090538742], [126.62546296108822, 37.35478359730596], [126.62512035451037, 37.354780980805934], [126.62207382328313, 37.35467352512563], [126.62200272264458, 37.35466765772041], [126.62194987124953, 37.35464819801911], [126.62084660973098, 37.354039594129056], [126.62083708384552, 37.354030742271114], [126.62083650299763, 37.35402729836139], [126.6208353223517, 37.35393877956821], [126.62083703200584, 37.3533879166247], [126.62085240964318, 37.35045835156977], [126.6208699515475, 37.348468964606994], [126.62087664454448, 37.347815959842215], [126.62088100120681, 37.34768109984241], [126.62088338348703, 37.34767412478317], [126.62088704639064, 37.34767080254502], [126.62092085762801, 37.347666801192204], [126.62223950170228, 37.34766711817282], [126.62823430425945, 37.3476826401954], [126.63676705243142, 37.347708012707194], [126.63879036679265, 37.347717406402474], [126.64012625961738, 37.34772413573787], [126.64142764149419, 37.34773575530295], [126.64207589460189, 37.34774646708314], [126.64273876795573, 37.347767780341506], [126.64309678263717, 37.347784646512515], [126.64356967866783, 37.34783030367697], [126.6439710129262, 37.347889087749614], [126.64454577968824, 37.34799887644601], [126.64514766869297, 37.348151775866576], [126.64558623829508, 37.34828536087594], [126.64595107188873, 37.34842015696118], [126.64631862541364, 37.34856493341951], [126.64669589491196, 37.34873202987772], [126.64705002474304, 37.34890016431136], [126.64749869045245, 37.34915304015732], [126.64759202318686, 37.349211659588235], [126.64788770523266, 37.349411053242974], [126.6480827847492, 37.34954457114438], [126.64830089135819, 37.349707233348006], [126.64855543347126, 37.349900701006476], [126.64868063239408, 37.35000010487818], [126.64887482873458, 37.35015430500717], [126.64908682076522, 37.3503606486914], [126.64929750749114, 37.3505661028769], [126.65070264719945, 37.35201595427088], [126.65138558524379, 37.35272763243301], [126.65152023976101, 37.35286826456996], [126.65152493825404, 37.35287756788795], [126.65151465207457, 37.35290044280179], [126.65116643281017, 37.35341955047669], [126.65116551278146, 37.3534208364286], [126.65116171735538, 37.35342398739704], [126.65071962321593, 37.3537039284437], [126.64884337048957, 37.35486046837413], [126.64883097678386, 37.35486329780144], [126.64882468655196, 37.35486378253804], [126.64594928376367, 37.35485549132435], [126.64549785805004, 37.35485254469355], [126.64473218519186, 37.35484087621027], [126.64463750213345, 37.35477268313818], [126.64457724737386, 37.35474719133139], [126.64405075080631, 37.35473789508325], [126.64400415490918, 37.35473819605296], [126.64274864057248, 37.35484932898579], [126.64273736171623, 37.35485240200989], [126.64272671429035, 37.354860318120394], [126.64271986107602, 37.354875353645134], [126.64271279331919, 37.354911237919765], [126.64271268777978, 37.35492627547806], [126.64272125345643, 37.35495069235974], [126.642737220262, 37.35497980669752], [126.64275912033891, 37.354991378461534], [126.64281504227122, 37.35499472036949], [126.64337463840685, 37.355010904880636], [126.6438408608915, 37.35501605788315], [126.64889403975455, 37.35503002048953], [126.64891429507895, 37.35502614255234], [126.64893834074431, 37.35501297900769], [126.64970746061518, 37.35454094151906], [126.65000001364052, 37.35436048582899], [126.65044022440576, 37.354088940117286], [126.65123023506203, 37.35360340317604], [126.65184233037176, 37.35323533622178], [126.65185555339495, 37.35323121986833], [126.6528187328887, 37.35422607891982], [126.65444010498132, 37.35590327966372], [126.65444136010456, 37.355907752183484], [126.65444030025218, 37.35602598174077], [126.65443214539097, 37.35603907792941], [126.64115644742081, 37.36416716842456], [126.64035722415697, 37.36464396315198], [126.6375392135328, 37.366374806313054], [126.63430817048605, 37.36835500053676], [126.6318619105136, 37.36984734172748], [126.63101746351548, 37.37036015698017], [126.62978357799268, 37.37109717510376], [126.62978282133373, 37.371097173141585], [126.62959856605217, 37.37091575098003], [126.62601184295802, 37.37311144160925], [126.6260115490183, 37.373118280745736], [126.62605119288308, 37.37339595047149], [126.62500002302826, 37.374044353830826], [126.62146733161866, 37.37621389214601], [126.61889528245267, 37.37778188458023], [126.61797264299385, 37.378342856145565], [126.61707607865544, 37.37888707316706], [126.6162620539869, 37.37938125650142], [126.61624287845095, 37.37939521582559], [126.61615579096802, 37.37948209751257], [126.6151658003011, 37.380680622618705], [126.61046314860351, 37.38645470151698], [126.60990520783967, 37.38714148366544], [126.6098903642653, 37.38718604489116], [126.6098805696294, 37.38725242626746], [126.60987909312053, 37.38743903170101], [126.60988626601856, 37.38794886864381], [126.60988573957216, 37.3891794502224], [126.60987962347158, 37.39182163497662], [126.60986234255334, 37.392876976344546], [126.60986061401437, 37.39289876528758], [126.6098497657651, 37.39291756158219], [126.60983731824511, 37.39292887360942], [126.60973296399342, 37.39298286864823], [126.60889832739979, 37.393480526781865], [126.60819309894822, 37.39391440176727], [126.60813012764184, 37.393957956136376], [126.60811483008244, 37.3939723579542], [126.60811063102842, 37.393995707401764], [126.60810703001597, 37.394206171617505], [126.60809773077519, 37.396629920954744], [126.60809429256676, 37.39759384388332], [126.6080958860287, 37.39761286905209], [126.60811104885859, 37.39762896622936], [126.60814014838431, 37.39764927329425], [126.60866763611327, 37.397981098461536], [126.60970642724398, 37.39862368505758], [126.60982210958491, 37.39869540965978], [126.60983498485358, 37.398716787548324], [126.60984158828539, 37.39875223881794], [126.60982192385627, 37.404326891894605], [126.6098153602374, 37.40591723369587], [126.60977019086674, 37.41233726383146], [126.60974720240806, 37.4152615459607], [126.6097379429656, 37.41621219221047], [126.6097274956799, 37.416227176906354], [126.60970706235155, 37.41624223782251], [126.60967720026215, 37.41625860138241], [126.60965078004091, 37.41626257745542], [126.6081739621746, 37.41625595218547], [126.60167216505413, 37.41620304931326], [126.5984431850595, 37.41603273760965], [126.59818947552155, 37.41607234476634]], [[126.65256014678846, 37.35347691034082], [126.65383524056732, 37.35201096174158], [126.65361634786723, 37.35179195807406], [126.64709130082096, 37.348574368564336], [126.64677187338931, 37.34842388988744], [126.64639917408017, 37.34825971822233], [126.64601428926524, 37.34810714088608], [126.6455841040505, 37.34795702212274], [126.64526563914349, 37.34786236055558], [126.64482353753804, 37.34774580081838], [126.6444315431097, 37.34766110810105], [126.64419037642769, 37.347614962426185], [126.64442320045366, 37.34748532881186], [126.64694412721762, 37.34747561630796], [126.64871609313346, 37.347469167957705], [126.64981682932573, 37.34746578291685], [126.65193668274381, 37.34747162359495], [126.65264404481809, 37.347483507013784], [126.65340148194996, 37.3475104422292], [126.6541048355554, 37.34755985887146], [126.65460170186122, 37.347616796835176], [126.6551370423122, 37.34769060161772], [126.65570807602484, 37.34777597987185], [126.65636281047279, 37.3478980898222], [126.6568919608901, 37.34801348734509], [126.65739110500189, 37.348143880188715], [126.65789884943828, 37.34829692934979], [126.6583140313812, 37.348441616506], [126.66122108187623, 37.3499280996251], [126.66135856219903, 37.350000648100234], [126.66200220210774, 37.35034030060851], [126.66283122287794, 37.35084532080318], [126.66283447787251, 37.350854584621764], [126.66236493430745, 37.35117282933106], [126.65481855971527, 37.35578164692166], [126.65480734189765, 37.35578393915169], [126.65479115286529, 37.35577964836037], [126.65478095559834, 37.355771284760834], [126.65403308842748, 37.35501260832283], [126.65304145345537, 37.35398885241418], [126.65256014678846, 37.35347691034082]]]]}, "properties": {"name": "\uc5f0\uc218\uad6c", "base_year": "2018", "name_eng": "Yeonsu-gu", "code": "23040"}}, {"type": "Feature", "geometry": {"type": "MultiPolygon", "coordinates": [[[[126.72379313782605, 37.46991337328446], [126.72443045269824, 37.469903895559845], [126.7260206345192, 37.47010300383871], [126.72659255092606, 37.47032548825288], [126.72997465009439, 37.47225992427905], [126.7309402991401, 37.473004729740694], [126.7325496859151, 37.472096388917876], [126.7328448557571, 37.471930304964125], [126.73374433534985, 37.47175783928143], [126.73470440515878, 37.471571520556836], [126.73719238786971, 37.47108405975143], [126.73810339632277, 37.470835479210045], [126.73993308080738, 37.47020171596148], [126.74185041770997, 37.46936658226452], [126.74212828197336, 37.46884088175882], [126.74245463090143, 37.46821912256174], [126.74290373617427, 37.46695591654728], [126.74342520895057, 37.466464248995806], [126.7439086763055, 37.466450104322554], [126.7440578414895, 37.466445477530414], [126.7447927568295, 37.46637121667405], [126.74502925018305, 37.466216587744434], [126.7450542122956, 37.465320405581686], [126.7460720792956, 37.4647321745586], [126.74727014495474, 37.46539816513726], [126.74783727819401, 37.4656200568461], [126.7483861218537, 37.46570921725778], [126.74896612672426, 37.465802963669255], [126.74966269827594, 37.46579790943488], [126.74990182453024, 37.46574539431803], [126.7510876086253, 37.46530334037781], [126.75127774205197, 37.46521766667942], [126.7513035646402, 37.46515930372192], [126.7523685972086, 37.46483722036068], [126.75245917320132, 37.464817402119586], [126.752539895152, 37.46480874150518], [126.75265122683484, 37.46480822796443], [126.75281024645601, 37.46482497120446], [126.7528899098562, 37.464842797094384], [126.75298129688774, 37.46486726249378], [126.75359804575064, 37.465040803329636], [126.75409956061462, 37.46535678073957], [126.75574183844071, 37.46706352445594], [126.75621824129628, 37.467589571372145], [126.7567546455799, 37.46840833546091], [126.75692535415143, 37.468781640275914], [126.75705998051967, 37.46907500604256], [126.75864987763389, 37.46941502362799], [126.76233327792248, 37.46983505961989], [126.76489523229804, 37.469762064474565], [126.76519370808144, 37.469697600437534], [126.7660488453628, 37.469714704026465], [126.76701179330155, 37.47062747301882], [126.76768624888511, 37.471456717301585], [126.76769755390572, 37.47150244173271], [126.7677528092565, 37.47174276726121], [126.76796359081423, 37.471733009242406], [126.77211832719374, 37.472323826042626], [126.77369154738564, 37.4719679638174], [126.77396627174754, 37.47177786885547], [126.77459545742438, 37.471420659775305], [126.77606147352317, 37.47166588005356], [126.77776360040653, 37.47181890669065], [126.77819728259638, 37.47179467935457], [126.77811361678334, 37.47151560171173], [126.7778908438842, 37.4707583339788], [126.7778439470192, 37.47025396784284], [126.77786742001975, 37.47002257368663], [126.77818517501478, 37.469729509760406], [126.77860014262387, 37.469349332390216], [126.77943392276036, 37.46830066736142], [126.7798198920408, 37.46583068302974], [126.77959057519665, 37.46537861667882], [126.77939443808299, 37.46499223101645], [126.77932304005259, 37.46488650760649], [126.7785287743388, 37.46203559207534], [126.77805561879754, 37.45700034434078], [126.78043223244954, 37.45497812228539], [126.77999560428815, 37.4533856268476], [126.77903681703454, 37.451060802752586], [126.7782276254665, 37.45105544794792], [126.77610121240174, 37.45080927038854], [126.77492117205664, 37.450667354010335], [126.77374239302884, 37.450516711200756], [126.77162617229644, 37.449317089380486], [126.77120073877035, 37.4489882417962], [126.77096609835095, 37.44880223128623], [126.77067964533748, 37.448472237159535], [126.7703333414488, 37.447500449385274], [126.77102291896985, 37.44685982098261], [126.77111081080966, 37.44641372874303], [126.76871502588443, 37.44317076272845], [126.77009604993889, 37.439701508085875], [126.7712026895317, 37.43647946650771], [126.77123502135142, 37.43543802047422], [126.77113978364766, 37.43477362138726], [126.77071355086393, 37.43369524106094], [126.77049462509561, 37.43335328599218], [126.7708800408521, 37.43086789761057], [126.77070788068681, 37.430312523780984], [126.76920609817338, 37.427506038354224], [126.76916102731417, 37.42747075274254], [126.76752230190245, 37.42684103922689], [126.7667403019646, 37.426605226833026], [126.76460500808247, 37.42604882140011], [126.76452563191177, 37.42603430061735], [126.7642024727187, 37.426069683265865], [126.76236413964482, 37.42628730261657], [126.76118211259733, 37.42639330607169], [126.75998099949119, 37.42645730651623], [126.75868121550856, 37.42580225576162], [126.75325356556047, 37.42270221330587], [126.7539198616987, 37.421007741983665], [126.75420073565822, 37.42029709128929], [126.75470056093457, 37.41907642186299], [126.75475609782094, 37.41893773737617], [126.75504636437934, 37.41821049005819], [126.7550621429915, 37.41813562165291], [126.75505021302622, 37.418001301661235], [126.75504696743135, 37.417974831727875], [126.75504421519419, 37.41795286088243], [126.75503509648921, 37.4179331267504], [126.75501539072833, 37.417913661205326], [126.75498791013402, 37.41789360944933], [126.75487341933133, 37.41782157773686], [126.7547964347673, 37.41777467428148], [126.75446527524497, 37.41757294064726], [126.75436158800076, 37.417510128972374], [126.75354990354879, 37.41701952013887], [126.75280391989834, 37.41656377277028], [126.75276489552654, 37.41652792061979], [126.75270347125027, 37.41645519647407], [126.75267026473719, 37.41636860389998], [126.75246631870301, 37.41533588724552], [126.75211071322025, 37.413316327108795], [126.75174426533073, 37.41131962728208], [126.75170456508923, 37.4111114466947], [126.75168506625019, 37.411047135631556], [126.75164799984853, 37.41096064987513], [126.75160584887212, 37.41088799483563], [126.75151722072656, 37.41077752372737], [126.74916329962454, 37.40810713671259], [126.74866720861559, 37.40755997451619], [126.74857067773036, 37.407454168672835], [126.7485392371131, 37.40742241221441], [126.74850461240342, 37.40740422802205], [126.74837996141008, 37.40737069642337], [126.74795320702843, 37.4072597598836], [126.74748497651565, 37.40713934411579], [126.74509911892889, 37.406518677907755], [126.74487812396187, 37.406416609925216], [126.74477090596531, 37.406349341597256], [126.74463344846505, 37.406237154478404], [126.7434250423505, 37.405082924516954], [126.74367543296727, 37.40406370515665], [126.7441812420724, 37.40253137623893], [126.74100763406074, 37.39908695981059], [126.73916315850205, 37.39712263071213], [126.73883785619591, 37.39689314519424], [126.73879885731915, 37.39687429904855], [126.73877379183375, 37.39686964709687], [126.7387491226031, 37.396867593611795], [126.73870537860462, 37.39686864057661], [126.73833832050447, 37.39693787991127], [126.73738260358408, 37.39679453962559], [126.73667679099536, 37.396531936265475], [126.73665383864217, 37.39652325219748], [126.73664128725727, 37.39651809830461], [126.73356275340998, 37.39376414506331], [126.73241982193252, 37.39260948718107], [126.7294149186996, 37.38948246028269], [126.7264061862691, 37.3863749271174], [126.724496627743, 37.384861826108335], [126.72166689243275, 37.38273851934932], [126.72144855976066, 37.38257491978738], [126.7212722255972, 37.38247350017368], [126.72125441057791, 37.38246670015563], [126.71712643143178, 37.38111653969087], [126.7171016073554, 37.3811123354426], [126.71707948461606, 37.38111057013316], [126.717034872004, 37.38111388742615], [126.71509057407702, 37.38137745345991], [126.71493613528023, 37.38140059922336], [126.70993300310938, 37.38223476257289], [126.70772389935767, 37.38260712129574], [126.70596917769655, 37.38290514465208], [126.69940462582343, 37.384021747006095], [126.69811559909206, 37.384287039354746], [126.69809657417028, 37.38430109235582], [126.69807582965613, 37.384335331388115], [126.69477321755913, 37.38513474578155], [126.68791647648588, 37.38630925882021], [126.6866658232476, 37.38650111315957], [126.68520167858935, 37.38670293603916], [126.68516391148096, 37.38667179521154], [126.68469860631396, 37.38604646399467], [126.68449974597794, 37.38576261286133], [126.683067577108, 37.3871609063863], [126.68241161371807, 37.38729879391213], [126.68201769948824, 37.387365037203146], [126.67630177546557, 37.388325703857795], [126.67595418688681, 37.38838259060785], [126.67560748458658, 37.388443085243566], [126.67526178572581, 37.388507006515056], [126.67491708479301, 37.388574440922795], [126.6745734969274, 37.38864539198296], [126.67438463227131, 37.38868595600001], [126.67414374879542, 37.388742863103985], [126.67390409577462, 37.38880310973323], [126.6736658926638, 37.388866871390796], [126.67342914266196, 37.38893405977441], [126.67319384770015, 37.389004496437], [126.67296034142039, 37.38907845142411], [126.6727284030829, 37.3891556554982], [126.67249836832114, 37.38923619754748], [126.67227012739384, 37.389319987580116], [126.67204379000319, 37.3894071147075], [126.67181946879597, 37.38949740035892], [126.67159716724757, 37.38959093740987], [126.67137711003282, 37.38968763280329], [126.67115918516735, 37.38978739563064], [126.67094361526573, 37.38989032030423], [126.67074862502807, 37.389987085706466], [126.67045298702196, 37.39014258301321], [126.67015981927644, 37.39030097043719], [126.66986923502208, 37.390462427260346], [126.66802744702709, 37.391508728219605], [126.66685187691748, 37.39220053749203], [126.66709062564155, 37.39244872374655], [126.66742678192821, 37.39225090769632], [126.66744601940763, 37.392267362234925], [126.66785506216084, 37.39261826942732], [126.66928674757771, 37.39384652428386], [126.67225951411652, 37.39644605415968], [126.67459100114013, 37.39850088129365], [126.67486535849295, 37.39875238934749], [126.67602170096619, 37.399798857744095], [126.67736833600706, 37.40098648452876], [126.67789374418012, 37.40142932889194], [126.67810985978623, 37.40159930948266], [126.6784725765792, 37.40184699678045], [126.67910190749532, 37.40223614920716], [126.67940101917719, 37.40241077058519], [126.67984665341564, 37.40262957729829], [126.68005994145908, 37.40272278055173], [126.68018383452439, 37.402776908091845], [126.68040835375291, 37.40287097998647], [126.68079939837887, 37.40303482571015], [126.68291624334418, 37.40381640811994], [126.68350920241174, 37.40413579024748], [126.68428416733681, 37.40471199606919], [126.6846939841675, 37.405182160267636], [126.68503115322343, 37.40565924495748], [126.6852548765772, 37.40606773154408], [126.68534982689602, 37.406291887197476], [126.68545601989904, 37.406634645949836], [126.6869242562286, 37.41051965580432], [126.68787701145341, 37.41144265856377], [126.6918836394812, 37.414653421352604], [126.69522323718022, 37.4170508794841], [126.69530749894786, 37.417111367106266], [126.69865397262731, 37.41951351451915], [126.70403203766888, 37.424901858804816], [126.70462102235193, 37.42566270751297], [126.70480096983239, 37.42595535513845], [126.70496253675205, 37.426267688839985], [126.70509231897242, 37.42659048602138], [126.70526862379272, 37.42726316832874], [126.70557480325684, 37.42864808865624], [126.70665454421953, 37.433834661634556], [126.70664619200592, 37.43401233996232], [126.70663876469062, 37.43417028303786], [126.7066296681099, 37.43429639711027], [126.70662914645257, 37.43430362607275], [126.70499839104387, 37.43686486437812], [126.70491937452928, 37.43704279273781], [126.70486364693653, 37.43717123657632], [126.70493956800848, 37.43741991422614], [126.70508245949628, 37.438726605441296], [126.70502427943585, 37.438901280349576], [126.7049920965494, 37.438964360502254], [126.70256727514534, 37.439100430565226], [126.70241063801694, 37.439384536477], [126.70243720999765, 37.439573418528944], [126.70294069279323, 37.44319393600361], [126.70191065145734, 37.44325575085657], [126.70176924323307, 37.443266024924625], [126.70162827372613, 37.443279903590636], [126.70148796867697, 37.44329720540673], [126.70134844009932, 37.443318025774076], [126.70120968800286, 37.44334236199129], [126.70107205151312, 37.44337021364937], [126.70093564557709, 37.44340140035744], [126.70080046821268, 37.443436106883425], [126.6964701875112, 37.444605865312475], [126.69638046881273, 37.444631762245855], [126.69629232025247, 37.44466072807485], [126.6962057415082, 37.44469258072766], [126.69612084788274, 37.44472732009054], [126.69603786190196, 37.44476485664428], [126.69595701188189, 37.444805193748785], [126.6958784128156, 37.44484814921638], [126.69480788885174, 37.44546301408395], [126.69324610371325, 37.44663268298609], [126.69321291532219, 37.44666246151163], [126.69400913455111, 37.447126802876184], [126.69289600129329, 37.44831274744216], [126.6926292434596, 37.45019121180132], [126.69266464122325, 37.450532692387206], [126.69272262961859, 37.4513644709078], [126.69428856529717, 37.45128151614521], [126.69491991427248, 37.45448189404751], [126.69505432765479, 37.45566031368692], [126.69451672437036, 37.455987232381744], [126.69450959317011, 37.4574827864042], [126.6945284845758, 37.457617084687485], [126.69467731066139, 37.458674888233965], [126.69550739138892, 37.459982941876405], [126.69579326338352, 37.460337910264364], [126.69584659709034, 37.46040254303801], [126.69594398717392, 37.46051523086315], [126.6961851923722, 37.46075973684361], [126.69721979718005, 37.461272901130116], [126.69290892821672, 37.46469186797281], [126.69280836529293, 37.46537673953594], [126.6927461837478, 37.465579824806355], [126.69274345927244, 37.46558585424152], [126.69270903926918, 37.46565995149049], [126.6926860319862, 37.46570201346173], [126.6900939585732, 37.46585139074288], [126.68680075313749, 37.46618655188822], [126.68723467597401, 37.468896131677745], [126.68724915381192, 37.468985890114105], [126.6843474827846, 37.46951536943425], [126.68576378761973, 37.47159319981693], [126.68622753658349, 37.47227097008336], [126.68845955574952, 37.4708270619946], [126.69357540035598, 37.46977615378975], [126.69591911468493, 37.46872390446357], [126.69656892974776, 37.46843225345323], [126.6975797090321, 37.46813544690454], [126.70302059204563, 37.467645006759625], [126.70325385831768, 37.46766265093205], [126.70461263444768, 37.46836391489002], [126.7078034193061, 37.469326427104924], [126.70797760852183, 37.469323340463596], [126.7080369425842, 37.47057245038835], [126.70834923304733, 37.47176081511321], [126.70921990142273, 37.474510212509685], [126.70951116730187, 37.475913124883206], [126.71087071557153, 37.47992585864586], [126.71184257163446, 37.477395194854424], [126.71235184466205, 37.47716571880425], [126.713980118946, 37.476509579387894], [126.71567566170856, 37.47635291153154], [126.71715218881734, 37.47557524282412], [126.71728801295721, 37.47548859111343], [126.71771421058051, 37.47513481146172], [126.72099730525186, 37.47195641904629], [126.72101562856938, 37.471835854612536], [126.72096166889338, 37.47163690279625], [126.72118290576856, 37.471072535698276], [126.72180404655819, 37.470294381395334], [126.72195971710543, 37.470109656460835], [126.72243984169003, 37.47002321022258], [126.7235575655856, 37.46992616599883], [126.72379313782605, 37.46991337328446]]]]}, "properties": {"name": "\ub0a8\ub3d9\uad6c", "base_year": "2018", "name_eng": "Namdong-gu", "code": "23050"}}, {"type": "Feature", "geometry": {"type": "MultiPolygon", "coordinates": [[[[126.76030775949903, 37.524079173284655], [126.76057688804958, 37.52209257129248], [126.76060134450253, 37.52042156711095], [126.76060655099396, 37.519794540978246], [126.76060629252083, 37.51971041601597], [126.76060629026055, 37.519710071688365], [126.76014484142593, 37.51800536925104], [126.75810119585331, 37.51579950478216], [126.7569513864156, 37.51639253421713], [126.75687651386971, 37.51642504153973], [126.7562827912281, 37.5166056942254], [126.75507064796491, 37.51672847253253], [126.75358256687102, 37.51686951728557], [126.7535599420644, 37.51686974745553], [126.75343551526151, 37.5168700462314], [126.75317694663367, 37.51681629941153], [126.75215971376687, 37.51649395434079], [126.75204269917147, 37.51642534575954], [126.75183397614394, 37.515890507350925], [126.75001979656489, 37.51419250163141], [126.74919995656423, 37.51452865726873], [126.74899717057771, 37.51467600870646], [126.7461534821021, 37.515203455676016], [126.74593255109181, 37.51520749217351], [126.74558158540741, 37.51496244327094], [126.74162648270563, 37.50882536012728], [126.74179744046994, 37.50804017855258], [126.7422902835033, 37.50642209190943], [126.74234127437683, 37.50620301086214], [126.74241848986547, 37.50577469115952], [126.74248548282591, 37.505462308949696], [126.74286279409496, 37.50396776284568], [126.74323419503759, 37.50305856971645], [126.74348813488639, 37.50248981215258], [126.74371041533891, 37.50187845827611], [126.74373703896767, 37.50179236272097], [126.74376044653663, 37.50161559370545], [126.74375961785238, 37.50154744935361], [126.74373649259876, 37.501434216639886], [126.74345136823753, 37.50026001010984], [126.74336177340183, 37.49990018313073], [126.74321635800331, 37.49933702070527], [126.74220719867976, 37.49639515893973], [126.74180172276591, 37.494481771497846], [126.74250824814527, 37.488440115515125], [126.74250863104815, 37.488438378368976], [126.74241076206494, 37.48691443856059], [126.74580193980569, 37.485824681861814], [126.74577932807821, 37.48573881026406], [126.74600334433715, 37.4855825700061], [126.74677422460505, 37.4854230390286], [126.74681052174263, 37.48541627597482], [126.74684420763154, 37.485410254297236], [126.74733840636203, 37.48533387329752], [126.74739875885457, 37.48532516317028], [126.7492005387208, 37.485127137675605], [126.7493245375385, 37.485136989591155], [126.74936742492444, 37.4851466487349], [126.7494556181133, 37.485186534892364], [126.74975647917337, 37.48539806439716], [126.74983042783465, 37.48542074771227], [126.74985808783107, 37.48541939104986], [126.74999425596326, 37.48541269145253], [126.75268821675961, 37.484448377859316], [126.75385782348633, 37.48394345530532], [126.75425284692794, 37.48372747592446], [126.75554926814334, 37.48287257407544], [126.75546738094872, 37.48217185018559], [126.75538828026815, 37.481673037009784], [126.7553625176568, 37.48160963235059], [126.75611286095052, 37.47988167296957], [126.75915927813026, 37.476920301824265], [126.7596486627121, 37.476678872654354], [126.76038421389777, 37.47635037448976], [126.76218768764524, 37.476035042189224], [126.76515977249154, 37.47518225349488], [126.7663387625732, 37.47425713422492], [126.7670811335719, 37.47364987361218], [126.76760569586101, 37.472817766418196], [126.76772043953223, 37.472044268882456], [126.76775236525518, 37.47177205032694], [126.7677534570783, 37.4717624928506], [126.7677528092565, 37.47174276726121], [126.76769755390572, 37.47150244173271], [126.76768624888511, 37.471456717301585], [126.76701179330155, 37.47062747301882], [126.7660488453628, 37.469714704026465], [126.76519370808144, 37.469697600437534], [126.76489523229804, 37.469762064474565], [126.76233327792248, 37.46983505961989], [126.75864987763389, 37.46941502362799], [126.75705998051967, 37.46907500604256], [126.75692535415143, 37.468781640275914], [126.7567546455799, 37.46840833546091], [126.75621824129628, 37.467589571372145], [126.75574183844071, 37.46706352445594], [126.75409956061462, 37.46535678073957], [126.75359804575064, 37.465040803329636], [126.75298129688774, 37.46486726249378], [126.7528899098562, 37.464842797094384], [126.75281024645601, 37.46482497120446], [126.75265122683484, 37.46480822796443], [126.752539895152, 37.46480874150518], [126.75245917320132, 37.464817402119586], [126.7523685972086, 37.46483722036068], [126.7513035646402, 37.46515930372192], [126.75127774205197, 37.46521766667942], [126.7510876086253, 37.46530334037781], [126.74990182453024, 37.46574539431803], [126.74966269827594, 37.46579790943488], [126.74896612672426, 37.465802963669255], [126.7483861218537, 37.46570921725778], [126.74783727819401, 37.4656200568461], [126.74727014495474, 37.46539816513726], [126.7460720792956, 37.4647321745586], [126.7450542122956, 37.465320405581686], [126.74502925018305, 37.466216587744434], [126.7447927568295, 37.46637121667405], [126.7440578414895, 37.466445477530414], [126.7439086763055, 37.466450104322554], [126.74342520895057, 37.466464248995806], [126.74290373617427, 37.46695591654728], [126.74245463090143, 37.46821912256174], [126.74212828197336, 37.46884088175882], [126.74185041770997, 37.46936658226452], [126.73993308080738, 37.47020171596148], [126.73810339632277, 37.470835479210045], [126.73719238786971, 37.47108405975143], [126.73470440515878, 37.471571520556836], [126.73374433534985, 37.47175783928143], [126.7328448557571, 37.471930304964125], [126.7325496859151, 37.472096388917876], [126.7309402991401, 37.473004729740694], [126.72997465009439, 37.47225992427905], [126.72659255092606, 37.47032548825288], [126.7260206345192, 37.47010300383871], [126.72443045269824, 37.469903895559845], [126.72379313782605, 37.46991337328446], [126.7235575655856, 37.46992616599883], [126.72243984169003, 37.47002321022258], [126.72195971710543, 37.470109656460835], [126.72180404655819, 37.470294381395334], [126.72118290576856, 37.471072535698276], [126.72096166889338, 37.47163690279625], [126.72101562856938, 37.471835854612536], [126.72099730525186, 37.47195641904629], [126.71771421058051, 37.47513481146172], [126.71728801295721, 37.47548859111343], [126.71715218881734, 37.47557524282412], [126.71567566170856, 37.47635291153154], [126.713980118946, 37.476509579387894], [126.71235184466205, 37.47716571880425], [126.71184257163446, 37.477395194854424], [126.71087071557153, 37.47992585864586], [126.70951116730187, 37.475913124883206], [126.70921990142273, 37.474510212509685], [126.70834923304733, 37.47176081511321], [126.7080369425842, 37.47057245038835], [126.70797760852183, 37.469323340463596], [126.7078034193061, 37.469326427104924], [126.70461263444768, 37.46836391489002], [126.70325385831768, 37.46766265093205], [126.70302059204563, 37.467645006759625], [126.6975797090321, 37.46813544690454], [126.69656892974776, 37.46843225345323], [126.69591911468493, 37.46872390446357], [126.69357540035598, 37.46977615378975], [126.68845955574952, 37.4708270619946], [126.68622753658349, 37.47227097008336], [126.68530385359976, 37.47286437005109], [126.6842296148066, 37.47355620672273], [126.68430720066986, 37.47362278224819], [126.687298507518, 37.47617792286194], [126.6907083239959, 37.47911013373894], [126.69070268000878, 37.479397072915944], [126.69053902628518, 37.479451085338525], [126.69030951085712, 37.480466910707335], [126.69004407551321, 37.48258984119197], [126.69009177072508, 37.48315808265299], [126.69233244296647, 37.48509714766418], [126.69348790926934, 37.48542951669102], [126.69395041296762, 37.4855356969531], [126.69415974489264, 37.48550546252952], [126.69489567640149, 37.485399120593335], [126.69498639719522, 37.485344322270194], [126.69516055023502, 37.48523192485137], [126.69519523173683, 37.485172475809144], [126.69523084736747, 37.48510860751192], [126.69951532145741, 37.48497916136984], [126.69959751947795, 37.48540902933723], [126.69947035558624, 37.48605170160487], [126.69935069679971, 37.486357445619625], [126.69763788110723, 37.49015910905321], [126.69750641445985, 37.49038977701912], [126.69648886929741, 37.49064165100899], [126.69594796599623, 37.49090849678892], [126.69563973641898, 37.491060643842246], [126.69532813362106, 37.49126349839241], [126.69470751866547, 37.49175637365461], [126.69430915010747, 37.49240316267977], [126.69444131509522, 37.49256624291298], [126.69467444283711, 37.49285389930986], [126.69199062807219, 37.49247163712229], [126.69274887459474, 37.49535870677878], [126.69033565828317, 37.49774942955676], [126.68965902754998, 37.49814639785784], [126.68893609106645, 37.498570686687955], [126.68908661776828, 37.49921166480278], [126.6898615455021, 37.4998323434256], [126.69043504608784, 37.50001550556385], [126.69120282412648, 37.500551535346084], [126.69216549251708, 37.501675997347256], [126.69153299554816, 37.503145960504284], [126.69113725430117, 37.503628169999196], [126.69107128644067, 37.503693572144996], [126.69101399268597, 37.5037485979154], [126.69098178354112, 37.50377575289488], [126.68860384593661, 37.50521350491583], [126.6877897752558, 37.50864847016394], [126.68681903221261, 37.50911091761887], [126.68685121275728, 37.511295309331054], [126.68649499597447, 37.512517809656494], [126.68329653591297, 37.51453112431456], [126.68325070529188, 37.515776690650554], [126.68326353378046, 37.51661796421325], [126.6832723404379, 37.51702446104566], [126.68380063505367, 37.51789750256465], [126.68615262638122, 37.5217366980379], [126.68698219201325, 37.52234463822668], [126.68727597883866, 37.522526176528096], [126.68919023450577, 37.52356808362192], [126.68953596429573, 37.523556920405746], [126.70499651706814, 37.52367238190008], [126.71917490717371, 37.52379128926551], [126.72189383028537, 37.52381423680428], [126.7258409089175, 37.52384743762211], [126.73318248906872, 37.52390286159576], [126.73318608982686, 37.523902886778004], [126.73504865142019, 37.523886155091475], [126.74885704972992, 37.5239736423615], [126.76030775949903, 37.524079173284655]]]]}, "properties": {"name": "\ubd80\ud3c9\uad6c", "base_year": "2018", "name_eng": "Bupyeong-gu", "code": "23060"}}, {"type": "Feature", "geometry": {"type": "MultiPolygon", "coordinates": [[[[126.73923933048012, 37.59284598596976], [126.74164644201257, 37.59207196259786], [126.74164670430828, 37.59207200389251], [126.7443240498599, 37.59249536885673], [126.74740032328934, 37.586253059834334], [126.74971348853138, 37.58146122337824], [126.75218236624895, 37.57971432890787], [126.75469835706475, 37.580137169218695], [126.75572559448678, 37.58032840290933], [126.75584300768544, 37.580457424386694], [126.75597241767268, 37.58069871673709], [126.75605177813526, 37.58088188849296], [126.75605557994041, 37.58090273656304], [126.75590606389007, 37.58097507103197], [126.75581324435167, 37.58106384255181], [126.75557507831967, 37.58130267427595], [126.75553877659586, 37.5814219783294], [126.75561659687136, 37.58249937674074], [126.75565033024259, 37.582893068343395], [126.75602797433048, 37.58352679250359], [126.75798490793474, 37.58532796701472], [126.75800805268508, 37.58532216009756], [126.7580112113187, 37.5852219318431], [126.7585538127086, 37.58504482603551], [126.75950958153236, 37.58499864935828], [126.76307638009705, 37.58494254854622], [126.76317733055535, 37.58496217918771], [126.76327870726658, 37.58501081145146], [126.76339960577413, 37.58508354511108], [126.7634698189644, 37.58546028485818], [126.76351593666975, 37.58553780769027], [126.76369995459616, 37.585746242838404], [126.76382361309658, 37.58585602533338], [126.76462808318642, 37.58624703662486], [126.76532268429021, 37.586561519800625], [126.76567816100689, 37.586707505813486], [126.76660693180496, 37.58715168565702], [126.76675389674486, 37.58722208465229], [126.766831140442, 37.58730023579859], [126.76766736670146, 37.58823160197767], [126.77086494051662, 37.58604680814464], [126.7709505364756, 37.58599770240243], [126.77243627811123, 37.58521476590642], [126.77254786496499, 37.58516712080604], [126.77275187613276, 37.585095158810134], [126.7729906618462, 37.585047479990024], [126.77640075249266, 37.58476711663405], [126.77836737562684, 37.584630057638826], [126.77864226306633, 37.58459060458355], [126.78008228162489, 37.58433512803987], [126.78204998593901, 37.58383763126585], [126.7840333390744, 37.58263370467606], [126.78411326240918, 37.582585246963376], [126.78553853070534, 37.58407579211089], [126.7866944313316, 37.585287472278125], [126.78694241827489, 37.58554554981602], [126.78704774911925, 37.5855795284591], [126.7870480367187, 37.58557952634535], [126.78710367759277, 37.585545840630346], [126.78725572192931, 37.58545376625431], [126.78956261380581, 37.584054647863404], [126.79369544519186, 37.58159385713454], [126.79220200385072, 37.58017723986947], [126.79163003813211, 37.5812168626659], [126.79132700804654, 37.58121970171001], [126.79100913418979, 37.58078187808101], [126.78868676211583, 37.577040590365975], [126.78755871239225, 37.57556340235294], [126.78728657897969, 37.57548583308305], [126.78708404612152, 37.575427180105336], [126.78524915430339, 37.57486184341165], [126.78240829131624, 37.573606207172894], [126.78235595954268, 37.57353656354425], [126.78217324916172, 37.57323411370814], [126.78213984236577, 37.57316901087605], [126.78131574969562, 37.57017507746941], [126.78142885562485, 37.569485474732296], [126.78136064288566, 37.56892504183662], [126.780462045195, 37.56795452228161], [126.77699234778481, 37.56637153000603], [126.77594285690562, 37.56520584931733], [126.77710164043533, 37.563719456800065], [126.77783305736394, 37.56077630904595], [126.77793002321167, 37.56028658129027], [126.77793374613627, 37.56022154526077], [126.77793607487342, 37.560154822796044], [126.77791195339883, 37.560061020520564], [126.77784212058518, 37.559933055910804], [126.77778722032095, 37.55996195583506], [126.77739332415702, 37.560279364123204], [126.77734811249154, 37.56031588527569], [126.77678802823905, 37.56108995056866], [126.77610890962276, 37.561863504948214], [126.7757585254001, 37.56194139271994], [126.77563557219489, 37.56189751343667], [126.7755348002174, 37.56182834077666], [126.773192267779, 37.55928642731475], [126.77069902612243, 37.55720930953876], [126.7703493819012, 37.55722411258477], [126.76998440079065, 37.5572219823746], [126.76914859217851, 37.55713446743797], [126.76909786323284, 37.55712479892859], [126.76905068894881, 37.55711484983136], [126.76729200444531, 37.55662146211914], [126.76455922086195, 37.555443878311934], [126.76448395974673, 37.55536939505501], [126.76449486352016, 37.555275092509724], [126.76459278083897, 37.55517815440897], [126.76620435742983, 37.55424237567195], [126.76618290318636, 37.55355606373174], [126.765278431175, 37.55053369345125], [126.76397655264878, 37.54767635930095], [126.76385688800978, 37.54749704740749], [126.76362578155728, 37.54728005600384], [126.76361927719022, 37.5472740701374], [126.76333171265601, 37.5462872486786], [126.76250319469419, 37.54207514032164], [126.76232161721708, 37.53950283736712], [126.76083304347776, 37.53905638540019], [126.76071368959008, 37.53791414870459], [126.76068960582957, 37.53768364919961], [126.76032074966268, 37.535708048875144], [126.76029554011289, 37.53388092494272], [126.7602159556664, 37.52782874188216], [126.76021676514347, 37.52486098468844], [126.76030775950979, 37.524079173876935], [126.74885704974807, 37.523973642428324], [126.73504865189241, 37.52388615473875], [126.73318608987591, 37.52390288652288], [126.73318248938476, 37.52390286149464], [126.72584090923404, 37.523847438224315], [126.72189383032142, 37.52381423737736], [126.71917490758035, 37.52379128990706], [126.7049965171006, 37.52367238280234], [126.68953596440323, 37.52355692129973], [126.68919023448248, 37.52356808424476], [126.68915307406692, 37.523619174770225], [126.68859275164722, 37.52501368974691], [126.68758224086686, 37.5281834525419], [126.6868992343519, 37.530667376508596], [126.68674491343388, 37.53068508495115], [126.68514364395763, 37.53086888902214], [126.68299219651664, 37.53117156901221], [126.68295134229406, 37.53118786516685], [126.68250149172698, 37.532234511294384], [126.6829800320131, 37.533241957109844], [126.68383548810787, 37.53438195892001], [126.68362533928892, 37.5351453327754], [126.68361607602999, 37.535178978668505], [126.68449567254905, 37.535622432322526], [126.68814230172326, 37.535964547353714], [126.68928941828334, 37.53604871971383], [126.69033742755249, 37.53583022249167], [126.69057457172728, 37.535852533794234], [126.69117690799087, 37.535915565386475], [126.69165236763462, 37.53612858180831], [126.69254586935976, 37.53706058175374], [126.69218701897051, 37.53819221356443], [126.6920830809413, 37.539028122315045], [126.69203054482338, 37.53945292738066], [126.69268507652625, 37.541133669719585], [126.69333481598976, 37.54135941531715], [126.69482858150212, 37.54185833510369], [126.69681636037032, 37.542063608888924], [126.6977495103126, 37.5421028801927], [126.69966237974418, 37.54059162753908], [126.70455003750038, 37.54199440824491], [126.70528961810096, 37.5418346382168], [126.70634857543071, 37.5419019445504], [126.7072543256492, 37.54280761835489], [126.7084731162122, 37.54645544373983], [126.70890626791754, 37.54759007983498], [126.7102565023631, 37.54948478073067], [126.7112784422619, 37.551023004646595], [126.71157171472092, 37.55152468260297], [126.71201253329923, 37.55260039088378], [126.71168577811255, 37.55301994478708], [126.7109392296188, 37.55382717884045], [126.70581204196786, 37.55681626037668], [126.70355248253428, 37.55648478233915], [126.70220598338555, 37.55633890441303], [126.70080121832164, 37.55753574540354], [126.69995210114669, 37.55832162777472], [126.69968187619227, 37.55860637941146], [126.69955396608997, 37.5590192108748], [126.70234162687875, 37.56061759155571], [126.70325708183798, 37.56415060157575], [126.70318529589024, 37.564780650530395], [126.70147175134528, 37.564887534849156], [126.7013216763716, 37.56489687419686], [126.70019390595986, 37.56524556525199], [126.69847541110927, 37.567693866033125], [126.69840250747663, 37.568944948090476], [126.69928260409971, 37.56987997579384], [126.69999084326811, 37.57079114168095], [126.70065413086853, 37.57186023002165], [126.6991381259324, 37.573255891416736], [126.69785377043802, 37.573702196420804], [126.6972720740872, 37.57357595663164], [126.69714303565875, 37.57356034385294], [126.69694810184815, 37.57357481486875], [126.69620162575492, 37.57369531293763], [126.69404374237489, 37.57427460642402], [126.69083260628913, 37.57517972365215], [126.69063817105324, 37.575351027851546], [126.69005808446234, 37.57633638499372], [126.68909924711946, 37.577207659613606], [126.68817452856783, 37.57681360498785], [126.68637491116489, 37.57609566845442], [126.68590323185296, 37.57600570614093], [126.68303046552238, 37.577250195811516], [126.68157780633405, 37.57909188657888], [126.6810569127186, 37.58003278573268], [126.68120571715481, 37.58086241609886], [126.68137626927864, 37.58141197424778], [126.6821025095871, 37.58210063517932], [126.68214275021799, 37.582229126380845], [126.6821539921212, 37.58240472933301], [126.68214362691889, 37.58298405102797], [126.68212411090582, 37.583301180290036], [126.6821159465658, 37.583317394311955], [126.68200973189508, 37.583356641603956], [126.68192447539569, 37.58338752302459], [126.68188951852247, 37.58339711978324], [126.68183898492623, 37.583406237225006], [126.68184599087995, 37.58343858381709], [126.6818638429942, 37.583507872432605], [126.6818841826416, 37.58356986983259], [126.68191256490614, 37.583641504005286], [126.68192195203285, 37.58366465739876], [126.68489706260797, 37.58418649492519], [126.68518801679676, 37.58419369921877], [126.68543527576549, 37.58416520600086], [126.6861934248074, 37.58404712273206], [126.68652947475223, 37.58395180518441], [126.68701692907877, 37.583780673361765], [126.68705158692173, 37.58376662083383], [126.6873074044379, 37.583608486549046], [126.68748608919012, 37.58349266256956], [126.68753478363115, 37.583468257931266], [126.68765424466719, 37.583412076395504], [126.68883058794954, 37.58298686102691], [126.68984025822716, 37.582770476253074], [126.69250050799315, 37.5824427460397], [126.69331559924859, 37.582351745390405], [126.6949814301925, 37.58149328869018], [126.69768221673313, 37.58140299112899], [126.69850869038116, 37.581266824476856], [126.70027780333294, 37.58092448179245], [126.70891035962221, 37.57923541703298], [126.70996175741728, 37.57882241274649], [126.71012275753239, 37.578762606807516], [126.71351635398568, 37.577632992218234], [126.71374390450825, 37.57775437812463], [126.71468789272838, 37.57836292893987], [126.71643176854016, 37.57970659960992], [126.71707061656795, 37.580278112185745], [126.71755067526072, 37.58122222902318], [126.71784931663885, 37.58187787072381], [126.71821418553726, 37.58288254209648], [126.7180523931902, 37.5832434655296], [126.7175557181577, 37.58383756087073], [126.71741296660996, 37.58508600676628], [126.71782398351074, 37.586647685349725], [126.71813339638413, 37.58735377255751], [126.71819782340222, 37.587453602158554], [126.71827344564744, 37.58751622251866], [126.7216053831976, 37.590218385425885], [126.72225654787059, 37.5906673209471], [126.72278952212761, 37.590974093701924], [126.72383523061653, 37.591541247909795], [126.72417594356651, 37.591711507304716], [126.72448063644845, 37.591818619047594], [126.72488215014943, 37.59187698962677], [126.72530301186805, 37.59189615711915], [126.72546216994375, 37.59187463209949], [126.72724806110341, 37.591903390183376], [126.72990167215755, 37.59221473215372], [126.73110735602684, 37.59182923182891], [126.7336915581382, 37.591046764509855], [126.73504491632144, 37.59068295859639], [126.73625269611492, 37.59048278893662], [126.73633207187194, 37.59050820085397], [126.7366308311362, 37.590721728172255], [126.73674645792961, 37.590989742602446], [126.73670116419487, 37.5913900198302], [126.73666399170725, 37.59184690448556], [126.73672794074598, 37.59274999281216], [126.73677438905898, 37.59297365777405], [126.73691081450428, 37.593118119796735], [126.73701658233266, 37.5931757947814], [126.73779671417218, 37.59342305956367], [126.73788915623122, 37.59344888104578], [126.73901279716732, 37.593702679990145], [126.73903366079163, 37.593599534340804], [126.7390247745347, 37.59356009824174], [126.73923933048012, 37.59284598596976]]]]}, "properties": {"name": "\uacc4\uc591\uad6c", "base_year": "2018", "name_eng": "Gyeyang-gu", "code": "23070"}}, {"type": "Feature", "geometry": {"type": "MultiPolygon", "coordinates": [[[[126.58641811313824, 37.548902716850776], [126.5867338173775, 37.5487954510965], [126.58730773645578, 37.54886451797436], [126.58768847465252, 37.54883553879258], [126.58788051275748, 37.54880882018828], [126.5880029151029, 37.548788838300155], [126.5886298587271, 37.54843487099665], [126.58865494524372, 37.54840828055434], [126.58903652219006, 37.54781953998962], [126.58921227770472, 37.547109465869724], [126.58921775897139, 37.547067210452205], [126.58921959240477, 37.547048837113294], [126.58922168084479, 37.547012515611414], [126.58922023054083, 37.546994347996055], [126.58921833771134, 37.54697632110064], [126.5892112975261, 37.54693551770443], [126.5891622480647, 37.54666634618271], [126.58915614379316, 37.5466487379023], [126.5891375362671, 37.546637167095035], [126.58871716190349, 37.54650306825761], [126.58852890110366, 37.54644302866284], [126.58850722410423, 37.54643626748721], [126.5884854938314, 37.54643070407541], [126.58846113425604, 37.54642573540423], [126.58843878219928, 37.54642215424638], [126.58841477148758, 37.546419800267344], [126.5880905675026, 37.54640603731044], [126.58779312880807, 37.54650469428062], [126.58479317259227, 37.54817487663102], [126.58466163458284, 37.548278946773614], [126.5845141029413, 37.54847306145168], [126.58448085196008, 37.54854897872049], [126.58447695237741, 37.54857275086137], [126.58450920845377, 37.548588343486706], [126.58464530438393, 37.54862582648107], [126.58468367561701, 37.54863439457489], [126.58611545404051, 37.54893232491255], [126.58617407461884, 37.548935963874534], [126.58623520596228, 37.548935879719295], [126.58629381101635, 37.54893213138543], [126.5863662578581, 37.54891779674784], [126.58641811313824, 37.548902716850776]]], [[[126.55599854193483, 37.57894984962999], [126.55606840877073, 37.57892795616731], [126.55617391443087, 37.57894181522468], [126.5561968851432, 37.57894384621361], [126.55622051965577, 37.578944107255865], [126.55624483886105, 37.57894390011118], [126.55626937657497, 37.578942974596366], [126.55629437687303, 37.578940339138946], [126.55632005602305, 37.57893610989342], [126.55634624840275, 37.57893075809164], [126.5563728334706, 37.57892457873626], [126.55639859216078, 37.57891804454028], [126.55642301785075, 37.57891126147905], [126.55678062637634, 37.5788090091176], [126.55680170207566, 37.578801862532124], [126.5568252516284, 37.578791759539946], [126.55684807586269, 37.57878030404413], [126.55686493957275, 37.578769294929536], [126.55688494942181, 37.57875326851445], [126.55689990073934, 37.578738350337574], [126.55735636688298, 37.578262205961124], [126.55839729590441, 37.57717290117267], [126.55843739038903, 37.5771025680116], [126.55844982863759, 37.577083963007276], [126.55846149541672, 37.577071347100684], [126.55848017915783, 37.57705495719884], [126.55849764949085, 37.57704122846822], [126.55851653661199, 37.57702685528737], [126.55894446390205, 37.5767065949822], [126.558963425515, 37.5766929347328], [126.55898141658743, 37.576680983680625], [126.55900236787757, 37.576669817596226], [126.56163118421111, 37.575300727130255], [126.5653835927795, 37.574148643264536], [126.56913016258225, 37.57341051236944], [126.56919560075752, 37.57343450992], [126.56931280039029, 37.57342001786877], [126.56941918885987, 37.57340567427541], [126.56965674758663, 37.57335088614691], [126.56979267978677, 37.57330567429533], [126.57124188132133, 37.572739197849714], [126.57127287545046, 37.57271910028172], [126.57128114970537, 37.57271340062016], [126.57138472277906, 37.572629281638825], [126.57139153769431, 37.57262326957071], [126.57142222324543, 37.57258788320994], [126.5714517175331, 37.572551634776325], [126.57147207435756, 37.572524922944865], [126.5714883158115, 37.572501897584466], [126.57150304312303, 37.572478075833544], [126.57152185880899, 37.57244416668709], [126.57153536537146, 37.57241796154018], [126.57154593319227, 37.572395366853634], [126.57155318926989, 37.57237731105629], [126.57158375738268, 37.57228189022583], [126.57159937953816, 37.572230131344746], [126.57161101524763, 37.572175293965614], [126.57161361454082, 37.57215214698954], [126.57161431777439, 37.5721360311038], [126.5716137025521, 37.57212083896116], [126.57161167091793, 37.57210605432396], [126.57160952601578, 37.57209710892413], [126.57153969840225, 37.57185935622267], [126.57036242810551, 37.570333252059896], [126.57034415692117, 37.570311905792515], [126.57032338123118, 37.57029104426282], [126.57030398141026, 37.570274981305296], [126.57026395216523, 37.57024603092139], [126.57024499452832, 37.57023376234983], [126.56949575610487, 37.56996241129887], [126.5694627444891, 37.56995151550814], [126.56942628446708, 37.56994153323821], [126.56938106891, 37.5699310082753], [126.56931363229093, 37.5699202195346], [126.56929299349358, 37.56991899122249], [126.56922300751243, 37.56992251144193], [126.56919719008414, 37.569925940349655], [126.56916391291124, 37.569933331844666], [126.5588979375221, 37.57278170010678], [126.55863320363181, 37.572888496263126], [126.55859054910712, 37.572919331101204], [126.55541296832098, 37.575430298473876], [126.55539661107923, 37.575443553749075], [126.55536247889276, 37.57547225674442], [126.5553457353764, 37.575487636251225], [126.55533525850075, 37.57550014749854], [126.55532342198187, 37.57551643876913], [126.55531508738913, 37.575532210141084], [126.5551309315468, 37.57644873046014], [126.55513123782598, 37.57646015623778], [126.55551630732279, 37.57889313660179], [126.55552022294046, 37.57891060465848], [126.55552553443472, 37.57891973245412], [126.55553292314227, 37.578927923505695], [126.55554269753848, 37.578934889265575], [126.55555819422828, 37.5789428134659], [126.55557630136902, 37.57894955818055], [126.55559694114652, 37.578954662332066], [126.55562419928653, 37.57895890017489], [126.55565124759941, 37.57896212905595], [126.55567829877357, 37.578965186315074], [126.55570118601332, 37.578967750902905], [126.5557248214461, 37.578970073916025], [126.55574807343585, 37.57897205388046], [126.55582582151341, 37.57897841910694], [126.55585220748422, 37.57897886946958], [126.55587445025826, 37.57897740361268], [126.5558987828929, 37.57897471063709], [126.55592519938457, 37.578970061579376], [126.55594700924136, 37.57896505384957], [126.55597352308529, 37.578957566370384], [126.55599854193483, 37.57894984962999]]], [[[126.72546216994375, 37.59187463209949], [126.72530301186805, 37.59189615711915], [126.72488215014943, 37.59187698962677], [126.72448063644845, 37.591818619047594], [126.72417594356651, 37.591711507304716], [126.72383523061653, 37.591541247909795], [126.72278952212761, 37.590974093701924], [126.72225654787059, 37.5906673209471], [126.7216053831976, 37.590218385425885], [126.71827344564744, 37.58751622251866], [126.71819782340222, 37.587453602158554], [126.71813339638413, 37.58735377255751], [126.71782398351074, 37.586647685349725], [126.71741296660996, 37.58508600676628], [126.7175557181577, 37.58383756087073], [126.7180523931902, 37.5832434655296], [126.71821418553726, 37.58288254209648], [126.71784931663885, 37.58187787072381], [126.71755067526072, 37.58122222902318], [126.71707061656795, 37.580278112185745], [126.71643176854016, 37.57970659960992], [126.71468789272838, 37.57836292893987], [126.71374390450825, 37.57775437812463], [126.71351635398568, 37.577632992218234], [126.71012275753239, 37.578762606807516], [126.70996175741728, 37.57882241274649], [126.70891035962221, 37.57923541703298], [126.70027780333294, 37.58092448179245], [126.69850869038116, 37.581266824476856], [126.69768221673313, 37.58140299112899], [126.6949814301925, 37.58149328869018], [126.69331559924859, 37.582351745390405], [126.69250050799315, 37.5824427460397], [126.68984025822716, 37.582770476253074], [126.68883058794954, 37.58298686102691], [126.68765424466719, 37.583412076395504], [126.68753478363115, 37.583468257931266], [126.68748608919012, 37.58349266256956], [126.6873074044379, 37.583608486549046], [126.68705158692173, 37.58376662083383], [126.68701692907877, 37.583780673361765], [126.68652947475223, 37.58395180518441], [126.6861934248074, 37.58404712273206], [126.68543527576549, 37.58416520600086], [126.68518801679676, 37.58419369921877], [126.68489706260797, 37.58418649492519], [126.68192195203285, 37.58366465739876], [126.68191256490614, 37.583641504005286], [126.6818841826416, 37.58356986983259], [126.6818638429942, 37.583507872432605], [126.68184599087995, 37.58343858381709], [126.68183898492623, 37.583406237225006], [126.68188951852247, 37.58339711978324], [126.68192447539569, 37.58338752302459], [126.68200973189508, 37.583356641603956], [126.6821159465658, 37.583317394311955], [126.68212411090582, 37.583301180290036], [126.68214362691889, 37.58298405102797], [126.6821539921212, 37.58240472933301], [126.68214275021799, 37.582229126380845], [126.6821025095871, 37.58210063517932], [126.68137626927864, 37.58141197424778], [126.68120571715481, 37.58086241609886], [126.6810569127186, 37.58003278573268], [126.68157780633405, 37.57909188657888], [126.68303046552238, 37.577250195811516], [126.68590323185296, 37.57600570614093], [126.68637491116489, 37.57609566845442], [126.68817452856783, 37.57681360498785], [126.68909924711946, 37.577207659613606], [126.69005808446234, 37.57633638499372], [126.69063817105324, 37.575351027851546], [126.69083260628913, 37.57517972365215], [126.69404374237489, 37.57427460642402], [126.69620162575492, 37.57369531293763], [126.69694810184815, 37.57357481486875], [126.69714303565875, 37.57356034385294], [126.6972720740872, 37.57357595663164], [126.69785377043802, 37.573702196420804], [126.6991381259324, 37.573255891416736], [126.70065413086853, 37.57186023002165], [126.69999084326811, 37.57079114168095], [126.69928260409971, 37.56987997579384], [126.69840250747663, 37.568944948090476], [126.69847541110927, 37.567693866033125], [126.70019390595986, 37.56524556525199], [126.7013216763716, 37.56489687419686], [126.70147175134528, 37.564887534849156], [126.70318529589024, 37.564780650530395], [126.70325708183798, 37.56415060157575], [126.70234162687875, 37.56061759155571], [126.69955396608997, 37.5590192108748], [126.69968187619227, 37.55860637941146], [126.69995210114669, 37.55832162777472], [126.70080121832164, 37.55753574540354], [126.70220598338555, 37.55633890441303], [126.70355248253428, 37.55648478233915], [126.70581204196786, 37.55681626037668], [126.7109392296188, 37.55382717884045], [126.71168577811255, 37.55301994478708], [126.71201253329923, 37.55260039088378], [126.71157171472092, 37.55152468260297], [126.7112784422619, 37.551023004646595], [126.7102565023631, 37.54948478073067], [126.70890626791754, 37.54759007983498], [126.7084731162122, 37.54645544373983], [126.7072543256492, 37.54280761835489], [126.70634857543071, 37.5419019445504], [126.70528961810096, 37.5418346382168], [126.70455003750038, 37.54199440824491], [126.69966237974418, 37.54059162753908], [126.6977495103126, 37.5421028801927], [126.69681636037032, 37.542063608888924], [126.69482858150212, 37.54185833510369], [126.69333481598976, 37.54135941531715], [126.69268507652625, 37.541133669719585], [126.69203054482338, 37.53945292738066], [126.6920830809413, 37.539028122315045], [126.69218701897051, 37.53819221356443], [126.69254586935976, 37.53706058175374], [126.69165236763462, 37.53612858180831], [126.69117690799087, 37.535915565386475], [126.69057457172728, 37.535852533794234], [126.69033742755249, 37.53583022249167], [126.68928941828334, 37.53604871971383], [126.68814230172326, 37.535964547353714], [126.68449567254905, 37.535622432322526], [126.68361607602999, 37.535178978668505], [126.68362533928892, 37.5351453327754], [126.68383548810787, 37.53438195892001], [126.6829800320131, 37.533241957109844], [126.68250149172698, 37.532234511294384], [126.68295134229406, 37.53118786516685], [126.68299219651664, 37.53117156901221], [126.68514364395763, 37.53086888902214], [126.68674491343388, 37.53068508495115], [126.6868992343519, 37.530667376508596], [126.68758224086686, 37.5281834525419], [126.68859275164722, 37.52501368974691], [126.68915307406692, 37.523619174770225], [126.68919023448248, 37.52356808424476], [126.68727597899147, 37.52252617752097], [126.68698219255758, 37.52234463898811], [126.68615262649216, 37.52173669901992], [126.68380063551103, 37.517897503593964], [126.68327234045879, 37.5170244620702], [126.68326353380428, 37.516617965172664], [126.68325070565713, 37.51577669171357], [126.68329653612372, 37.51453112495311], [126.68649499616856, 37.51251781020427], [126.68685121280478, 37.511295310045945], [126.68681903227576, 37.509110918317134], [126.68778977562907, 37.508648470797446], [126.68860384640952, 37.50521350471118], [126.69098178403634, 37.503775753795914], [126.69101399300196, 37.50374859853178], [126.69107128671682, 37.50369357297323], [126.69113725425713, 37.503628170704644], [126.69153299579524, 37.50314596156734], [126.6921654929404, 37.50167599805064], [126.69120282407633, 37.50055153610607], [126.6904350463765, 37.50001550635609], [126.68986154600877, 37.49983234397904], [126.68908661773163, 37.49921166584452], [126.68893609107737, 37.49857068751877], [126.68965902809242, 37.498146398574356], [126.69033565859279, 37.49774943045565], [126.69274887469933, 37.495358707634885], [126.69199062843032, 37.49247163802856], [126.69467444270124, 37.49285390034037], [126.69444131524845, 37.4925662434587], [126.69430915049746, 37.492403163398755], [126.6947075185544, 37.49175637463776], [126.69532813396785, 37.491263499124294], [126.69563973661988, 37.491060644474544], [126.69594796604956, 37.4909084974836], [126.6964888695705, 37.49064165160745], [126.6975064145755, 37.490389778086545], [126.6976378811302, 37.490159110004704], [126.69935069679362, 37.4863574466079], [126.69947035564007, 37.4860517025645], [126.69959751987967, 37.48540902999554], [126.69951532177565, 37.484979161983574], [126.69523084784606, 37.485108608309844], [126.69519523226361, 37.48517247654402], [126.69516055045771, 37.485231925820074], [126.69498639717082, 37.48534432289921], [126.69489567675217, 37.485399121165045], [126.69415974521705, 37.48550546307729], [126.69395041317217, 37.48553569765673], [126.69348790946654, 37.48542951746061], [126.69233244338021, 37.48509714822401], [126.690091770849, 37.483158083556766], [126.69004407545125, 37.482589842227384], [126.69030951129446, 37.48046691143105], [126.69053902662313, 37.47945108636612], [126.6907026804946, 37.47939707375266], [126.69070832451438, 37.47911013452043], [126.6872985075799, 37.47617792387972], [126.68430720113791, 37.47362278308482], [126.68422961483779, 37.47355620771654], [126.68530385403866, 37.47286437062345], [126.68622753676615, 37.47227097106324], [126.68576378750402, 37.47159320061168], [126.6854244081988, 37.47205351364936], [126.68532958809602, 37.4721820142925], [126.6851813416797, 37.472379387416765], [126.68503390219146, 37.47257369778795], [126.6834399438811, 37.473400049132856], [126.68320649368701, 37.47343781938601], [126.68123210834085, 37.47375723359769], [126.68088843446813, 37.47370746648133], [126.68094588980779, 37.473827943460606], [126.68094596466801, 37.47382810461991], [126.67812282180641, 37.47471585153891], [126.67808279956469, 37.47472559774997], [126.67465381640952, 37.47556063419786], [126.6743728194251, 37.475606984615084], [126.67437209469642, 37.47560710443205], [126.67435276409701, 37.47561062501639], [126.67443186472819, 37.47694856052677], [126.67425940565415, 37.476991084695506], [126.6735256772894, 37.477188009007655], [126.67131701099696, 37.47778705801318], [126.67023030278922, 37.47865595837988], [126.66655793241465, 37.48141033458897], [126.6642739687771, 37.48308878325682], [126.66211296199288, 37.48428504006287], [126.6610538563096, 37.48486369823265], [126.65569953494337, 37.48774177482836], [126.65561423987008, 37.487787503174374], [126.65523255000852, 37.4879908212848], [126.65093680479883, 37.49029673975794], [126.64687374437977, 37.4924808983826], [126.64076096150801, 37.495769690816054], [126.6400500105898, 37.49558582866738], [126.6406797010754, 37.49603867620077], [126.64068899602536, 37.49605284266941], [126.64056532997833, 37.49746807547481], [126.63947261244579, 37.49827709704641], [126.6394581312215, 37.49829133025745], [126.63946143366773, 37.49938618676768], [126.63947038717248, 37.50235559393419], [126.63947314292679, 37.50422209555964], [126.6307846943611, 37.5042430203474], [126.63078217317828, 37.50222169886442], [126.6307790728472, 37.500437876833274], [126.62690489396289, 37.497471168606765], [126.62662063958986, 37.497271960292935], [126.62660352696001, 37.497263653273926], [126.62276998258334, 37.49626353472527], [126.60455605547291, 37.495878310815556], [126.60454281351196, 37.49590476207339], [126.60437284877284, 37.49818322520054], [126.6043774211825, 37.50513306870332], [126.60462137868558, 37.51083140034609], [126.60465141329256, 37.51164549876922], [126.60416241198496, 37.51195766941633], [126.60407329516866, 37.51197869780538], [126.60406286060021, 37.51198188863714], [126.60393875228208, 37.512056435679554], [126.60380042901909, 37.5121512433613], [126.60374983116978, 37.51220364677329], [126.60276847022749, 37.51374366197621], [126.60203128842306, 37.516350992813024], [126.60263929073429, 37.516968630333906], [126.60252333962204, 37.52690888830487], [126.6025501665073, 37.52848480149778], [126.6025360992984, 37.53168101910928], [126.60252253906955, 37.533138631164704], [126.60251683095434, 37.53318918487855], [126.60250377308273, 37.53319739424721], [126.60247807998145, 37.533199758723455], [126.6024447207865, 37.53320052896325], [126.6015439521723, 37.53320701686159], [126.60099494073451, 37.53319344995348], [126.60032354668839, 37.533172520435635], [126.59999999909185, 37.533158827910135], [126.59985011219476, 37.53315248287383], [126.59972866098394, 37.53313676237592], [126.59964411237686, 37.53310117517042], [126.59950631672258, 37.53302979862425], [126.59943182167939, 37.53299661663148], [126.59938492723728, 37.532988058756224], [126.5993099088664, 37.53298708279432], [126.5991718783091, 37.53299833686109], [126.59908186161645, 37.53302179147843], [126.59902711351441, 37.533059797591015], [126.59895738364622, 37.5331137294961], [126.59892201849215, 37.53315726262419], [126.59890814163154, 37.53319888627601], [126.59890329880848, 37.533247308600245], [126.59871610117716, 37.53707493630748], [126.59874637251689, 37.53871886846796], [126.59728914449933, 37.54525622327163], [126.59654224815044, 37.54856290364081], [126.59654076371173, 37.548578440006736], [126.59654106038248, 37.548607497850526], [126.59654879322686, 37.548629554999415], [126.59657985295163, 37.54866570888176], [126.59883402446725, 37.550690521588585], [126.60016584880644, 37.5511099015725], [126.60064763868955, 37.55126478456336], [126.6033763326727, 37.55215897081741], [126.60400248659758, 37.55241382855246], [126.60479136754356, 37.55276601002505], [126.60603436301318, 37.553323491266845], [126.60699846375378, 37.55446973857378], [126.60665645804102, 37.55455062713513], [126.6011176834954, 37.55854650445425], [126.60189740931727, 37.55966574919706], [126.60113083774347, 37.56142946468957], [126.60109922535348, 37.56150109756764], [126.60000005889765, 37.561499001805664], [126.59997455917684, 37.56149895208956], [126.59452298800667, 37.56148228206859], [126.5938199934057, 37.56130972210102], [126.59226946094486, 37.56091332932204], [126.59026013459138, 37.56236275296993], [126.58942231455212, 37.56317837440388], [126.588628492701, 37.563961734359125], [126.58663765266249, 37.566681078566205], [126.58688297582589, 37.56713062068327], [126.58712095083095, 37.56743561866547], [126.58757229947378, 37.56807798829427], [126.58801682798459, 37.568711070165385], [126.58875910821718, 37.56978398912976], [126.58876274005691, 37.56979426546249], [126.58876368730665, 37.569801097637885], [126.58875741688223, 37.56982376283739], [126.58875084379534, 37.56983383001499], [126.58354746522016, 37.57678042273481], [126.58302587426338, 37.57747665649102], [126.58251832147673, 37.57815044180043], [126.58196516219793, 37.57888113205874], [126.58111464970943, 37.57999536870925], [126.57510486752453, 37.58799024060658], [126.57484155306976, 37.588349706152044], [126.5774934549361, 37.58901242385284], [126.57960089914313, 37.589539027315666], [126.59020641227983, 37.59218901474637], [126.59172170968276, 37.59266269656719], [126.5915646311729, 37.59301156509045], [126.5918225486546, 37.593145076992705], [126.59185377869957, 37.5931612307407], [126.59814341531886, 37.59628395198547], [126.60138863842097, 37.59769967666049], [126.60362895057864, 37.598992549133996], [126.60480550675379, 37.5998040125293], [126.60546816605893, 37.60026405021227], [126.60706611262266, 37.60169885721934], [126.60947031259165, 37.60454354171481], [126.61435599023204, 37.606286725767376], [126.61552239608993, 37.60568153954173], [126.61568941463811, 37.60545588661631], [126.61577161032568, 37.605119351987696], [126.61583562192313, 37.604889820964836], [126.61597521469095, 37.60441049801857], [126.61648822084395, 37.603717573762964], [126.61691108212219, 37.603552270505226], [126.61982092229509, 37.60352050690607], [126.62155307506454, 37.60330535658523], [126.62266464178009, 37.60295586322921], [126.62332277889503, 37.6023079634103], [126.62357827609048, 37.60217138327271], [126.62574102731307, 37.60259274691934], [126.62581666357956, 37.60268223924173], [126.62581885842198, 37.60273882809754], [126.62654726979716, 37.60514862867182], [126.62778981958733, 37.60640116789772], [126.62933278314303, 37.610583291155024], [126.63094391970807, 37.61327890306371], [126.63155990919458, 37.61400021127831], [126.63206433566275, 37.61491910217939], [126.63208727155924, 37.61496703370855], [126.63210968185872, 37.61501609902275], [126.6323246574969, 37.615885925641855], [126.63234906880548, 37.61602903272428], [126.63230858192564, 37.61616574546363], [126.63228230696869, 37.616254355928184], [126.63215294217248, 37.61664756138653], [126.63213964760612, 37.61668608887177], [126.63213956476653, 37.61668619498643], [126.63208409436834, 37.61675630786266], [126.6320369810269, 37.61679839013351], [126.63216914123105, 37.617630351042294], [126.63317566850776, 37.61887459004545], [126.63373221619914, 37.619245439502734], [126.6347770076952, 37.61959387034491], [126.6364610016285, 37.62035113624586], [126.63649561771402, 37.6203667231643], [126.6365743035136, 37.62049029112977], [126.63737616611611, 37.62498993853968], [126.63725977184336, 37.62650940900259], [126.63719139276901, 37.626702907549785], [126.63719126051878, 37.626703159088976], [126.6391152683709, 37.627309386201816], [126.6422132222049, 37.628102429653744], [126.64464467770821, 37.628516371719456], [126.6456967530512, 37.628412558069634], [126.64570203534157, 37.628406465748434], [126.64635239252335, 37.627777372577235], [126.64711015250091, 37.62747838821153], [126.64744768110995, 37.62818750897788], [126.6487871982084, 37.630519413156684], [126.64964500813885, 37.63186499259732], [126.65150541107512, 37.63514669316363], [126.6517745487422, 37.636454460044725], [126.65400941921322, 37.63821402517488], [126.65554498088474, 37.63793838866891], [126.65590018673264, 37.63793969563869], [126.65742209730311, 37.6379548614814], [126.66056373159707, 37.63715394377317], [126.66274754990646, 37.6367597450283], [126.66369611057317, 37.63619019018562], [126.66423027468626, 37.636053751396595], [126.66461479039802, 37.635969825440725], [126.66548915580141, 37.63623472690972], [126.66611158253534, 37.63611148848972], [126.66697445579932, 37.63593908646911], [126.67242216378915, 37.63384163069467], [126.67414709035637, 37.63205011209966], [126.67426196007128, 37.631203794017416], [126.6745360600145, 37.63033707670374], [126.67470536928289, 37.62987900464655], [126.67597435572631, 37.62958096135566], [126.67805994319266, 37.62947858021034], [126.67913354126803, 37.62958738297298], [126.68171395551576, 37.62657040804418], [126.68336642239554, 37.625077281976544], [126.68527760272232, 37.624267846702786], [126.68886983461464, 37.622016005787245], [126.69446850884222, 37.62033922124307], [126.69773398060089, 37.61787477600243], [126.69993222305852, 37.61560061236774], [126.70021025915095, 37.6150747525369], [126.70090545673169, 37.61427127718278], [126.70406016476383, 37.61208707160768], [126.70439154729539, 37.61188181679334], [126.704743987345, 37.61167857117522], [126.70544693890197, 37.61205381660397], [126.7061857054364, 37.60989008509166], [126.7061946639059, 37.60981560538825], [126.70620931547315, 37.609690911555184], [126.70612544115332, 37.60767700484806], [126.70578585857172, 37.607138675149685], [126.70513029941216, 37.606547448105246], [126.70400329781458, 37.604655221627816], [126.70402747934735, 37.6037183097263], [126.7040550420448, 37.60359646806675], [126.70419989054287, 37.60299120251939], [126.70468146191645, 37.60247463088759], [126.70692989109466, 37.60359015478914], [126.70761427965142, 37.604095571405274], [126.70768955280766, 37.60416783704767], [126.70823129978818, 37.60472469249736], [126.7084082301631, 37.604910680369606], [126.70960283332724, 37.60512958749729], [126.71019767045647, 37.60514541863993], [126.7112742185919, 37.60501208530877], [126.71406736789558, 37.60385422639], [126.71586912942817, 37.60086734527068], [126.71616213240979, 37.59990737491893], [126.71630419671772, 37.59948725869482], [126.71637739244964, 37.59940719278771], [126.71697287633043, 37.59896545569692], [126.71725729315068, 37.59875807698535], [126.71731776504772, 37.59872104952794], [126.71737981391149, 37.59868713301835], [126.71822171223774, 37.59830145464212], [126.7220435644327, 37.59581355342234], [126.72428476537448, 37.59329356807687], [126.72546216994375, 37.59187463209949]]]]}, "properties": {"name": "\uc11c\uad6c", "base_year": "2018", "name_eng": "Seo-gu", "code": "23080"}}, {"type": "Feature", "geometry": {"type": "MultiPolygon", "coordinates": [[[[125.97483536586489, 37.60701623893398], [125.97531944847225, 37.60621995937439], [125.97200435270715, 37.60642334875555], [125.9718500810194, 37.606606517152194], [125.97159843994636, 37.60776527739363], [125.97212587603448, 37.60864100256434], [125.97384830995848, 37.610646290493015], [125.97540508009972, 37.61150221847755], [125.9758451606065, 37.61171812953548], [125.97630395447915, 37.611659770791114], [125.97680684646122, 37.61154890753533], [125.97690561245756, 37.61152345729164], [125.97773296853347, 37.61090051675766], [125.97886413817974, 37.60960954178764], [125.97871047555927, 37.60893006925684], [125.9782029369642, 37.608505468187694], [125.97711863240143, 37.60833704289604], [125.97649096206496, 37.60826231175704], [125.97609600059096, 37.60821528328666], [125.97585436404925, 37.60818650661704], [125.974975233805, 37.607691359793655], [125.97483536586489, 37.60701623893398]]], [[[126.26962884279185, 37.651198658290575], [126.26940418714834, 37.65098476380316], [126.26908088325129, 37.651375348775375], [126.26861377442786, 37.6533261183885], [126.26865604341461, 37.65346345027697], [126.27004554787536, 37.65412276327348], [126.27034274249043, 37.65398501113544], [126.27092523649812, 37.653311984721505], [126.27087759272325, 37.65300952722384], [126.27038138241339, 37.65205715163134], [126.26962884279185, 37.651198658290575]]], [[[126.2366998135934, 37.654095458735576], [126.23939273564316, 37.65222368506024], [126.24482536698093, 37.65241945171155], [126.2451311377974, 37.652445564585626], [126.24722179933337, 37.65290521447021], [126.24897436859222, 37.653331827487506], [126.24908307144197, 37.65336820724685], [126.24946610842285, 37.653434401075586], [126.25080375060256, 37.65355650495765], [126.25345109141689, 37.65349520107867], [126.25619232760252, 37.651807672495245], [126.25619917391494, 37.65180077141757], [126.2568655670881, 37.65100604687736], [126.25681070538761, 37.65000470320261], [126.2558410099262, 37.64994271871085], [126.25476161891373, 37.64941807571741], [126.25447791921133, 37.64915910157381], [126.25405316273334, 37.64866562472931], [126.25366373372405, 37.64652740323458], [126.25320843043217, 37.64455094381129], [126.25302468353816, 37.64398291487493], [126.25266418259326, 37.643135485192154], [126.25261108295423, 37.64306594436351], [126.25248292499286, 37.643014056434865], [126.25189525082034, 37.64311178831493], [126.25129051121664, 37.643095773179134], [126.2508305444888, 37.63881728186009], [126.25085360338971, 37.63829236931288], [126.25090700954786, 37.63779699519216], [126.25226175967164, 37.63349423311868], [126.25242178652981, 37.6330703303769], [126.25290838845606, 37.632479913659786], [126.25343747956802, 37.632034987764435], [126.25423387734598, 37.631525830837845], [126.25548746651162, 37.631031910323976], [126.25877463940573, 37.629880374955974], [126.2602605253994, 37.62938177631065], [126.26178122814154, 37.628085191377316], [126.26261993833391, 37.62586310927699], [126.26266502383855, 37.625426923509416], [126.26219614969077, 37.62513454300179], [126.26182413631915, 37.62514848315766], [126.26161719575094, 37.625181412930196], [126.2614992312952, 37.62521219759341], [126.26140793015584, 37.62582824287695], [126.26152908989457, 37.626489909476774], [126.2611942127349, 37.62675321514414], [126.26101376408337, 37.626892207657214], [126.25636074535818, 37.629260657305295], [126.25591816365672, 37.62931501027661], [126.254788786511, 37.62949312361957], [126.25448337333134, 37.62954346339265], [126.25329405075408, 37.62974866042209], [126.25220487951847, 37.62996156618401], [126.25173463554862, 37.63007238768751], [126.2515239624949, 37.63012338597573], [126.25108973877651, 37.630229152188356], [126.25091300210055, 37.63027901339338], [126.2483831966324, 37.631010643990685], [126.24808248442181, 37.63109817991605], [126.24773849328174, 37.631205972756], [126.24741607064722, 37.631316126948334], [126.24707776606576, 37.63145108094757], [126.24617783061089, 37.631817897077674], [126.24499048557794, 37.632410220026145], [126.24380445621165, 37.6330358925884], [126.24319982688245, 37.63338303889277], [126.23957039743829, 37.63561648237803], [126.23870906929092, 37.63616825078159], [126.23441249789312, 37.639142696229285], [126.2336463975544, 37.63979640985683], [126.23187231978105, 37.64188030432438], [126.22682736924803, 37.64866490232616], [126.22594636874886, 37.649997355004736], [126.22560678936748, 37.65050600844977], [126.22399421637232, 37.65161719486778], [126.22337893566129, 37.65177682520172], [126.22316398042611, 37.651921856014475], [126.22314698867889, 37.65193658385032], [126.22283884679045, 37.652910292131644], [126.22278646905941, 37.65373536317203], [126.22335660712311, 37.65404814405516], [126.22448256652599, 37.65364061510941], [126.2246397494895, 37.653538507414304], [126.22480624941086, 37.653418750309235], [126.22544489870049, 37.652688090372784], [126.22568056812167, 37.65232411523374], [126.22801791842659, 37.6512302272473], [126.22986225063272, 37.65240138331197], [126.23021840205347, 37.65267014219276], [126.23112202240435, 37.65336169994332], [126.23119488730971, 37.65343834328625], [126.23152375423577, 37.65436835624516], [126.2314402793776, 37.654557433431265], [126.23118798053414, 37.65488213800808], [126.2310906850803, 37.65503133213494], [126.23104659783729, 37.655174293930415], [126.23106324715351, 37.655219001104946], [126.23119045594603, 37.65534470567883], [126.23186416746748, 37.65557352798862], [126.23284528542808, 37.65569660107435], [126.23292403846041, 37.65568603414685], [126.23314119943211, 37.65563843471604], [126.23322086744193, 37.655605437187674], [126.23374553312235, 37.65558452733657], [126.23386651438756, 37.65555603589714], [126.23409489022814, 37.65545391099039], [126.23592777460028, 37.65456311794987], [126.23669484496737, 37.6541247622367], [126.23670204426539, 37.65411099648009], [126.2366998135934, 37.654095458735576]]], [[[126.23418993218637, 37.66154201903711], [126.23494023796252, 37.66146588398337], [126.23717393242049, 37.66154393183142], [126.23611067737687, 37.66094639015626], [126.23464237152896, 37.660130464696], [126.23398354033847, 37.65978215046502], [126.23370991783378, 37.65964727195747], [126.23357238036927, 37.659634243409336], [126.23321080640255, 37.659659781928], [126.22945752269429, 37.659683089065034], [126.22621710524265, 37.659084882825624], [126.22345685619287, 37.65904311281598], [126.22257304001401, 37.663267989788814], [126.22228456979275, 37.665488570891924], [126.22241942623741, 37.665578801127594], [126.22467034358415, 37.665780747364295], [126.22782167502517, 37.66418695527947], [126.22945665861668, 37.66322880980703], [126.22956560538663, 37.66316554517215], [126.23234503906863, 37.66199515791838], [126.23373734736164, 37.6616011862258], [126.23380781076642, 37.66159190512234], [126.23418993218637, 37.66154201903711]]], [[[126.19521237574008, 37.68481507120504], [126.19572599661778, 37.68204500718917], [126.1959001821587, 37.68161674232915], [126.19701993390453, 37.67959021390759], [126.19735601089441, 37.67904064038702], [126.19825130687988, 37.67784391254742], [126.2015548981685, 37.67413923834474], [126.20492098558131, 37.66954148273737], [126.20803453401238, 37.66743113545037], [126.20876026627, 37.66694882748014], [126.2099492962139, 37.66673694214166], [126.20909726584583, 37.66388175694366], [126.207155547849, 37.66245537452233], [126.20581183739762, 37.66131861526101], [126.2051694904483, 37.6604594484392], [126.20482202771102, 37.65995647914275], [126.2045238815859, 37.65940967945], [126.20451892007182, 37.65938309297431], [126.20466890046205, 37.65876232391898], [126.20507872475989, 37.65696921596921], [126.20007929889272, 37.658169190444376], [126.19449787166148, 37.65935847737438], [126.19359616150176, 37.65913150902357], [126.19345047345021, 37.65903077394855], [126.19329722871231, 37.658885736258014], [126.19317571747584, 37.65875110199324], [126.19279968288197, 37.658171167696906], [126.19126650901374, 37.657414884437934], [126.1905574179814, 37.65743455444225], [126.19045698162735, 37.65745178311327], [126.18993083136075, 37.65758791985037], [126.18918775730086, 37.65801296493732], [126.18939166163015, 37.65834705419256], [126.18944069466555, 37.65839106067978], [126.18970025314925, 37.65858901088087], [126.18978993863941, 37.65864632474426], [126.19006355322976, 37.65870047122029], [126.19022969473276, 37.65871253422492], [126.19035951946859, 37.65872514819013], [126.19051754650481, 37.65874326111978], [126.19114919729955, 37.658861691769154], [126.1916412995417, 37.65927239896397], [126.19256325639219, 37.66004656236774], [126.1927107036625, 37.660317362020024], [126.19272133166237, 37.66055158423624], [126.19265321992975, 37.66097779717404], [126.19247273413961, 37.66146011822473], [126.19205418807776, 37.66222368478871], [126.19143318522022, 37.66304796254024], [126.19072247759374, 37.663905442795745], [126.19010340799524, 37.66449085808708], [126.18972649879504, 37.6647334843178], [126.188133820414, 37.665753659505604], [126.18513142212845, 37.667608286822045], [126.18506626623018, 37.667646469524364], [126.1842517527818, 37.66805042718298], [126.18286902965937, 37.66873435293476], [126.18203600129242, 37.66914378973516], [126.1792689644972, 37.67040102208823], [126.17877549487098, 37.67059973607361], [126.17837052983009, 37.67067754636955], [126.17428748987136, 37.66996577332015], [126.16879522200603, 37.668970967179554], [126.1684693118245, 37.66882361408169], [126.16836372701529, 37.66876247694527], [126.16822524323452, 37.66823372281837], [126.16840851976747, 37.66758029779084], [126.16846572090307, 37.66675194737315], [126.16834851438978, 37.66676319320347], [126.16777036124333, 37.6669366857742], [126.16774136295807, 37.66694557736822], [126.16648672365541, 37.66755088023035], [126.16177636938531, 37.66997380896164], [126.16086735164035, 37.67045988321293], [126.16067004815318, 37.67069760591903], [126.16034105153393, 37.67109644079647], [126.16004771015656, 37.67176948431589], [126.1597288235478, 37.672322524508644], [126.15971004652204, 37.67233292273717], [126.15905563311767, 37.672554236304286], [126.15868666250984, 37.672514317989], [126.15633341945717, 37.67268476802752], [126.15603139048946, 37.67276298553638], [126.15498977726958, 37.67664394381163], [126.15495151035252, 37.67682837439853], [126.15496452632667, 37.67685120618195], [126.15561933312571, 37.677135775158675], [126.15592197685032, 37.67726269006739], [126.15612612092401, 37.67728429236246], [126.15635443712178, 37.677302341116224], [126.15641393514115, 37.67728967746193], [126.15645857679884, 37.67726942790774], [126.15649248352129, 37.67723099445354], [126.15650678558778, 37.677180534516076], [126.15648506234244, 37.67695375482705], [126.15646632270634, 37.676827064311794], [126.156428904466, 37.67653837015146], [126.15640647982619, 37.67623575985604], [126.15679428911986, 37.67587033010772], [126.15791068289182, 37.67552759131516], [126.15916976092899, 37.67559944916759], [126.15987572517494, 37.67578214616284], [126.16027935241024, 37.67593528635343], [126.16067125628749, 37.676087990993416], [126.16170711684444, 37.6771587383063], [126.16595600894968, 37.67818867110251], [126.16837420038235, 37.67739086275245], [126.17012733212404, 37.676661051854566], [126.17079668189132, 37.676416018268796], [126.17156799547016, 37.67647063004716], [126.17297726946214, 37.67657431817784], [126.17336336566207, 37.6766135545356], [126.17470269908148, 37.67680887118345], [126.18377808720622, 37.68125782221805], [126.18691197607792, 37.683802143431336], [126.18747452121913, 37.68379925229134], [126.1875533308739, 37.683807588489024], [126.1887922989925, 37.68395516891331], [126.18977701750256, 37.6845606116101], [126.189812939103, 37.68458472519048], [126.19000354566982, 37.68473720771374], [126.19069930140535, 37.68530184967863], [126.1920369773742, 37.68642497052386], [126.19249809368203, 37.68687442745916], [126.19301117620175, 37.687418730529714], [126.19260150244021, 37.687976120324834], [126.1928980144946, 37.68831440555546], [126.19406950909101, 37.68846712516243], [126.19452824349948, 37.68834058151445], [126.19585940879348, 37.68827084279733], [126.19604767001891, 37.68800371667457], [126.19604983640528, 37.68794399038284], [126.19584815975787, 37.68716128523768], [126.19550387740236, 37.686318122445584], [126.19537016696711, 37.686218059436456], [126.19524408694353, 37.68530196119971], [126.19522282792596, 37.684995440810276], [126.19521237574008, 37.68481507120504]]], [[[126.37415350764, 37.69093067953992], [126.3733523985551, 37.690781946479404], [126.37139113827986, 37.691000785605404], [126.36968735269734, 37.69182916939232], [126.36895419286142, 37.693299156234595], [126.36913391062693, 37.69371829013621], [126.36944617504074, 37.69405203818735], [126.37197997363515, 37.694206824862555], [126.37324580341702, 37.69347619816379], [126.37421283648719, 37.692874238007406], [126.37460505619087, 37.692460055414934], [126.37469350250785, 37.69153733384037], [126.37415350764, 37.69093067953992]]], [[[126.13868079650042, 37.68588286879646], [126.13940298686698, 37.68582839119369], [126.13982066464081, 37.686068474045264], [126.14003990423294, 37.68624197809957], [126.14112568580946, 37.6862202173366], [126.14130771535032, 37.686177444221826], [126.14256890476696, 37.68575672361782], [126.1429627573657, 37.68559701531689], [126.14335669449926, 37.685283229385306], [126.1441203549099, 37.682646448423384], [126.14434767526716, 37.68154732717485], [126.14358304943863, 37.68131094409026], [126.13897075176551, 37.68074350136528], [126.13768196488957, 37.68121538859531], [126.1341467719041, 37.68251967622811], [126.1317563936975, 37.68345144036645], [126.13099628845472, 37.683765164405315], [126.13013791021226, 37.683860052892086], [126.12969511865889, 37.683888441522114], [126.12916904904358, 37.68383850500061], [126.12882150466073, 37.68358143257881], [126.12879400808814, 37.68337493136681], [126.12876657740367, 37.6830833093008], [126.12690598578091, 37.68196489780723], [126.12646829735563, 37.682552488801434], [126.12564486044481, 37.684175227274025], [126.12221745854475, 37.686586475904214], [126.12222100984175, 37.6873449798021], [126.12278357465348, 37.68995233928613], [126.12308486644004, 37.690304951177566], [126.12486500075322, 37.6918044908348], [126.12673822905435, 37.69227572020423], [126.12778122683046, 37.691098659536145], [126.12805088728885, 37.69084459907079], [126.12934184573159, 37.690683138384635], [126.13087991744442, 37.69069646799421], [126.13230711648335, 37.68915303006436], [126.13235272629849, 37.68908248118512], [126.13458771781522, 37.68709815277227], [126.1351072997053, 37.686810769950156], [126.13581108119146, 37.686509112017355], [126.13591896556952, 37.686464147395554], [126.13820633642973, 37.685949284591956], [126.13868079650042, 37.68588286879646]]], [[[126.32908529161364, 37.71325049391581], [126.32963729278313, 37.71315117651549], [126.32996961405344, 37.71335522416298], [126.32995310890026, 37.71361082014035], [126.33025911343813, 37.71362449116579], [126.33068497690702, 37.713567182541006], [126.33075367000184, 37.71355074305068], [126.3308921301972, 37.713446624313605], [126.33101724875652, 37.7133316261749], [126.33108209797491, 37.7132421712193], [126.3311894648677, 37.712986442161125], [126.33119689217475, 37.71290341719401], [126.3307671301294, 37.711916765909805], [126.33068351937825, 37.71177146309465], [126.33057179289378, 37.71165545163148], [126.33047635939289, 37.711619041094465], [126.32937538354105, 37.711502719029845], [126.32845332543764, 37.711426176620044], [126.32785012321513, 37.71137751193573], [126.32781583055973, 37.71137479427316], [126.32717602585939, 37.71136931595517], [126.32661382162892, 37.711388092287756], [126.3255508326412, 37.71145188948732], [126.32545873740655, 37.711464055038], [126.32538560327242, 37.71147512330602], [126.32530563939318, 37.711512495106405], [126.32470903629132, 37.712020119606926], [126.32466429830023, 37.71214098577499], [126.32463282601336, 37.712264577184754], [126.32460862968179, 37.7124845128856], [126.3247918930417, 37.712985259385334], [126.32492359048256, 37.71322149595592], [126.3250661409301, 37.713410649218446], [126.32521400552417, 37.713556450241654], [126.32548280618494, 37.71373183933378], [126.32572075678446, 37.71386618420352], [126.32640716372666, 37.71410264197432], [126.32678631030154, 37.714106272577894], [126.32737528724967, 37.71410902862514], [126.32749173283955, 37.714046889551156], [126.3277915596962, 37.71377615523058], [126.32908529161364, 37.71325049391581]]], [[[126.21188476334659, 37.717819618324654], [126.21054710129614, 37.717750054464126], [126.21031827564859, 37.717867145895575], [126.21023504234316, 37.72244968353537], [126.21056897170378, 37.72281666142155], [126.2111805703663, 37.72262817823888], [126.21113504426917, 37.72239845655121], [126.21206654620835, 37.72174208230128], [126.21252895309327, 37.720510524945794], [126.21293685395129, 37.718570073284525], [126.21283754727334, 37.71824790686636], [126.21188476334659, 37.717819618324654]]], [[[126.24802334839207, 37.718492258150626], [126.24805732666908, 37.718492358553874], [126.24903846442967, 37.71858225034138], [126.24924333713143, 37.718422478061676], [126.2489751929919, 37.71800786362307], [126.2479802973709, 37.71730392556175], [126.2430863201338, 37.71668327224085], [126.24280626632849, 37.716652108251175], [126.23980662614645, 37.716418829123064], [126.23231980086881, 37.7160425199253], [126.23094740329175, 37.71676435924664], [126.22902871120341, 37.71762177412889], [126.22818091060911, 37.71789590508756], [126.22741844974048, 37.71799044620151], [126.22684956731358, 37.71790948118268], [126.22659556331523, 37.71787331460131], [126.22535540126727, 37.71802420030065], [126.22237585047326, 37.718426620872776], [126.22169438590326, 37.71858870164022], [126.22165607460576, 37.718599367367], [126.21918163241386, 37.719564811859655], [126.21839204728235, 37.720306875349976], [126.21833391377342, 37.72102168488617], [126.22099352541956, 37.72207566049222], [126.2221182613707, 37.722160923762296], [126.22222540146073, 37.72217169642643], [126.22250615625785, 37.72220433740273], [126.22305762138814, 37.72227874932225], [126.22309017036297, 37.72228572990519], [126.22378105537624, 37.72251985052268], [126.22385312877229, 37.722646269588644], [126.22404705349538, 37.72299528440947], [126.22456911229041, 37.72393872536257], [126.22759237184519, 37.72886246086767], [126.22997793693652, 37.73110728241708], [126.23117995659082, 37.7322426808636], [126.23082139039431, 37.73249769985564], [126.23096057820997, 37.73297839837001], [126.2323333177954, 37.73327683620324], [126.23490511485707, 37.73248245259194], [126.23540039656753, 37.732034597348466], [126.23589810260111, 37.7313528984466], [126.23641689129248, 37.72995201233929], [126.23595794825208, 37.729019583841726], [126.2376181844784, 37.72344349511388], [126.23811119043769, 37.72180956635697], [126.24465591683587, 37.71952441651088], [126.24802334839207, 37.718492258150626]]], [[[126.2682596141538, 37.727517239891064], [126.26936904328221, 37.726307301049005], [126.26973716505245, 37.72593051283326], [126.26977927323226, 37.72579174161004], [126.26921937068062, 37.72520035344991], [126.26658770557857, 37.72470475420247], [126.26594260257913, 37.724703344037636], [126.26410149420435, 37.72535269440494], [126.26133991816128, 37.726264549795275], [126.26099365302784, 37.72602633746763], [126.26012999093999, 37.725178742400026], [126.25965665315614, 37.724942590882044], [126.25918858194113, 37.72498487264007], [126.25836884514783, 37.72505952240604], [126.25815337904422, 37.72529774339934], [126.25780837532263, 37.725693676358915], [126.25829636408831, 37.7285566576054], [126.257712989315, 37.731787763044856], [126.25770851753357, 37.731922884999], [126.25780293872191, 37.73226369599104], [126.25844818322153, 37.733685498192656], [126.25955050367288, 37.734088396912426], [126.2610842448054, 37.73466001305092], [126.26279630554104, 37.73637128532933], [126.2634904853035, 37.73712791191724], [126.2656233170209, 37.737875055339586], [126.26618494829256, 37.73667885560957], [126.26752645412702, 37.731176206662326], [126.2682596141538, 37.727517239891064]]], [[[126.28162153506322, 37.74642832333957], [126.28072367079447, 37.745735245612885], [126.27988271997525, 37.74595056103379], [126.27993130479814, 37.7466714143657], [126.28019687357516, 37.74705567855184], [126.28037276664024, 37.74729140565104], [126.28371741022107, 37.7492344679334], [126.28482139838094, 37.74931437006607], [126.28645739770874, 37.749135604115075], [126.2869101940101, 37.748533250140326], [126.28692295272818, 37.748413557528394], [126.28643774232341, 37.74800264014728], [126.2862300701661, 37.74788855466407], [126.2853317603761, 37.74783129541602], [126.28243501007479, 37.74737008882031], [126.28219603016126, 37.74720316349252], [126.28210984639882, 37.746805546825414], [126.28162153506322, 37.74642832333957]]], [[[126.32963733409522, 37.74633668626464], [126.32900395052613, 37.74519578405355], [126.32826639636352, 37.74468515258441], [126.32635470750888, 37.743378893416384], [126.32473270616534, 37.74207710401332], [126.32388752518645, 37.7412911372167], [126.32088124919143, 37.73704530958564], [126.32114774748344, 37.73697317709959], [126.32118613722398, 37.736960867410076], [126.32121351249417, 37.736933411459646], [126.3212997059206, 37.73640312540812], [126.32132658027126, 37.736219720973175], [126.32129686761014, 37.73588751494666], [126.31902999820068, 37.7304247579954], [126.31883140263447, 37.7304522138385], [126.31875182456884, 37.73038208247183], [126.3184743757888, 37.72999752724101], [126.31725854728097, 37.72329726651375], [126.31703637501718, 37.71987605781092], [126.31703733497174, 37.71984437829118], [126.31717364931345, 37.71744085348408], [126.31721388903519, 37.71719664138752], [126.31788824615533, 37.7152183213407], [126.31818437723258, 37.71438854364266], [126.31837184656926, 37.7140414389693], [126.31848437260734, 37.713841368414016], [126.31861803500112, 37.7136538986246], [126.31939254633184, 37.71258036039519], [126.32019024432171, 37.71170944690847], [126.3223495312521, 37.709704461101225], [126.32294670036565, 37.70920647612127], [126.32552510369038, 37.70803442829684], [126.32627825314891, 37.70769944539447], [126.32686088086032, 37.70776387410055], [126.32744899630124, 37.707804726376956], [126.32821026212646, 37.707792264289516], [126.32827094303443, 37.707779745571806], [126.33011333194655, 37.705989952260204], [126.33076187841422, 37.705222834511865], [126.33329817832382, 37.70291132906459], [126.334899690416, 37.70147669892646], [126.3383740776861, 37.69936915929023], [126.33919876817501, 37.698907632513624], [126.34287004676342, 37.69745208287542], [126.34822467339855, 37.69634136137724], [126.35372655128333, 37.69596033851804], [126.35684062319028, 37.69478475735345], [126.36069713831073, 37.69457974544248], [126.36162694948486, 37.695082184224454], [126.36273649358, 37.69565771010758], [126.36290243150029, 37.695693323474565], [126.36312177379044, 37.695715575271755], [126.3663310325291, 37.694594234626], [126.36758558666045, 37.69386095782135], [126.36723339884044, 37.6934542934673], [126.36692255656043, 37.69299109706572], [126.36678708029332, 37.69275424598672], [126.36677160628594, 37.69185210016333], [126.3668489272695, 37.69151060361309], [126.3668816682484, 37.69143248688785], [126.36785137918413, 37.69050664490056], [126.36843330581628, 37.689978072551654], [126.36956535625582, 37.68965292539333], [126.37032274527783, 37.68947342983311], [126.37247148462082, 37.6887154502791], [126.3748667556586, 37.68763107212022], [126.37540739727157, 37.68722698097813], [126.37590480890445, 37.686760097544514], [126.37645192461642, 37.686138148342046], [126.37660773484542, 37.68592801622277], [126.37882298814397, 37.68287316334005], [126.37897725464327, 37.6823274386614], [126.37900431335274, 37.68194924402715], [126.37897788199012, 37.68150114026824], [126.37896754445065, 37.68141544061444], [126.37892912831902, 37.68119409863077], [126.37890831333843, 37.681100874492955], [126.37885841446904, 37.680906417994606], [126.3786643045282, 37.68072227283414], [126.37853678204877, 37.6805044780715], [126.37826648828668, 37.67976153666284], [126.37757654246847, 37.677725309057195], [126.37728183706862, 37.67682858544286], [126.37670202392412, 37.67452537953561], [126.376495773098, 37.67288585855279], [126.37653927813679, 37.67283034579216], [126.37657233499355, 37.6727094228761], [126.37658813885815, 37.67223739617183], [126.37534902741157, 37.66891650411323], [126.37476747017634, 37.66788092553722], [126.37470470033746, 37.667798973806796], [126.37322882606416, 37.66587799854411], [126.37317680108785, 37.665821851829335], [126.37101299778227, 37.6639108949565], [126.37058441091608, 37.663665813609676], [126.36987376730056, 37.66341988592303], [126.36942093911803, 37.66336376289716], [126.36824006993147, 37.66356848795233], [126.36522784175114, 37.66261365854034], [126.36509760128837, 37.66255642043089], [126.36299990658371, 37.66147559977989], [126.36225239883831, 37.66108805945185], [126.36167371826996, 37.66078457743719], [126.36142214258837, 37.660624067101665], [126.36133214950017, 37.66056308003341], [126.35996987572544, 37.659064580959516], [126.35950133923744, 37.65833894905926], [126.35651851526497, 37.65564938483501], [126.35558853933392, 37.65525249584487], [126.35346185434734, 37.65436018929341], [126.352954006422, 37.654709492825326], [126.35244052593109, 37.65505992722669], [126.35111416814688, 37.65387337301593], [126.34975983140177, 37.65266046829792], [126.34857004564114, 37.65159721593581], [126.34799162836207, 37.65108716009256], [126.34320521171053, 37.64958436049479], [126.3432121615212, 37.64945421831842], [126.34334655315809, 37.64484801465307], [126.34200757561976, 37.64438341614597], [126.3409626661131, 37.644091461532646], [126.34009889057639, 37.64409483863956], [126.33766419800398, 37.644798780642915], [126.33756631466512, 37.64498949400926], [126.33786991405556, 37.646210120330196], [126.33648555033578, 37.64835535879776], [126.33375138776822, 37.651092311124174], [126.32878209089486, 37.65310055238024], [126.32740371853897, 37.65416241945605], [126.32565568936522, 37.656589195601995], [126.32463245147177, 37.65951180286871], [126.32640838655269, 37.661321067443815], [126.32778028531614, 37.66248672249286], [126.32871855426913, 37.67016514221418], [126.32600395337167, 37.67198979356652], [126.32551474774408, 37.67231462322957], [126.32402861667106, 37.673545947286435], [126.32015443699407, 37.67936410834266], [126.31884546890754, 37.6819467192017], [126.31537766772857, 37.684611753401306], [126.31465591998976, 37.685058317470336], [126.31042981672738, 37.68685543723588], [126.30373505860436, 37.68900777246932], [126.29735506151442, 37.69135015559674], [126.29474749760011, 37.6923211084257], [126.28877765634486, 37.69530689507994], [126.28688922342384, 37.69692562834547], [126.2865425749816, 37.69740594935605], [126.28644544381831, 37.69772048588906], [126.2866556781069, 37.69808487151049], [126.28670526087016, 37.69850424848636], [126.28669339485967, 37.69986639478691], [126.28667355187851, 37.699884095501844], [126.28580561360954, 37.70065771129955], [126.28394815519557, 37.70202789343092], [126.28246137098665, 37.70291921862567], [126.27670548004092, 37.70614744830413], [126.27126738385311, 37.709088770967654], [126.2696293797759, 37.71018949189535], [126.26935232905691, 37.710653066469824], [126.27214131522544, 37.71233423154471], [126.27502258793626, 37.71209031236939], [126.27547630522331, 37.711842075960085], [126.27572644464476, 37.71170521319422], [126.27597380471607, 37.711516013326815], [126.27609525832693, 37.71111410021867], [126.27633212798935, 37.71051848094239], [126.27698238286966, 37.71012372819245], [126.27918810079939, 37.70940471046837], [126.28052819254255, 37.70914503189633], [126.28203752262021, 37.7089915407631], [126.28355847353167, 37.71020593894357], [126.28670422776781, 37.71272308444108], [126.28758214994654, 37.71398188318094], [126.28776541132724, 37.7143647138542], [126.287808051588, 37.71446087935046], [126.28802044733463, 37.71597128822111], [126.28801357283045, 37.71603411443381], [126.2879212128499, 37.716069133196825], [126.28775870964182, 37.716130954855714], [126.28764465435358, 37.71617878013383], [126.28760397075195, 37.716210968311394], [126.28759112375438, 37.716250946849755], [126.28757325139138, 37.71677078396588], [126.28766587185272, 37.717939242994824], [126.28819522645213, 37.72022751945156], [126.28842765125816, 37.72102233529064], [126.28883356615809, 37.722136215064275], [126.2893386780045, 37.72382512927696], [126.28950982534572, 37.72446388824702], [126.28954120397829, 37.72459850859607], [126.28955550354428, 37.724661588301785], [126.28960698322454, 37.72490992961046], [126.28957427475028, 37.725075272651175], [126.28934435804452, 37.72549106622964], [126.289307697554, 37.72553953191435], [126.28898802436592, 37.72585895895103], [126.28894701109402, 37.72589541619376], [126.28785808433881, 37.72868959012162], [126.28875790667989, 37.73321268057599], [126.28946476265233, 37.73938053043524], [126.28897557638732, 37.74217878038692], [126.28908696921089, 37.74263421442257], [126.292518984142, 37.74469044531595], [126.29661741074119, 37.74548194516667], [126.29775306282255, 37.745553003947514], [126.29785634228467, 37.7455569271594], [126.29817323904655, 37.745523943126344], [126.30006957678606, 37.745536486796524], [126.30308884372505, 37.74578323756634], [126.30521930648673, 37.746354734036125], [126.30619142527429, 37.746709984483005], [126.31068062039311, 37.74857239742564], [126.31474422936617, 37.750969535829526], [126.31733370130951, 37.75228609882258], [126.31797272719956, 37.752424299769295], [126.31944516054628, 37.75244095761438], [126.32056094019795, 37.75238680253541], [126.32140969065432, 37.75211805947726], [126.32200891902139, 37.75202787982524], [126.32359882312316, 37.751734516379834], [126.32379428180785, 37.751683854254104], [126.32394525494632, 37.75160503440259], [126.32403670123489, 37.75154760979886], [126.32956533951072, 37.74803989032112], [126.32972882676971, 37.746792446275904], [126.32963733409522, 37.74633668626464]]], [[[126.26637952601526, 37.815283810889674], [126.27155567100472, 37.81333242128899], [126.27684804058752, 37.81127694157081], [126.28172607435039, 37.80873084820945], [126.28243866796544, 37.80836663618875], [126.28316101837609, 37.80799929944847], [126.2833214177476, 37.80792628631142], [126.2835303509996, 37.80783325773094], [126.28477773588098, 37.807284176537635], [126.28585661426415, 37.806843573918556], [126.28838445066073, 37.805838046811694], [126.28900144747615, 37.805674297075164], [126.29020338983116, 37.805369413075894], [126.29056267636913, 37.80522848589998], [126.29387427956422, 37.80392068201616], [126.29391751983498, 37.80385735270706], [126.29415333846015, 37.802527584394596], [126.29473172944982, 37.801753008406585], [126.29773290744964, 37.80219917313593], [126.29825799524122, 37.80232295287834], [126.29854840725126, 37.80239523747942], [126.29949796721655, 37.8026522960419], [126.2998165644696, 37.80274611493872], [126.30050689569427, 37.80317001680399], [126.30266076364471, 37.80291662445688], [126.3108912543017, 37.80221295036021], [126.31325140712974, 37.80202298849725], [126.3144659861354, 37.80229214988613], [126.31515807246257, 37.802460237363015], [126.32140785862869, 37.80428035212659], [126.32148278849554, 37.80430677006407], [126.32167667827551, 37.804412676949084], [126.32206693355349, 37.804696569432856], [126.32241541674509, 37.80497089511876], [126.32248761111367, 37.80503415972264], [126.32263253383901, 37.805215363501546], [126.32350383995532, 37.806682238402715], [126.3235700588455, 37.80695231431996], [126.32355704249962, 37.807134201595105], [126.32350317066995, 37.80723486915157], [126.32334646316123, 37.80736340602222], [126.32315210552164, 37.807503344333796], [126.32327003325815, 37.80774148310729], [126.32345178515199, 37.80800768229448], [126.32406777739006, 37.808232272208684], [126.32428961820266, 37.80819625840331], [126.32492407276634, 37.80787146768588], [126.32753451325952, 37.80583840731351], [126.32861093900732, 37.80338741763787], [126.3289398320623, 37.80282378806239], [126.3290934214128, 37.802573816456665], [126.32918656613546, 37.80243599312228], [126.32951666552893, 37.80200379473323], [126.32977540249333, 37.801714024852345], [126.33205928667645, 37.79970071849357], [126.33211231531145, 37.79966144220478], [126.33336755735543, 37.79692448282813], [126.33144125439821, 37.79543080794373], [126.33125253379045, 37.79527651221954], [126.33008591046895, 37.793839289032434], [126.33035848694368, 37.791540378291856], [126.33037474443061, 37.79145633179922], [126.33070601978801, 37.79067060741214], [126.33099806051085, 37.79022829841346], [126.3313083927112, 37.789650795868184], [126.33102847722297, 37.78914244296236], [126.3262397473485, 37.78701189182858], [126.32498485562665, 37.78595499926276], [126.31986256706107, 37.780132846133995], [126.31737975037427, 37.776101797810995], [126.31495559659456, 37.77368957655125], [126.31067721088853, 37.77232102607527], [126.30566575993737, 37.77035462899321], [126.30142973045027, 37.768317900195356], [126.30026291525895, 37.767686756099856], [126.29270093225846, 37.764840889321654], [126.29234069250626, 37.76467599382009], [126.29167584833164, 37.763709121154804], [126.29140121535106, 37.76313177378373], [126.29127636513293, 37.763072831331705], [126.29083705633221, 37.76286928099855], [126.29018802747696, 37.763105675165065], [126.28911892050647, 37.7640134539013], [126.28868304970199, 37.764458035312536], [126.28799742666729, 37.765027109964805], [126.28662628657976, 37.76606970205601], [126.28369094517072, 37.76755329309203], [126.28138928281854, 37.76838158311357], [126.28056337520316, 37.768651816917966], [126.27986821593719, 37.768796259773936], [126.27866910744513, 37.76887966364266], [126.27210885651213, 37.76906471005582], [126.26290019944506, 37.76681310901295], [126.2627352611916, 37.76665457375153], [126.26238073991206, 37.76632027271786], [126.2604148541548, 37.76453592498804], [126.25998635797283, 37.76423597196156], [126.25960139975841, 37.76420268469134], [126.25852184785698, 37.764526392428635], [126.25633201060383, 37.76483499512397], [126.25451832019006, 37.76505853103283], [126.24837427937315, 37.765612062363694], [126.24826970338351, 37.76560047329249], [126.24814977936326, 37.765260297652674], [126.24792432140448, 37.764655335253686], [126.247791073872, 37.76444310459414], [126.247607090702, 37.76426602129891], [126.24723440059797, 37.764114899831405], [126.24376368941356, 37.76275610215805], [126.24366475867429, 37.762726635706855], [126.24359851432972, 37.762789122956725], [126.24292485115727, 37.763429644081505], [126.24246574429785, 37.76381148806888], [126.24215031016979, 37.763738128494694], [126.24199070748787, 37.76369428658578], [126.2418770372057, 37.763590215346106], [126.24057549731536, 37.76205613398761], [126.24046587481718, 37.7618929154465], [126.24043210923169, 37.76177716111271], [126.24073659037046, 37.760862632460274], [126.2407896260865, 37.7607201746077], [126.24080506238587, 37.76068111080757], [126.24085916529424, 37.7606061299234], [126.24098934764201, 37.76045905623059], [126.24107791745753, 37.760387063495344], [126.2411238249522, 37.76042029625633], [126.24115493720056, 37.76039946497077], [126.24125309009595, 37.760296813167926], [126.24123065536538, 37.7600811479006], [126.24122009766545, 37.76001269707713], [126.24067509108848, 37.758498449114676], [126.24058979799868, 37.75833030651967], [126.2402967731343, 37.75780993342102], [126.239507931601, 37.75700477607213], [126.23301427533247, 37.75118009743913], [126.2327530904973, 37.75108294926834], [126.23209861390042, 37.75121434134065], [126.2319633055876, 37.75124710677724], [126.23167962248537, 37.75134156438696], [126.23036718994719, 37.75190563213199], [126.22666221198364, 37.75351922908736], [126.22635022906951, 37.753690581652904], [126.22532693726973, 37.75425950168254], [126.22508031923654, 37.75439854247611], [126.22199780713109, 37.7563665110042], [126.22185951658153, 37.7564992229422], [126.22128884885886, 37.75711530147329], [126.22109908854827, 37.7574236613512], [126.22107887164108, 37.75745882401142], [126.22109136388426, 37.757522738901116], [126.22114404701443, 37.75763316472662], [126.22119261666326, 37.7577617713786], [126.22098966046144, 37.758444346703875], [126.21474528231114, 37.763364402284836], [126.2143200591849, 37.76367724257756], [126.20756051063317, 37.76833575485546], [126.20637634843045, 37.768343041855395], [126.20618761291182, 37.76828748652872], [126.20607814851996, 37.768250522179976], [126.20495692073116, 37.76852830117413], [126.20448245760012, 37.769774140784335], [126.20435623408945, 37.771902710105174], [126.2052917802094, 37.773041813941], [126.20857788365684, 37.77377792053071], [126.21063565830582, 37.77411779755566], [126.21066035847711, 37.77412826840203], [126.21265947861897, 37.77541245508164], [126.21384844830925, 37.77618142776678], [126.21634629446307, 37.77815928877118], [126.21653800104899, 37.77840581719693], [126.21725477076643, 37.78037030283772], [126.21780240306171, 37.78161138900654], [126.21866541105987, 37.783372316147485], [126.21969457673008, 37.784054173620206], [126.22120332438743, 37.78543399913082], [126.22219580036358, 37.786913081699346], [126.22264838036124, 37.78845964355791], [126.22289391075448, 37.791461877224656], [126.22287192645129, 37.79156725821613], [126.22097683911277, 37.79213025269682], [126.22014015846273, 37.79220978150429], [126.21971444946848, 37.792489384018225], [126.2192060473177, 37.79289791314963], [126.21912326253164, 37.79304626074462], [126.21876961946117, 37.7949610422608], [126.21875781857592, 37.79507981417236], [126.21875313306738, 37.79530662778461], [126.21875532511667, 37.795536895936074], [126.21877306145656, 37.7955979061926], [126.21881582652574, 37.795650976340895], [126.21886348596065, 37.7956985731483], [126.22053295731162, 37.79702700388221], [126.22180401187426, 37.797849612258], [126.22394691124343, 37.80019390840531], [126.22398040464014, 37.800252547000184], [126.22398967745377, 37.800294148878855], [126.22398721840642, 37.8003315769918], [126.22382407668402, 37.8009535296839], [126.22378577238128, 37.80107741706985], [126.22364168242359, 37.80145676620846], [126.22344273306196, 37.801750866663454], [126.22296471123663, 37.802455057565034], [126.22280540896871, 37.80268735440457], [126.22322007333264, 37.80503683047593], [126.22446044227794, 37.80580971006695], [126.2274770695576, 37.80768469372239], [126.2276395264866, 37.807780982312124], [126.227908415742, 37.807938220861764], [126.22985006356909, 37.80896634985649], [126.23342672910928, 37.811729488797305], [126.23516097963596, 37.81356342920549], [126.23833468024624, 37.81628061738677], [126.24051884826584, 37.817300339793626], [126.24069792447605, 37.81727366480112], [126.24089228625023, 37.81722020697302], [126.24133795188878, 37.817030915952934], [126.24166555669778, 37.816886313734656], [126.24224273725508, 37.81661066464293], [126.24260854981769, 37.81630881511721], [126.2429327437133, 37.81599308237379], [126.24324223676915, 37.81572421978883], [126.24613492281394, 37.81482050308109], [126.24680302272726, 37.814675420846285], [126.25681375601447, 37.81464623789115], [126.25991560553011, 37.81555497151523], [126.26114460678495, 37.81610632485632], [126.26155541286295, 37.816355409118934], [126.26229005101355, 37.816875084683886], [126.26370698367565, 37.81770107673329], [126.26400867250221, 37.817765759947996], [126.26424060134188, 37.81778183523741], [126.26451669474625, 37.81778596835292], [126.26637952601526, 37.815283810889674]]], [[[126.43875719519063, 37.82461629088171], [126.44129939634624, 37.8223500098377], [126.44235638526659, 37.822497454414204], [126.4427310109175, 37.82262085032367], [126.44407907112718, 37.82197234808833], [126.4444248370929, 37.82171512209466], [126.44442777540823, 37.8216988406858], [126.44470295548467, 37.82000351292333], [126.44472514521665, 37.819735851514345], [126.44464123355472, 37.81928897355343], [126.44691762060557, 37.816840734726206], [126.4503189365897, 37.8130685816048], [126.45062944232846, 37.812110801956024], [126.45331563752852, 37.810098711997185], [126.45563504233736, 37.80849261769895], [126.45810451298921, 37.806978777779186], [126.45922211451467, 37.80629965453759], [126.45999510602535, 37.805871587832826], [126.46411826023107, 37.80399196823703], [126.46782775043583, 37.802010711778784], [126.46833963751821, 37.80159254073579], [126.46939298732602, 37.80073975876438], [126.47118466132223, 37.79944526665128], [126.47161166504593, 37.799139558978474], [126.47779348587522, 37.79524500642372], [126.48552812445436, 37.790983052900415], [126.48771061049989, 37.78977491268825], [126.49190432484464, 37.7884445461792], [126.49507499434841, 37.787493165685866], [126.49649664768411, 37.78706579571407], [126.49657128747693, 37.78702436653922], [126.49697446895746, 37.78653307738442], [126.49868689168196, 37.78688174770192], [126.49908191748501, 37.78683335783912], [126.49964836858233, 37.786588030774745], [126.50328239320812, 37.78496443275815], [126.50530317423392, 37.78378849656809], [126.50588537245207, 37.78333384314093], [126.50689722595163, 37.782348113865126], [126.5073512622261, 37.78158923022082], [126.5074625086725, 37.78138661751045], [126.5081142809079, 37.780101940856746], [126.50825268589372, 37.77967663724728], [126.50832355993015, 37.778794449192084], [126.5083375048022, 37.77836638171376], [126.50832309270943, 37.77820182365257], [126.50819427532515, 37.777821119606074], [126.50811253433892, 37.77765176768407], [126.50811951004893, 37.77623029886208], [126.50814313277107, 37.77610182410501], [126.5084564554593, 37.77530258314771], [126.50865903169698, 37.774788956819336], [126.50875830707463, 37.77460099508675], [126.50953137521705, 37.773773338928535], [126.51022680738345, 37.77332580275483], [126.51155458673668, 37.772197010223216], [126.5124715981459, 37.77118118021599], [126.51253717012665, 37.77108154940917], [126.51284336161282, 37.77057415167431], [126.51112359702175, 37.76775995210878], [126.51094598715312, 37.76754574938724], [126.51063657097731, 37.76744252445071], [126.51048060079617, 37.767412544701635], [126.5103445557442, 37.76736949752394], [126.51027376933997, 37.767325604934506], [126.51024876997232, 37.76726723639883], [126.51052187675266, 37.7648244077521], [126.51068195793411, 37.764337613769385], [126.51113436981367, 37.7632122738619], [126.51132401565967, 37.762753778755396], [126.51141392290276, 37.762588421217764], [126.51155585685419, 37.76234039542941], [126.514336264324, 37.7586537856794], [126.51749378276959, 37.75458688023258], [126.51992638814129, 37.75177960534335], [126.52027974473525, 37.751500870732265], [126.52305425024414, 37.74934391686362], [126.52319327384548, 37.749260179805304], [126.52356329948351, 37.74908538265479], [126.52423855462261, 37.74878007340214], [126.52432182327145, 37.74875024671954], [126.52455480600818, 37.74882235554717], [126.52471570261223, 37.74888007577871], [126.5247707306503, 37.74906453242139], [126.52484158847773, 37.74924677484443], [126.52511278915632, 37.74926717782078], [126.52570406397383, 37.74870681441631], [126.52642102977507, 37.747615759655886], [126.52648338488152, 37.74732661988303], [126.52605320330541, 37.74587131587655], [126.52510609578614, 37.7448672134755], [126.524191259428, 37.741901798198654], [126.52454222500823, 37.741609274612735], [126.52486289357293, 37.741189899558144], [126.52507441579341, 37.74017158514747], [126.52485244678842, 37.7397374400528], [126.51874967475163, 37.73342810917956], [126.51752551161242, 37.73252771129089], [126.5168589243151, 37.73078283291479], [126.51619433103545, 37.72984432941649], [126.51611428896669, 37.729717268748715], [126.5147292846525, 37.727504391888196], [126.51444677114377, 37.72699371249552], [126.51413298386194, 37.72633611522306], [126.51395640090354, 37.72582599062131], [126.5137800486469, 37.72507907856617], [126.51254944875356, 37.716989364311836], [126.51254683599876, 37.716826342421484], [126.51258792783054, 37.71563034664489], [126.51313722618065, 37.7140430488132], [126.5139324463751, 37.7121553917777], [126.51459814916464, 37.71090172226994], [126.51660230819813, 37.70820230372015], [126.51681974223608, 37.70792114468467], [126.5184138570802, 37.70729041186603], [126.51976622540333, 37.70683570600614], [126.52022774273928, 37.706583340985155], [126.52447963944708, 37.7035028804436], [126.525023790849, 37.70297002681953], [126.52535266104232, 37.701883642612685], [126.52450638741894, 37.70167909913419], [126.52439051994591, 37.701627780158354], [126.52389268691701, 37.701266140079724], [126.52304659815674, 37.70041570435288], [126.52217743683184, 37.6992392935309], [126.52196901516763, 37.69892021977893], [126.52160265920142, 37.69830049452823], [126.52153682610955, 37.698154634776216], [126.52139896763506, 37.697817162297405], [126.52090042733285, 37.69644614890989], [126.52015444723499, 37.69339415730836], [126.52015011844784, 37.693372134038356], [126.51966924010158, 37.690271856048184], [126.51863022942712, 37.6886519414837], [126.51894996798472, 37.68165349856469], [126.51855012475093, 37.6814683620335], [126.51844552969642, 37.68140733657668], [126.5184005578183, 37.68137255221778], [126.51835327498533, 37.68130952693818], [126.5174124914346, 37.679886660740436], [126.5173755748454, 37.679825569111706], [126.5173036072242, 37.6796892094111], [126.51723048836156, 37.67948729894979], [126.51700299407757, 37.67882502183519], [126.5169777062726, 37.67837465223468], [126.5169433512563, 37.677668191166525], [126.51694502066542, 37.674743148680996], [126.51824516127483, 37.67210554460638], [126.51862672144733, 37.671334961195065], [126.52017993789093, 37.669767965762], [126.52073680906597, 37.66923242313651], [126.52096507580073, 37.66903146645816], [126.52156554649736, 37.66859159134622], [126.52305360365621, 37.66756641036183], [126.52472691980762, 37.66692987196761], [126.52649364642652, 37.66628271696396], [126.52729435599228, 37.66613299872168], [126.52747183889048, 37.66620904377905], [126.52901745632097, 37.66663664340679], [126.52911666110491, 37.666626446106285], [126.52987044090644, 37.66653136512584], [126.53026286031341, 37.66636242803124], [126.53174805567473, 37.665665706098345], [126.53224148543602, 37.66507355474799], [126.5322757376885, 37.66498693703255], [126.5326136192561, 37.66352405840523], [126.53257130639435, 37.66090251742843], [126.53241610975509, 37.660808580784604], [126.52752237608065, 37.65954199830583], [126.52658923411863, 37.65935351822512], [126.52604956135049, 37.65960492496561], [126.52466940018134, 37.65829118400084], [126.52338584693814, 37.65694236551646], [126.5231778289792, 37.65672142478855], [126.52288458918589, 37.6562615707491], [126.52226431581487, 37.65365582529916], [126.52230030786036, 37.65333306544724], [126.52260738619603, 37.65296024911693], [126.52363861494834, 37.65210045676994], [126.52456302388899, 37.651378604255385], [126.52469048694115, 37.65126774976748], [126.52523339814506, 37.65076168132391], [126.52679014606468, 37.647834235316076], [126.52680082650063, 37.64779930210268], [126.52686037806721, 37.64737504710202], [126.52684989726765, 37.647315982467205], [126.52681113326932, 37.647271624625844], [126.52563746291118, 37.646391623121815], [126.52555939571326, 37.64633933135689], [126.52548153513358, 37.64629032021622], [126.52516138203738, 37.646104476297744], [126.52513785757286, 37.64609575909636], [126.52511372412424, 37.64609183363382], [126.52335247540083, 37.64608064852278], [126.52325279043143, 37.64608159694546], [126.52205705658648, 37.64615066566092], [126.52449499683523, 37.645656476134704], [126.52620644928767, 37.644680919366316], [126.52666844936792, 37.64341655305021], [126.52681285306413, 37.64305126220095], [126.52708687658718, 37.642398133839954], [126.52744509323057, 37.641559958374415], [126.5283797854124, 37.63939334462573], [126.5285249487622, 37.63909308186451], [126.52866346526602, 37.63880843799418], [126.52915681741077, 37.63797477076103], [126.529535056292, 37.63741662839706], [126.52955322384709, 37.637394023310996], [126.53106659141487, 37.6360443826789], [126.53380382437538, 37.630086511411655], [126.53425086222207, 37.62744675985191], [126.5342364491177, 37.62739846482424], [126.53420590646577, 37.625381763592635], [126.53420886085037, 37.62497180320792], [126.5342106155414, 37.6249376090763], [126.53421264241899, 37.624912506029084], [126.53421671544734, 37.624893214282295], [126.5353046230648, 37.6221998902988], [126.5353068107551, 37.62219790726607], [126.53580632366057, 37.62227463627532], [126.53623538382082, 37.622350546167766], [126.53687070803011, 37.6224829536729], [126.53687550109677, 37.62248630693381], [126.53715769216511, 37.62274160743566], [126.53715820966886, 37.622747872193706], [126.537127172179, 37.62340357259922], [126.53710939880503, 37.623761678640506], [126.53710542262833, 37.62387314065671], [126.53711109210792, 37.623930665583174], [126.53711938690297, 37.62397582606362], [126.5371376248488, 37.62402357694768], [126.53715581619592, 37.62406545448021], [126.53716898350152, 37.62409042740881], [126.53767059908283, 37.62467653485884], [126.53807573642895, 37.625000654388806], [126.53889941886449, 37.62501804023215], [126.54009241189219, 37.62453491308434], [126.54009725272206, 37.62453263518674], [126.54010183221376, 37.62453005953146], [126.54010667668696, 37.62452696957823], [126.54012771210358, 37.62451225639451], [126.54015646991395, 37.6244907812723], [126.54017245605725, 37.624477634949784], [126.5405731303394, 37.62409622507839], [126.54083566562001, 37.623802311820185], [126.54150139537398, 37.623017499077804], [126.54177694424999, 37.622691548438006], [126.54210546236119, 37.622211339785785], [126.54240600304057, 37.62172831992789], [126.54378016998803, 37.619358178837636], [126.54382709613891, 37.619272766446], [126.54383179559858, 37.61926397343346], [126.54383558750312, 37.61925508653991], [126.54383883974384, 37.61924569233863], [126.5438756034349, 37.619118210662066], [126.5438823911089, 37.61909358762808], [126.54389030030441, 37.61906155224424], [126.54389233341469, 37.619051441530495], [126.5438970615339, 37.6190195281852], [126.54395850653366, 37.6183742221834], [126.54395830328113, 37.618368681046846], [126.54395772672173, 37.61836309181976], [126.54395371573439, 37.6183352933721], [126.54395122531054, 37.6183294434798], [126.54394857085349, 37.61832436919298], [126.54394119675904, 37.618311618910745], [126.54393801004103, 37.61830687560062], [126.54393174015605, 37.618298328089374], [126.5439218583679, 37.61828620913845], [126.54387407165066, 37.61822847837989], [126.54279916657785, 37.61776761984426], [126.5427911936093, 37.61776589494062], [126.54232403176542, 37.61771449672145], [126.54173409172489, 37.617651948979756], [126.53958771601994, 37.61767685638484], [126.5394882821273, 37.617689253085906], [126.53937552308635, 37.61771714840855], [126.53922843143404, 37.61778184241221], [126.53909131861968, 37.61784856433795], [126.5390872959855, 37.61785245050075], [126.53549913625089, 37.61714960719887], [126.53427821051793, 37.61388833607773], [126.53199762564272, 37.61359474784968], [126.5230375890066, 37.611460146467344], [126.52226446521621, 37.61126831711196], [126.52199645710265, 37.61119906347623], [126.52059625470837, 37.61079448368721], [126.5203972234954, 37.61071279292844], [126.52034756299737, 37.61069117630025], [126.52034610879582, 37.6106849163064], [126.5200773246112, 37.60908049280708], [126.5200825037595, 37.609047563873595], [126.52010139841197, 37.60901360236008], [126.52013414858182, 37.6089684533935], [126.52017233599886, 37.6089207817156], [126.52021092952016, 37.60887548566042], [126.52025044698354, 37.608836273034754], [126.52030591217873, 37.60879323421837], [126.52034077031225, 37.608770300304464], [126.52042592952162, 37.60871538163858], [126.52047194035178, 37.608690719607225], [126.52074486048392, 37.60860938768743], [126.52080534427941, 37.60859762268527], [126.52085348138476, 37.6085917183123], [126.52089729105549, 37.608598052137104], [126.52118923686129, 37.608046474710335], [126.51970084937189, 37.60689055840983], [126.51919330940454, 37.606575282391226], [126.51814312835047, 37.60592995123105], [126.51768202738579, 37.60565778111557], [126.51736205735811, 37.60547017787357], [126.51685719888627, 37.60517730287029], [126.51667409984587, 37.60507388528081], [126.51464181779437, 37.59987109460802], [126.51508426805043, 37.59685742306692], [126.51508915939718, 37.5968612007503], [126.51613340774382, 37.59757885666165], [126.51772307272923, 37.59822791862749], [126.51790182794478, 37.59830007863493], [126.51793309161782, 37.5983125949166], [126.51796404036656, 37.598324767871446], [126.51798753899592, 37.598333215871044], [126.51816965481281, 37.59839691122519], [126.51820368793585, 37.59840833103978], [126.51822676279096, 37.5984157569777], [126.51823915401359, 37.598419322922396], [126.51825261455792, 37.598422719300494], [126.51832605087601, 37.59843827402833], [126.5183511012375, 37.59844346668636], [126.51837631299537, 37.59844792881177], [126.5184032259185, 37.59845172368544], [126.51841711195188, 37.59845325785672], [126.51845318380872, 37.59845591031666], [126.51848753698772, 37.59845814918791], [126.51850259027924, 37.598459129733655], [126.51852898256128, 37.5984597872691], [126.51854424894894, 37.59845972315219], [126.52257261152427, 37.59837121478492], [126.52257793663237, 37.59837079380872], [126.52258325140244, 37.598370123982946], [126.52258852303333, 37.59836911490418], [126.52310494819889, 37.59826877310705], [126.52374398828587, 37.59792823812468], [126.52375384112598, 37.597922700813946], [126.52375905934991, 37.59791953348565], [126.52376368689201, 37.597916491060694], [126.52376773788605, 37.59791353219546], [126.52377161833975, 37.5979104475375], [126.52377492108707, 37.597907361705865], [126.52377774985774, 37.59790413855836], [126.52378025166274, 37.59790079733744], [126.52378233318055, 37.59789754457427], [126.52378424641907, 37.59789399298417], [126.523785797327, 37.59789060243671], [126.52392301115124, 37.597560811282385], [126.52392829684543, 37.597547100886494], [126.5239297861419, 37.59754252910074], [126.52395776251737, 37.597436821366905], [126.52395874509935, 37.5974318434021], [126.52395942337066, 37.5974267475518], [126.52395985057352, 37.59742179383592], [126.5239594309157, 37.59741645816786], [126.5238882783753, 37.59692520656637], [126.52384459848928, 37.596930076532324], [126.52383480499036, 37.59693108251593], [126.52382427112939, 37.596931705623824], [126.52380399770834, 37.59693232748437], [126.52371824017405, 37.596934918718674], [126.52371084489309, 37.59693496029172], [126.52370398981542, 37.596934058146566], [126.52369759998292, 37.59693257399307], [126.52369122700775, 37.596930493306125], [126.52335320425911, 37.59677321416548], [126.52334459218179, 37.596768766095295], [126.51907344224925, 37.594287681153716], [126.5184516238929, 37.59391866170538], [126.51844732054535, 37.593915480314735], [126.51837521234758, 37.59385400014238], [126.51836013041711, 37.59383837022294], [126.51835545272822, 37.59383316135475], [126.51790974146006, 37.59329828482064], [126.51790735020094, 37.59329510309779], [126.51790523123803, 37.59329188758806], [126.51781822945716, 37.59315762787771], [126.51781637762579, 37.593153565547695], [126.51781557739594, 37.59315102077596], [126.51781499568962, 37.593148396704166], [126.51781458324139, 37.593145649659064], [126.51781469787645, 37.593136583351836], [126.51781606298711, 37.5931109738409], [126.5178163870034, 37.59310648797268], [126.51796254713639, 37.59206999124738], [126.51796539865389, 37.59205969487888], [126.52029279488512, 37.59024677406878], [126.52219711664479, 37.58984933508487], [126.52222387279703, 37.58985796605733], [126.52229933327264, 37.589878220115885], [126.5224672365756, 37.589916723607125], [126.52276116891332, 37.589942977797236], [126.52378493221258, 37.589941715889026], [126.52381038401813, 37.589941655109826], [126.5247997251821, 37.5899015403459], [126.52607896142044, 37.588572477840856], [126.5261962569809, 37.58669189952626], [126.52619833984598, 37.58664365284087], [126.5261206267783, 37.58631678614862], [126.52584053341002, 37.585994091549196], [126.52313018044752, 37.58474671554386], [126.51762176014522, 37.58025321054817], [126.51761199438825, 37.58024502640114], [126.51750584681606, 37.580168413979784], [126.51731016750382, 37.58003267579693], [126.51729827030671, 37.58002553383123], [126.51728517822947, 37.580019173275225], [126.51727016538189, 37.58001281475225], [126.51725449791438, 37.580006975345384], [126.51721846285166, 37.57999824076076], [126.51696290635444, 37.57993829117297], [126.51691181003508, 37.57992706058604], [126.51689629899869, 37.57992551992898], [126.51619325998873, 37.57987434748436], [126.51615471404638, 37.57987226141633], [126.51611642162736, 37.57987139242842], [126.51609949469128, 37.57987142258248], [126.51608387508382, 37.579872970638945], [126.51607048694083, 37.57987586403788], [126.5160365016081, 37.57988608471685], [126.51315667605189, 37.5808036748811], [126.51081391783752, 37.58168251238558], [126.5108056078529, 37.581685719939784], [126.51039190263786, 37.582044679802856], [126.5103877944997, 37.58223284083513], [126.51056225894759, 37.58265760446824], [126.51057402326468, 37.583136491071436], [126.51057220226373, 37.58314657598925], [126.5104444053982, 37.5835703089601], [126.51044078381068, 37.58358225893072], [126.5104251695848, 37.58361053940208], [126.51041831305265, 37.58362148702256], [126.51039790124496, 37.58364206785659], [126.509076496544, 37.584958424064794], [126.50732777173474, 37.58562806649884], [126.50637469202583, 37.5859350954673], [126.5055225971157, 37.58668476861491], [126.504479239548, 37.58864117794929], [126.50428227935626, 37.58875544216423], [126.50420428435268, 37.58881093984233], [126.50419690021872, 37.5888166658043], [126.50418661143497, 37.588826172622475], [126.50418108307956, 37.588831690714414], [126.50372450752855, 37.58929141773315], [126.50330621881737, 37.58992257240094], [126.50330435890983, 37.58992648463664], [126.5033029328571, 37.589930308601765], [126.50330018549106, 37.589939954736444], [126.50317223273017, 37.59041601904677], [126.50316474467606, 37.590447350496206], [126.50316083439569, 37.59046673365283], [126.50315983724037, 37.590473557217955], [126.50315917092712, 37.59048020331391], [126.50315882410469, 37.59048820228206], [126.50316411456245, 37.59052006527926], [126.50316536783261, 37.590525629783436], [126.503167426993, 37.59053276578156], [126.50317384540692, 37.5905466407957], [126.50317929025879, 37.59055707897472], [126.50318271583697, 37.590562995313526], [126.50318653674908, 37.59056899430715], [126.50322990361838, 37.590626642910486], [126.50323545993092, 37.590633990508955], [126.5032409625582, 37.59064060758656], [126.50337725290449, 37.59078889683693], [126.50422133767597, 37.59105887642268], [126.504257689711, 37.59106960596364], [126.50429542567394, 37.59108052202472], [126.50430241031466, 37.59108235294144], [126.50487231761558, 37.59122333427736], [126.50489808358009, 37.591227272164886], [126.50490409215051, 37.59122789155739], [126.50491185593533, 37.59122837432713], [126.50491905738069, 37.5912283863739], [126.50492539922567, 37.59122813519853], [126.50493271815651, 37.59122749027316], [126.50493878158096, 37.591226712182795], [126.50681249586988, 37.59213788547568], [126.50681686628836, 37.59213631610623], [126.50736726004389, 37.591902504774055], [126.50788742945443, 37.59178290322766], [126.50789684017636, 37.5917827092365], [126.50884320556044, 37.59194305371729], [126.5130358600428, 37.59326909508699], [126.51303979243838, 37.59327049707416], [126.51332109555635, 37.59337721908595], [126.51352024557261, 37.59349338368493], [126.51352396532049, 37.59349596550631], [126.51352731174079, 37.59349851175966], [126.51354531779015, 37.5935173628056], [126.51356587605194, 37.59354057592758], [126.51357394316211, 37.59355019552063], [126.51357941092212, 37.59355730845419], [126.51481104548569, 37.59630627804534], [126.51482678086664, 37.59631391016583], [126.51486396755597, 37.59635030933899], [126.51489560191065, 37.59639973486371], [126.51491382635238, 37.59648440893665], [126.51491696210269, 37.59652631753293], [126.51491530480068, 37.59655647980956], [126.51491504896096, 37.59656110684076], [126.514893708617, 37.59660244519733], [126.51325954890086, 37.59921702874142], [126.51325644985273, 37.59922197990193], [126.51293133541579, 37.59937384234957], [126.51292324648054, 37.59937629477529], [126.5127635913302, 37.599381392894394], [126.51274533834113, 37.59937959619619], [126.51273215714653, 37.59937598340901], [126.51260895340987, 37.59929811899258], [126.51259737029352, 37.59928896023829], [126.51192941061596, 37.59831456204262], [126.5119059700565, 37.59826802907649], [126.51189134617566, 37.59822893729138], [126.51188166290203, 37.59819075033308], [126.51186067291059, 37.59796339040843], [126.51185345314, 37.5979193204464], [126.51182852728051, 37.59786913370529], [126.51077753029692, 37.59656959035221], [126.5107330073161, 37.596527725912], [126.5106792289633, 37.596491905614975], [126.51064839454925, 37.59647620756496], [126.51058946095704, 37.59646853901501], [126.50450755882775, 37.59628338225217], [126.50437843889085, 37.596284652676744], [126.50426746356011, 37.59628914954194], [126.50411704003244, 37.596310032851676], [126.50380761221223, 37.596365296688084], [126.5034504425293, 37.59643261998677], [126.50305329193462, 37.596515092691945], [126.50282796303316, 37.59657157990016], [126.50269521493605, 37.596654360840986], [126.50261637012757, 37.596718494688325], [126.50249655322824, 37.59682774729405], [126.50154493018148, 37.5972602130977], [126.49931004902234, 37.59806567469166], [126.49887168005606, 37.59821011512551], [126.49872594257508, 37.598254375363176], [126.49411250340584, 37.599271782594236], [126.48973179593526, 37.600065169363454], [126.48965881653764, 37.60007965603534], [126.4895975810959, 37.60009874438063], [126.48855178824599, 37.600479512655646], [126.48844222929071, 37.600524122459255], [126.48718236182722, 37.60107810210228], [126.48445451096835, 37.6025574496659], [126.4842743421629, 37.60266540155334], [126.48406065139265, 37.60279652398591], [126.48392381758666, 37.60289183521351], [126.48385715231082, 37.60293921472473], [126.483787588436, 37.60300596191604], [126.4836821961671, 37.603112204351], [126.48361220205514, 37.603213212094225], [126.4835701799056, 37.60329977470957], [126.48355385565137, 37.60337900744472], [126.48354748161623, 37.603501594374066], [126.48355309896606, 37.60356066081526], [126.48359251521767, 37.60366129315549], [126.48358781735602, 37.60372980124457], [126.48356521827716, 37.60378961789767], [126.48349926268045, 37.60386352357505], [126.48342407121112, 37.603923984064025], [126.48327269150887, 37.604002751757854], [126.48287240984513, 37.60419462792729], [126.47965754814274, 37.60528578542374], [126.47963125113642, 37.60529227192914], [126.47956375828893, 37.60527730785679], [126.47773579640058, 37.603801373008416], [126.47770264620273, 37.60377439432754], [126.47728865611394, 37.60338253566108], [126.47725717659449, 37.60334824004749], [126.4772483188529, 37.60331290027778], [126.47725313886595, 37.60326998182943], [126.47726563742218, 37.60321382473297], [126.47730070049889, 37.603117936787086], [126.47816752989003, 37.60113036010051], [126.47855590068197, 37.60028364049636], [126.47862218149069, 37.600148615025], [126.47869386139035, 37.599941473399355], [126.47870728864669, 37.599866976990086], [126.47870895853033, 37.59976852464076], [126.47870733251325, 37.59969190605041], [126.4786911086714, 37.5995873123119], [126.47866107602145, 37.599474096061115], [126.47859306001017, 37.59929446487598], [126.47856171569764, 37.599216554352], [126.47852118486503, 37.5991457369651], [126.47845933883093, 37.59905407873095], [126.47840192225453, 37.59898345763468], [126.47831322458929, 37.598913672515614], [126.47823009004986, 37.5988675084772], [126.47813291981035, 37.598825352670474], [126.4780157606076, 37.59878036300245], [126.4778696067314, 37.598734694871766], [126.47618113522691, 37.59824790870663], [126.47550435581567, 37.598060204237534], [126.47316984913144, 37.59741269389711], [126.46576746661256, 37.59553909382546], [126.46358690580169, 37.59506152905392], [126.46421246294781, 37.59464217034604], [126.46424046270607, 37.594620369940344], [126.46428732927787, 37.59456358925848], [126.46430849176585, 37.59451776649359], [126.46430862083453, 37.5944651416935], [126.46258947507687, 37.58959362866112], [126.46230059119121, 37.589459039214404], [126.46210327594488, 37.58938026970943], [126.46182432793759, 37.589290628519905], [126.46168689194572, 37.58929292110764], [126.46155992442667, 37.58931653340893], [126.46148663550284, 37.589418554602005], [126.46103493903254, 37.59005479916349], [126.4609172258902, 37.590267424888594], [126.46090524528279, 37.59055314247353], [126.46092438692858, 37.590693782669476], [126.46096246207856, 37.590749071026764], [126.46101022594726, 37.590781075383596], [126.46084027036584, 37.59107677670059], [126.46060049623063, 37.591389808053236], [126.4604377210056, 37.59155002692274], [126.46019514953974, 37.591748666801195], [126.45997050136934, 37.591899550248144], [126.459345544709, 37.59217019493671], [126.45635129914353, 37.5933997284597], [126.45611717139512, 37.593443554510536], [126.45528873296468, 37.59357150215964], [126.44695172955302, 37.59447433341857], [126.4463312401776, 37.594513467923235], [126.44627868874898, 37.59451649311635], [126.44276721269854, 37.59388769573034], [126.4427324655969, 37.593839969996544], [126.4426791944564, 37.59380470568761], [126.44260120066288, 37.59376672141187], [126.43927244289654, 37.59265484766043], [126.43843423954321, 37.59258507365721], [126.42151900674888, 37.5932494541647], [126.41444335687817, 37.5935296836278], [126.4142927553238, 37.5935451798015], [126.41145633734715, 37.593954276612486], [126.40570779251603, 37.59395176225973], [126.40560231303323, 37.59393790625332], [126.40550334936701, 37.593930983068795], [126.4053890415828, 37.5939270233983], [126.40529291797728, 37.593926032662374], [126.40516173871326, 37.593927541347256], [126.40499299963182, 37.5939340804132], [126.40395218036993, 37.594061233869645], [126.40356954192676, 37.594126514409744], [126.4034225177005, 37.594157052947686], [126.40326800736666, 37.59419182548627], [126.40315528921863, 37.594219842466366], [126.40306627022692, 37.594246593359365], [126.40296320394201, 37.5942853272075], [126.40270277473424, 37.594391362441044], [126.39587999264039, 37.59817952480817], [126.39578888944368, 37.59823765763927], [126.39571470115531, 37.59828748899899], [126.3956569224536, 37.59834972085054], [126.39415496277239, 37.59997791797143], [126.3938506126768, 37.60034063880644], [126.39345623618087, 37.600765657618794], [126.39336574330925, 37.6008620836049], [126.39328512875586, 37.60093860484321], [126.3932355922392, 37.60098543459306], [126.39318988098316, 37.601015381749605], [126.3931060208246, 37.60105098188781], [126.39302817567507, 37.60107803360365], [126.39033424014839, 37.60184849246521], [126.39000007850927, 37.601954793716615], [126.3898813637956, 37.60199414751063], [126.38973944924331, 37.602043813788775], [126.3895818166396, 37.60210359788393], [126.38947742188147, 37.602151549289914], [126.38934049598441, 37.60222146934015], [126.38829965365174, 37.602829377653926], [126.38802225795453, 37.60301943830398], [126.38678106751902, 37.60396515651706], [126.38590553922035, 37.60479679998579], [126.38586557665923, 37.60483912119029], [126.38584587975822, 37.604869848237435], [126.38583296288053, 37.60490507282409], [126.38550145927955, 37.6059414327706], [126.38549181305751, 37.60598916138213], [126.38548906459246, 37.60603152927534], [126.38406923788494, 37.608437555508814], [126.38227399492939, 37.608698761282355], [126.37928903218283, 37.6094392970835], [126.378374433577, 37.60966913389873], [126.3783598196106, 37.609730763246425], [126.3780991559041, 37.61028269072932], [126.37806066598837, 37.61033252567003], [126.37684665664699, 37.61145340323536], [126.37681053667129, 37.61147152175348], [126.37594712100591, 37.6117877588583], [126.37487163604582, 37.61212839478223], [126.37472468305403, 37.61214732778625], [126.37456097358397, 37.612149688928135], [126.37443055910842, 37.612146723479604], [126.37425812578918, 37.612134493583355], [126.37412521146096, 37.61212164367437], [126.37395218267109, 37.61209526437684], [126.37382466727483, 37.61206685595676], [126.37366201542503, 37.612023898433534], [126.37288245194603, 37.61178552403559], [126.37278253091057, 37.61175241278804], [126.37266973610744, 37.6117150090267], [126.37260747984749, 37.61168926962211], [126.37257984688443, 37.61165667039627], [126.37254662470266, 37.61160585286573], [126.37249180481085, 37.61155794566392], [126.37239448036136, 37.61150567192793], [126.37230217437184, 37.611484359020075], [126.37218288720803, 37.61148093141851], [126.37208183933394, 37.611489016457206], [126.37197371684412, 37.61150611982912], [126.37188369604415, 37.61153768905371], [126.37097009995043, 37.61195072005308], [126.37088459925671, 37.61199125106521], [126.37046960293085, 37.61245064338657], [126.37045793307654, 37.61247386374014], [126.37007105852653, 37.61349814309989], [126.37006796155268, 37.61353358787311], [126.37021095136863, 37.6137807319018], [126.3702391077966, 37.61381825419698], [126.3702971337235, 37.6138609565479], [126.37037028395983, 37.61388563517711], [126.37104876024947, 37.61407360087808], [126.371150876273, 37.61410167107001], [126.37123626576573, 37.614112568146965], [126.3713429619055, 37.61409954105782], [126.37142582707801, 37.61406815890909], [126.37296020051384, 37.61396685389051], [126.37304633653608, 37.613966582417625], [126.37313056353746, 37.613975687846654], [126.37443421125684, 37.61424305930794], [126.3744958313134, 37.61426112699472], [126.37639217405838, 37.61501973914663], [126.37707260062577, 37.6154766129118], [126.37738503250861, 37.61569706343923], [126.37739010127348, 37.615707343272604], [126.37764071834282, 37.616415300058094], [126.37756204535553, 37.61874968743107], [126.37754360194644, 37.61922107960789], [126.37754120290242, 37.619252222071644], [126.37753651350748, 37.61928466946568], [126.37753146168998, 37.619298265344405], [126.37751656205212, 37.61931118709636], [126.3756919202602, 37.622349604555055], [126.37520783853758, 37.624888266929474], [126.37488823986618, 37.627578509339145], [126.37491726528098, 37.62759045079285], [126.37494992581975, 37.6276348846084], [126.37495883598848, 37.62767753268272], [126.37495576243259, 37.62807957258476], [126.37477339784131, 37.62897776035346], [126.37468007769678, 37.62936988400034], [126.37415723449848, 37.63076852676764], [126.3735522636651, 37.631555951691595], [126.37275008505397, 37.63258442418959], [126.37262086665297, 37.63268836050422], [126.37185587683209, 37.632996312090356], [126.3717367184057, 37.63303411418605], [126.37161293442159, 37.633065573623995], [126.36966777968746, 37.6335539219999], [126.3690606423134, 37.6336350265702], [126.36898197953954, 37.63355782769371], [126.36886550378617, 37.63354485706054], [126.36809237728362, 37.63349692284117], [126.36785582577652, 37.63352259511526], [126.36777936484374, 37.63354415951022], [126.36651462663019, 37.634123756560165], [126.36646678159495, 37.634149465220915], [126.36609107179653, 37.63435766211461], [126.36563295920095, 37.63495577750853], [126.36564109968214, 37.634983002959295], [126.36566857508947, 37.63502959580249], [126.36571020820357, 37.63507529187529], [126.36606784829247, 37.635389689564974], [126.36677109151125, 37.63594495874744], [126.36680298484262, 37.63596355610603], [126.36894606209135, 37.63682968230695], [126.36924363620996, 37.63694839807612], [126.36968248790417, 37.637118271800475], [126.36974369766581, 37.63714019385248], [126.36984772280661, 37.63714467849899], [126.36995299482922, 37.63713269111002], [126.37034012011016, 37.63708773488348], [126.37041763922541, 37.6370753722594], [126.37051616674728, 37.63702495772318], [126.37057461578966, 37.63696857133889], [126.37066256181285, 37.636903342537806], [126.3707761903639, 37.63684091559853], [126.37088188674686, 37.63679755625616], [126.37099551146868, 37.636762321310975], [126.37107948064059, 37.63674415611389], [126.37396929760757, 37.63640573235337], [126.37507297160364, 37.63635784037134], [126.37538177837276, 37.63634965358195], [126.37545194085625, 37.63634959417346], [126.37636913139558, 37.63637887075325], [126.37674786290839, 37.63641938754053], [126.37784921871588, 37.63669130763749], [126.37952879924951, 37.63725978615877], [126.38297312195242, 37.63819730273181], [126.3837756958638, 37.63823527332604], [126.38390878544892, 37.63825326611817], [126.38480761733953, 37.6384305568491], [126.38500727149103, 37.638478277068224], [126.38602564667461, 37.638812905581226], [126.38659137899018, 37.63913243842695], [126.38662773067259, 37.63916333744794], [126.38670801774369, 37.63926211983665], [126.38672786099237, 37.639298902653415], [126.38677018006504, 37.639432418864715], [126.38684037303423, 37.63955720850287], [126.38688579705169, 37.63959978919907], [126.38729965327263, 37.6399160901004], [126.38757032846638, 37.64007870684637], [126.38775927326338, 37.640162171617014], [126.38789062079445, 37.640100253938286], [126.3880552194202, 37.640157615949896], [126.38818389227964, 37.640203198020124], [126.38819501966887, 37.64020718570112], [126.3882005907998, 37.64020921295947], [126.3885485768079, 37.64033641298156], [126.38867074071214, 37.64039426660914], [126.38878040195526, 37.640442767601876], [126.38879331068361, 37.640447851765956], [126.38879915369996, 37.64044973825029], [126.38880485032104, 37.64045140884555], [126.38881097717902, 37.64045311053223], [126.38890356206916, 37.64047835380155], [126.38891845290864, 37.640482313770526], [126.38939587458752, 37.640607328829354], [126.38954232153313, 37.64064389970522], [126.38996913081095, 37.640758420744085], [126.39011934034971, 37.64081303431962], [126.39026803003127, 37.640875200736374], [126.39030698081768, 37.6409957719563], [126.39034027411513, 37.641044995177175], [126.39057177184411, 37.641237699633976], [126.39064046590951, 37.64123090902013], [126.39103915962065, 37.64115910788977], [126.3912359673115, 37.64111863182797], [126.39165286677326, 37.64102748924887], [126.39249594056741, 37.64069529295863], [126.39238948419816, 37.64047259031317], [126.39229407012415, 37.64028790452261], [126.39231149182615, 37.64009777261875], [126.3923646989829, 37.64007547648337], [126.39242943304248, 37.64005393658465], [126.39297443391008, 37.63993490239837], [126.39464491799126, 37.63959369251729], [126.3947849976964, 37.63956618313917], [126.39622981846804, 37.639740358695704], [126.39637117702662, 37.63976765858153], [126.39652361055883, 37.63979991811259], [126.39747499026679, 37.64000414744579], [126.39761887966415, 37.640039571301735], [126.39771901716213, 37.64006593907818], [126.39978550749883, 37.641157214194685], [126.40287946004875, 37.64289084147918], [126.4029906976396, 37.642958049611494], [126.40309390378361, 37.643022170805345], [126.40329372831933, 37.64317496804845], [126.40350221832767, 37.643353795800515], [126.40361356155931, 37.643454770722485], [126.40389223348953, 37.6437202631457], [126.40395860258303, 37.64379016113532], [126.404247542389, 37.64411239497448], [126.40431909612023, 37.64419884376649], [126.40438967278394, 37.644292711973804], [126.40446614701428, 37.64439469075028], [126.40453521906976, 37.64449378687047], [126.40457578146271, 37.644562041525845], [126.40457973365294, 37.64457217010843], [126.4045797681531, 37.644579236638734], [126.40457674622456, 37.64459158886466], [126.40452371363637, 37.64467888682694], [126.40449544561692, 37.64474810930391], [126.40448859316328, 37.644805945322], [126.40449512589588, 37.64486201832034], [126.40451813134992, 37.64492806668873], [126.4045647013226, 37.64501454378281], [126.40462527168837, 37.64511155910234], [126.40468588113092, 37.64520530663129], [126.40475275664262, 37.6453046147578], [126.40490481707639, 37.64552588565808], [126.40495608390505, 37.64559623052773], [126.40500049384745, 37.645642439746474], [126.40536242614502, 37.64598481650499], [126.40574003821462, 37.64629211832751], [126.40625966000725, 37.64669574021484], [126.40727481884511, 37.647469283285496], [126.40584823148717, 37.64863841417755], [126.40580671825704, 37.64868201983979], [126.4057946118638, 37.64870829404929], [126.40579552167874, 37.6487204520368], [126.40579801628253, 37.64874156563866], [126.4058045499451, 37.64877340254111], [126.4058297791205, 37.648824021139305], [126.40590255780364, 37.648927998007665], [126.40664433908861, 37.64972331669136], [126.4067463704918, 37.649831144150326], [126.40693526791132, 37.650000493600274], [126.40723285270322, 37.650201879710195], [126.41068708749528, 37.65064714335942], [126.41085264467185, 37.65108949347189], [126.41095816011861, 37.651372389500224], [126.41099310884842, 37.651478094170784], [126.41101420590597, 37.65155751336955], [126.41102874947785, 37.65162895322444], [126.41104060057276, 37.651709179345644], [126.41104886583221, 37.651816981936086], [126.41104975088314, 37.651923267097594], [126.4110378906536, 37.65205448447039], [126.41102476796597, 37.652134754021546], [126.41100655845567, 37.65221465754605], [126.41097273990665, 37.65232943973394], [126.41094317269261, 37.65240709328545], [126.4109146410636, 37.65247018775071], [126.41082699654015, 37.65266395687844], [126.41021693517179, 37.6540650823294], [126.4101316982112, 37.65427350123007], [126.4099718573489, 37.6547490468948], [126.40986448058588, 37.65516048094052], [126.40940839163503, 37.657234671945304], [126.40989013281225, 37.659039965532926], [126.40989445633987, 37.65913783445708], [126.40989053663249, 37.659224775534284], [126.40987987524385, 37.659310674586706], [126.40986156033769, 37.65939617302229], [126.40983609741379, 37.6594803480714], [126.40980445452189, 37.659562587681094], [126.4083630236709, 37.66269285338939], [126.40769038397445, 37.66413459625355], [126.40692633105454, 37.66515468712147], [126.40553873234873, 37.66711682653999], [126.40550042511516, 37.667188760633984], [126.4054790275572, 37.667335591864926], [126.40544450064982, 37.667780986302176], [126.40549412848522, 37.667957483175186], [126.4054998365931, 37.6679776855869], [126.40558788985672, 37.66811254389204], [126.40595149477764, 37.669156272278066], [126.4051994370916, 37.672443043494575], [126.40512781508194, 37.67268363448215], [126.40502873444207, 37.67291892680564], [126.40362688416704, 37.675789568940715], [126.40349192253697, 37.67600714738898], [126.40335808944553, 37.67616279539336], [126.40318556205348, 37.67632710354652], [126.39889173423501, 37.67961323418764], [126.39446952760554, 37.68290747516517], [126.39131803576706, 37.68536896148423], [126.3903607812852, 37.6864314043723], [126.38805632167997, 37.689964333447904], [126.38799237720019, 37.690713145776954], [126.3879877790239, 37.69078955919855], [126.38945951424571, 37.69095799984506], [126.39039051356288, 37.691347215394664], [126.3906398190331, 37.691686410940555], [126.39181570454267, 37.69409682871774], [126.39193651088202, 37.69442796925393], [126.39201026548331, 37.69469148506961], [126.39150312913013, 37.69545007642196], [126.39133636522449, 37.69564008748928], [126.39112020402047, 37.69584923869447], [126.39094404227819, 37.696008772781816], [126.38893077422122, 37.69781192174526], [126.38838397168685, 37.698298396102075], [126.3881004515524, 37.69853619490783], [126.38759075753124, 37.69891366333564], [126.38723390324756, 37.69914556942154], [126.38712233618757, 37.69921312822936], [126.38686536754777, 37.69936125981917], [126.38665397075614, 37.69947538458133], [126.3862500933696, 37.69967361833249], [126.38600977094215, 37.699781734653044], [126.38578770921609, 37.699874019694164], [126.38557440827972, 37.699957680632956], [126.38551220901373, 37.69997962682335], [126.37981566581064, 37.700471889994326], [126.3744310730428, 37.70046065797272], [126.3737177012898, 37.700700339750895], [126.37356673668847, 37.70094696541957], [126.3734247645871, 37.701232533283786], [126.3732942127815, 37.701481779893264], [126.372781436778, 37.70225571320057], [126.37273191889386, 37.70229860809425], [126.37089280591682, 37.70291741483396], [126.36921106913374, 37.703416748913824], [126.36733586535959, 37.70382069139904], [126.36661740099271, 37.70391160930109], [126.36340735990944, 37.70426854273853], [126.3633590541935, 37.70427084580098], [126.3623767603185, 37.70416019086013], [126.36045316327845, 37.70378960787392], [126.35980160147065, 37.703589839264275], [126.3595434499517, 37.70345191093852], [126.3595096294246, 37.70342764461478], [126.35920841206158, 37.7035744500027], [126.35886754868513, 37.70377130076179], [126.3559178200127, 37.706102475270605], [126.35522332650413, 37.706854902303434], [126.35525692274791, 37.70735953227624], [126.35512772445406, 37.708076520389994], [126.35493976161037, 37.70893382609355], [126.35236814421124, 37.71389342544607], [126.35135309281027, 37.71546776731471], [126.35111886071513, 37.71655872676053], [126.35177257029822, 37.71710333216243], [126.3522673293476, 37.71747727612704], [126.35245265593794, 37.71759257226925], [126.35262180302719, 37.71759154911481], [126.35308969682019, 37.719277459249675], [126.35358619220786, 37.72340129460978], [126.35322110391296, 37.72435058173747], [126.35283312431423, 37.7247719487913], [126.35271341291367, 37.724803309322084], [126.3515829914738, 37.73407460241815], [126.35175256070768, 37.73765381391436], [126.35194809271131, 37.740108448426], [126.35200264602003, 37.740180509318336], [126.35278902064739, 37.74061861777568], [126.35402807874287, 37.74102187433062], [126.35410914547624, 37.741028086464695], [126.35445969251593, 37.74103929928829], [126.35703307887229, 37.74107348652458], [126.35610940582238, 37.74113471734841], [126.35577095779921, 37.7412624661221], [126.35483567299045, 37.741656358937234], [126.35373568151904, 37.74261112470539], [126.35370065166902, 37.74272768592534], [126.35313015476598, 37.744800933860176], [126.35418515321655, 37.75241232620796], [126.35519240041776, 37.75767202966746], [126.35549932670997, 37.76228709523186], [126.35507005459463, 37.766543917293376], [126.35401902236636, 37.77006043614553], [126.35372420471765, 37.77115848881932], [126.35387194252493, 37.77593801317829], [126.35413806173123, 37.77824279572613], [126.35413966542937, 37.77846255386647], [126.35414063965943, 37.77859657265335], [126.35395909066945, 37.779372970715634], [126.35252184101637, 37.785325587310744], [126.35268234736257, 37.78677345375129], [126.34977361976418, 37.78929131140092], [126.349671274259, 37.78944672505542], [126.34950877226305, 37.78971424136759], [126.3496490079182, 37.7901280800248], [126.35063046938926, 37.7916572550524], [126.35098041382162, 37.792096306112704], [126.35183904228349, 37.79232890983598], [126.35656771065872, 37.79362386228396], [126.36061187801477, 37.795631184425176], [126.36276121336743, 37.79675992164006], [126.36325152480975, 37.79702546548164], [126.36825196400993, 37.80034093900515], [126.36885792974675, 37.800958848648534], [126.36985315518841, 37.80143108402831], [126.37185420941736, 37.802061695004326], [126.37391991841778, 37.80258342477508], [126.37777503857846, 37.80346586182532], [126.37862772163088, 37.803360953138146], [126.38145635800666, 37.80410565299516], [126.38203229342413, 37.8042753115999], [126.38226279895912, 37.804355338776666], [126.38287875101052, 37.80462053880814], [126.38312319260521, 37.80473988219587], [126.3846973995052, 37.80564737036865], [126.38487144708851, 37.80575154746616], [126.38509929084276, 37.80588929414439], [126.38695816783958, 37.807055425199806], [126.3878698454525, 37.80841660973323], [126.38865317405208, 37.81056427212731], [126.39036574532746, 37.81510395847489], [126.3914518477805, 37.817108776103616], [126.3914856844085, 37.81720763285589], [126.39211869072251, 37.81927220887565], [126.39234005948452, 37.82002337169286], [126.39266162295897, 37.82145401023698], [126.39266513150979, 37.82157582533908], [126.39246711555806, 37.82225117977521], [126.39238098767915, 37.82234967590952], [126.39188432158568, 37.82270527241036], [126.39247160476138, 37.82324747521195], [126.39897043630485, 37.82371318723963], [126.39928162237378, 37.823710246739346], [126.39955224448434, 37.82364340270659], [126.39975813831053, 37.82349986228907], [126.39978096969654, 37.82342943901149], [126.4000174141193, 37.82325367271079], [126.40048684036138, 37.82293633496884], [126.40101505943446, 37.822581719199746], [126.40310372139471, 37.82232617337682], [126.40503733418484, 37.82209809078077], [126.4078728027243, 37.82258416277503], [126.40867598222607, 37.8228963456608], [126.41262118560141, 37.822448324804014], [126.41333708039919, 37.82208543764455], [126.41384017920117, 37.82189099361268], [126.41388721070486, 37.82188944813687], [126.41423494653768, 37.821998525584384], [126.4145286649907, 37.82209373283061], [126.4153287065716, 37.822365565317654], [126.41555460104871, 37.82246481938136], [126.41569840517438, 37.82254188130546], [126.41622370423237, 37.82286504550403], [126.42140622668413, 37.826563397042165], [126.42153719481674, 37.826665515980544], [126.42185583446619, 37.82692081432406], [126.42469145830228, 37.82928245899319], [126.42518934998898, 37.830530963825154], [126.42671419529418, 37.83155554390008], [126.4298015140716, 37.830449032240544], [126.42998558837589, 37.83044550989531], [126.4323718475026, 37.8301586670083], [126.43532639131885, 37.82972690596273], [126.43585759864635, 37.82957355998075], [126.43720580052647, 37.82784600571709], [126.43771477762002, 37.82646567452782], [126.43875719519063, 37.82461629088171]]]]}, "properties": {"name": "\uac15\ud654\uad70", "base_year": "2018", "name_eng": "Ganghwa-gun", "code": "23310"}}, {"type": "Feature", "geometry": {"type": "MultiPolygon", "coordinates": [[[[125.7865183301081, 36.92685169433868], [125.78649844634234, 36.92685008696321], [125.78648196242169, 36.92685132189864], [125.78646811097865, 36.92685552507724], [125.78636256332682, 36.92692627242266], [125.78626984264464, 36.92702327246416], [125.78625772676692, 36.92703690525537], [125.78623658036094, 36.927066266812716], [125.78622653052784, 36.92708113901657], [125.78621844988946, 36.92709656241644], [125.78621247891431, 36.927112831975734], [125.7858460802829, 36.928567293746966], [125.786234580884, 36.9295644155557], [125.78625382727662, 36.92961226787733], [125.7862608713008, 36.92962926246076], [125.78626794459839, 36.92964484957229], [125.78627612604795, 36.9296611376948], [125.7863575928242, 36.92981553856583], [125.78639771644703, 36.929890618790786], [125.78648837501783, 36.93002001743476], [125.78649901994353, 36.93003374252522], [125.78651094640061, 36.93004854878753], [125.78652203916963, 36.930061928815476], [125.78653378834731, 36.93007572752275], [125.78654591490313, 36.930089269384176], [125.78655799723032, 36.930101978668894], [125.78657220908721, 36.93011545327265], [125.78658654146747, 36.93012820854137], [125.78660112820809, 36.93014083588286], [125.78661601469359, 36.930153414368505], [125.78663101493538, 36.930165776369286], [125.78664567974319, 36.93017737459959], [125.78666059736996, 36.93018841223675], [125.78670936147434, 36.930223044085004], [125.786726386397, 36.930234888172706], [125.78675906859652, 36.93025753088325], [125.78677551216832, 36.93026851300692], [125.78679209242213, 36.93027760248252], [125.78680914419265, 36.93028559010973], [125.78682757974443, 36.93029249896452], [125.78684736924531, 36.9302981068861], [125.78701546697569, 36.93033051411324], [125.78703119643747, 36.930333374736776], [125.78704930962039, 36.93033291765875], [125.78706879307161, 36.93032847388555], [125.78707769767429, 36.930324602186346], [125.78708470177271, 36.93031685524875], [125.78893236950192, 36.9293513083515], [125.78895023001591, 36.92934948721619], [125.78896972076159, 36.92934354610392], [125.78898889781199, 36.9293357671409], [125.78902558873784, 36.92932027807962], [125.78904252889716, 36.92931302030076], [125.78905287313957, 36.92930586037051], [125.78914755096619, 36.929196617323655], [125.78915876797896, 36.92918290819575], [125.78916856600722, 36.92916884152142], [125.78917623848999, 36.92915312811852], [125.78918089891057, 36.92913700447387], [125.7891824203613, 36.9291212258859], [125.78918141979258, 36.92910476199711], [125.78917933600339, 36.929087636240574], [125.78917658254217, 36.92907003213851], [125.7891738640315, 36.92905427989434], [125.78917084303112, 36.92903794643378], [125.78916764266458, 36.92902134990136], [125.78915663754418, 36.92897068470255], [125.78915281912398, 36.92895411351605], [125.78914828360651, 36.92893767891644], [125.78914259248955, 36.92892140973822], [125.78908452384586, 36.92876263922244], [125.78907772640956, 36.92874553748616], [125.78907023404119, 36.92872969031833], [125.7890615014107, 36.92871337641228], [125.7890447929998, 36.92868330398897], [125.78903574539275, 36.92866902708023], [125.78902425947936, 36.928655694796305], [125.78837076455467, 36.92812624033405], [125.78698047621117, 36.92705031147746], [125.78696367375477, 36.927038187616056], [125.78694687841066, 36.92702669930032], [125.78692976551694, 36.92701605636587], [125.78691225097621, 36.92700570237333], [125.78689462600815, 36.92699551713865], [125.78687713759709, 36.926985551094575], [125.78685996783334, 36.92697599524837], [125.78684294254595, 36.92696720762386], [125.78682548784994, 36.92695944764009], [125.78680530184901, 36.926951930369235], [125.7865183301081, 36.92685169433868]]], [[[125.81775432058765, 36.96135974019786], [125.81773449768262, 36.96135931597263], [125.81771380934931, 36.96136101024816], [125.81769333584374, 36.96136468149966], [125.8176739547151, 36.961368987449184], [125.81765509008031, 36.96137488346863], [125.81764256808286, 36.961381087497095], [125.81735785594384, 36.96158486071681], [125.81729053216846, 36.96169188427202], [125.81728230221475, 36.96170705163737], [125.81727584279241, 36.96172225311293], [125.81727038061629, 36.96173746151345], [125.81662848716557, 36.964665224443976], [125.81662611282489, 36.96468179164721], [125.81654273365969, 36.96526369211472], [125.81654162925142, 36.965280074522795], [125.81654057416604, 36.965296002453826], [125.81654041916246, 36.965312016158094], [125.81654266397753, 36.965463307189836], [125.81660150441603, 36.965808948167705], [125.81660508621005, 36.96581640707157], [125.81723397392955, 36.96675882045556], [125.81751616744232, 36.96709278468697], [125.81752386982099, 36.96710002796042], [125.81799399207995, 36.96742787643639], [125.81883436100279, 36.9678931938884], [125.820084552584, 36.96734108191549], [125.82010323370869, 36.96733567326088], [125.82012183072936, 36.96732719164725], [125.82013940642726, 36.96731785282451], [125.82015334508108, 36.96730656520894], [125.82016562229634, 36.96729359561469], [125.8202146050074, 36.96724106647447], [125.82022656201853, 36.96722748574065], [125.82037095043029, 36.96704129399154], [125.82064698519338, 36.966519670574776], [125.8206538115183, 36.96650386390753], [125.82065913127158, 36.966487149007534], [125.82066165321127, 36.96647098490364], [125.8207526103827, 36.96532996290306], [125.82075320921356, 36.96531543636398], [125.82071941537815, 36.96514966694907], [125.8205350232364, 36.96437871990368], [125.81822582013876, 36.96170331754857], [125.81821608295797, 36.9616925014226], [125.81786530939512, 36.961399180977466], [125.81784784359633, 36.96139040680563], [125.81783059169908, 36.96138242703905], [125.81781263720615, 36.96137508718019], [125.81779326232471, 36.961368237349376], [125.81777389167044, 36.961362982046246], [125.81775432058765, 36.96135974019786]]], [[[125.82737145397515, 36.96589722367513], [125.8273608337216, 36.96589546964238], [125.82735172370266, 36.9658971286347], [125.82718537387211, 36.965930193699606], [125.8271669702637, 36.96593645825665], [125.82715770071188, 36.9659411975714], [125.82636762969837, 36.966362990214556], [125.82612956683519, 36.96649365384027], [125.82594755675306, 36.96690361360518], [125.82592927415803, 36.96701377809634], [125.82593237915965, 36.96736121473786], [125.825935189615, 36.967377215310535], [125.8259395266448, 36.96739300937304], [125.82594568615852, 36.96740898506946], [125.82599051107772, 36.96751810886629], [125.8259961015069, 36.96753129680052], [125.82604028322929, 36.96760865998735], [125.82604532727049, 36.9676131512921], [125.8263313463306, 36.96783578649293], [125.82773586398159, 36.96876805167037], [125.8277765587235, 36.96877099369014], [125.82788994950644, 36.96877361676181], [125.82789957528611, 36.968772838396745], [125.82790724012374, 36.96876927160212], [125.82791732023635, 36.96875547977156], [125.82805811889823, 36.968557676388194], [125.82806827183728, 36.96854317170778], [125.82807812931875, 36.968528514143706], [125.8280860202882, 36.96851358191326], [125.82809223062958, 36.96849819517], [125.82809533644931, 36.968481306330624], [125.82809444344268, 36.96796237212186], [125.82802947283241, 36.96675899995474], [125.82795195999608, 36.96632897626439], [125.8273800229873, 36.96590237299783], [125.82737145397515, 36.96589722367513]]], [[[126.02297902176204, 37.03478788622344], [126.02296606110252, 37.03478606906825], [126.0229529353129, 37.03478615982626], [126.02293139520691, 37.03478915273701], [126.02291199032027, 37.034800030239595], [126.02290472990708, 37.03480889119323], [126.02289785448316, 37.034819178376274], [126.02281186550597, 37.03497602592223], [126.0228028639126, 37.03499351278457], [126.02279939232643, 37.035003073490174], [126.02274036958067, 37.03517976567544], [126.02309012293857, 37.037386160126445], [126.02309261771441, 37.03739580232717], [126.02310100911676, 37.03741272877405], [126.02311324689866, 37.03742530269457], [126.0231295242549, 37.0374331857808], [126.02346104062951, 37.037533579878705], [126.0234881250667, 37.037541531629394], [126.02352320367886, 37.03755128012147], [126.02693383391981, 37.039285757392896], [126.02694622598422, 37.039287659900154], [126.02696956285327, 37.03928751793542], [126.02698131324844, 37.03928556188477], [126.02700844798945, 37.03927996340081], [126.02702222026295, 37.039276190083136], [126.02704630328277, 37.039267748682285], [126.02705796658458, 37.03926110540048], [126.02706941196693, 37.039253636475024], [126.02707870244848, 37.039246082204286], [126.02708687291062, 37.03923754597148], [126.02709288329291, 37.03922872693326], [126.02709759288348, 37.039212104040686], [126.02706030341687, 37.039074165545614], [126.02705430408825, 37.039057331268246], [126.0270447071167, 37.03904129418499], [126.0267704422087, 37.038679547703495], [126.02657787827236, 37.03839126627], [126.02638838102212, 37.037743891388715], [126.0256300780136, 37.03667982666767], [126.02534151295616, 37.03565760270229], [126.02533801203154, 37.035648465414674], [126.02533444162604, 37.03563920017222], [126.02531820237367, 37.035612729220894], [126.02530995988512, 37.03560343384181], [126.02530065728095, 37.03559424876951], [126.02528995433039, 37.03558579080783], [126.02527693175898, 37.03557925904827], [126.02526287588137, 37.03557371855128], [126.02301806202479, 37.034799560801275], [126.0229919351825, 37.03479063298711], [126.02297902176204, 37.03478788622344]]], [[[125.98659639605526, 37.04043052124317], [125.98662736916889, 37.040308597822076], [125.98774263136156, 37.04038488140205], [125.98776085848313, 37.04038461171363], [125.98777895081992, 37.04038433489605], [125.98815669881174, 37.04037697258681], [125.98817053192145, 37.04037584823839], [125.9881820835097, 37.04037382410725], [125.98823687248945, 37.040362201805486], [125.98825607500044, 37.04035736831762], [125.98827408641787, 37.04035164623943], [125.9882936110997, 37.04034485461224], [125.99105407704053, 37.038392206863314], [125.99409864359266, 37.03732490044671], [125.9943761157541, 37.037174046235975], [125.9944686851382, 37.03710376647606], [125.99449013821459, 37.037043034392525], [125.99465760624595, 37.036000589072636], [125.99465864682517, 37.03596217857204], [125.99465252109933, 37.03566585820445], [125.9945445076815, 37.034717798142246], [125.99453592017728, 37.034679594445734], [125.99450972287784, 37.034605398040135], [125.99446048325534, 37.03454850448493], [125.99433806361544, 37.03450348583342], [125.99414540676086, 37.0344536970016], [125.9940116639995, 37.03443506736724], [125.99357793515658, 37.03429426406966], [125.99320946929534, 37.03410159875019], [125.99079543497183, 37.0310060926], [125.99057750447822, 37.03061406593758], [125.99057641701636, 37.03058892061621], [125.99058354889424, 37.030560991038676], [125.9905949172018, 37.03053565897504], [125.99118211063431, 37.02944031549962], [125.99202118210633, 37.028382897872994], [125.9920487288116, 37.02835201255282], [125.99209376280515, 37.02831332385315], [125.99227998045173, 37.028153498543645], [125.99235317239518, 37.02809386953367], [125.99322922285627, 37.027476931346534], [125.9934282073432, 37.02733825250067], [125.99350696031993, 37.027291531334676], [125.9941958876924, 37.02691903139327], [125.99427504387441, 37.02687644031345], [125.99434009486201, 37.02684250252577], [125.99441927159465, 37.02681087836527], [125.99452299650129, 37.02677899870488], [125.99460339925417, 37.02675975022556], [125.99465130588702, 37.026757837908605], [125.99613339463579, 37.02697351186152], [125.99819655339765, 37.02736167645075], [125.99824661344672, 37.02738521350409], [125.99895406024064, 37.02797414459788], [125.999062633601, 37.02837314106698], [125.99905265344394, 37.02838762122782], [125.9993057191414, 37.02862296964312], [126.0011885335757, 37.0290697147137], [126.0025462222383, 37.0293780630668], [126.00260095966925, 37.02938458570943], [126.00262023092641, 37.02938459549192], [126.00265542753837, 37.029383881480506], [126.00286445550756, 37.02936980117343], [126.00329365392, 37.029340010666445], [126.00397603680166, 37.029285425413846], [126.00402861205704, 37.02928102006712], [126.00405730014596, 37.0292769994282], [126.00407470978215, 37.029270756247314], [126.00409556273087, 37.0292575872166], [126.00414424649958, 37.029167235578754], [126.0041435774385, 37.02912030178549], [126.00413732236153, 37.029083099777935], [126.00410579173344, 37.028986162762806], [126.00408995755231, 37.02896562226871], [126.00407105629199, 37.028949162284185], [126.00405511855806, 37.028936423496], [126.00403424968832, 37.02892249763773], [126.0040154364196, 37.02891398959214], [126.00397016546074, 37.02889959738058], [126.0039470132212, 37.02889799846584], [126.00390899413222, 37.0288978426169], [126.00383465203096, 37.028903910418556], [126.00328802641768, 37.0289699458744], [126.00324991217381, 37.02897715717641], [126.00289006511012, 37.029074140686205], [126.00264263747574, 37.02910479451127], [126.00260566560678, 37.029105349108015], [126.0025540308559, 37.02910508586954], [126.00254023547396, 37.029104689109424], [126.00247859889623, 37.02909811000137], [126.00209596632301, 37.02900560764333], [126.00157090974999, 37.0288754062015], [126.00131968723403, 37.028811307774674], [126.00111277117631, 37.02875352103441], [126.00109152422405, 37.02874101582727], [125.99980572327502, 37.02787392253518], [125.99858652120794, 37.026886801281286], [125.99765962043001, 37.026121468871615], [125.99765771653703, 37.02611088721455], [125.99765657479986, 37.026102590223644], [125.99837160180773, 37.025414712503185], [125.998415614385, 37.025385798907564], [125.99850860513033, 37.0253445761437], [126.0003945383289, 37.02465411787225], [126.00042502222162, 37.02464432959592], [126.0004485693661, 37.02463777963176], [126.00370355373114, 37.02378577319383], [126.00416428576693, 37.02367586793774], [126.00433295701654, 37.02363586959242], [126.00499250035534, 37.02351218423936], [126.00503104826619, 37.02350518151349], [126.00519435208125, 37.02347648308338], [126.00525185197482, 37.023467290811716], [126.0052798332833, 37.023463827899086], [126.00529912139086, 37.02346255752092], [126.00532423939214, 37.02346254316115], [126.00536233834737, 37.023463132186535], [126.00559651937749, 37.02347405184924], [126.00562895186846, 37.02347565825226], [126.00566941391585, 37.0234785925223], [126.00569582157203, 37.023481146962574], [126.00582135364405, 37.023496946811164], [126.00601750171148, 37.023523659712694], [126.00606232621148, 37.023530745436936], [126.00608782663195, 37.0235357724992], [126.00612565528048, 37.023544081581846], [126.00620756880481, 37.02356280472489], [126.00624071886566, 37.02357065195985], [126.00690583812928, 37.02374207730172], [126.0069268914083, 37.02374826144199], [126.00780900391965, 37.02407834661767], [126.00845165079846, 37.02433046922022], [126.0084633528033, 37.02433531869985], [126.00847425312541, 37.024340579032575], [126.00848970800614, 37.0243497742485], [126.0085039039133, 37.02435988563621], [126.00851519693184, 37.02436961170547], [126.00899212169932, 37.02481234946706], [126.0089974440596, 37.024817782117395], [126.00900223653399, 37.02482427080536], [126.00900889731281, 37.02483588013202], [126.0100508705925, 37.0267266456289], [126.01005846335488, 37.026741664706506], [126.01089472977296, 37.02673106863196], [126.01306534178275, 37.02670203573489], [126.01450781702547, 37.026762726137015], [126.01648172861287, 37.02721603810209], [126.01788389762677, 37.028167374976036], [126.0183100969256, 37.02863963292042], [126.01832057942553, 37.02924210242494], [126.01960482405522, 37.03032946340292], [126.02053791645493, 37.030909197499504], [126.02076979184673, 37.030999314811176], [126.02077734023965, 37.03100208775587], [126.02078120620563, 37.0310029742189], [126.02078516705596, 37.03100343191854], [126.02079319373377, 37.03100328232338], [126.02083717753541, 37.03100004953907], [126.02086729574435, 37.03099763896193], [126.02089162216012, 37.030994399029424], [126.0209044038927, 37.030991784015306], [126.0209166102552, 37.030988054962506], [126.02092566188861, 37.0309842721559], [126.02105344031102, 37.03092673444575], [126.02106128630876, 37.030922220021644], [126.02106853836773, 37.03091673734848], [126.02136141868202, 37.03068174618702], [126.02136363653356, 37.03067880386434], [126.02136523589202, 37.030675057936456], [126.0213658264286, 37.03067109933423], [126.0213650098884, 37.03066462283579], [126.02133896511924, 37.03048989502377], [126.02133262418202, 37.03045761057344], [126.02132993286321, 37.03044844359793], [126.02132373106053, 37.030433451576464], [126.02131768534953, 37.030422005628516], [126.02131242362071, 37.030414250586105], [126.02116018578646, 37.0302076182988], [126.02108510045733, 37.03011073126339], [126.02107560450172, 37.03010003999217], [126.02106525129233, 37.03008984279254], [126.0210518885977, 37.030078307420006], [126.02094408772177, 37.029992810293464], [126.02093255555293, 37.02998421902083], [126.02092520793947, 37.02997944577851], [126.0208574582714, 37.02993614097608], [126.0208392737579, 37.02992466534284], [126.02083032694492, 37.029920384125774], [126.01604945302294, 37.02511750601868], [126.01325609235224, 37.02422122681743], [126.01149890042103, 37.02381731625716], [126.00979410978326, 37.02317082271256], [126.0059505205811, 37.02127390066956], [126.00594351574846, 37.021269164175834], [126.00589029302955, 37.02122880280736], [126.00508128077261, 37.0206148560838], [126.00506090038232, 37.02059733114406], [126.00504832892727, 37.020584403254034], [126.00457357896389, 37.020025235713625], [126.00456657111837, 37.02001687835971], [126.00456154621584, 37.020008403584235], [126.00455582214465, 37.01999602884797], [126.00455120436501, 37.01998301367162], [126.00454795665674, 37.01996995086596], [126.00454337386176, 37.019943969241346], [126.00454259277292, 37.019928077526394], [126.00454041041621, 37.01985774345033], [126.00454100336644, 37.01985186597893], [126.00454164906212, 37.019849777566236], [126.00454359875133, 37.01984596597453], [126.00454629250252, 37.01984278930115], [126.00455600398121, 37.019443762975], [126.00393696908915, 37.01869633712857], [126.00133474463078, 37.01767236214491], [126.00132445277528, 37.01766898817423], [126.00118251971035, 37.017629578208044], [126.00110628838661, 37.01761426835848], [126.00099866249374, 37.017594776146375], [126.00099215828267, 37.017593826871014], [125.99907459919038, 37.01733361087603], [125.99906012335084, 37.0173325444305], [125.99903796546995, 37.017331722417715], [125.99689398308426, 37.017287797196545], [125.99533503760948, 37.017624635143136], [125.99405941449619, 37.01816636613756], [125.99263417320205, 37.01894797777123], [125.99255446388288, 37.01900261465207], [125.99246911432896, 37.01915859649913], [125.9922146964509, 37.01965943290613], [125.99220766463496, 37.019677668059096], [125.99204100516026, 37.02117434899241], [125.99220605851136, 37.022619876985175], [125.99221756109218, 37.02264111842819], [125.9924855414056, 37.0230811715131], [125.99253562859325, 37.02311573213586], [125.99259348482714, 37.023137828388904], [125.9927931100263, 37.02317800139752], [125.99334908701965, 37.02396032924151], [125.99340519400597, 37.02407655190066], [125.99342243009302, 37.02412125073246], [125.99342431853495, 37.02414026621706], [125.99342611995822, 37.02418633920891], [125.9934211866144, 37.02423713629864], [125.99339344279277, 37.02432967020457], [125.99330778536353, 37.024451776637484], [125.99319989130518, 37.02455012846653], [125.99261676904564, 37.024902584459596], [125.99209870822742, 37.02518280621127], [125.98747715525091, 37.02718079609], [125.9846852213552, 37.02896228166647], [125.98417865926882, 37.02969426392222], [125.982604094213, 37.03120608801782], [125.98066073041447, 37.03251171941791], [125.97873099658077, 37.033786992953885], [125.97875987396684, 37.035528185839595], [125.98001279086424, 37.03782989527367], [125.97992741724788, 37.039221410270656], [125.97992812210998, 37.03925147118494], [125.97992956506086, 37.03926515412813], [125.97993349845781, 37.0392894958904], [125.9799409632677, 37.03931762710826], [125.97994702933079, 37.039331381009], [125.97995416224441, 37.03934407236902], [125.97996245256827, 37.03935679838911], [125.97997306880593, 37.03936948841372], [125.98073898037781, 37.04024837736405], [125.98075562557678, 37.04026215043979], [125.98076759799113, 37.04026767941854], [125.98077927881269, 37.040272155491294], [125.98079226086861, 37.04027571262734], [125.98080513079235, 37.040277392618414], [125.98082830322575, 37.04027891341297], [125.98084247198408, 37.04027680453771], [125.98086849765353, 37.04027095637996], [125.98619463828457, 37.04071059010003], [125.98621330094089, 37.04070560493885], [125.98623031982113, 37.04069801102341], [125.98624073448055, 37.04069316937656], [125.98656035512934, 37.04047871178096], [125.98657830281373, 37.04046284175348], [125.9865851608873, 37.04045426727841], [125.98659086001192, 37.04044567801703], [125.98659639605526, 37.04043052124317]]], [[[126.02785110199552, 37.03993650287254], [126.02783053108718, 37.03993570406938], [126.0278122085367, 37.039936731367725], [126.02776344170758, 37.03994156762329], [126.02774351868726, 37.03994733510107], [126.02768192655175, 37.03996931725349], [126.02762597601726, 37.0399930729565], [126.02760563567588, 37.040002282911914], [126.02759525777773, 37.04000792096624], [126.02757685945086, 37.04002008892995], [126.02756415710287, 37.0400332541841], [126.02755373726028, 37.0400474086123], [126.02754807386601, 37.040063235503744], [126.02754361530408, 37.04007804079233], [126.02750969776484, 37.04042127377472], [126.0276716660396, 37.041202020077904], [126.02767654253425, 37.041218089556914], [126.02851286145528, 37.04263114070489], [126.02852393550704, 37.042641820313655], [126.02853694705011, 37.04264835879736], [126.0285675186412, 37.042655483754416], [126.02892767586161, 37.04266551295272], [126.0289482489937, 37.04266355525855], [126.02896653901266, 37.0426616251321], [126.02898754294662, 37.042656804664226], [126.0290063760518, 37.042648174289326], [126.02902378666471, 37.04263494558959], [126.02903628511022, 37.04262105296888], [126.0290485861331, 37.042606494501975], [126.02950792045897, 37.04239294853519], [126.02953078876087, 37.042381764985564], [126.02954117121398, 37.042375201131186], [126.02955151764584, 37.04236770663166], [126.02955948978867, 37.04236030348134], [126.02956754225448, 37.042352816598815], [126.02958216579738, 37.042333556556365], [126.0295877791996, 37.04232532196046], [126.02959445777738, 37.042315320392866], [126.0296079005868, 37.04229338311034], [126.02985274024077, 37.04184785782606], [126.02985614122366, 37.04183854842305], [126.02985950707364, 37.04182931159422], [126.02986277326333, 37.04181282393624], [126.02986493956043, 37.041799029414335], [126.02986483625428, 37.041787711628736], [126.02986240138723, 37.04177567000325], [126.02985929346724, 37.04176366240003], [126.02980831238281, 37.04168036824986], [126.02859445779035, 37.04045210115265], [126.02799561073284, 37.0399860183502], [126.02798028415376, 37.039977638458126], [126.02795100569026, 37.03996253168533], [126.02793130644531, 37.03995432376586], [126.027899542795, 37.0399445320746], [126.02788675364664, 37.03994088512408], [126.0278626565916, 37.03993735382759], [126.02785110199552, 37.03993650287254]]], [[[125.96847680783367, 37.05838676949774], [125.96846089290008, 37.058380898130515], [125.96842950372015, 37.05838275787157], [125.96841479652149, 37.058383662182585], [125.9683973279802, 37.05838553402963], [125.96630869636854, 37.05878030986544], [125.96611626399557, 37.058845761050705], [125.96610287900614, 37.05885064448545], [125.96609113774068, 37.05885722928404], [125.96608147441795, 37.058864002296914], [125.96607397915378, 37.058874028360975], [125.96607148678642, 37.05888598761695], [125.96608162879022, 37.059000382262695], [125.96608397897357, 37.0590163736713], [125.96651364032533, 37.060660188709136], [125.96659412435599, 37.06085379619224], [125.96672944316737, 37.06104046012886], [125.96673895191536, 37.06105093229703], [125.96675312480039, 37.061060395767676], [125.96677381676376, 37.06106961632597], [125.96688126427064, 37.06111446005735], [125.96689278824306, 37.06111907699074], [125.96690555200743, 37.06112373068034], [125.9669331911934, 37.06112926348038], [125.96694717819659, 37.061130194200466], [125.96696124102446, 37.06113020742891], [125.96698637976048, 37.06112653310901], [125.96701584714215, 37.061121084103995], [125.96704770744633, 37.06111196690322], [125.9670625219229, 37.06110648532375], [125.96707832983525, 37.061100148587975], [125.96709311055606, 37.06109377333586], [125.96710574582072, 37.06108731987662], [125.96716628331322, 37.061051377923505], [125.96718011776213, 37.061043066059575], [125.96719266246888, 37.06103300784476], [125.96720409041642, 37.06102384104673], [125.9672143946691, 37.06101283630476], [125.96723132409198, 37.06099475059422], [125.96723940084127, 37.06098366478386], [125.96728322402447, 37.06091341429591], [125.96729009598201, 37.06090055168433], [125.96758896570877, 37.0603212184641], [125.96760092620926, 37.06025370364465], [125.96903487108983, 37.05924081257562], [125.96905436510379, 37.05923805642357], [125.96907164225334, 37.059234356787414], [125.9690858508268, 37.05922961884911], [125.96909978914424, 37.05922148385644], [125.96910495566713, 37.05920699742787], [125.96910233291351, 37.05907050443469], [125.96906051783891, 37.05897213809449], [125.96890908887784, 37.058705261768225], [125.96889502383335, 37.05869116793316], [125.96849090002569, 37.05839430374258], [125.96847680783367, 37.05838676949774]]], [[[125.99488215948341, 37.066093200221104], [125.99517978749964, 37.065832852682746], [125.99633643208608, 37.0660421134716], [125.99642802254598, 37.06604109976257], [125.99646468357071, 37.06602369985187], [125.9964678904429, 37.066020329810335], [125.99843118786308, 37.063641974181174], [126.00032436183248, 37.05972562141606], [126.00032834254564, 37.059700002244014], [126.00035943935535, 37.05934706858902], [126.00035921318, 37.05933667678471], [126.00034927981515, 37.05929790135429], [126.00034555583652, 37.059287742937855], [126.00034191022684, 37.05927863107666], [126.00033700649944, 37.059269328445524], [126.00030903269521, 37.05923350936395], [126.00028475117944, 37.0592032892721], [125.99978962759347, 37.05863210179915], [125.99852008152227, 37.05792072273233], [125.99850732795686, 37.057913594753124], [125.99849364237805, 37.057906564937994], [125.99847986958096, 37.0578995096807], [125.99809089565298, 37.05771290703385], [125.99807024042559, 37.05770412502264], [125.99805862692702, 37.057699698352955], [125.99803455342881, 37.05769276678184], [125.99797114854063, 37.05768015345634], [125.9979596949587, 37.05767851126541], [125.99720933202978, 37.057589808190194], [125.99719434643075, 37.0575891126561], [125.99707793095678, 37.0575863522068], [125.99705401201162, 37.05758578771931], [125.99704045384748, 37.05758599087162], [125.99702684167855, 37.057586195140715], [125.99701305069962, 37.057587311109714], [125.99363244273592, 37.05796312620844], [125.9924659790507, 37.059562282279195], [125.99245842927272, 37.059573699229105], [125.99245716799032, 37.059952614270614], [125.99245745930388, 37.05996551355443], [125.99245907058483, 37.059985423172755], [125.99246176545739, 37.06000524921894], [125.99246313434443, 37.06001444774596], [125.9924681178432, 37.060030072858005], [125.99218250875805, 37.0629570452727], [125.99222970835282, 37.06319791115453], [125.99253305600897, 37.06440084201338], [125.99262257616121, 37.064620781853066], [125.99270849692131, 37.06482262730393], [125.99284204034844, 37.065062706439015], [125.99293847833376, 37.06519828765205], [125.99358384464496, 37.065666649825495], [125.9938127962706, 37.0658162132574], [125.99438649087186, 37.06604685354887], [125.99452212984916, 37.06609463520625], [125.99470379042577, 37.0661208800028], [125.9947740217095, 37.06612800332731], [125.99482939610962, 37.066121005930064], [125.99488215948341, 37.066093200221104]]], [[[125.94402463258768, 37.06430323741116], [125.94337818196132, 37.064144094037275], [125.94187430175073, 37.06517130073695], [125.94084831760395, 37.066145220131894], [125.94108624180058, 37.06720770360181], [125.94318950851017, 37.068605473745485], [125.94447445751855, 37.06868871266226], [125.94448799749246, 37.06868790239409], [125.94450090470556, 37.06868525049736], [125.94451242976834, 37.068682642662694], [125.944527388113, 37.06867825284142], [125.94454343753753, 37.06867298049501], [125.94456188883878, 37.06866586936747], [125.94460169079193, 37.06864742449265], [125.94464931929572, 37.068624617010045], [125.94470039912625, 37.06859826112586], [125.94472092264313, 37.068587661920645], [125.94477333015715, 37.06855764774843], [125.94479852383027, 37.06854164945215], [125.9448226102598, 37.06852473619051], [125.94495103845217, 37.06843388775567], [125.94497067242527, 37.06841953086872], [125.94498809114559, 37.06840420843765], [125.94500326037877, 37.06838882586223], [125.94501617725271, 37.06837247725798], [125.94502688222633, 37.06835599058718], [125.94503535630214, 37.06833666067706], [125.94518480116419, 37.06798785064507], [125.94540477642721, 37.06679545518004], [125.94540525736613, 37.066770682712715], [125.94540361273685, 37.06673972712236], [125.94539859842516, 37.06670810453251], [125.94539548236492, 37.06669253357495], [125.94539228681177, 37.06668058136166], [125.94538681744046, 37.066664749712515], [125.94431374364159, 37.064592214656855], [125.94428870540307, 37.06455231822321], [125.94427337970625, 37.06452952505846], [125.94425805377033, 37.06450768009977], [125.94424050165186, 37.06448397981766], [125.94422284544724, 37.064462016855124], [125.94420297651955, 37.06444007263323], [125.94418424130536, 37.06442000184699], [125.94416539672197, 37.06440071559275], [125.94412989549114, 37.064369505994584], [125.94409221507888, 37.064339261975675], [125.94407422007978, 37.064326234050675], [125.94405705708856, 37.064315808395385], [125.944040952125, 37.0643090885134], [125.94402463258768, 37.06430323741116]]], [[[125.99309405065351, 37.06733227695323], [125.99232916318611, 37.066809465648475], [125.99187426585306, 37.0668894962091], [125.9918568091459, 37.06689592344882], [125.99184827251621, 37.066900843501614], [125.99184269105045, 37.06690500614703], [125.99165846000054, 37.06709573607247], [125.99141212353112, 37.06750391871181], [125.99139348602121, 37.06760793045743], [125.99132662669082, 37.068788644955404], [125.99132572462827, 37.06880584648951], [125.99132548842836, 37.068827534382706], [125.99133248311927, 37.069110869623245], [125.99133439329783, 37.069138336311084], [125.99138255790605, 37.06944724819446], [125.99178816739001, 37.07007966318181], [125.99230121619804, 37.070577951526204], [125.99238552054008, 37.07062990970781], [125.99260788697698, 37.070693627767334], [125.99440010054649, 37.07080117307713], [125.99443486647404, 37.07080267534305], [125.99444089407616, 37.070801841507446], [125.99445343625997, 37.07079619516554], [125.99447129985961, 37.070786347603295], [125.99450200204205, 37.070747953341666], [125.99450552662884, 37.07072699220955], [125.99450805098637, 37.07061108857918], [125.99454383748511, 37.07030863550915], [125.99454603815977, 37.07022548539436], [125.99451430527853, 37.06967613190323], [125.99425187318445, 37.06864847650068], [125.99418686285824, 37.06850388265797], [125.99398047782765, 37.0680842980512], [125.99391732530957, 37.06801080694835], [125.9939146806924, 37.068007917896274], [125.99309405065351, 37.06733227695323]]], [[[126.01615598897824, 37.06636287673774], [126.01529869370641, 37.06520009202103], [126.01529104032267, 37.06519198501405], [126.0152001843426, 37.065101260622285], [126.01519641441399, 37.06509807492461], [126.01319104943762, 37.06363379546989], [126.01318270899509, 37.063628408099966], [126.01308147119036, 37.063586849457565], [126.01245068483856, 37.06338213778709], [126.01238920446076, 37.0633630458093], [126.01235428494006, 37.06336028772572], [126.01206742088901, 37.06339438080883], [126.01203190898717, 37.063404213358716], [126.01169361907334, 37.06373800343458], [126.01168084361343, 37.06375208623397], [126.01157552026022, 37.06393614856464], [126.01149143477106, 37.06433614678], [126.01148845261368, 37.06439959227598], [126.01148711277328, 37.06447332925784], [126.01149099316856, 37.06462652890166], [126.01155862955785, 37.06513905115257], [126.01158174693558, 37.06520234378347], [126.0115972812375, 37.065234730425246], [126.01161291720763, 37.06525932527675], [126.01173363466306, 37.06544606115215], [126.01186796246776, 37.06564176845961], [126.01250531313164, 37.06645955692241], [126.01256449711994, 37.06646240117888], [126.01258517255872, 37.06646246580062], [126.01259645640675, 37.06645526042621], [126.01260217317231, 37.06636878098618], [126.01260408434759, 37.066318608827935], [126.01260428047776, 37.066307817632975], [126.01260372939352, 37.06630101905635], [126.01259376806324, 37.06628088056853], [126.0125866278739, 37.06626873637461], [126.01253135537964, 37.066207124559696], [126.01244147139325, 37.06610302524512], [126.01243436167726, 37.06609392978682], [126.01242960265121, 37.06607844620817], [126.01241686690031, 37.066014872947946], [126.01240365064733, 37.06591900733497], [126.01259189822578, 37.06574685555707], [126.01280114919584, 37.065764644966784], [126.01282816263233, 37.06576861885575], [126.01284017900056, 37.06577400637729], [126.01384344305595, 37.06665553752984], [126.01394951860658, 37.07098325104124], [126.01394655769882, 37.07099381559933], [126.01394426684614, 37.071010277063756], [126.01394362422, 37.071027758777696], [126.01394492901773, 37.07105104524302], [126.01394943863706, 37.071093575098196], [126.0139537960084, 37.07112517419448], [126.01395631243578, 37.07113928749563], [126.0139787650782, 37.071226396650495], [126.01398305366588, 37.07123564144061], [126.0139867707681, 37.07124125835251], [126.01416324396287, 37.07144245035881], [126.01417046948495, 37.07144968137203], [126.01603291840807, 37.072622075270885], [126.01705238588951, 37.073245755036986], [126.0173666323885, 37.07556226135911], [126.01765333280872, 37.078308277376635], [126.0203009221048, 37.07879497772701], [126.02109253029371, 37.078321594334035], [126.02146235370193, 37.07785517223895], [126.02123451385845, 37.07654248259734], [126.02123354294484, 37.076539186876985], [126.02122859760227, 37.076529408669664], [126.02122564740502, 37.07652625681913], [126.02121233360073, 37.076513938809484], [126.02065462635245, 37.076115806391435], [126.02050477509559, 37.07603435862637], [126.019046798692, 37.0729221180877], [126.01886720989646, 37.0719753129537], [126.0202314649184, 37.069235296109845], [126.01772619414906, 37.068531499988694], [126.0174412018592, 37.068413725791046], [126.0171344269069, 37.06827195503637], [126.01676126013491, 37.068062705586456], [126.01649513365463, 37.06787727275845], [126.01627252634876, 37.067679616205766], [126.01620446058165, 37.06758338743933], [126.01613830531271, 37.06747004879008], [126.01608432906939, 37.06734847363773], [126.01605955795456, 37.067286762869536], [126.01603823837955, 37.067228597027], [126.01597608316078, 37.06689003860888], [126.01597751553248, 37.066791133442024], [126.01599477203219, 37.066755856944944], [126.01604685137707, 37.066722844118914], [126.01611674917064, 37.06668331933674], [126.01618065296252, 37.066457382652494], [126.01618150688985, 37.06644871153889], [126.01615598897824, 37.06636287673774]]], [[[126.01329679632506, 37.07766705773913], [126.01313126928333, 37.07765105562942], [126.01304831033602, 37.07765378122729], [126.01282798044612, 37.07773258744341], [126.0128203242465, 37.07773597783611], [126.01281603308644, 37.07773912019691], [126.01281042090368, 37.07774527451737], [126.0128051014155, 37.07775291522491], [126.01262842697606, 37.07801807862358], [126.01262640808382, 37.07802301071108], [126.01256537215595, 37.07820378729198], [126.01228835217901, 37.07919604215881], [126.01228714766034, 37.079203106227546], [126.01228746761882, 37.07931273839363], [126.01228788874955, 37.07932641801491], [126.01229017619436, 37.079359783939246], [126.01230902419755, 37.079487267188114], [126.01231139307738, 37.07949355676376], [126.01231611825233, 37.07950200217904], [126.0124611581721, 37.07974964434363], [126.01246742762777, 37.07975787657777], [126.01248079793075, 37.07977364842375], [126.01250371483607, 37.079798050543744], [126.01250757841753, 37.079799179724894], [126.01251377336328, 37.07979999924462], [126.01252069375563, 37.079799905786054], [126.01254972534848, 37.07979855018978], [126.01258813070945, 37.0797958438732], [126.01259545095347, 37.079794228543825], [126.01261146090417, 37.079789424183765], [126.01261607073931, 37.079786848270444], [126.0126237337965, 37.07978121813249], [126.01271102101644, 37.07969400348436], [126.01307326658738, 37.079635083464], [126.01523022547015, 37.07821095319881], [126.01523648435747, 37.078205374709135], [126.01523919888973, 37.0782007009592], [126.01524089645581, 37.07819550881969], [126.01524116864114, 37.07819003203402], [126.01523567103118, 37.07804214488585], [126.01503620712046, 37.07793372444725], [126.01503105664614, 37.07793109651639], [126.01490524893258, 37.07788541173812], [126.01488482879031, 37.07787982813202], [126.01450894487546, 37.077813372246034], [126.01329679632506, 37.07766705773913]]], [[[125.98873920912793, 37.08021915538976], [125.98865650879222, 37.08020545369106], [125.98813968067847, 37.08024339891075], [125.98806333264048, 37.080256286325415], [125.98780432860418, 37.08040438418303], [125.98740131456363, 37.08161699226503], [125.98764628832187, 37.0819401977608], [125.98836558093086, 37.08248105177942], [125.98848257549122, 37.08253138162888], [125.98851347410172, 37.082537825320756], [125.98859523351591, 37.082551560212316], [125.98869399792369, 37.0825316726283], [125.98878560694541, 37.08250369704352], [125.99019932392359, 37.08190326498843], [125.99025096435588, 37.08187815667496], [125.99034674699425, 37.0818279977442], [125.99034987810228, 37.08181272737335], [125.99034760590155, 37.08180760765212], [125.98924367278569, 37.080536580811504], [125.98909999455898, 37.080381485572175], [125.9890637984552, 37.08035241208519], [125.98903221679079, 37.0803297545684], [125.98899151365794, 37.08030523670958], [125.98890132177856, 37.08026445707231], [125.988833689779, 37.080244495696256], [125.98873920912793, 37.08021915538976]]], [[[126.00044868640984, 37.083384498141506], [126.00025637770104, 37.08268016135392], [126.00023847372665, 37.082645989336676], [126.00021049872275, 37.08260102431553], [126.00017242010402, 37.082562336450486], [125.99980504156112, 37.08220245621086], [125.99975797663929, 37.082170055875814], [125.99972322331756, 37.082151149403074], [125.99965595601897, 37.08212500924218], [125.99961441056146, 37.08212136851034], [125.99941886170726, 37.0821160502545], [125.9992520328961, 37.0821252336747], [125.99903106679452, 37.082173147414935], [125.99842788589525, 37.08234578148009], [125.99800589783013, 37.08255167976865], [125.99759049760502, 37.082751660645016], [125.99742399374087, 37.08281166342274], [125.99735331747985, 37.08281979206312], [125.99718039619113, 37.08281820178481], [125.99596522235385, 37.082559644075545], [125.9959125852132, 37.082530792251575], [125.99550272886435, 37.081824644709755], [125.99550004500016, 37.08181899077134], [125.99544613903022, 37.08159267222447], [125.99535415091691, 37.08117150799884], [125.99534364896013, 37.0807388201687], [125.99534963959044, 37.0806139499316], [125.99574465643717, 37.08053508252821], [125.99575559347934, 37.080529674395144], [125.99590452476019, 37.080437050353595], [125.99620874440525, 37.08006366430675], [125.9963446513436, 37.07985578264178], [125.99645111917117, 37.0794719220245], [125.99645246556656, 37.07943058176645], [125.99643896798068, 37.07936424375916], [125.99642512445652, 37.07934013930849], [125.99641780281934, 37.07933229940709], [125.99637550946498, 37.07930657953114], [125.9963155079385, 37.079285653778015], [125.99625570263453, 37.07926840707081], [125.99621815911335, 37.079261983885935], [125.99611162454939, 37.07925303085631], [125.99412488618421, 37.079315537090494], [125.99407899015966, 37.079326506773036], [125.9932944395974, 37.079590839716424], [125.99323984660448, 37.07961355305243], [125.99304584560538, 37.07970849610215], [125.992986716837, 37.07974392553679], [125.99263742078621, 37.080002392795244], [125.99261091345588, 37.08002816689047], [125.9922831231866, 37.0804711097707], [125.99196975155802, 37.081313060206426], [125.99206241476992, 37.08177530071312], [125.99501291206799, 37.0829892487052], [125.9962895847763, 37.08338540042291], [125.99750349970051, 37.083669356882595], [125.99918970633499, 37.08393039980291], [125.99964185654602, 37.08380051721789], [126.00014017941785, 37.0837429225556], [126.00027268077395, 37.08369951953148], [126.00037364800806, 37.08362971193339], [126.00045319505811, 37.08351985248774], [126.00045677105197, 37.0834180051395], [126.00044868640984, 37.083384498141506]]], [[[126.00085691019905, 37.086991173396534], [126.000824384667, 37.086990240277544], [126.00077248142695, 37.08699019152077], [126.00072403949751, 37.08699285448869], [126.00070693302658, 37.08699466711002], [126.00069092343762, 37.086997396746256], [126.0006019964386, 37.08701532486686], [125.99998097910785, 37.087200636355995], [125.99887100476293, 37.087532345640724], [125.998859535501, 37.087536917171484], [125.9988312804269, 37.08754865368766], [125.99881956757064, 37.087555193370775], [125.99880908511882, 37.0875635801626], [125.99879964648065, 37.08757300680045], [125.99879376640472, 37.08758426225307], [125.99878916338486, 37.087595285103106], [125.99857164673851, 37.088318744093755], [125.99847501549114, 37.08898321273933], [125.99847386431432, 37.088995880975595], [125.99847271821, 37.08900857721775], [125.99846805989333, 37.0891019371452], [125.99846922733936, 37.089118208573744], [125.9985196475436, 37.08922171659157], [125.99852692324905, 37.08923536314109], [125.99854019208912, 37.08924281042494], [125.99875238364996, 37.08932791890066], [125.99876826715982, 37.089334288808836], [125.99878425526192, 37.08933980556487], [125.99881350609006, 37.08934794910605], [125.99884171888327, 37.08935521510864], [125.99885893797999, 37.08935798842536], [125.99887598084561, 37.08935982841985], [125.99947293805681, 37.0894017691675], [125.9994945779511, 37.089401793355876], [125.99951618308484, 37.08940089863057], [125.99954452357434, 37.08939729947588], [125.99956041292384, 37.08939459011145], [125.99957747241649, 37.08939096626658], [125.99972896381513, 37.0893569637564], [125.99975274737095, 37.089350636208124], [125.99979887423768, 37.08933627375487], [125.99982251139717, 37.08932818311332], [125.99984622566183, 37.0893200618955], [126.00006728593294, 37.08924300670941], [126.00079398048005, 37.08894966390575], [126.0008155618275, 37.08893786237293], [126.00083250781157, 37.08892794192036], [126.00102917968793, 37.08880580496137], [126.0010440012663, 37.08879486433883], [126.00108464893991, 37.08875967865117], [126.0010972910555, 37.088746802323], [126.00110760746179, 37.088731247541126], [126.00111785637144, 37.088713978449015], [126.00149701403404, 37.088008757439], [126.00152069295537, 37.087959262808376], [126.00153201771536, 37.08793122809153], [126.00154110113841, 37.08790320110159], [126.00154790216608, 37.08787521016325], [126.00155358815991, 37.087847165473704], [126.00156725905082, 37.08771134875432], [126.00156955966239, 37.08768427439155], [126.00156972777485, 37.087576314341106], [126.00156976625989, 37.08755024703513], [126.0015698049293, 37.08752234188939], [126.0015687929092, 37.08745043243155], [126.00156769588662, 37.087427751548994], [126.00156432453223, 37.08740778381522], [126.00155981957012, 37.08738687787683], [126.00155189473749, 37.08736595305541], [126.00151830095818, 37.087291217131366], [126.00151151907866, 37.08727755626801], [126.00150128846538, 37.087261114434774], [126.00149089759259, 37.08724812633127], [126.00147815477135, 37.08723790807933], [126.00146555278833, 37.087229622286586], [126.00117034114838, 37.08706185067862], [126.00112224327422, 37.08703584728141], [126.00110708989504, 37.087031149900184], [126.00106335792887, 37.087017626708366], [126.00103630282433, 37.08700947993708], [126.0010168622544, 37.08700487346231], [126.00099408774531, 37.08700211225167], [126.00093138391846, 37.08699577353857], [126.000910947145, 37.0869939351003], [126.00085691019905, 37.086991173396534]]], [[[125.95893794335328, 37.0890323398693], [125.95907285707798, 37.08897468152025], [125.95936370968182, 37.08904875305085], [125.95942982560238, 37.08906600750271], [125.9598456093251, 37.08917763927791], [125.95991846494306, 37.089197612016896], [125.96028807373372, 37.08935316594808], [125.96036645053535, 37.08938931975843], [125.96084568259919, 37.08962964411691], [125.96205475034118, 37.089697195569386], [125.96348859691997, 37.08926172563941], [125.963542060216, 37.08923728729531], [125.9668124365643, 37.087724685616], [125.96713425858384, 37.08550471656039], [125.9671239679378, 37.08432593928546], [125.96702160478733, 37.08437391837998], [125.96698164883686, 37.084381984368505], [125.96692891421196, 37.08438544241213], [125.96685597740537, 37.08438616323444], [125.96680773866662, 37.084385140201455], [125.9667427187016, 37.08437508323201], [125.96480142987396, 37.083926120623325], [125.9647835471818, 37.08391258890008], [125.96475895661419, 37.083889153817275], [125.96466960858434, 37.08378736220324], [125.9646350266254, 37.08373783459199], [125.96449562479981, 37.083529855776376], [125.96447335891969, 37.08348845546422], [125.96446115328867, 37.08345696498082], [125.96441524102755, 37.081583475257325], [125.96433006817979, 37.08103874167269], [125.96049504765334, 37.08229177553323], [125.95657644447947, 37.08517478160133], [125.95579859809446, 37.086455795187135], [125.9557862111911, 37.08647170745467], [125.95574692043476, 37.08650770359829], [125.9556369564693, 37.08658268243928], [125.95559872534119, 37.08660593026573], [125.95556431670344, 37.08662531966125], [125.95553235142813, 37.086641229254354], [125.95548530265529, 37.08666056394037], [125.95544810646314, 37.086674722569825], [125.95534428198448, 37.08671286944989], [125.95504519247959, 37.086811302671585], [125.95502008227835, 37.086818001424405], [125.9549908700288, 37.08681927203271], [125.95494573735289, 37.08682035771168], [125.95357392980672, 37.08661054274796], [125.95353268622493, 37.08660422724007], [125.95344084500859, 37.08658895402712], [125.95336658605291, 37.08657396957853], [125.95319858758664, 37.08653238682948], [125.95295971244101, 37.08643497671486], [125.9522577657423, 37.08605463090558], [125.95221469341975, 37.086022638954184], [125.95221877699203, 37.08599018545768], [125.95224675968389, 37.085935456367125], [125.95229230131513, 37.08588436353206], [125.95289329349738, 37.08542923472643], [125.95295585855634, 37.085386166641186], [125.95302335070144, 37.08531971265514], [125.95303461819171, 37.08530691822749], [125.95306860157359, 37.085143233076316], [125.95319759366141, 37.08426594122109], [125.95318145296272, 37.08411227217021], [125.95316895880394, 37.08408463183761], [125.95222163710889, 37.082166954764745], [125.95193182261885, 37.08165695008144], [125.95191706346957, 37.08162782077449], [125.95180355691427, 37.08138311944482], [125.95179620614913, 37.081340371161474], [125.9517997890265, 37.08131300278673], [125.95181156959102, 37.08128552692695], [125.95319330806439, 37.07838571559851], [125.95341618080323, 37.077933579979224], [125.954123142645, 37.07566245394889], [125.95393332460732, 37.07516231192935], [125.95392357252085, 37.07514421744965], [125.95391159374111, 37.075126093937364], [125.95374155014068, 37.07487404486269], [125.95372946793489, 37.074860408661976], [125.95371400362006, 37.074848523829765], [125.95369511854281, 37.07483929660983], [125.95367394335229, 37.074831834093814], [125.95364935750081, 37.07482703022004], [125.95362135200806, 37.074824883967956], [125.95359782452735, 37.07482368753203], [125.95190145986935, 37.07477256470077], [125.95187901153638, 37.07477317748327], [125.95185656298335, 37.07477380107475], [125.95183407033232, 37.074776206037114], [125.95181269959747, 37.07477953149021], [125.95179354741694, 37.0747837836402], [125.95177661954159, 37.07478895625383], [125.95135444344312, 37.07492025626477], [125.95133186116635, 37.074928059893296], [125.95130924274505, 37.074936755372796], [125.95121759125507, 37.07497695604735], [125.9511949396464, 37.07498744744337], [125.95117908121142, 37.074995341566186], [125.95115981482272, 37.07500498213871], [125.95114280979982, 37.07501466125814], [125.95112800774781, 37.075025258772634], [125.9511143313533, 37.0750358736922], [125.95108582053167, 37.075059782507786], [125.95107097714315, 37.07507307448376], [125.95102748120895, 37.07511657558185], [125.95101257966314, 37.075132559095216], [125.95099766414738, 37.075149450074214], [125.95098386536496, 37.07516635473753], [125.95097232459632, 37.07518329700742], [125.95096074109556, 37.0752011229331], [125.95095029114397, 37.07521896546788], [125.95092468190718, 37.07526628571309], [125.95089318565337, 37.07533573988362], [125.95089232776826, 37.075370604251034], [125.95092210572695, 37.0755669366007], [125.95091584808007, 37.07582754149075], [125.95090044860676, 37.075868706445], [125.95086390721056, 37.075901491249546], [125.95083729000453, 37.075914193131105], [125.95078436233375, 37.07592430062716], [125.95070343981021, 37.075932275715324], [125.95060917760766, 37.07593287113552], [125.95050722383749, 37.07592620031864], [125.95040314589366, 37.075913192272274], [125.95030488916443, 37.07588947296677], [125.95019786599124, 37.07585575851277], [125.94989058913804, 37.07573590187707], [125.94959127877858, 37.07555411835883], [125.94942663902111, 37.07542618358373], [125.9492793912113, 37.07527060927795], [125.94921276859276, 37.075178973937035], [125.94917531969317, 37.075086810644976], [125.94916512669809, 37.075041434553434], [125.95074191531532, 37.072388820771664], [125.9515368194269, 37.07161503174744], [125.95233139851356, 37.06960524484474], [125.95234086678664, 37.06958019303838], [125.95234335226684, 37.06956764725263], [125.95244408437321, 37.06883900572727], [125.95234275152058, 37.067718576398036], [125.95185378047881, 37.06720090974771], [125.95031655039263, 37.06693874523756], [125.95028406359486, 37.06693653605948], [125.95026943203568, 37.06693904978532], [125.94997295003442, 37.06701349985263], [125.94995941698771, 37.06701691571938], [125.94994811896974, 37.06702126574461], [125.94993675802003, 37.067028320774064], [125.94992424284324, 37.0670371543859], [125.94991281466037, 37.06704778866355], [125.94620200541236, 37.0689261731152], [125.94572738783137, 37.07017951795974], [125.94559543458529, 37.07044212103995], [125.9451362269412, 37.071368444151744], [125.94512916127535, 37.07138543822193], [125.94509728197383, 37.0714659308622], [125.94509007295086, 37.07149010943799], [125.94508406180714, 37.07151071097657], [125.94503686679829, 37.07168450062908], [125.94503197466872, 37.0717051105278], [125.9450282130531, 37.07172483661374], [125.94502568369725, 37.07173919244688], [125.94502175658297, 37.07176790362833], [125.94501906322594, 37.071790345038856], [125.94502547449355, 37.07180660997191], [125.94503987070128, 37.07181578510778], [125.94534078494738, 37.07197242025234], [125.94535642985666, 37.07197531225193], [125.94610141844701, 37.07196950054032], [125.9467269425278, 37.07187856784736], [125.94722431634054, 37.07185790882863], [125.94726015737731, 37.07186016278347], [125.94731952797822, 37.071864508562385], [125.94733185502199, 37.07186556229054], [125.94735083790759, 37.071870304920296], [125.94736300604615, 37.07187854475713], [125.94736952774178, 37.07188941919369], [125.94737259698171, 37.07190383936901], [125.94737338129407, 37.071920925538215], [125.94759063833133, 37.07472198254267], [125.94755762715995, 37.07474582797959], [125.94753712295397, 37.07476176023567], [125.94751887867173, 37.07477680811585], [125.94750059105046, 37.07479364999434], [125.94744683744779, 37.074845104995696], [125.94743651158684, 37.07485665928575], [125.9474261752926, 37.074869111173236], [125.94740545703701, 37.07489581252133], [125.94739509778422, 37.07490916905101], [125.94662063442671, 37.076120046701185], [125.94658586317237, 37.076176244029725], [125.94656963270795, 37.07620299679916], [125.94646045521301, 37.076391285959886], [125.94645911410942, 37.076402045712314], [125.9464589223282, 37.07641193991295], [125.94646200181501, 37.07642635302526], [125.94646945606705, 37.076446224280794], [125.94647800507056, 37.07646790444607], [125.94653445054125, 37.07658407493055], [125.94660017029885, 37.07667216845986], [125.94677044420018, 37.07679836922254], [125.94686052673924, 37.07689478922825], [125.9469776883626, 37.07733757020059], [125.94697897939862, 37.07734817605059], [125.94697820960955, 37.07736683091595], [125.94697464252731, 37.07738728607617], [125.94696572260949, 37.07741531719686], [125.94695475735784, 37.07743955392798], [125.94693655869315, 37.07747465981907], [125.94688815558868, 37.07753965782814], [125.94684044183302, 37.07758100918004], [125.9467933794747, 37.07761452558472], [125.94674360969675, 37.07764389098819], [125.94666436822581, 37.07767974392547], [125.94598119857307, 37.07796051758192], [125.94589979891907, 37.07799184583305], [125.94583999354869, 37.07800906266109], [125.94578953909577, 37.078007521658776], [125.94575050147412, 37.07799623447101], [125.94542063186681, 37.07782754200822], [125.9452409129184, 37.077668851984235], [125.94514765539036, 37.0775058684673], [125.94503391374136, 37.077131384598665], [125.9448934877538, 37.07651834729077], [125.9448395350717, 37.07595674676243], [125.94436479585272, 37.07571009364275], [125.94359912580403, 37.07579500992383], [125.94352815292999, 37.07580450416783], [125.9426916819118, 37.0760367483825], [125.94214234041743, 37.076302324892254], [125.94212037031454, 37.076347982939616], [125.94121841789915, 37.0789452112739], [125.94119603838408, 37.07904150456689], [125.94102343264953, 37.08068965265978], [125.94105938435827, 37.08112623266649], [125.9410752139525, 37.08119038895945], [125.94111229611649, 37.081259023993354], [125.94136291932281, 37.08158965150028], [125.94139866349967, 37.0816278351572], [125.94145200316889, 37.08163532965772], [125.94220806126337, 37.08156033355861], [125.94435168258109, 37.081664059920406], [125.94667966414457, 37.082636647231936], [125.9467220689363, 37.08265516641905], [125.9469026366304, 37.08276442868745], [125.94692205672209, 37.08279600729369], [125.94767972161398, 37.08646397248977], [125.94621553212446, 37.08823867389931], [125.94615771787315, 37.08828261811942], [125.94603575149472, 37.08856124752959], [125.94601799259738, 37.08860545615829], [125.94604557338135, 37.08864654190391], [125.94659341297934, 37.08938176406493], [125.94781440634182, 37.08967389602463], [125.94923382547006, 37.09034040852369], [125.94931105967166, 37.090404258191], [125.94938484986508, 37.090496052027035], [125.94942503597075, 37.0905912830071], [125.94942529689902, 37.0905922265154], [125.94944072920909, 37.09070518486157], [125.94941316207931, 37.09147336754459], [125.94930486722518, 37.09217745471459], [125.94901711723772, 37.09259843287762], [125.94895338175553, 37.09268172998634], [125.94892938735381, 37.09273209201089], [125.94893062428194, 37.09278616143152], [125.94893355961644, 37.09281315975278], [125.94896123278046, 37.092864047180896], [125.94903122710271, 37.09294316201548], [125.94952367732476, 37.09325345575752], [125.94959202450178, 37.09329611484105], [125.94973081016293, 37.0933502631261], [125.94986382637785, 37.09339341250195], [125.94997363352081, 37.093422778794746], [125.94999994634615, 37.0934276502173], [125.95009986574318, 37.09344613146016], [125.95018113208678, 37.09344258074559], [125.95025560067126, 37.09342342909237], [125.95081588113048, 37.09322654057512], [125.95091207845557, 37.09318998005532], [125.95094209560881, 37.0931320565691], [125.95096314202318, 37.09308810558797], [125.95199737275283, 37.09233278637825], [125.95237632022761, 37.09218281232242], [125.95263337228917, 37.09211806316396], [125.95705517430635, 37.09174846139389], [125.9584372518222, 37.08938516815651], [125.9584700037484, 37.08933312159852], [125.9585377145168, 37.08923532415882], [125.95857375132934, 37.089203064120014], [125.95860750156616, 37.08917798596203], [125.95893794335328, 37.0890323398693]]], [[[126.0859550068642, 37.10613841857556], [126.08697429934402, 37.10228122562424], [126.09023179981067, 37.0999166844447], [126.09024263614143, 37.09989847437477], [126.09031407976039, 37.0997646599684], [126.09033152828678, 37.09973162734529], [126.09034569063186, 37.099701407527185], [126.09034769615043, 37.09967127391076], [126.09034104237905, 37.099624457852585], [126.09033251662463, 37.09958769666027], [126.08893473037195, 37.09639703385192], [126.08513345246014, 37.09129769772209], [126.08509363911855, 37.09125055595341], [126.0850405654571, 37.09120350109587], [126.08499217302145, 37.09117190621141], [126.0849452935482, 37.091150557922674], [126.08431007860223, 37.090902806043765], [126.08428222397045, 37.09090247346145], [126.08304949006902, 37.09114942902969], [126.08084572743556, 37.089503364406845], [126.07802898601489, 37.08646025190069], [126.0757995224041, 37.084105075457266], [126.07517228638294, 37.083724542103674], [126.07493235188764, 37.083616512308154], [126.07491594534868, 37.08361165333195], [126.0747235014138, 37.08355854006383], [126.07470925102047, 37.083555814339995], [126.07313549969852, 37.08327685606853], [126.0684412791179, 37.08305391936186], [126.06803886150715, 37.083098189515596], [126.06800273604347, 37.08310576988415], [126.067621165408, 37.083209065778654], [126.06757946076473, 37.083224959399615], [126.06426325611778, 37.08545573777542], [126.06422995990629, 37.08549587562112], [126.06417984095576, 37.0855737440516], [126.06415688784453, 37.08561379620324], [126.06263803202742, 37.08830730179346], [126.06237145822833, 37.08893411820368], [126.0623701224223, 37.088963733030866], [126.06237404186255, 37.08898817472496], [126.06238294172046, 37.089012581261265], [126.06279122346123, 37.08972610470586], [126.06563810238575, 37.09272470998466], [126.0656787485261, 37.092747959010865], [126.06576211866727, 37.092792389219426], [126.06580071661068, 37.09281124548046], [126.06641821677597, 37.09305799318129], [126.06670663425919, 37.09311106162108], [126.0667356267411, 37.09311314629577], [126.06676871949546, 37.09312693139352], [126.0668319657559, 37.09316443497762], [126.06685377610772, 37.093182716619935], [126.06686825181511, 37.09320211380804], [126.06688289917271, 37.093250271580544], [126.06689020361556, 37.09333271993401], [126.0668975401199, 37.09419841034879], [126.06688463405392, 37.09444811246615], [126.06675371131465, 37.09608669649111], [126.06674878394563, 37.09613812388522], [126.06673455191238, 37.09628578237703], [126.06672675237573, 37.09633222302645], [126.06671455684197, 37.096376440079595], [126.06669760333716, 37.09642617897269], [126.06667653399104, 37.09647674061289], [126.06664838560823, 37.0965209234363], [126.06658485670789, 37.096595982415444], [126.06653649804419, 37.09664010474116], [126.06647521683144, 37.09669332406671], [126.06635191897406, 37.096789215134564], [126.0662930373003, 37.09683283875571], [126.0659668737959, 37.09706528597133], [126.06571615623429, 37.0972321559692], [126.0650227745728, 37.097503604451155], [126.06494809535597, 37.097529219190136], [126.06485374094709, 37.09755240543826], [126.06473865270895, 37.09757941381647], [126.06467749595498, 37.097592292856945], [126.06460494731598, 37.09760194772264], [126.06451583431266, 37.09760949833803], [126.06448061234158, 37.09761150912989], [126.06439153763954, 37.09760748858009], [126.06435844181819, 37.09759617247705], [126.0643274539965, 37.097575592574806], [126.06386652787232, 37.097250184111495], [126.06242001756645, 37.09619014114632], [126.06236975431071, 37.09615320727017], [126.0623208870788, 37.09611635519829], [126.06227802885532, 37.09608186900893], [126.06200465996265, 37.09578275941418], [126.06158862978607, 37.095275015340675], [126.06158613556123, 37.09522661141063], [126.06158722372842, 37.095214167950594], [126.06158588703936, 37.095203928618204], [126.06158248228994, 37.095193685828335], [126.0615747627819, 37.095182053087235], [126.06154079919175, 37.09513660776507], [126.06152190433768, 37.0951183010405], [126.06145692785394, 37.095067148837956], [126.06122573170803, 37.09490772935229], [126.0611905872599, 37.09489178071281], [126.06115195523387, 37.094882348865376], [126.06092219485465, 37.09483827849972], [126.06088631657373, 37.09483150652486], [126.06073785673877, 37.09482942141512], [126.06071782709735, 37.09483019319072], [126.06069914667432, 37.09483910791607], [126.06067664493189, 37.09485504824331], [126.06044908163432, 37.09504193317761], [126.06041226040804, 37.095079997192514], [126.06039218352802, 37.095119773368694], [126.0603028762221, 37.09546856786238], [126.06029777451145, 37.09550174770674], [126.06029510382663, 37.09554488634394], [126.06029918411039, 37.09558804025775], [126.06035094899043, 37.09601161295028], [126.0606469464672, 37.09710115509426], [126.06084919779525, 37.09748612879826], [126.06096954867374, 37.097672562853205], [126.06098697924602, 37.09768859310757], [126.06128869237311, 37.09788232600575], [126.06195675895115, 37.09830972101139], [126.06199397779903, 37.098328171500945], [126.06203193020325, 37.09833365143677], [126.06229029193764, 37.09831128734942], [126.06231654714247, 37.0983083843049], [126.06508548484447, 37.101219162629604], [126.06511620351188, 37.10125242828298], [126.06572517641034, 37.101912731356194], [126.06687238702703, 37.103618393244886], [126.06687504750563, 37.10362423550616], [126.06687734104923, 37.10363342635267], [126.06687813751041, 37.103640965856115], [126.06687758958799, 37.10364818625461], [126.06687618471636, 37.103652391194004], [126.06687387076579, 37.10365586947237], [126.0668272044735, 37.10369928399549], [126.06656202862597, 37.10383927184764], [126.06646634833471, 37.10404393811744], [126.066540888475, 37.10452302521201], [126.0665447834368, 37.10454791530357], [126.06676927535077, 37.10589955667021], [126.06703794569869, 37.106820708001905], [126.06712100490583, 37.10705820796562], [126.06713567051443, 37.10709143589858], [126.06716492120128, 37.10712250741962], [126.06719591146792, 37.1071439176647], [126.06721866006859, 37.10715573798753], [126.06723416814279, 37.107162770262335], [126.06725934658303, 37.10716974544724], [126.06726176521586, 37.10717003426641], [126.0672714492238, 37.10717116441939], [126.06728938266262, 37.10717287198415], [126.0673062957435, 37.10717318634793], [126.06732530720554, 37.107169642154375], [126.06763595533815, 37.107104887086095], [126.06767053053214, 37.10709538187821], [126.06770650572406, 37.10708109479093], [126.06841485663267, 37.10669849854024], [126.06871367643787, 37.10626947420876], [126.06872116591157, 37.106248478459456], [126.06872127346476, 37.106223031054995], [126.06870393763172, 37.10615992197892], [126.06869478588493, 37.1061300381085], [126.06868650322414, 37.106104563316], [126.06867902484643, 37.10608574478501], [126.06861160987772, 37.10561511678238], [126.06861408755908, 37.10560018789958], [126.06863377646681, 37.10557700855814], [126.06869145692862, 37.10551630683241], [126.06871914193604, 37.1054996199923], [126.06915297247991, 37.105304836552854], [126.06916991031375, 37.10529878921938], [126.06918926822192, 37.10529331009871], [126.06921105269609, 37.10528853266776], [126.07101055281126, 37.10492265472019], [126.0710478669045, 37.1049181164155], [126.07108792993643, 37.10491568974512], [126.07117011129942, 37.10491476758569], [126.07123467290172, 37.10491750792467], [126.07130232009217, 37.10492540688438], [126.07197851874614, 37.10501839264414], [126.07291648756501, 37.10516978591078], [126.07295443727634, 37.10517779424052], [126.07702273859792, 37.10645157342012], [126.07829646746183, 37.1073061568078], [126.07832853405613, 37.10771707942447], [126.07833080806435, 37.10773714731887], [126.07833716906201, 37.10776109135876], [126.07834950266225, 37.1077831619083], [126.0783541717803, 37.107791416583474], [126.07840098694197, 37.1078672136977], [126.07843729940235, 37.10792498223163], [126.07846465875568, 37.10795659617471], [126.07851250020411, 37.10799050537919], [126.07856428093618, 37.10801391960416], [126.07860688344545, 37.108025145666076], [126.07975179105898, 37.10814477348026], [126.07979490967517, 37.10813922485862], [126.07998734681452, 37.10809217754026], [126.0800184804326, 37.10807249721806], [126.08005168717659, 37.10805051803728], [126.0825115097364, 37.10782818313208], [126.08555707372639, 37.107173827258585], [126.0859550068642, 37.10613841857556]]], [[[126.30018270113443, 37.12554466328097], [126.30016850530102, 37.12554401121747], [126.29945823473626, 37.12558721161959], [126.29944869995957, 37.12558793890175], [126.29943853055416, 37.125589790072944], [126.29927013529287, 37.125625251473096], [126.29926101955286, 37.125627385515905], [126.29925270070477, 37.125630237909625], [126.29924552446286, 37.125633729230515], [126.29794850922526, 37.126338554874096], [126.29794406021813, 37.12634255690542], [126.2979419623768, 37.12634551736114], [126.29788325445566, 37.126467540671875], [126.2976788584484, 37.12694618949116], [126.29767376194759, 37.126958242283614], [126.29767275174142, 37.12696289572129], [126.29767161268903, 37.12697782796834], [126.29767149432553, 37.12699669422885], [126.29767322096833, 37.127015490869624], [126.29767852824526, 37.1270453313509], [126.29780187556737, 37.12754763555191], [126.29784037933963, 37.12768584180279], [126.29784421334828, 37.12769624282702], [126.29784920706227, 37.12770620312542], [126.29785491004684, 37.12771502046987], [126.29787686824517, 37.12774120980738], [126.29788342732122, 37.127747573292105], [126.29788938461398, 37.12775170068616], [126.29789619715262, 37.12775485065555], [126.29790373563335, 37.12775651531932], [126.2995849612545, 37.12792755960471], [126.30080912582625, 37.12919314069619], [126.30124671903387, 37.12915768686679], [126.30128895897967, 37.12914626644993], [126.30148804375506, 37.12905516277422], [126.30202478101413, 37.128798950002], [126.30225502440629, 37.12844485188924], [126.30207068801374, 37.12779032905658], [126.30022608334593, 37.12555902854921], [126.30022196201928, 37.12555568962427], [126.3002171363108, 37.12555290241887], [126.30020781820473, 37.125549460416366], [126.30019645386056, 37.12554657277525], [126.30018270113443, 37.12554466328097]]], [[[126.02331787177656, 37.13349470088746], [126.02399536380543, 37.1323703585039], [126.02481878434651, 37.130744763604596], [126.02469113583098, 37.13016975134264], [126.02303556580524, 37.12507096218784], [126.02229967046475, 37.1239962776765], [126.02197110878986, 37.12358477988563], [126.02195319864201, 37.123562575522655], [126.02194421016144, 37.12355293084418], [126.0219352304756, 37.123543297090805], [126.0219244002911, 37.12353510944812], [126.02191262409211, 37.12352764189707], [126.02190085063269, 37.12352090176198], [126.02188903503459, 37.123515633892985], [126.0218781360083, 37.12351110213191], [126.02186540770558, 37.12350582558266], [126.02183720362093, 37.12349595929018], [126.02182263470964, 37.12349138896796], [126.02179165035369, 37.12348296979801], [126.02175975816694, 37.1234745230738], [126.02174791443196, 37.12347145501561], [126.02173331474592, 37.12346835168335], [126.02168313790001, 37.123458233846705], [126.02166396055635, 37.12345581341414], [126.02164385039102, 37.12345337683714], [126.0216228102019, 37.12345240054819], [126.0216026719332, 37.1234521610853], [126.02158252484747, 37.12345266421475], [126.0215660119299, 37.12345394275744], [126.02154583430035, 37.12345590026553], [126.02152563663368, 37.1234585984233], [126.0215054393433, 37.12346202937327], [126.02137122567919, 37.1234905275771], [126.02135375222554, 37.12349471806064], [126.0213325727305, 37.12350107510253], [126.02131320941075, 37.12350890776109], [126.02082694674449, 37.123712200551914], [126.02080846167615, 37.12372151778064], [126.02078995701811, 37.12373230394908], [126.0207705142022, 37.12374381029597], [126.02075103774564, 37.123757507381626], [126.02071388250558, 37.12378640127793], [126.02063677553423, 37.12384709881477], [126.0184292945129, 37.12564408756171], [126.01841245762967, 37.12566368858159], [126.01834942877606, 37.125755332342884], [126.01834646423737, 37.12576703074716], [126.0179299799549, 37.12766560471976], [126.01792695950998, 37.12768096996583], [126.01792482525774, 37.1276970709712], [126.01792454642174, 37.12771246418995], [126.01792518252304, 37.12772786975078], [126.01792836141793, 37.12775430526944], [126.01793503234032, 37.12779031342953], [126.0179384111665, 37.127805747878064], [126.01794451527127, 37.12782268288579], [126.01794892311045, 37.127831530582995], [126.01795776685668, 37.127849229933254], [126.01796396960752, 37.127860299345556], [126.01797018243607, 37.12787137158757], [126.01809549395337, 37.128079607779505], [126.01810527904392, 37.12809585330805], [126.01816051165596, 37.12818008915186], [126.01890933181379, 37.130402437051835], [126.0183431249212, 37.13101978901268], [126.0183365750644, 37.131027774128086], [126.01831418368222, 37.131100830869734], [126.0183121601846, 37.13111107724884], [126.01831104995156, 37.131122058821546], [126.0183117617094, 37.13113306948138], [126.01831432990542, 37.13114263146061], [126.01832230847373, 37.13115738339551], [126.01867873732839, 37.131798720512954], [126.01907160355556, 37.13179891791828], [126.01908382699115, 37.131781468374726], [126.01909039908405, 37.13177274620016], [126.01909880313568, 37.13176331142177], [126.0191081117259, 37.131755349017794], [126.01912764779078, 37.13173871641911], [126.01913877099558, 37.13173150857429], [126.01915079237365, 37.13172506006327], [126.0191609433854, 37.13172077483376], [126.01917383479962, 37.131716529251044], [126.01918671351727, 37.13171374367987], [126.01951122911996, 37.13164494967672], [126.01952500739891, 37.13164290899657], [126.01953872500737, 37.131643808631104], [126.01955241202606, 37.13164616264557], [126.0195660707996, 37.131650717379244], [126.01957971062266, 37.13165601367789], [126.01959241448746, 37.13166202746857], [126.01960238787042, 37.131668012560205], [126.01961324099182, 37.13167547241656], [126.0196231636771, 37.13168365524278], [126.01963214284777, 37.13169329006023], [126.01964020062117, 37.13170364615821], [126.01964824178397, 37.13171473934473], [126.02006498677825, 37.13231351270818], [126.02005750420203, 37.13232222537017], [126.02005002041084, 37.13233094252318], [126.02004438221239, 37.1323389409186], [126.02003685789215, 37.132349854131405], [126.02003111645466, 37.13236297896298], [126.02002329605757, 37.13239001616286], [126.02002121486576, 37.13240392760219], [126.02002097707141, 37.13241711755331], [126.02002164971735, 37.132430322478704], [126.02002325838227, 37.132442807203965], [126.02002930380083, 37.13246268063815], [126.02004232864353, 37.13250169556267], [126.02005193376536, 37.13252746044165], [126.02005722319012, 37.13253852374588], [126.02006345856275, 37.13254812607159], [126.02007153814773, 37.13255702314238], [126.02008776215, 37.13257114242549], [126.02009771361202, 37.13257785638676], [126.02010768718914, 37.13258383963621], [126.02011948938028, 37.1325891093227], [126.02013038324122, 37.13259437127161], [126.02014127710369, 37.13259963321953], [126.02015664101098, 37.13261080698935], [126.02016102231737, 37.13262185264067], [126.02015531151126, 37.13263352039266], [126.02014595605536, 37.13264440894514], [126.02014117795936, 37.13265535284864], [126.02014827462965, 37.13266789888616], [126.02015547338821, 37.13267531937347], [126.02031627109301, 37.13279598037743], [126.02043012336391, 37.13288089562364], [126.020563894061, 37.13297777141885], [126.02058652222047, 37.13299197237871], [126.0205992200715, 37.13299871517235], [126.02099811138389, 37.13317127719464], [126.02101085611446, 37.133175094778416], [126.02112665773909, 37.13320284724055], [126.02114127135218, 37.13320521353737], [126.0211549958425, 37.13320537036864], [126.0211806982839, 37.13320200729807], [126.02119633204902, 37.13319852129459], [126.02121108036536, 37.13319356226669], [126.02125052338594, 37.133179580679105], [126.02155379141708, 37.13305605883526], [126.02159229640033, 37.13302600173931], [126.02162398502145, 37.133006061878255], [126.02165419709686, 37.132997553319974], [126.02171593741213, 37.13300089314956], [126.02179063187029, 37.13302147402032], [126.02186735654438, 37.13307599851238], [126.02192941140355, 37.133144880431026], [126.02195873151446, 37.13321011376593], [126.02201365309496, 37.13336982400258], [126.02201374249351, 37.13337084182958], [126.02201503938983, 37.13340018041368], [126.02201550815816, 37.13347498130102], [126.0220152696274, 37.13348816854391], [126.02201413987974, 37.13349988900779], [126.02201304090457, 37.13351014337432], [126.02177145242375, 37.13430506273774], [126.021752161787, 37.1343583707614], [126.02173100210456, 37.13441458302196], [126.02172333869937, 37.134432818895746], [126.02160112412734, 37.13470708203917], [126.02170242732481, 37.135481080021734], [126.02176743172998, 37.13548184126193], [126.0217894278134, 37.13548136389796], [126.0218013928044, 37.13547783296158], [126.02181156292282, 37.13547281586076], [126.02182266304098, 37.13546634748325], [126.0218338040478, 37.13545841403542], [126.02186535463296, 37.13543531951651], [126.02187466321084, 37.13542736681581], [126.02188303924673, 37.135420128062634], [126.02197061388232, 37.13533829965665], [126.02228454980637, 37.13499587888442], [126.02229672921358, 37.134980625033485], [126.02304485423791, 37.13392837697657], [126.02331787177656, 37.13349470088746]]], [[[126.30029971107652, 37.139230382117695], [126.30293355935683, 37.13874977597422], [126.30294955553806, 37.138774945991194], [126.30298106466402, 37.13881837215232], [126.3030009020114, 37.138843565633564], [126.30300849454471, 37.13885159418275], [126.30301741454846, 37.138859547804024], [126.30306048417283, 37.13889497928672], [126.3030820661642, 37.138911630983095], [126.30311130251143, 37.138929245117396], [126.30311903462069, 37.13893156039596], [126.30312694664569, 37.13893288959155], [126.30313531693695, 37.138933287794394], [126.30314404403892, 37.138932762993534], [126.30315330928491, 37.13893123950237], [126.30383490641091, 37.138776707084176], [126.30431642592634, 37.138614996601255], [126.30580622806484, 37.13795910145332], [126.30608370793945, 37.13782911095793], [126.30612989036159, 37.13779891791846], [126.30632182978759, 37.137644178008145], [126.30636548190728, 37.13760762547438], [126.30636924835343, 37.1376035135057], [126.30638300057993, 37.13758754635102], [126.30639156326583, 37.13757540461931], [126.30650529633384, 37.13740351242886], [126.30651376323128, 37.137390585532465], [126.3072156547959, 37.13611913554792], [126.30722426606897, 37.136100437683346], [126.30736639933001, 37.13578514319382], [126.30736794452993, 37.135781091765985], [126.30737642117545, 37.13575633443409], [126.30738392185255, 37.13573077948466], [126.3073912047023, 37.13570016656491], [126.30739410735995, 37.13568265062711], [126.3077124291299, 37.13332301967261], [126.30776809075032, 37.13210590623298], [126.30732941159843, 37.1311623389651], [126.30670735433259, 37.131150348942136], [126.30500558828753, 37.13162092972664], [126.3049043063745, 37.13174250019185], [126.30491563765585, 37.13174913494672], [126.30492572019088, 37.131756573750444], [126.30503380143341, 37.131856078534526], [126.3051327865692, 37.131951150530355], [126.30514362652025, 37.131963260635274], [126.30514912762648, 37.131970671263126], [126.30515360658664, 37.13197822121408], [126.30515702131991, 37.131986009214664], [126.30533739201684, 37.13278576978152], [126.30533879266234, 37.13279249008496], [126.3053410398302, 37.13281238972581], [126.3053407329789, 37.13283863630361], [126.30533909170816, 37.1328654066474], [126.3053370113524, 37.132886164039114], [126.3053085864045, 37.13308899203899], [126.3052240324572, 37.13333841928006], [126.30521861067584, 37.133352876668134], [126.30521222199555, 37.13336696556442], [126.30520505079114, 37.13338070224921], [126.30504134135327, 37.133691945892124], [126.30377338445187, 37.1360556629518], [126.30376527506685, 37.13606860227474], [126.30347646107415, 37.13647649104776], [126.30346989043271, 37.136484939040955], [126.30346064395167, 37.13649572701349], [126.30344969656588, 37.13650642750705], [126.30333124382315, 37.13661079265997], [126.30332183495253, 37.136618164598296], [126.3033110990597, 37.13662529959798], [126.30319484596696, 37.13668849248343], [126.30316874597192, 37.136702106398246], [126.3030042298367, 37.13677915249873], [126.30298261009193, 37.13678808664647], [126.30296770518068, 37.13679328843877], [126.30294591974337, 37.136800162181125], [126.30292548976183, 37.136805611025686], [126.30290587922657, 37.13680978459476], [126.30288216297691, 37.13681386982046], [126.30282550148152, 37.13681942140375], [126.30282104575983, 37.13681939622741], [126.30281259812035, 37.136818777288866], [126.30280103417815, 37.13681672614565], [126.30279384051319, 37.13681454968864], [126.30278408788422, 37.136810438284705], [126.30277585176547, 37.13680554178356], [126.30276885270723, 37.13680044685756], [126.30276524113498, 37.136796721977035], [126.30276241749, 37.13679272202587], [126.30275997551172, 37.136786364345085], [126.30259441841541, 37.13672798319614], [126.30043615726161, 37.13729260185497], [126.30042857405907, 37.13729484702901], [126.30039026439472, 37.1373203069163], [126.30038183026032, 37.13732824192309], [126.3003691677556, 37.13734157298595], [126.30006142549429, 37.13768870589026], [126.30005244070237, 37.13769885266262], [126.30003445884684, 37.137720350308456], [126.30000826663726, 37.137755139321385], [126.29897655853209, 37.13912695452085], [126.29897024496124, 37.13913689932784], [126.2989546669057, 37.1391686787221], [126.29895066014102, 37.139179557285644], [126.29894434861794, 37.139201477681596], [126.29894154966208, 37.13921671668163], [126.2989400837407, 37.13923309589979], [126.29893004607557, 37.13939241365263], [126.2989303353404, 37.13940160512485], [126.29893142268992, 37.13941030893266], [126.29893331388112, 37.139417591317546], [126.299048178562, 37.13969865514931], [126.29905124184958, 37.1397044405197], [126.29905521810355, 37.139709166119125], [126.29908201200696, 37.139720425286235], [126.29920188681284, 37.13975825883571], [126.29921113972952, 37.13975952075516], [126.29922982011665, 37.13976097373304], [126.29923952348503, 37.139760805236904], [126.29925538487326, 37.139759251532126], [126.29927214919114, 37.139756275601236], [126.29929453351723, 37.139751191518954], [126.29940239332002, 37.1397240335238], [126.30029971107652, 37.139230382117695]]], [[[126.0244886558641, 37.134529944649856], [126.02447138871227, 37.13452240447947], [126.02445217140578, 37.13452218324929], [126.0244346830103, 37.13452638208391], [126.02442175724943, 37.13453209609192], [126.02436669266098, 37.13463997518024], [126.02313333432352, 37.13820297820551], [126.0227098791935, 37.13968207829296], [126.02270684341, 37.139697442543806], [126.02284523667132, 37.14120289056207], [126.02284686212306, 37.14121390626357], [126.02285034101487, 37.14122421498221], [126.0228600969834, 37.14124191901532], [126.02286634195987, 37.141250791224955], [126.02287258693774, 37.14125966343428], [126.02288703239414, 37.14127156901204], [126.02321809626383, 37.14144919474496], [126.02323442998158, 37.141457449049916], [126.02325368190058, 37.14145621165638], [126.02326475580081, 37.14145194209865], [126.02328511905515, 37.14144045048819], [126.02333972912193, 37.141408823348264], [126.02398548896645, 37.1395913602468], [126.02540375417118, 37.13653568709699], [126.02541595544243, 37.136519694098304], [126.02542163383825, 37.13650949667942], [126.0254245977864, 37.136497797202935], [126.02542663866875, 37.136486092550776], [126.02542777761715, 37.136473642084056], [126.02542797543376, 37.13646263917785], [126.02534508821346, 37.135983622466895], [126.02533735614145, 37.13595567122941], [126.02533388609586, 37.1359453644871], [126.02532953354634, 37.135932847492775], [126.02498117125603, 37.13519557462596], [126.02488921410165, 37.13501486413008], [126.02488296891433, 37.1350052619324], [126.02487671448162, 37.134997121593855], [126.02449677339688, 37.13453663541331], [126.0244886558641, 37.134529944649856]]], [[[126.27657937851254, 37.14333005111805], [126.27661126264088, 37.14332951494209], [126.27666102371133, 37.14333056671481], [126.27669887707218, 37.14333020299905], [126.27671721965743, 37.14332930528281], [126.27673816439913, 37.14332735278429], [126.27676464105794, 37.14332350322005], [126.27679853438636, 37.14331706215809], [126.27681798268641, 37.143312386500085], [126.27684413505179, 37.14330476225993], [126.27687628365642, 37.14329395498409], [126.27698989214993, 37.14325251448939], [126.27702723845978, 37.143238606032206], [126.27706010800667, 37.14322623596764], [126.27708066397507, 37.14321765796915], [126.27710130714824, 37.1432079992289], [126.27712750954122, 37.14319488612882], [126.27716401451696, 37.14317448632958], [126.27718638711646, 37.143160771248546], [126.27720743348297, 37.14314634842853], [126.2772340546009, 37.143126246834754], [126.2772561040942, 37.143108261344516], [126.27746686504261, 37.142930274380596], [126.27747412984644, 37.142923823436725], [126.27748060319844, 37.14291687759118], [126.2774861930709, 37.14290913844431], [126.27749062700306, 37.14290060498847], [126.27749417281925, 37.14289114658442], [126.27749639712884, 37.14288082726548], [126.27754814420503, 37.142489692647416], [126.27754808774115, 37.14248648500777], [126.27754731858786, 37.14248334573162], [126.27750025031766, 37.14234230494842], [126.27749840858213, 37.14233822980745], [126.27749585638122, 37.14233422485532], [126.27749259706893, 37.14233022162281], [126.27635185836283, 37.14098990908418], [126.27603723012398, 37.14104843079991], [126.2727971618411, 37.145119557795525], [126.27250703132343, 37.145512432313026], [126.27250253054262, 37.145519205417806], [126.27249724505269, 37.14552952537527], [126.27169484499241, 37.14726451646594], [126.2716539924723, 37.14737624794845], [126.27129184027514, 37.14873148167257], [126.27128003552927, 37.14877682406232], [126.27127401578637, 37.148824980998526], [126.27127433724947, 37.1488759564463], [126.27128181394919, 37.148926207472876], [126.27129363280889, 37.148967260936104], [126.27130809061654, 37.14899818339051], [126.27132158364304, 37.14901385197853], [126.27133987204456, 37.14902376820467], [126.27191617700413, 37.14931263207739], [126.27589916512018, 37.15037200500906], [126.27693306697225, 37.15060496365198], [126.27710389697741, 37.15062377501258], [126.27739195443998, 37.150532183307554], [126.27740099612171, 37.150528438580864], [126.27741057970583, 37.1505234880109], [126.27741927845977, 37.15051768283232], [126.27742728810969, 37.15051103588089], [126.27743860763877, 37.150499817105114], [126.277449845263, 37.150487250845465], [126.27745996143192, 37.15047369954238], [126.27747322222254, 37.15045464990931], [126.27748236126502, 37.15044038095328], [126.27749870125459, 37.15041388085972], [126.27785185965425, 37.14970376932079], [126.27781522882587, 37.14947308579534], [126.2763337221005, 37.14721891884149], [126.27631402238964, 37.14721104121581], [126.27629691582959, 37.14720239716245], [126.27628938618345, 37.14719771975077], [126.27627885471016, 37.147190101737976], [126.27626479003804, 37.147178698466114], [126.27625435835802, 37.147168940741274], [126.27624368618469, 37.147157476953495], [126.27623284886877, 37.14714438269406], [126.27614616624406, 37.14703306050502], [126.27613304379747, 37.14701545654745], [126.27611986012087, 37.14699564361338], [126.27591411700783, 37.14667531722792], [126.2759015655966, 37.14665414793701], [126.27588331867506, 37.146620978539374], [126.27570548867477, 37.146296173687674], [126.27569402318036, 37.14627358602862], [126.27568852063365, 37.14626051528341], [126.27568565948337, 37.146250947486976], [126.27568396252741, 37.14624138450663], [126.2755663418234, 37.14522369697371], [126.27556513424918, 37.14519830838038], [126.27559701357909, 37.144295200856206], [126.27560838362939, 37.14425705899673], [126.27562031809215, 37.14423545039053], [126.27563542625188, 37.14421756656051], [126.27617213713135, 37.14358752352484], [126.27619345620236, 37.143562903859475], [126.27621582868679, 37.14353943078744], [126.27632649634137, 37.143425485422405], [126.27633852439668, 37.143413141933294], [126.27635495418535, 37.14339790724339], [126.2763677775656, 37.143387075439485], [126.27638131247016, 37.143376946834096], [126.27639571714629, 37.14336776282389], [126.27640565227023, 37.14336218499706], [126.27642138601861, 37.14335492920468], [126.27644300228981, 37.14334763679476], [126.2764587035815, 37.1433437932299], [126.27647554601978, 37.143340823148854], [126.2765160275246, 37.14333555525649], [126.2765732312571, 37.143330445553396], [126.27657937851254, 37.14333005111805]]], [[[126.32305278742105, 37.15450647267585], [126.32354670580035, 37.15428005107211], [126.32367044036545, 37.15429446820563], [126.32369273169584, 37.154292946234825], [126.32370523436254, 37.15429087460883], [126.3237230548406, 37.15428703860976], [126.32378684981911, 37.1542692568888], [126.3238066760448, 37.154262576239006], [126.32383198546094, 37.154250869899876], [126.32383916913517, 37.15424656776335], [126.32387677580783, 37.15422191363537], [126.32388473096466, 37.15421578757385], [126.32389128573368, 37.1542091933241], [126.32389941191295, 37.15419900559367], [126.32390888996812, 37.15418296698165], [126.32393791622712, 37.15412919462522], [126.32394225919614, 37.15411926319174], [126.32394500270989, 37.15410950156648], [126.32401059270447, 37.15358380242548], [126.32400987742861, 37.15356702087406], [126.32400877061046, 37.15356214070196], [126.32396666408815, 37.15340622609469], [126.32396113703244, 37.15338980601145], [126.32395182349329, 37.15336760483529], [126.32393755217971, 37.15333919631198], [126.32304761424156, 37.15177748281135], [126.3227883734643, 37.15139981622435], [126.32278322316812, 37.151394273929164], [126.32268474910295, 37.15130330129273], [126.32268200469836, 37.15130091604963], [126.32267853310988, 37.15129880480897], [126.32240301736964, 37.151156101124094], [126.32239176916723, 37.15115123193072], [126.32236798901542, 37.15114323845136], [126.32234440830034, 37.15113690726887], [126.32227441481592, 37.15111901539428], [126.32224744220655, 37.15111298759536], [126.32223295136248, 37.15111070553592], [126.32221298793374, 37.15110870799959], [126.32208494136604, 37.151100397451906], [126.32198992701639, 37.151096574036785], [126.3219475481318, 37.15109588415696], [126.32187460261693, 37.15109509590241], [126.3218623862381, 37.151095729800055], [126.32185151989647, 37.151097314540586], [126.32184276544848, 37.151099518784186], [126.32150366298464, 37.15119640259223], [126.31801839670489, 37.152337843057886], [126.31801260337917, 37.152340206347425], [126.31800953365631, 37.152342088431126], [126.31800659694495, 37.152344540604254], [126.3180025350554, 37.152349249394845], [126.31793621826402, 37.152457426223954], [126.31792261806822, 37.15248038539827], [126.3179069979976, 37.15250722914588], [126.31790319442217, 37.15251733339031], [126.31790213890213, 37.15252191442663], [126.31790073375862, 37.152534196863385], [126.31790133631596, 37.152544822783874], [126.3179035162224, 37.152555540153365], [126.31790808711206, 37.152570360961505], [126.3179706225876, 37.15273416287034], [126.31797542505397, 37.152743368664424], [126.31798299517978, 37.152754183062385], [126.31803059272761, 37.15281885138766], [126.31811167670679, 37.152914134203236], [126.3181206139479, 37.152924224908645], [126.31813075713525, 37.152933815663886], [126.31814173478605, 37.152942608918096], [126.31815058983686, 37.1529481414885], [126.31816020903668, 37.15295232962813], [126.31859380704269, 37.15313451088204], [126.32253140485926, 37.1544271846348], [126.32255238399385, 37.154433889240885], [126.32288834709932, 37.154527562848735], [126.32290739772664, 37.15453227604399], [126.3229210092757, 37.15453466106029], [126.32293418125381, 37.15453576356976], [126.32294663636867, 37.15453545552821], [126.32296310197387, 37.15453316104571], [126.32298432850202, 37.1545287063993], [126.32301692687207, 37.15451987228023], [126.32303493504513, 37.15451381367471], [126.32305278742105, 37.15450647267585]]], [[[126.00301275908838, 37.153935882977656], [126.00084095897641, 37.15249286936404], [126.00000779108014, 37.15242140960788], [125.99980087910357, 37.152664579832745], [125.99966911551097, 37.15305308429386], [125.99966885706922, 37.15306701656607], [125.99973586332722, 37.15330683416978], [125.99974024233833, 37.15331715942653], [125.99974558162454, 37.15332601594741], [125.99975277133399, 37.15333417302534], [126.00028627908705, 37.153856681401024], [126.00029900076777, 37.15386269748629], [126.00038830566055, 37.15388795106945], [126.00040199592452, 37.153890310967455], [126.0004202972175, 37.15389125643665], [126.00043861962976, 37.153891474792765], [126.00045968000397, 37.153891725091164], [126.00048080049403, 37.15388904590574], [126.00050012146625, 37.153884146488814], [126.00088072315663, 37.15376106641675], [126.00126150120046, 37.1536775893095], [126.00128449226355, 37.153672728973035], [126.00130745547153, 37.15366933655506], [126.00132398400157, 37.153667331023904], [126.00134598396782, 37.15366612927923], [126.00136796528433, 37.1536663856552], [126.00141004487804, 37.153669821045426], [126.00142649108847, 37.15367221387681], [126.00144565642955, 37.15367610576402], [126.0014647894203, 37.15368146551436], [126.00148482428648, 37.15368757215677], [126.00150577359047, 37.15369441683631], [126.00152122765503, 37.15370046554271], [126.00155941722838, 37.15371631264815], [126.00177374693875, 37.15381637515282], [126.00189267853155, 37.153874239363134], [126.00195800878537, 37.15390800191196], [126.0019879062718, 37.15392595682657], [126.00200147544949, 37.153934912784536], [126.0020268145571, 37.153952072769684], [126.00205302428901, 37.15397145022466], [126.00209277321659, 37.15400124791252], [126.00210179491576, 37.15400868530832], [126.0021098934915, 37.15401685193178], [126.00212149098486, 37.15403385350894], [126.00215081492776, 37.154082594355295], [126.0022483719624, 37.15425604927521], [126.00225368255813, 37.15426637810444], [126.00236781757486, 37.15453461508287], [126.00285556874759, 37.15475962392114], [126.00293207474722, 37.15478325552557], [126.0030890139209, 37.154717653406486], [126.00309832675967, 37.154709706807026], [126.00310682660835, 37.15469587593354], [126.00311156760081, 37.15468712797585], [126.00311540644277, 37.1546776457503], [126.00312597364429, 37.154651371016016], [126.0031662146678, 37.154505933322895], [126.00317212622484, 37.15448327722048], [126.00317508422931, 37.15447157919905], [126.00317806105636, 37.15445915493889], [126.00319414216276, 37.15433249781405], [126.00319340125125, 37.15432295773348], [126.00319182844925, 37.154309005923224], [126.00309915591347, 37.154019753997694], [126.0030939052858, 37.154006493016865], [126.00308309833655, 37.15399610290105], [126.00301275908838, 37.153935882977656]]], [[[126.0111568741674, 37.15507674661961], [126.01253204078259, 37.15017008052029], [126.0125340432791, 37.150160574017], [126.0126097181512, 37.14928013872754], [126.01260817808817, 37.14926471824716], [126.01260134808652, 37.14923751398328], [126.01259442107921, 37.149215434406294], [126.01259006763772, 37.14920292057669], [126.01258566812054, 37.149193333711985], [126.01257947434019, 37.14918153317436], [126.01257143701983, 37.149170436875025], [126.0124941155029, 37.149091080595795], [126.01248241599184, 37.1490792037295], [126.01246981576772, 37.14906732276606], [126.01245536505891, 37.149056155865665], [126.0124436147446, 37.14904721761866], [126.01242824009235, 37.14903677280499], [126.01199287706463, 37.14875230767911], [126.01103565022227, 37.1482549327005], [126.0110174508526, 37.148248850738476], [126.01100651572227, 37.1482457857921], [126.01090444225268, 37.14821746214304], [126.0108761696083, 37.14821053160518], [126.01086338207624, 37.14820891074455], [126.01077107246203, 37.14819756288175], [126.01065315900539, 37.14818444290138], [126.01062479469286, 37.148182646970966], [126.01061106443035, 37.14818247620333], [126.01059364403459, 37.1481830089661], [126.01044791927593, 37.14818789134956], [126.01043228426063, 37.14819137317262], [126.00996120567893, 37.1483559404092], [126.00994719430047, 37.14837043799455], [126.00987597042439, 37.14845832228162], [126.00986096757136, 37.148477209518695], [126.00985532368203, 37.14848520731577], [126.00834311266445, 37.15097354247824], [126.00841539780207, 37.151376192497565], [126.00845411068357, 37.152110605604705], [126.00812829764394, 37.15348961622345], [126.0081253625689, 37.15349984458743], [126.00812150568, 37.153510795934324], [126.00811104887188, 37.15353120572986], [126.00810350408031, 37.15354284703537], [126.00797550270899, 37.15372904406785], [126.0079605071624, 37.15374719383326], [126.0079193931456, 37.15379143828255], [126.00791098280031, 37.15380013482673], [126.00787092472882, 37.15383705838328], [126.00785508368553, 37.153851529951226], [126.00783557898518, 37.15386597250672], [126.00781613557228, 37.15387746846178], [126.00780502141039, 37.15388393619571], [126.00779206001002, 37.15389111615625], [126.00778003277648, 37.15389757509334], [126.00772176823868, 37.153927685958955], [126.00771160597455, 37.153932701902164], [126.0076968527412, 37.15393766002604], [126.00767937042971, 37.1539418473862], [126.00766098714469, 37.15394529601846], [126.00657114194397, 37.154131886194506], [126.0058926300779, 37.154067421863644], [126.00588072136406, 37.15406727711143], [126.00580062664582, 37.154089057420016], [126.00578127119954, 37.154095436361686], [126.00577110669812, 37.15410044399658], [126.00575535154809, 37.15411052865922], [126.0057460401286, 37.15411847819362], [126.00573854380647, 37.154127921596626], [126.0057262945121, 37.15414610930922], [126.0057197001056, 37.15415629957467], [126.00571021686955, 37.154173778565294], [126.00570447096894, 37.15418691427944], [126.00565416687081, 37.15433223229157], [126.0056557478816, 37.15434544688421], [126.00566922230172, 37.154360272532166], [126.00789138448003, 37.1560091516207], [126.00789603250504, 37.156011641053816], [126.00790727682575, 37.156016098243555], [126.00814456738962, 37.15609075128419], [126.00886427380422, 37.15629717604087], [126.00887688106124, 37.1563005885174], [126.00976871850074, 37.15651346779962], [126.01010552236828, 37.15653761735021], [126.01012000216518, 37.15653811758922], [126.01014763189043, 37.15653710668425], [126.01016813727088, 37.156535609607815], [126.01019246057587, 37.156532541732105], [126.01021004778569, 37.15652951714789], [126.0102236899137, 37.15652627981796], [126.01023376005105, 37.15652315621147], [126.01054899934064, 37.156501154468565], [126.01056166814445, 37.15649994368664], [126.01057855084761, 37.156496723615184], [126.01059076174454, 37.15649348267362], [126.01060972616736, 37.1564867843702], [126.01063035921128, 37.15647826290404], [126.01100940925214, 37.15631421554239], [126.0110158330566, 37.15631091715671], [126.01104631024941, 37.156288337698605], [126.01105497501783, 37.15628153603587], [126.01107242693546, 37.156264850775486], [126.01107904890237, 37.15625787922779], [126.01109466100671, 37.156237104918304], [126.01110312918108, 37.15622482426346], [126.01112022343236, 37.15619858484544], [126.01112647679295, 37.1561842826034], [126.01112938071661, 37.156175513038285], [126.01115743589669, 37.15509581874231], [126.0111568741674, 37.15507674661961]]], [[[126.29845743872424, 37.172424608596316], [126.29857599519966, 37.17242528263906], [126.2986274577438, 37.17242610191616], [126.29869068161932, 37.172430782879914], [126.29873004052703, 37.17243769338531], [126.29888289291222, 37.17246683465072], [126.29891885202312, 37.17247462551102], [126.29906803318879, 37.172509846871115], [126.30482890320634, 37.17142173887559], [126.30565410394732, 37.170890144176724], [126.30568832842242, 37.17086888347847], [126.30570476897402, 37.17085999409904], [126.30571857213371, 37.17085407606844], [126.30573288334682, 37.170848797717134], [126.30605461952973, 37.17073603294787], [126.30609511815426, 37.1707226123191], [126.3061079580145, 37.170718640494954], [126.30617215813113, 37.170701591813135], [126.30623757552148, 37.17068663751068], [126.30627053682106, 37.17067992814857], [126.3063577030754, 37.1706646070115], [126.30644844408408, 37.170649588624066], [126.30650404818199, 37.1706416777245], [126.30653619414467, 37.17063782100346], [126.30657582539341, 37.170634566065466], [126.30661728605175, 37.1706318703584], [126.30671296741673, 37.17062829476434], [126.3070427561043, 37.17061831337712], [126.30708966757626, 37.17061781222342], [126.30717008667013, 37.17061854524844], [126.30720750571865, 37.17061958986674], [126.30724039189263, 37.1706212351194], [126.30724752341234, 37.170621699905624], [126.30730874292973, 37.17062886728479], [126.30736463220904, 37.170636629961365], [126.30739270273055, 37.17064138868242], [126.30744310795365, 37.17065079068575], [126.3075712666662, 37.1706763092085], [126.30762625790503, 37.17068832617473], [126.3076536187533, 37.17069481191621], [126.3076973778051, 37.17070655537279], [126.30772255520621, 37.17071393851745], [126.30805459424265, 37.170815405354936], [126.30807941275073, 37.170823698796575], [126.3081245236121, 37.17084060248229], [126.30826041867839, 37.17089652897731], [126.30828010190739, 37.17090534128838], [126.30923429871767, 37.17139290735662], [126.30928065513314, 37.17141747029338], [126.30930715074481, 37.17143217641139], [126.30935815540042, 37.17146199951857], [126.3094237786819, 37.17150255151112], [126.30955556488588, 37.171591199816795], [126.30956127031018, 37.171595268210226], [126.3096140040916, 37.171636797467], [126.30963663374266, 37.17165684220734], [126.30964897557766, 37.1716691057693], [126.31089982565452, 37.172176561603735], [126.31172462196304, 37.17191691144338], [126.31339444819383, 37.17094065328597], [126.31350487533139, 37.169673106857736], [126.31349978546451, 37.16966813263585], [126.31348023765412, 37.16964343779885], [126.31346281972299, 37.16961478386229], [126.31344755976663, 37.16956928159678], [126.3134434055124, 37.16955532833565], [126.31343853519665, 37.16952479000835], [126.31343399020714, 37.16940761308188], [126.31343429108237, 37.16938289797693], [126.31343571392601, 37.169360334848385], [126.31344525842975, 37.16930329113304], [126.3134535488891, 37.169280632729944], [126.31346215745766, 37.16926111245747], [126.3134761428791, 37.16923368517724], [126.3141759806734, 37.167962010013994], [126.31896505628761, 37.164582303057806], [126.3189805047401, 37.164567065315495], [126.31902768756666, 37.1645248541162], [126.3191348632551, 37.16443651759862], [126.31921774208647, 37.16437082453818], [126.31924996894986, 37.164346210296806], [126.31927842142571, 37.16432602921024], [126.31945502012101, 37.16420939442174], [126.31948152633493, 37.16419268758807], [126.31950951372573, 37.16417633261557], [126.31954736324461, 37.16415544827443], [126.31962769424507, 37.16411362474421], [126.31969979035442, 37.16407655585987], [126.32267316726421, 37.16269164051034], [126.32362413760035, 37.16233133763022], [126.32314506356776, 37.16045903387933], [126.32138354793237, 37.158886401946305], [126.32024879878999, 37.15911181062189], [126.31992092348428, 37.1593135184259], [126.31990219329997, 37.15932420417921], [126.31855987258956, 37.16000991572455], [126.31825892676545, 37.16014772988058], [126.31737278695576, 37.160549151478406], [126.31734178347611, 37.16056166848941], [126.31730104365805, 37.160576444485876], [126.31689960575346, 37.160721667246776], [126.31681062152823, 37.16075145585697], [126.31677008659882, 37.160763767577194], [126.31672867849177, 37.16077472933143], [126.31671232124391, 37.160778787988846], [126.31660077919521, 37.160806103170394], [126.3157239990099, 37.16099622822871], [126.31568510183975, 37.161003885064986], [126.31564620202735, 37.16101041154918], [126.31560908315684, 37.1610156848956], [126.31559690166783, 37.16101715314731], [126.3155474338301, 37.16102178024915], [126.31551546474611, 37.16102382947853], [126.31548174972974, 37.161024887771205], [126.31543709104002, 37.16102488120625], [126.31537886256676, 37.16102379613668], [126.31534604753276, 37.161022175515], [126.31510003906583, 37.16100348760478], [126.31505489917804, 37.1609989566357], [126.31501683549568, 37.16099405113879], [126.31498546978342, 37.16098890434592], [126.31493897877864, 37.160978437847334], [126.3149125805973, 37.160970923251774], [126.31489427971836, 37.160965438387024], [126.3148680747948, 37.16095636635153], [126.31484417137706, 37.16094674766608], [126.31479638175163, 37.16092511101707], [126.31475950973737, 37.1609069294219], [126.31473456943378, 37.16089462148385], [126.31471140148616, 37.160882044634825], [126.31468419896284, 37.16086647094337], [126.31466367082065, 37.16085447392975], [126.31457499511653, 37.160793916436], [126.31453615080012, 37.160748432499844], [126.31451573109446, 37.16071709323474], [126.31361084579753, 37.159820483598025], [126.311996841628, 37.158835380979426], [126.31195097575988, 37.158807964892326], [126.31191219218482, 37.15878581887506], [126.31188560184245, 37.15877208586437], [126.31186452695147, 37.15876227500901], [126.31183499796848, 37.15874993848311], [126.3116356252908, 37.15866784926278], [126.31160935244262, 37.158657580619476], [126.31158245041486, 37.158648225053525], [126.31152097748668, 37.15862790827191], [126.31149563461928, 37.1586208217387], [126.31147072901065, 37.15861515473021], [126.31144024822952, 37.158609238904155], [126.31141655371059, 37.15860534169525], [126.31139249903734, 37.15860229356117], [126.31136411505649, 37.158600271015544], [126.31133200650406, 37.15859949104108], [126.31129388711233, 37.15859953049372], [126.31126263713622, 37.1586007367099], [126.3112314596135, 37.15860335698635], [126.31117492628094, 37.158609355380676], [126.31046757258322, 37.15869492979723], [126.31043188693356, 37.15869992026832], [126.31039750544342, 37.15870591352074], [126.31036956715869, 37.15871166858944], [126.31032562553764, 37.15872204563168], [126.31031306431034, 37.158725485323814], [126.31029535955803, 37.158731170054246], [126.31027932961726, 37.15873734571554], [126.31026496873315, 37.15874423578932], [126.31025139055421, 37.158752202739684], [126.31023859650062, 37.15876101222605], [126.30811887784456, 37.159575856794106], [126.30722973498213, 37.16114746492134], [126.3072285233054, 37.161235894670256], [126.30721904976713, 37.16132288740296], [126.30719680677763, 37.161477700098274], [126.30716119543979, 37.16161990151634], [126.3071008271728, 37.16180654336809], [126.30693226081357, 37.16212696706767], [126.30685356554056, 37.16226961970884], [126.30676756487091, 37.16240283895372], [126.30654111615655, 37.162626143878946], [126.30630610390148, 37.16283372881355], [126.3060923146844, 37.163003131671644], [126.30590402726033, 37.16313372778229], [126.30498923455829, 37.16358955377985], [126.30485606177494, 37.16365439423045], [126.30317179134211, 37.16444276867167], [126.30268881828468, 37.16462701001484], [126.30262709492463, 37.164650542864855], [126.30256031846059, 37.16467411655608], [126.30137351139777, 37.16508326314836], [126.30090205110311, 37.16524387706492], [126.3003982526289, 37.16540083926798], [126.29593110262205, 37.16745506945208], [126.29310428074837, 37.16931471330132], [126.29260418795798, 37.16945764364829], [126.29257685729156, 37.16946664376436], [126.2925388399541, 37.16948059882343], [126.2922178782761, 37.169599285478036], [126.29219875747444, 37.16960679361169], [126.29217284513294, 37.16961824717858], [126.2921469748751, 37.16963101896076], [126.29188351373594, 37.169767818748575], [126.29184778379319, 37.169787498925274], [126.29179848863184, 37.16981549915104], [126.29144520222877, 37.1700169668878], [126.29104669175794, 37.17029135382543], [126.29063467369565, 37.1710266230584], [126.29067818807032, 37.1716594827213], [126.2907296860968, 37.17223287981827], [126.2913784139106, 37.17386065459276], [126.29366172624677, 37.17525299086909], [126.29367601405056, 37.17526034002958], [126.29368909307149, 37.175265643408565], [126.29372908667489, 37.17527548786336], [126.29373498857, 37.17527651421246], [126.29376816653094, 37.175281025308465], [126.2938066437495, 37.17528450871131], [126.29383438367611, 37.17528602418323], [126.29385914324915, 37.1752862546122], [126.29398861413158, 37.1752835579238], [126.29403498637915, 37.175282014500716], [126.29409768192954, 37.17527839461489], [126.29413807886847, 37.17527449005751], [126.29415131397376, 37.17527266880719], [126.29416994512931, 37.175269399002914], [126.2942355569721, 37.17525507711009], [126.29426638329626, 37.17524794557887], [126.29428873998309, 37.175241598563076], [126.29432843785543, 37.17522880480604], [126.29434665196335, 37.175222148819884], [126.29437637424621, 37.17521020537133], [126.29439355309991, 37.17520263207314], [126.29440993230567, 37.17519448458023], [126.29454120201227, 37.17512663351633], [126.29455635798034, 37.17511805532505], [126.29456966328326, 37.17510883636293], [126.29473536004122, 37.174973091426246], [126.29550620887086, 37.17350748291935], [126.29617162799407, 37.1731379630944], [126.29653710507634, 37.17294894305116], [126.29732464512352, 37.172628620311535], [126.29757690639074, 37.1725657093101], [126.29829378202346, 37.17243858565367], [126.29840913960953, 37.17242503456174], [126.29845743872424, 37.172424608596316]]], [[[126.40014323589783, 37.17439703099516], [126.40013803604852, 37.17439689619385], [126.4001324365103, 37.17439729219511], [126.40012740753251, 37.174398113531566], [126.40012276971446, 37.174399458590145], [126.40011953739986, 37.174400822104175], [126.39983021923605, 37.17456330142919], [126.39969720998904, 37.17464665816668], [126.39868792417207, 37.17541205797032], [126.39867651081293, 37.17542123690121], [126.39858226609385, 37.17550599646711], [126.39856636409247, 37.17552051304118], [126.39802957998887, 37.176052446665324], [126.39802628271524, 37.176056413577], [126.39792782638929, 37.17618502207263], [126.39792233243286, 37.17619349342924], [126.39791749400875, 37.176203054330806], [126.39791402050534, 37.176212172736264], [126.39790986344961, 37.17623500184268], [126.39790968927444, 37.176240012745], [126.3979099946668, 37.17624550944018], [126.39791078890758, 37.1762503878354], [126.39791227718337, 37.17625572156906], [126.39791426473413, 37.17626080485897], [126.39791925160237, 37.176270956512965], [126.39792502830464, 37.17628086222844], [126.39793195803045, 37.17629017925721], [126.39793561998596, 37.176294142394504], [126.3981734893035, 37.17651054746127], [126.39817935204866, 37.17651530803923], [126.39823881841934, 37.17656084214203], [126.39829040938773, 37.17659391905245], [126.39830958081839, 37.176604676708344], [126.3984840018999, 37.17670001034947], [126.39848993982746, 37.17670254342279], [126.39849587094928, 37.17670430395788], [126.39850189891109, 37.17670529111555], [126.39850811126507, 37.176705681477074], [126.39851414722825, 37.17670549692663], [126.39852050484815, 37.176704726771185], [126.39852633709559, 37.17670352177734], [126.39914879816581, 37.176558910584255], [126.39941902866485, 37.17652137320991], [126.40069774393, 37.176273860626736], [126.4007168673379, 37.17626913820678], [126.40073613846235, 37.176262928089436], [126.4007431629634, 37.17626028644591], [126.40075759205159, 37.176254115228126], [126.40077143993012, 37.17624731937442], [126.40079060972398, 37.17623659604508], [126.40081995562697, 37.17621795663652], [126.40084287226883, 37.17620192563362], [126.40085876034397, 37.17618928347588], [126.40087328976277, 37.17617603020156], [126.40089262615747, 37.176155826879736], [126.40090020319589, 37.17614599110259], [126.40090704183297, 37.176135339945326], [126.40091652495514, 37.17611818559068], [126.40092558500285, 37.17610006554776], [126.40093041184795, 37.176087856185134], [126.40093359552453, 37.17607539181498], [126.4009874682964, 37.175778239911516], [126.40098799985262, 37.175773582951216], [126.40103390220473, 37.17520095034962], [126.40103422210477, 37.17518913093328], [126.40103123644481, 37.17517222146033], [126.4010292568227, 37.1751661116324], [126.40101855167605, 37.17513995279623], [126.40089170044907, 37.174871199585596], [126.4008852403254, 37.174859308259684], [126.40087371084365, 37.17484200494525], [126.40086093650561, 37.174825568016836], [126.4008197602584, 37.17477540419596], [126.4007994750273, 37.174760516443214], [126.40019772268295, 37.174411508931186], [126.40019324982404, 37.17440908959504], [126.40018828820214, 37.17440697399069], [126.40018305556845, 37.174405215517574], [126.40017236920899, 37.17440234190008], [126.4001546442469, 37.17439843126591], [126.40014323589783, 37.17439703099516]]], [[[126.25749487676498, 37.18050502953119], [126.25763748171443, 37.18050545514856], [126.25766830929454, 37.18050600916911], [126.2578042262767, 37.180514068358285], [126.25798336727094, 37.18052650686165], [126.25814501712462, 37.18053819569505], [126.25817282797398, 37.18054081361895], [126.25837866286867, 37.1805667190971], [126.25839277925738, 37.180569248428576], [126.25842107726275, 37.180576516096856], [126.25843578250675, 37.180581059819744], [126.25845013153007, 37.180586582287766], [126.25845675560677, 37.180589730744764], [126.25864023484345, 37.18068002794444], [126.25864978002156, 37.180685305359574], [126.25865371555273, 37.180688223730634], [126.25865711987365, 37.180691387113015], [126.26148189570833, 37.181072587516574], [126.26149131498171, 37.181072896905064], [126.26150788832153, 37.18107205523461], [126.26153060148556, 37.18106981033556], [126.26154786050071, 37.18106685222778], [126.26173930259934, 37.181017605726815], [126.26174276269671, 37.18101625740579], [126.26174612623231, 37.181014199607915], [126.2646634426556, 37.178630451280256], [126.26467423926012, 37.17862142588239], [126.26510105988463, 37.17824722556781], [126.26511475819986, 37.178234875516466], [126.26513992125206, 37.17820857114481], [126.2651524019793, 37.178194483197174], [126.26522560579838, 37.17809693135902], [126.26578914900641, 37.17733159891434], [126.26579898153244, 37.1773171434946], [126.26580939595458, 37.17729849380273], [126.26581324249362, 37.177288748719725], [126.2658172751245, 37.17727351990413], [126.26582675228232, 37.17723451767503], [126.2658286771427, 37.17722296968482], [126.26582951111074, 37.17718098766058], [126.26582852597429, 37.177169809559864], [126.26579263141441, 37.17690293080595], [126.26579154130299, 37.17689820534188], [126.26578965408669, 37.17689303892168], [126.26578736549283, 37.17688844879535], [126.26578190327277, 37.176879385513054], [126.26575466453488, 37.17684208473642], [126.2657465275884, 37.176832086820696], [126.26573333455644, 37.17681811171337], [126.26571971644323, 37.17680575462243], [126.2657093965735, 37.176797826918204], [126.26568744286034, 37.176782282307045], [126.26568294440035, 37.17677837221578], [126.26567836157687, 37.17677369328749], [126.26566630113946, 37.17675961820396], [126.26565888239588, 37.17674923477223], [126.26565221206917, 37.176738130839325], [126.26565014776993, 37.176733602536856], [126.26560042621689, 37.17648760926381], [126.26559542098279, 37.17630578452619], [126.26560874180848, 37.17608248359111], [126.26560880954652, 37.17608136661148], [126.26560900780414, 37.176078320280375], [126.2656100130112, 37.176074417051964], [126.26561190082512, 37.176070130026666], [126.26561956091062, 37.176058338935235], [126.26566439301118, 37.175991588062175], [126.26566894457953, 37.17598544674987], [126.26568299878446, 37.175967807550975], [126.26577313043649, 37.17585651288488], [126.26578544762927, 37.17584150557396], [126.26581885517881, 37.17580591639483], [126.26582437905371, 37.17580066132594], [126.26584113048722, 37.175785752479236], [126.26585321398568, 37.175776384334014], [126.2658779214478, 37.17575959970415], [126.26595043227695, 37.17571233598238], [126.26633999910709, 37.175460071697096], [126.26637032621143, 37.175441130837235], [126.26639216583459, 37.17542862563542], [126.26640877845516, 37.17542002477609], [126.26656614372779, 37.175341741433535], [126.26658247998135, 37.17533392455897], [126.26669110716287, 37.17528348951073], [126.26676459667945, 37.1752528763644], [126.26691411135434, 37.17519308965501], [126.26702320229444, 37.17515637150557], [126.26706528616141, 37.175143143045815], [126.26711767652938, 37.17512840117687], [126.26724262445182, 37.175097675119474], [126.26727882018753, 37.175089663678264], [126.26745459194348, 37.175051302576954], [126.26747953677156, 37.17504607910995], [126.26756956131122, 37.175031009255775], [126.26762682924522, 37.17502304023653], [126.26771833161432, 37.17501337757339], [126.26774968446591, 37.175010310951286], [126.26825009666256, 37.1749707295698], [126.2682710760471, 37.17496913774905], [126.2683347425081, 37.17496765258739], [126.26850746773489, 37.1749695327952], [126.26852388669299, 37.17497048223199], [126.26858579690112, 37.17497712697144], [126.26863191334421, 37.17498247362104], [126.26933046471628, 37.17508889755353], [126.26949709177318, 37.17512189461285], [126.26951335014921, 37.17512524707258], [126.2695324193863, 37.17513044676519], [126.26954599012244, 37.17513518914633], [126.27090367578684, 37.17572333063317], [126.27129042105243, 37.173093620681634], [126.27143256887335, 37.171610714861615], [126.27146307701138, 37.17125736442863], [126.27150396398612, 37.17073268101334], [126.27150412757796, 37.17071548114586], [126.27150311774841, 37.17069311873776], [126.27150161115988, 37.17067639369564], [126.27149387760461, 37.1706000115399], [126.2714856063698, 37.17054445605215], [126.27148203758244, 37.170525287671396], [126.27147699363265, 37.17050651501529], [126.27146566633674, 37.17047984799049], [126.27144641041679, 37.16913694819286], [126.27144877846436, 37.1690982376711], [126.27144976748885, 37.169085430576594], [126.2714528224327, 37.16905563442349], [126.2714650669577, 37.16897415578815], [126.2714695543066, 37.16894980248061], [126.27147534114303, 37.16892671914357], [126.27148063241596, 37.16891045216606], [126.27151803492974, 37.16879888735781], [126.27152651803196, 37.16877608976219], [126.27304878172268, 37.165049820622535], [126.27305524926335, 37.165037666934644], [126.27306619088648, 37.16502102031828], [126.27307913144804, 37.16500431507941], [126.27309047413998, 37.164991840509046], [126.27310268272973, 37.16497972643444], [126.27312075863647, 37.16496374317472], [126.27313574547905, 37.16495185255756], [126.27316686450175, 37.16492856270043], [126.27319970305322, 37.1649064732246], [126.27330075375566, 37.16483888435187], [126.2733318106795, 37.16482068469721], [126.27335296203199, 37.164810224334], [126.27363246326709, 37.16468149707856], [126.27376023248813, 37.164622981628085], [126.27381676048162, 37.164598522284805], [126.27384576099149, 37.16458685320982], [126.2740374724602, 37.16451158301491], [126.27406620046433, 37.16450144067647], [126.27412599629673, 37.16448104858701], [126.27464488728779, 37.16430448494222], [126.27467028620323, 37.16429627840494], [126.27472980487246, 37.164278244709], [126.27535720466416, 37.16409446051923], [126.27538694149506, 37.16408682866143], [126.27553991230461, 37.16405158709871], [126.2761170039833, 37.16392460738373], [126.2776498677559, 37.163692512472736], [126.27893943502025, 37.16353438481406], [126.27896329545995, 37.16353285591272], [126.27902317433222, 37.16353195684971], [126.27974033528967, 37.16352229799584], [126.27991088756127, 37.16353291286018], [126.28051670896484, 37.16358360996944], [126.28312543611602, 37.16212928338513], [126.28156810795375, 37.15880536468686], [126.28131344088858, 37.15827453078434], [126.28113890193877, 37.15797118274544], [126.28113351701218, 37.15796330352342], [126.28112641081913, 37.157955314657094], [126.28101248027306, 37.15783897372479], [126.28100766625082, 37.157835097014555], [126.28100189291095, 37.157831630470824], [126.28059477156108, 37.1576132327113], [126.28058950426237, 37.15761079530366], [126.2803407159723, 37.157510559552264], [126.2803273962082, 37.15750590842905], [126.28031979385614, 37.157504276229545], [126.2803082877013, 37.157502818372606], [126.28013256793625, 37.1574829931277], [126.27932952273889, 37.15742499624589], [126.27929665293688, 37.15742273143125], [126.27927743167271, 37.157421895257954], [126.27925616090596, 37.15742259372084], [126.27924185896359, 37.15742412111725], [126.27922781030544, 37.1574265651035], [126.27920790704285, 37.1574313031335], [126.2791810951753, 37.157439310436814], [126.27914206623434, 37.15745211330792], [126.27340115214338, 37.159549306069195], [126.2733926846091, 37.15955298430957], [126.27338491768367, 37.15955763065395], [126.27310032256347, 37.15976409780221], [126.2729195824128, 37.159900253682835], [126.27266296634724, 37.16020853530976], [126.27265729276694, 37.16021562795144], [126.27265274502726, 37.16022343892198], [126.27264790323854, 37.16023536607154], [126.27258570161285, 37.160397895363005], [126.27258080150182, 37.160411199186456], [126.27256484124386, 37.16046453330764], [126.2724807232852, 37.16078751591399], [126.27247856102764, 37.16080060472656], [126.27247810771766, 37.16081387168506], [126.2724830205874, 37.1610586982489], [126.27250850018693, 37.16119726357472], [126.27253034475298, 37.16125920611727], [126.27254533383444, 37.1612841857972], [126.27281143692012, 37.161679428358575], [126.27312244367157, 37.162073233386785], [126.27331349311694, 37.16235577197175], [126.27333887350339, 37.162398853012554], [126.27334862565168, 37.16241744991428], [126.2733592224156, 37.16243953481551], [126.27336977188098, 37.16246635858683], [126.27339642714854, 37.16254080398087], [126.27340439319089, 37.16256511144445], [126.27341859355225, 37.162610356279025], [126.27342623764366, 37.16265026568592], [126.27342817232747, 37.162667002369595], [126.27342841336046, 37.16267982403277], [126.27342598084796, 37.16269751602095], [126.27341070166555, 37.162749130278186], [126.27340677600154, 37.162759559860014], [126.2733619807832, 37.162877077196114], [126.27333949647807, 37.16293478577394], [126.27332773730647, 37.16296357431734], [126.27331457517353, 37.16299303877836], [126.27329664477679, 37.16303001449624], [126.273274304477, 37.16307309364613], [126.27321961031956, 37.16316838541396], [126.27319930835225, 37.163198091416035], [126.27317796800136, 37.163226820403494], [126.27314468173012, 37.16326731646394], [126.27302636934292, 37.163405865564165], [126.27272062198806, 37.163762441612356], [126.27270637511795, 37.1637783112443], [126.27267219117209, 37.16381383496966], [126.27264149592648, 37.16384506468049], [126.27260698808843, 37.16387777007896], [126.27217785458846, 37.164261283619894], [126.27214972673151, 37.164286392516495], [126.27200043377347, 37.16441843255843], [126.27161339905096, 37.16474706822729], [126.27159660846081, 37.16476044522443], [126.27109631125904, 37.16513995129149], [126.26937333631187, 37.16641150744205], [126.26908920860079, 37.16661742667546], [126.26906968563878, 37.16663005563233], [126.26888916072777, 37.166746057343595], [126.26857560696813, 37.166942685703354], [126.2683774588872, 37.16706324551874], [126.26816013319133, 37.16718786905435], [126.26769276631515, 37.16743468349886], [126.2674385669451, 37.16755658404951], [126.26732466298648, 37.16760975294722], [126.26674257151767, 37.16787918212652], [126.26661959268006, 37.16793500683194], [126.26653988969616, 37.167969706962026], [126.26649637859809, 37.167988108652956], [126.26618015662066, 37.1681196849375], [126.26535557409812, 37.16845479678875], [126.26410345798608, 37.16894700384344], [126.26406415358642, 37.1689622306529], [126.26390922144795, 37.169018348339165], [126.26388110659431, 37.16902786182481], [126.26385150637964, 37.169036874875275], [126.26379400314269, 37.16905262920698], [126.26325030383535, 37.169198704643485], [126.26321505994795, 37.169207480155], [126.26311004622904, 37.1692303889532], [126.26285060459223, 37.1692842045679], [126.26271622373926, 37.169311336610136], [126.2626914667038, 37.1693157777701], [126.26265214615601, 37.169321743366304], [126.26261172311183, 37.16932679968106], [126.2625707811687, 37.169330660767635], [126.26251808598435, 37.16933431435867], [126.26241532679224, 37.16933940636998], [126.2623004090849, 37.169342206217046], [126.26227733747665, 37.16934247537576], [126.26223216583057, 37.16934241991833], [126.26220815832833, 37.16934164813091], [126.26217049003729, 37.16933884617477], [126.26213405861864, 37.16933479161971], [126.26207338469324, 37.16932642043936], [126.26201836451729, 37.16931807585238], [126.26193626418416, 37.169302888180624], [126.2584321513089, 37.16994265724081], [126.25841852582236, 37.169956366552036], [126.25837946267097, 37.16999157892787], [126.25836235243565, 37.17000610440062], [126.25833849739942, 37.1700253273791], [126.25797581099594, 37.170310803758284], [126.25795528899353, 37.170326631924205], [126.2579338255845, 37.170341895881656], [126.25790404637016, 37.170361081904154], [126.25777096537269, 37.170443441000174], [126.25775818995398, 37.17045130932357], [126.2572403719782, 37.17075726443943], [126.2571928462884, 37.17078466390143], [126.257088452411, 37.17084292783477], [126.25630694783466, 37.17125617010168], [126.25517854722357, 37.17160195397325], [126.25515986863542, 37.17160752281693], [126.25513666365836, 37.17161326943945], [126.25509270338559, 37.17162250616947], [126.25505605888367, 37.17162796374071], [126.25501889437089, 37.1716321629476], [126.25149443192883, 37.17154765200826], [126.25147809653146, 37.17154866605952], [126.2514668250412, 37.17154846075287], [126.2514570429212, 37.1715470038299], [126.2514495365559, 37.171544694767455], [126.25072656394947, 37.17117365518696], [126.25071804271222, 37.171168546574435], [126.25071056893543, 37.17116289376905], [126.25070400635212, 37.17115676383742], [126.25069243603812, 37.171142833024795], [126.25068814018611, 37.17113639889887], [126.25043792872684, 37.17074482953114], [126.25043333160019, 37.170734942719406], [126.25039824546657, 37.17064386806851], [126.25024474660336, 37.17024356734756], [126.2488743955571, 37.17020092129597], [126.24882385509143, 37.170207438026296], [126.24858101310714, 37.17025296805401], [126.24856012420307, 37.17026237933902], [126.2439513723718, 37.17364904782702], [126.24361619862493, 37.1739359699788], [126.24355670587485, 37.17399452671845], [126.24354840635827, 37.17401372054106], [126.24353891206138, 37.17403663511477], [126.24353154503694, 37.174058014701856], [126.243530174146, 37.17407957865984], [126.24353019230183, 37.1740946693781], [126.2435403644854, 37.1742151391132], [126.24368861609699, 37.17552387401866], [126.24369147320954, 37.17554560899677], [126.24383996252897, 37.17584953652638], [126.24399758162461, 37.17613196233244], [126.24408439944655, 37.176212140823026], [126.24410062696447, 37.17622641818159], [126.24624987207821, 37.17807832843612], [126.24817114094806, 37.17870837501805], [126.24847209395921, 37.1788003040458], [126.24848925310354, 37.17880162192226], [126.24850106636214, 37.178801417717835], [126.24872413750798, 37.178770068587255], [126.24885576029214, 37.178604274933775], [126.24898580778137, 37.17842099077842], [126.24903812300428, 37.178322354224214], [126.24974784988999, 37.17724331017265], [126.25021859950354, 37.17680823512833], [126.25023402905325, 37.176799097683656], [126.25024375177908, 37.176796131123076], [126.2504326339507, 37.17676434054231], [126.25067465519487, 37.17672525919798], [126.2507952265447, 37.17672910484163], [126.25080178840892, 37.17672942460721], [126.25237327297322, 37.176847873324725], [126.25239831317057, 37.1768505093865], [126.25243398502151, 37.17685600293267], [126.25252280979961, 37.176871862923434], [126.2525360805163, 37.17687452645776], [126.25277832706074, 37.1769302245664], [126.25290679677238, 37.176967002100305], [126.25383283486548, 37.1772341649536], [126.25383783950556, 37.17723588871191], [126.25385272028026, 37.177241210914616], [126.25397163288106, 37.177290966380056], [126.25398851632944, 37.17729876763144], [126.25400301257167, 37.17730651673351], [126.25402341972939, 37.1773184219656], [126.25407740840612, 37.17736270560094], [126.25409228098474, 37.177376485128896], [126.25411376438385, 37.1773996794538], [126.25412625091239, 37.177414571399346], [126.25417186659183, 37.17747526179138], [126.2543397438449, 37.17772232974915], [126.25434628488108, 37.1777327046487], [126.25435167530352, 37.17774331622501], [126.25437780453689, 37.17779805639857], [126.25437969175148, 37.177802765104175], [126.25438224257107, 37.177811376455544], [126.25438479890545, 37.17782390516618], [126.25454578362027, 37.17889495050508], [126.25452058409823, 37.179063468430265], [126.25451210949687, 37.1791154111133], [126.25450922275877, 37.17912286383704], [126.25450111776688, 37.17912924497002], [126.25448249790946, 37.17914374315198], [126.25434870774016, 37.179239160366556], [126.25325013012319, 37.18089361236224], [126.25324601646417, 37.18090085744661], [126.25324331199003, 37.1809081750476], [126.25324168430102, 37.18091673523448], [126.25324021300716, 37.18095388451595], [126.25324102440962, 37.1809608551389], [126.25324328047316, 37.180967247872005], [126.25324757615712, 37.180973463770876], [126.25341415389981, 37.18113207808439], [126.25349734190608, 37.18118552775684], [126.25508826763716, 37.18167116037991], [126.25515151928049, 37.18168830184069], [126.2554089249859, 37.18174596387339], [126.25544773804465, 37.18175418999402], [126.25547811938293, 37.18176013722876], [126.25549034472543, 37.18176148429026], [126.25549625994344, 37.18176155904772], [126.25550304086897, 37.181761188614814], [126.2555094334978, 37.181760453559605], [126.25552267423095, 37.18175813735134], [126.25554153925866, 37.18175371606263], [126.25569943525069, 37.18170348432007], [126.25572777491605, 37.18169393914777], [126.25577718730574, 37.18166638983795], [126.25579466148156, 37.181650749126696], [126.25580236205398, 37.18164279890516], [126.25620748944225, 37.18120877326303], [126.25643271841398, 37.18074732428523], [126.25643522175301, 37.18074332329631], [126.25643848315669, 37.18073939516233], [126.25644182713555, 37.18073606459378], [126.25644599392959, 37.18073256779859], [126.25645460922841, 37.180726530801174], [126.25646436332427, 37.180720842864304], [126.25648806060322, 37.180708595178906], [126.25665159181295, 37.180633011111006], [126.25666729086802, 37.180626951094645], [126.25669200127912, 37.18061859164116], [126.25683938234319, 37.180571344158224], [126.25685661845203, 37.18056648823479], [126.25687573659751, 37.18056199637579], [126.25689604382781, 37.180558221852365], [126.25705852739675, 37.18053181331396], [126.25717242385433, 37.18051882173503], [126.25730606842602, 37.180507162088475], [126.25732459264411, 37.180506053031884], [126.25737218144354, 37.18050488107617], [126.25749487676498, 37.18050502953119]]], [[[126.2228953096867, 37.18162044405769], [126.22329071562409, 37.18160613440001], [126.22360421655696, 37.181621075078255], [126.22371317949663, 37.18164755903787], [126.22474087590423, 37.18200428297042], [126.2248511936971, 37.18205221828828], [126.224961944964, 37.18214835539643], [126.22690588636536, 37.183904886337125], [126.22695418921825, 37.18395662036937], [126.22714386536923, 37.18417998245719], [126.22718196739869, 37.18422710182471], [126.22720617375388, 37.18427816764061], [126.22747468155475, 37.185412660168716], [126.22748340492831, 37.185467084802944], [126.22750374446555, 37.185622006315185], [126.22749579003067, 37.18565965516457], [126.22734623636266, 37.18599916970891], [126.22692895121533, 37.18671455071506], [126.22807699937029, 37.187313446081276], [126.2311393100399, 37.18691668636985], [126.23116146450953, 37.18691310913297], [126.23259808982401, 37.186401229710356], [126.23832913279907, 37.18654254494388], [126.23841605306718, 37.18654660915463], [126.23852778650541, 37.186536101224135], [126.2386245143457, 37.18652258332776], [126.23887959459971, 37.18647789321564], [126.2407744185029, 37.18606741266733], [126.24112803066805, 37.18599055725917], [126.24806005282281, 37.18405666347623], [126.24869220990396, 37.183858229652046], [126.24881693917203, 37.183811482203], [126.2488770921732, 37.183781290195796], [126.24892396883263, 37.18375594696146], [126.24895472999151, 37.18373028029489], [126.24901997929784, 37.18366635287977], [126.2490676708702, 37.183613862122534], [126.24919091937136, 37.18344852788428], [126.2492975714318, 37.18328645967594], [126.24930180156066, 37.18325264577482], [126.24931030618177, 37.18315131311004], [126.24931194969888, 37.183110262849944], [126.24931259202833, 37.183022399977254], [126.24930958766734, 37.1829812014986], [126.24929465483918, 37.182934858333844], [126.24927780222983, 37.18291147949401], [126.24925171930192, 37.18289572422271], [126.2492065191728, 37.18288639117711], [126.24918135553256, 37.182883476408364], [126.24750581209531, 37.18281028803438], [126.24643116846892, 37.18285048098878], [126.24457966258724, 37.18289914898172], [126.24454020164195, 37.18289825128148], [126.2444988152099, 37.182896211875054], [126.24445761630395, 37.18289346056748], [126.24441693681202, 37.182890228018245], [126.24437821063492, 37.18288686473006], [126.24434283375241, 37.18288274553808], [126.24430922463344, 37.1828777274922], [126.2442782674096, 37.182872162480734], [126.2442504905762, 37.182865973183034], [126.24422624410114, 37.182859114637765], [126.24420350628934, 37.18285149330808], [126.24071243575278, 37.18162701440826], [126.2406876063126, 37.181616908571016], [126.24043383014966, 37.18149526144595], [126.24040779599751, 37.18148267933593], [126.2403829154175, 37.18146982465698], [126.24035778032942, 37.18145533761503], [126.24033476418282, 37.18144037735228], [126.24031245514165, 37.18142570943226], [126.24029260813332, 37.18141175091516], [126.24027407528126, 37.18139816060153], [126.2402480388916, 37.18137676407217], [126.24023111241758, 37.18136114114971], [126.2400209376876, 37.18116654854329], [126.24000401972175, 37.181150147808786], [126.23998806455155, 37.181134244044166], [126.23959844897303, 37.18073722370609], [126.23958157923232, 37.18071589841506], [126.23954600414591, 37.1806644022174], [126.23941657133878, 37.18047493908775], [126.23937673780995, 37.180409105624896], [126.23917257476124, 37.179657972745595], [126.2391396927635, 37.17953586039086], [126.23913411596567, 37.179513405942274], [126.23912907539899, 37.17949094998952], [126.23912454134685, 37.17946892486737], [126.23912064389019, 37.17944668839199], [126.23911736778619, 37.179423124522195], [126.23317806308766, 37.18036806033401], [126.23312183249973, 37.18036985844824], [126.23307379222445, 37.18036324974897], [126.23294185527863, 37.18031147640363], [126.23008109472659, 37.178879724870995], [126.22900156394482, 37.178279878738], [126.22731186140962, 37.17817837291158], [126.22725015446352, 37.17847361592883], [126.22705225319491, 37.17886536570462], [126.22582270131639, 37.17989514565253], [126.22580475836048, 37.17990468910686], [126.22407524124293, 37.18047447747481], [126.22404803171484, 37.18048105725419], [126.22401703308329, 37.180487612441205], [126.22398630758563, 37.18049346660394], [126.22395437364746, 37.18049803142439], [126.22392173894801, 37.180501261894065], [126.22388805877158, 37.1805034265084], [126.22375130374216, 37.180512210776705], [126.22368007341286, 37.18051636660837], [126.22359527526216, 37.180520008464754], [126.2235649775467, 37.18051958468528], [126.22353089513516, 37.18051793754231], [126.22349875392585, 37.180515806547206], [126.22346742077654, 37.18051305149943], [126.22343584310424, 37.18050769069655], [126.22340484056706, 37.18049908039003], [126.2233744657904, 37.180488645287646], [126.22334674801708, 37.18047816670145], [126.22332094576343, 37.180468328883116], [126.22329849575115, 37.18045823514598], [126.22327844745587, 37.180446533131466], [126.22326027511151, 37.180432870153155], [126.22321357540473, 37.18038495381406], [126.22319880117337, 37.180366035596016], [126.2231830952271, 37.18034357763005], [126.22316818245177, 37.18032084518517], [126.22315379174047, 37.18029881961894], [126.22270904277453, 37.179901370099884], [126.2223129768376, 37.17955895609208], [126.2221702137442, 37.179477662679545], [126.2211925164187, 37.17894290163883], [126.22078986451041, 37.178798675245794], [126.22076730964403, 37.17879084049783], [126.22074402902902, 37.17878489435902], [126.22056388942197, 37.17874909420642], [126.22026175843231, 37.1787840736367], [126.2202375858306, 37.17878693301057], [126.22002718443392, 37.17888522053498], [126.21923580571627, 37.17926952313078], [126.21921809699641, 37.179283167474395], [126.21540859773337, 37.182390006514716], [126.21443168827794, 37.18443707286127], [126.21461974659624, 37.18666048714186], [126.21463306454585, 37.18671860485903], [126.21467149554472, 37.186820234752794], [126.21538076554869, 37.188183083331374], [126.21555425575923, 37.18848157089602], [126.21555709595083, 37.188485627132586], [126.21556683025496, 37.188496244253706], [126.21557067612653, 37.18849999051265], [126.21558271048843, 37.18850930578006], [126.21578085189296, 37.1886586917338], [126.21641529559618, 37.189095024669584], [126.21642576797203, 37.18909958902282], [126.21643542012103, 37.18910056251216], [126.21644049876811, 37.18910070407114], [126.21644558257645, 37.18910040762842], [126.21646358262426, 37.189097940067654], [126.2164682326083, 37.189096916038565], [126.21647674146381, 37.18909421584229], [126.21648801755775, 37.189089503163224], [126.21649200311505, 37.189087530921974], [126.21650385677583, 37.18908131022679], [126.21651493506302, 37.18907523796479], [126.21654558880063, 37.18904484297329], [126.2191707628463, 37.18779429581798], [126.21804936873197, 37.18569038110792], [126.21764581056809, 37.18502213417857], [126.2174961974798, 37.18500585674958], [126.21747273753589, 37.1849994933963], [126.21744424183923, 37.184979411002296], [126.21739174654356, 37.184832340282924], [126.21733108587443, 37.18461055627923], [126.21729562118045, 37.184444496317795], [126.21729683388209, 37.184397974374164], [126.21731574060006, 37.184320918677265], [126.21735681300747, 37.18419085280938], [126.21742445767032, 37.18408825943277], [126.22037226592343, 37.18219520050871], [126.2208492228185, 37.18194141757754], [126.22095931678507, 37.18188931278963], [126.22139291659992, 37.181805835490444], [126.2218671046715, 37.18172510016339], [126.22240868841865, 37.181661618790784], [126.2228953096867, 37.18162044405769]]], [[[126.10506359256172, 37.18174240325079], [126.10511986384611, 37.181543856502905], [126.10512027744572, 37.18152498185035], [126.10508422212574, 37.181215416612254], [126.10507558821207, 37.181194069400895], [126.10490870942743, 37.180995222216694], [126.10479330044164, 37.180934765634035], [126.1047633091808, 37.18093114234333], [126.10473965320044, 37.1809290529343], [126.1047150160022, 37.1809270276766], [126.10469047099767, 37.18092464476529], [126.10465635487446, 37.18092063756477], [126.10463121832667, 37.18091599702111], [126.10423351942264, 37.18058974899548], [126.10421786129797, 37.18057426782448], [126.10420527745272, 37.18055161844135], [126.10418409097528, 37.18050649096459], [126.10414146172174, 37.18033633345723], [126.1041417092227, 37.180316458161755], [126.10414274712431, 37.18029709332581], [126.10414482670598, 37.180278295990696], [126.1041572347331, 37.180207785935345], [126.10416249248937, 37.18018211094533], [126.10416827520773, 37.18015594459913], [126.10417273667143, 37.18013681208633], [126.10417800236905, 37.1801171933106], [126.10425550289325, 37.17991846261351], [126.10428550027962, 37.179857392224626], [126.10430051485295, 37.17983242075234], [126.10431574659978, 37.17981168544358], [126.10433483159727, 37.17979274593574], [126.10508499809531, 37.17924463610428], [126.10510436508223, 37.179230558026575], [126.10512734973268, 37.17921699754874], [126.10515330395272, 37.17920458789282], [126.10518084738298, 37.179192128440135], [126.10520935214446, 37.17917945947022], [126.10523902160321, 37.17916630305899], [126.1052686837751, 37.17915378740929], [126.10552858098956, 37.179052122571875], [126.10571295761399, 37.1789836859933], [126.10574100443219, 37.17897361458257], [126.10576991182897, 37.17896483139756], [126.10579994719852, 37.17895682311492], [126.1058297149368, 37.178949585928734], [126.10585956948648, 37.178942712096514], [126.10589559847169, 37.17893447056986], [126.10613361094315, 37.17888703304184], [126.10637087616136, 37.178843464721425], [126.10639866947696, 37.17883853864334], [126.10642664644632, 37.17883403925169], [126.10645610404808, 37.178830188210284], [126.10648653026814, 37.17882634404843], [126.10651740700142, 37.178822503375194], [126.10674773907255, 37.17880459961225], [126.10686680536783, 37.17879709096028], [126.10689668076652, 37.17879520694616], [126.10692611756328, 37.17879389733064], [126.10705175106625, 37.17878939237763], [126.10708548494132, 37.17878852983829], [126.10712222186785, 37.17878797750708], [126.1076375460039, 37.178790300079406], [126.1076688905718, 37.17879054768875], [126.10770014832296, 37.17879079967756], [126.1077324580795, 37.17879154804286], [126.1082981175127, 37.17882611445974], [126.10856836334125, 37.178848829073914], [126.10881907021067, 37.17887816023148], [126.10937277522382, 37.17894630580765], [126.1094013493253, 37.17895076396303], [126.10996019698563, 37.179043965025805], [126.11011822846456, 37.179083059081144], [126.11020725424532, 37.17910532564068], [126.11023446674325, 37.17911223369817], [126.11041450573725, 37.179159032431365], [126.1105797675496, 37.17920487701966], [126.11060794035684, 37.17921298783068], [126.11063523161314, 37.17922088909951], [126.11066172525831, 37.1792289180123], [126.1106864556672, 37.17923714977435], [126.11071012331763, 37.17924620912033], [126.11073273169268, 37.179255905908256], [126.11075356288838, 37.17926558275269], [126.1107729011695, 37.179275955950764], [126.11085096787541, 37.17932990823872], [126.11119208733521, 37.179704593340595], [126.11120760951489, 37.1797243074218], [126.11171463700192, 37.18047869882249], [126.11202942808418, 37.180968522459274], [126.11205768316921, 37.18104167934175], [126.11209416404301, 37.181190299317585], [126.11209765595754, 37.18127101316494], [126.11208143509096, 37.18128680304274], [126.11205648500831, 37.18129619386226], [126.11202726377685, 37.18130174088049], [126.11199668654056, 37.18131065744952], [126.11197114236539, 37.18132561069083], [126.11176309156554, 37.18150689725145], [126.11174763758198, 37.18152460240968], [126.11174494375751, 37.1815429014606], [126.11173624689032, 37.18160569347762], [126.11169418963517, 37.18204513003415], [126.11169863315563, 37.18212811379702], [126.11171593877914, 37.18226016148175], [126.1117183598892, 37.18227842492894], [126.11217205575633, 37.18293839367923], [126.11219861150022, 37.18294212357677], [126.11309572044738, 37.18301811508249], [126.11312281869405, 37.183019595963856], [126.11314834967871, 37.18302029144806], [126.11317196202356, 37.18301970348649], [126.11319514780888, 37.18301804694165], [126.11322653462679, 37.183014849557004], [126.11325452641184, 37.183009357260744], [126.11354918252454, 37.18293938183374], [126.11379567869695, 37.18275402631653], [126.11413264308169, 37.18240921020989], [126.11426596341659, 37.18221718195058], [126.11428078458586, 37.18219376535795], [126.11428918883074, 37.18217628746689], [126.11450633061717, 37.18169156361511], [126.11482413459255, 37.180432509218406], [126.11482803848739, 37.18040872603901], [126.11483424052575, 37.18034120317956], [126.11483390677644, 37.18031765797981], [126.11482865462112, 37.180293939899755], [126.11476396777086, 37.18017589977539], [126.11468952524096, 37.18006270563148], [126.11467398495847, 37.18004553267589], [126.11222533739827, 37.177668884757615], [126.11071497222316, 37.1770043772564], [126.11021130485305, 37.17703556546628], [126.10831617441696, 37.1766681686424], [126.10829516102652, 37.176657856490586], [126.10818993898532, 37.17653567988831], [126.10817775599152, 37.17651761264065], [126.10816689592313, 37.17649779880699], [126.10812269021632, 37.176391260711405], [126.10802410227487, 37.17615343297982], [126.10801520499645, 37.17613144381633], [126.10800754380654, 37.17611059855937], [126.10781465245847, 37.175558653849485], [126.1078072625027, 37.1755359856435], [126.10780112270473, 37.17551338710992], [126.1077357794628, 37.17526461448626], [126.1075627452839, 37.17441758186863], [126.10755947243082, 37.17439712345625], [126.10755707446195, 37.17437680511993], [126.10755521228548, 37.17435705912477], [126.10749977986787, 37.17374835737442], [126.10751578228827, 37.17343047738294], [126.1075518715297, 37.17297160455454], [126.10768908148488, 37.17226604591757], [126.10875907168958, 37.17108384196727], [126.10880153389118, 37.17104874197846], [126.10885072961001, 37.1710198285488], [126.10966430147772, 37.17077877508492], [126.11030242143097, 37.17071665806383], [126.11145523954045, 37.17075620449394], [126.11271314112585, 37.170552374927325], [126.11288711288077, 37.17020335060556], [126.11290117505906, 37.17011487696748], [126.112897510121, 37.17009225987257], [126.11281937073694, 37.16992947786649], [126.11271749246737, 37.16974025901128], [126.10843329406437, 37.165778092017675], [126.10560502224156, 37.166456460586524], [126.10415015094736, 37.16689230845124], [126.10154987210727, 37.16715666022263], [126.10145439568626, 37.1671595766965], [126.09850580375839, 37.16715981358637], [126.0979595815736, 37.16689108892268], [126.0933427300527, 37.167633423951116], [126.09011899593193, 37.17098625100017], [126.08706262320082, 37.17323871492444], [126.08692602972233, 37.173405514164706], [126.08670656235593, 37.173679787617615], [126.08498739560227, 37.17619905060106], [126.08489232988535, 37.17633974925639], [126.08488679471695, 37.17634874522453], [126.08488125275309, 37.17635901110101], [126.08487026033247, 37.17638852491021], [126.08486712394576, 37.17639814982401], [126.08486399380902, 37.17640840575122], [126.08486091832515, 37.17642635888387], [126.08473406409252, 37.17750873418668], [126.08489323955857, 37.1785161635446], [126.08489824506519, 37.17854432173765], [126.08490154541657, 37.17855839684126], [126.0849040218796, 37.17856863230585], [126.08490811220314, 37.178581421618524], [126.08491300078286, 37.178593567895305], [126.0849178755367, 37.17860379865728], [126.0851790458157, 37.17909068480475], [126.08518632520946, 37.179101540961035], [126.08519278948738, 37.17910983748893], [126.08521215637525, 37.17913152880321], [126.08522264580589, 37.179143008263104], [126.08667601511327, 37.180351474436016], [126.08827185632305, 37.181098756171245], [126.0889929713681, 37.18141829198468], [126.08900736205382, 37.18141630377506], [126.09116686867215, 37.18311807413798], [126.08965660126837, 37.184670095611416], [126.09310406991526, 37.18780249237559], [126.09312589116736, 37.18781612833377], [126.0931443570257, 37.187825901852946], [126.09362377830213, 37.18797243546792], [126.09522679976246, 37.18844777086596], [126.09525005776561, 37.18845150692534], [126.0952793908809, 37.18845004578482], [126.09534131202976, 37.18844395060212], [126.09545102448332, 37.188410296627175], [126.09698946790552, 37.187515882547984], [126.10040089921726, 37.185923842262575], [126.10209828299176, 37.18488088720984], [126.10341904064647, 37.18387910356138], [126.10490067552061, 37.18213220103171], [126.10506359256172, 37.18174240325079]]], [[[126.21391657693233, 37.19026162560585], [126.21388465415555, 37.19025356524974], [126.21385018736245, 37.19025401126684], [126.21368327280973, 37.190264192290165], [126.21365614102126, 37.19026685951253], [126.21360565489434, 37.19027306600633], [126.21282580159709, 37.19040137666607], [126.21164554852182, 37.19072695331769], [126.2116122907442, 37.19073685980198], [126.21158717038107, 37.1907512263409], [126.21154461984241, 37.190785144699966], [126.21152354731423, 37.19080568624873], [126.21150342693197, 37.190825490028196], [126.21148601890108, 37.19084798049291], [126.21147721576799, 37.19087367602155], [126.21147534742784, 37.19089318799495], [126.211474787796, 37.190913256817566], [126.21147419445032, 37.190988742191735], [126.21147600429799, 37.19104201555164], [126.21174376032975, 37.19189102495753], [126.21184872602103, 37.19211757650444], [126.21211699044707, 37.19257418163611], [126.21213280224003, 37.19259247972821], [126.21215138365568, 37.192608109282354], [126.21217355398146, 37.192620594277116], [126.21219791192225, 37.192630316070996], [126.21222953812097, 37.192637975263786], [126.21226091261158, 37.19263617653203], [126.21233245243484, 37.19262312568358], [126.2147663676106, 37.1909692145098], [126.21478714981731, 37.19095498410161], [126.21493354681623, 37.19085310071548], [126.21495201529154, 37.190838843374856], [126.21496942178709, 37.190824359989094], [126.21498524221667, 37.19080839920464], [126.21499786400656, 37.19079104808622], [126.21500872335919, 37.19077345251003], [126.2150186663316, 37.19075647974158], [126.21503232379854, 37.19072973694671], [126.21499388368446, 37.19068926747377], [126.21391657693233, 37.19026162560585]]], [[[126.14020092696889, 37.19669522037284], [126.13661497408066, 37.19567101264469], [126.1365916348251, 37.19567136412732], [126.13657004907218, 37.19567871219039], [126.13653105835974, 37.19569731418098], [126.13650985089713, 37.19571025221504], [126.13648920172004, 37.19572322100805], [126.13647274968469, 37.19573580456612], [126.1363505607348, 37.1958304397214], [126.13633369871725, 37.195844453478934], [126.13634092076111, 37.201481442527076], [126.13737200320688, 37.20274484632002], [126.13742995760335, 37.202810009539604], [126.13757898939683, 37.20296885322768], [126.13758339417004, 37.20297173321044], [126.13818236624402, 37.203166648917616], [126.13819731701135, 37.203171342854965], [126.13820877934195, 37.20317383165625], [126.13822068342598, 37.2031751267494], [126.13844735608181, 37.203185416644295], [126.13903776948455, 37.20320627136916], [126.13904632047331, 37.203206044239835], [126.13924794838562, 37.20318641767914], [126.13925525127796, 37.203185163086005], [126.139261996994, 37.20318305933548], [126.13944035850209, 37.202615546044335], [126.13944523726478, 37.20260050008317], [126.13945605010748, 37.202571502795585], [126.13947025471617, 37.20253672629765], [126.13948182574177, 37.202511879388084], [126.13949010478083, 37.202497044639316], [126.1398273384344, 37.20189667178287], [126.14045553392697, 37.20088920224575], [126.14053334780687, 37.20077553644067], [126.14058386120159, 37.20072522905625], [126.14060128104104, 37.20071192145293], [126.14062524616587, 37.20069830950105], [126.14064914185825, 37.200688002875395], [126.14067619360743, 37.20067933234999], [126.14082342076924, 37.200635673508955], [126.14094986800167, 37.200606074066], [126.14097582684751, 37.20060242313246], [126.14100120152202, 37.20059974254701], [126.1410835309175, 37.2005984761459], [126.14135285737726, 37.200598642767694], [126.14244501637909, 37.19921873362678], [126.14219304315968, 37.1986969732537], [126.14148376506205, 37.19779408073337], [126.14146870250082, 37.19777561700091], [126.14145252222984, 37.19775910177147], [126.14026320236982, 37.196728047464646], [126.14024424132919, 37.19671451244135], [126.14022362156635, 37.19670243297205], [126.14020092696889, 37.19669522037284]]], [[[126.38178857691727, 37.20666674589966], [126.3831203174069, 37.20628256713275], [126.3836555204573, 37.20631579830163], [126.38367587453628, 37.206315940561424], [126.38374712803868, 37.20631547276451], [126.38382621840866, 37.20631390249445], [126.38425750784626, 37.20628154451617], [126.38427190137644, 37.20628041368265], [126.38432953197993, 37.20627373750163], [126.3843645010139, 37.206269036360425], [126.38437667823263, 37.206266431638056], [126.38440770625876, 37.2062587630259], [126.38471467444681, 37.20618229314321], [126.38472638701252, 37.20617848699646], [126.38474188110382, 37.20617209889003], [126.38475786396914, 37.20616419928737], [126.38477396934006, 37.20615471353182], [126.38478576247584, 37.20614650406722], [126.3847966872119, 37.206137116453114], [126.3848067857659, 37.20612674488072], [126.38482759917974, 37.20610363424111], [126.38486496655561, 37.20606046092621], [126.38488360722411, 37.206037201826554], [126.38490665392574, 37.2060065966143], [126.3849744184459, 37.20590027494712], [126.3849763981648, 37.20589515850576], [126.38497753015938, 37.205887458883495], [126.38497694115904, 37.205882456169654], [126.38497470092894, 37.20587525570613], [126.38476908253494, 37.20527477184976], [126.38468401244205, 37.20507905779537], [126.38422307880612, 37.20475680330092], [126.38380308450063, 37.204689718169895], [126.3837938242302, 37.204688471748796], [126.38377989619653, 37.20468770322966], [126.38376641814165, 37.20468836400807], [126.3837539319084, 37.20469038978537], [126.38152987589164, 37.20507019060723], [126.38143092434441, 37.20508841650331], [126.38136789993234, 37.20510082710324], [126.38120600465393, 37.205135302151184], [126.38103003000174, 37.20517374968679], [126.38100007215701, 37.20518114449758], [126.38078235594337, 37.20526458554701], [126.38076653874813, 37.20527162988131], [126.38075129918984, 37.20527969641153], [126.38073705340868, 37.20528883954666], [126.38072721279076, 37.20529651902762], [126.38071812083768, 37.20530493298396], [126.38070708718615, 37.20531678622713], [126.38069529763892, 37.20533114082493], [126.38068232407697, 37.20534890581413], [126.38067714191094, 37.20535841942389], [126.38067455002107, 37.2053655959354], [126.38048194601306, 37.206228196336646], [126.38048024478537, 37.20623930760619], [126.38046683521405, 37.20634728875814], [126.38046576649369, 37.2063624206846], [126.38046591693016, 37.20637832488631], [126.38046734255477, 37.20640234531214], [126.38046948040335, 37.206413854314995], [126.38047294953499, 37.206424800830135], [126.38047750476447, 37.206435305125616], [126.3804877575245, 37.20645572871063], [126.38050068381214, 37.20647840483641], [126.38050719092203, 37.20648737723166], [126.38051700172718, 37.20649850987515], [126.38052808687291, 37.20650927328482], [126.38072000209733, 37.20669447688108], [126.38073553035055, 37.206708999486246], [126.38074556104172, 37.20671684600986], [126.38075963024563, 37.20672654333912], [126.3807711355615, 37.20673297332904], [126.38078790962457, 37.206740971903265], [126.38083948074464, 37.20676448907019], [126.38084833335134, 37.20676740931137], [126.38086737566903, 37.2067722934583], [126.38089311784461, 37.20677768167232], [126.38093496060475, 37.20678539609195], [126.38096165999804, 37.2067893024775], [126.3809953322518, 37.2067930827425], [126.38110451480055, 37.206802574402424], [126.38112944974289, 37.206804631607525], [126.38114402298507, 37.2068049243053], [126.38119946822883, 37.20680510642335], [126.38124300393852, 37.206804098894864], [126.38126165898447, 37.206802700413206], [126.38128738809054, 37.20679981659316], [126.38130372158955, 37.206797053144186], [126.38131935634767, 37.20679307256052], [126.38166561780679, 37.20670179553884], [126.38178857691727, 37.20666674589966]]], [[[125.99122493229982, 37.19742820611412], [125.99130171173931, 37.19742799618633], [125.99143222812724, 37.19743494128372], [125.99149350189866, 37.19744276376662], [125.9915608923277, 37.19745846961806], [125.99266725967637, 37.19791817490391], [125.99269970745644, 37.19793344623288], [125.9927349159656, 37.19795153778918], [125.9927846242532, 37.19798339776593], [125.9928149976618, 37.19801947055659], [125.99282239183599, 37.19804391673038], [125.99288854197536, 37.19870709579589], [125.99288314903178, 37.19873981117716], [125.99285965266759, 37.19877486047587], [125.99282323064881, 37.19880780112584], [125.99277736416515, 37.198847378835254], [125.9926943125718, 37.19890279373895], [125.99264828269189, 37.19893148848603], [125.99262058954515, 37.198965267531186], [125.9926096554847, 37.198993775281274], [125.99260731967756, 37.19902369217465], [125.99260833251071, 37.1992376740057], [125.9926095894249, 37.199291633576394], [125.9926453579325, 37.1996087153665], [125.9926528550895, 37.199641811097166], [125.992670896312, 37.199673491633796], [125.99292255748544, 37.199907267312255], [125.99296296642672, 37.19994209864033], [125.99300842631075, 37.19997224242087], [125.9930500065559, 37.199992709739576], [125.99308913898797, 37.20000396677747], [125.9959076503627, 37.20060582623741], [125.99593384141988, 37.20060091040749], [125.9959653762302, 37.200577451808286], [125.99598603045067, 37.20055498800241], [125.99629604077685, 37.200214726887914], [125.99632888695066, 37.20017706548317], [125.9963470299074, 37.200141855593124], [125.99725148367698, 37.19798664825074], [125.9972593067502, 37.19796555186256], [125.99726220995983, 37.19794141686613], [125.99726062520095, 37.19791541866604], [125.99708706060284, 37.19705221953076], [125.99688772538951, 37.19655640182482], [125.9951312241834, 37.19456907699002], [125.99508642917498, 37.194529394692665], [125.99503938880599, 37.19450230876274], [125.99479756671677, 37.194371781759386], [125.99476854209766, 37.19436051855352], [125.99473443330892, 37.19434991269354], [125.9946931854207, 37.19433768924407], [125.99466174495467, 37.19433188800781], [125.99417038226932, 37.194322356919685], [125.9938183732184, 37.194371195751664], [125.99178981541564, 37.194840382674144], [125.99174387815481, 37.19499471445674], [125.99167323450948, 37.19521752278403], [125.99163896161309, 37.19530530835688], [125.99161952231007, 37.195341636707404], [125.99158536495797, 37.19537695560789], [125.9915474855867, 37.19539837458133], [125.99151272767294, 37.19540181754573], [125.99141771426747, 37.195398551513264], [125.9913600085953, 37.195391836216054], [125.99127074429857, 37.195381173083085], [125.99120101856336, 37.19536922651559], [125.99113987933686, 37.195358635826956], [125.99102848114151, 37.195335707389475], [125.99092905259137, 37.195311491026686], [125.9907869932148, 37.1952737288318], [125.99065391394261, 37.19523668569224], [125.98760941231592, 37.19412772549785], [125.98749583038956, 37.19408389382143], [125.98568842636261, 37.19295358841891], [125.98506678765351, 37.19249383610135], [125.9846344541094, 37.19201784687911], [125.98443366653622, 37.191669090470185], [125.98442613932427, 37.19163827509565], [125.9844165005874, 37.191583971133426], [125.98441098163539, 37.191543037907486], [125.98440999649428, 37.19147588537326], [125.9844325429917, 37.190754937387105], [125.98444168156918, 37.19046804256771], [125.98455147884252, 37.19021681495679], [125.98455374619853, 37.19021447257035], [125.98583943314787, 37.18733425697754], [125.98582579808273, 37.187323271245084], [125.98368739982295, 37.18545830720883], [125.98358067514991, 37.18531563338682], [125.98352731291692, 37.18523027221464], [125.98352303454048, 37.18522260211546], [125.98326791932968, 37.18435474963071], [125.98326930024726, 37.18434484638397], [125.9836214632343, 37.18352957452929], [125.98395778027859, 37.18256630588861], [125.98431953503011, 37.18145521091047], [125.98431694638442, 37.181448447561955], [125.98331826071433, 37.18134270587778], [125.98327727485426, 37.18134052537832], [125.98322968446139, 37.18135592004757], [125.98318089207486, 37.18138286246137], [125.98314215565729, 37.18140980562993], [125.98311479225907, 37.18143493763068], [125.9818462403354, 37.18261253902496], [125.98171641201054, 37.183179896719], [125.98169136658483, 37.18331628387731], [125.98170771392415, 37.18361423389215], [125.98171857437306, 37.183636468267586], [125.98175924751699, 37.183697203746526], [125.98184020821977, 37.18374279134822], [125.98215341340385, 37.18385579456098], [125.98219818613124, 37.183869433003885], [125.98225224063019, 37.18386942796189], [125.98230411034739, 37.18385469963673], [125.98235071933293, 37.18384430147379], [125.9823951153585, 37.18385064596917], [125.98244055660118, 37.18386544388244], [125.98247716768292, 37.18388398724811], [125.98269643280027, 37.1840611562521], [125.98286312489567, 37.18435762202889], [125.98286693488876, 37.18437963260556], [125.98286715688347, 37.18441758049494], [125.98286552493472, 37.18444639130324], [125.98285188169459, 37.184479949703636], [125.98283641981497, 37.18451634472626], [125.98261611596665, 37.18486841486897], [125.98251877019399, 37.185008167243055], [125.98237992976883, 37.18516743978594], [125.98224118282623, 37.185286947632385], [125.98205452863074, 37.185421871548485], [125.98177756202966, 37.18560427247675], [125.981424217862, 37.18581116246355], [125.98105507159036, 37.18598742439979], [125.98059962074092, 37.18615905399289], [125.98017599634558, 37.1863089769689], [125.97982610723594, 37.186410745744524], [125.97957286423063, 37.186468722752814], [125.97887165841196, 37.18662479051184], [125.9785826622681, 37.1866667421258], [125.97809599105578, 37.18668753744238], [125.97740587428717, 37.18668030474188], [125.9768414687345, 37.186634296047934], [125.97629890044225, 37.18652008357669], [125.97039462713829, 37.18423237676342], [125.96920110347604, 37.18350280854875], [125.96841990706612, 37.182778827914575], [125.96840542406606, 37.182769108220285], [125.96817471642315, 37.1826816130303], [125.96799899121783, 37.182639662312425], [125.96788230881555, 37.18262670637236], [125.96132141971684, 37.182283358440166], [125.96125652915835, 37.182281892735766], [125.96119877088262, 37.18228639719707], [125.96114496932528, 37.182291098143885], [125.9610842778816, 37.18229859019941], [125.96102715669112, 37.18230894705567], [125.96097135351039, 37.18232718418213], [125.96091183164734, 37.1823540869934], [125.96084098593757, 37.182390222749], [125.95980625549853, 37.18295963913668], [125.95973083557739, 37.18338748799889], [125.96025600787353, 37.18461983635797], [125.96028471510111, 37.184657609136096], [125.96038948715906, 37.18476029623414], [125.96043745440188, 37.1847884245417], [125.96477659515978, 37.18687772765917], [125.96890166713469, 37.188326176281976], [125.97194517553261, 37.18860620529013], [125.97275025882797, 37.18869595281739], [125.97283000475299, 37.18871793954498], [125.97289586793968, 37.188753123838275], [125.97293315115405, 37.18878701218474], [125.97296078826913, 37.18882651131103], [125.97310058855301, 37.18906496143308], [125.97310233426553, 37.18909038333512], [125.97261870242522, 37.190237368085086], [125.97225102158721, 37.19103532553137], [125.97187821282712, 37.192004899295874], [125.97128493956062, 37.19449292463084], [125.97134304880795, 37.19468750118842], [125.97146198011187, 37.19492355751499], [125.97147828226295, 37.1949485165065], [125.97160666208191, 37.195058819017234], [125.9716463965724, 37.19508938104925], [125.97309121294072, 37.195242369807566], [125.97315604823302, 37.19524815298129], [125.97324699121532, 37.19524429857362], [125.973345676547, 37.195228368772874], [125.97342285586902, 37.19520348644539], [125.97348381621796, 37.195178289583126], [125.97423120675103, 37.19481528959848], [125.974281441226, 37.19478239382475], [125.97447713956396, 37.19463474898883], [125.9745191463, 37.19459410028727], [125.97479683456221, 37.194152019928445], [125.9748219288567, 37.19409858884031], [125.97885439541439, 37.19348557053964], [125.97994625673881, 37.193348256580876], [125.97998815326183, 37.19334382702368], [125.98446465072894, 37.19396939271018], [125.98460961460742, 37.193991316409644], [125.98469864880832, 37.19400636926377], [125.9850483416293, 37.19408934895776], [125.98519230526671, 37.194132086135276], [125.9853064079348, 37.194182213430494], [125.98547327060227, 37.194275288425054], [125.9856321714536, 37.19439966816099], [125.98575475917337, 37.19451519389626], [125.9858438462502, 37.19466837325589], [125.98591902635928, 37.19486756512252], [125.98597885913807, 37.19511990134032], [125.98598384319916, 37.195343808890414], [125.98596899010552, 37.19546706577543], [125.98594594087021, 37.19557912704952], [125.98591989397973, 37.195663409835966], [125.98585813089825, 37.1957866772379], [125.9831842103813, 37.20001331093039], [125.98168037903108, 37.20163748496164], [125.98165468776922, 37.20166727793471], [125.98164010386874, 37.20169798843822], [125.9815690827831, 37.201848111381196], [125.98150480331523, 37.202119849234016], [125.98150415523928, 37.20214117081069], [125.98156256271362, 37.202310232405495], [125.98157624337917, 37.20233945574114], [125.98161619517657, 37.202373282757], [125.98470399936012, 37.20389590641151], [125.9864533377273, 37.204117469082846], [125.98667039231383, 37.20413956447702], [125.98689502029444, 37.204032770989116], [125.98687896832297, 37.20243073620984], [125.98687576141121, 37.20230895663047], [125.98684914468934, 37.20213428915212], [125.98684411263231, 37.20210183297821], [125.98666303811295, 37.201685846456044], [125.98664111805464, 37.2016425009722], [125.98661237523407, 37.201596681590374], [125.98657620715947, 37.20155175787885], [125.98654239794425, 37.20151154939624], [125.98644689851737, 37.20140891802834], [125.9864069984989, 37.2013662080033], [125.98631086915819, 37.20126991562088], [125.98626163297928, 37.20122810382537], [125.98620466738718, 37.20118194075776], [125.98614959984283, 37.20114144963785], [125.98609261845648, 37.201111144260814], [125.98564959855234, 37.19989815411109], [125.98564806675734, 37.19985312495752], [125.98565971866907, 37.1998067600525], [125.98568266718979, 37.19975842776995], [125.98605273593115, 37.1990151914677], [125.98607995096198, 37.198979095971744], [125.98645776358298, 37.19864419450857], [125.9865045695454, 37.19860580030341], [125.98656588308475, 37.19855860972947], [125.98662854705584, 37.19851319036066], [125.98669109691649, 37.198470491508274], [125.986758264437, 37.198429070212974], [125.98685141683265, 37.198379388496306], [125.98709505943287, 37.19825601851662], [125.98719769833768, 37.19821158985489], [125.98746107495202, 37.19810552337404], [125.98773823422817, 37.19800554408252], [125.987828324414, 37.19797505140667], [125.98886824863162, 37.197680249013594], [125.98903917345548, 37.197632212132525], [125.98990298165171, 37.1974869760958], [125.99032115702315, 37.197447009780994], [125.99122493229982, 37.19742820611412]]], [[[126.37574598041267, 37.20572586527622], [126.3757339153657, 37.205724693457036], [126.37572187245658, 37.20572476392708], [126.37571390944683, 37.20572585831376], [126.37552139719732, 37.20576536200247], [126.37550787012424, 37.20576915722061], [126.37540990842528, 37.205806637003725], [126.37536287311381, 37.20582495862627], [126.37528381041085, 37.205857340258426], [126.37520207707661, 37.205896392712596], [126.37510267867788, 37.20594546095836], [126.37508359741601, 37.20595493064804], [126.37505534808005, 37.20597091034692], [126.37497653034163, 37.206015616650795], [126.37490964419901, 37.20605636207059], [126.37487751684267, 37.206076690027466], [126.37485932400772, 37.206089010121595], [126.37477488730194, 37.20615405988752], [126.3747317673165, 37.206187955268966], [126.37468635746819, 37.20622503683477], [126.37466630152565, 37.206242005560945], [126.3746435961832, 37.20626330450414], [126.37463322565725, 37.2062738357625], [126.37459794625228, 37.206317305066925], [126.37455617346855, 37.206370651104756], [126.37452547626548, 37.20641591798044], [126.37448658018498, 37.20647587489178], [126.37447878800349, 37.206488981497394], [126.37445100092526, 37.20654741068633], [126.374408314148, 37.20664057656693], [126.3744007630229, 37.20665884666953], [126.3743925259063, 37.20668369742261], [126.37438710508789, 37.20670299729692], [126.37437588980588, 37.20675840574006], [126.37435968586517, 37.206849081322034], [126.37435390794332, 37.20688316468096], [126.37435116712153, 37.206903964654266], [126.37434863137788, 37.206943731280056], [126.37434771041934, 37.20697492956024], [126.3743479670149, 37.20699695232707], [126.37434982155257, 37.20702200985022], [126.37435391672571, 37.20705538842914], [126.37435704186456, 37.20707517242746], [126.37436533543563, 37.20711313287972], [126.37437094157085, 37.20713552646956], [126.37438522319236, 37.20718200583438], [126.37438997413663, 37.20719612218076], [126.3744170709205, 37.20725550016467], [126.37447418367864, 37.2073786311325], [126.37449996666793, 37.207427990568334], [126.37451265402316, 37.20745086155981], [126.37452046854786, 37.20746341970928], [126.37456093359498, 37.2075153162716], [126.37458053652296, 37.207539649179594], [126.37460866778105, 37.20757188245064], [126.37463862629602, 37.20760552297974], [126.37469750338087, 37.20766619434658], [126.37526378596814, 37.20890670243702], [126.37559044551581, 37.20959148123116], [126.37571518687439, 37.20955287196608], [126.37572925742184, 37.20954743149262], [126.37574309029054, 37.209540692599994], [126.3758258072313, 37.20949347288426], [126.37583825945006, 37.20948605927488], [126.37584701939217, 37.20947988965557], [126.37606208905022, 37.20929859779427], [126.37618893704115, 37.209154829644035], [126.3763308311022, 37.20899238271144], [126.37635889412641, 37.20895923627786], [126.37637949467278, 37.208933684244016], [126.37638721803891, 37.208923390022576], [126.37777936796763, 37.206831350210194], [126.37778731681703, 37.20681828182463], [126.37779456182324, 37.20680282266069], [126.37779886234574, 37.20679093294477], [126.3778018014507, 37.20677859497091], [126.3778034157416, 37.20676577213007], [126.3778036398589, 37.206752160043195], [126.37780219254033, 37.20673514028555], [126.37779958637495, 37.206719060488005], [126.37779429458787, 37.20669683227597], [126.37779028044527, 37.20668344864014], [126.3777548966666, 37.20659177992077], [126.37775100915549, 37.20658232563011], [126.37762000673379, 37.206313957721946], [126.37733987540327, 37.20601758511384], [126.37733424623573, 37.20601296995251], [126.37725007241426, 37.20596550123815], [126.37724580654032, 37.20596364094652], [126.37711286928939, 37.20591319508596], [126.37574598041267, 37.20572586527622]]], [[[126.36234171993844, 37.20730185774021], [126.3623209548753, 37.2073008551742], [126.36229107359132, 37.20730312622244], [126.3622587009542, 37.207313412589905], [126.3619626702845, 37.20752078633181], [126.36189988013905, 37.207590189177964], [126.36146957578482, 37.20834208271784], [126.36145995656713, 37.208359321659294], [126.36145510963344, 37.20837035011406], [126.36144893760434, 37.208387517632936], [126.36144424324453, 37.20840444156608], [126.36144113594169, 37.20842029190856], [126.36089064753018, 37.21157080117859], [126.36099955778704, 37.211827922954065], [126.36100321745987, 37.21183471836637], [126.36130150245218, 37.212349980401534], [126.3613221501484, 37.21238107851567], [126.36134721869352, 37.2124181212486], [126.36135369850297, 37.21242474185725], [126.36136089286587, 37.212430609486674], [126.36136908308033, 37.21243575388194], [126.36137811879233, 37.21243983107972], [126.36138776131409, 37.21244267563857], [126.36139456891057, 37.21244353338131], [126.3614055760282, 37.21244346523514], [126.36142087200759, 37.21244237561197], [126.36143947085532, 37.21243988186762], [126.3614531986418, 37.21243650483049], [126.36146289558322, 37.21243272849857], [126.36167900414432, 37.21233394960262], [126.36168443276858, 37.21233027644693], [126.36169172969662, 37.21232391806148], [126.36169808857011, 37.212316536627284], [126.36170603397146, 37.212305721828194], [126.36175851534729, 37.21223144287508], [126.36202605471388, 37.21159821428773], [126.36368761282397, 37.21101097155479], [126.36518235734145, 37.21017296494663], [126.36518999922035, 37.21016822128191], [126.36519939800186, 37.210161145497935], [126.36552115840702, 37.20991659914269], [126.36556286417323, 37.20988394292406], [126.36567328960034, 37.209771878568674], [126.36567789390313, 37.20976573120157], [126.36568836887463, 37.20974969351614], [126.3657462663865, 37.20965364800154], [126.3657593106336, 37.20962948749275], [126.36576211370289, 37.209621708531394], [126.36577094221177, 37.20959369848894], [126.36577720158594, 37.20957003545419], [126.36578076528485, 37.2095520964001], [126.36578381402002, 37.20952971229962], [126.36578600594693, 37.2095046402414], [126.36578718776103, 37.20947778643008], [126.36578731791266, 37.20944876468435], [126.36578618976027, 37.20941014939841], [126.36578426259788, 37.20939404521664], [126.36578044821955, 37.20937181622701], [126.36577454973634, 37.20934441959427], [126.36567401776927, 37.20892725147811], [126.36567177230013, 37.20892112053317], [126.3656667039397, 37.20891159776414], [126.36565674238561, 37.2088956059189], [126.36564887709464, 37.20888517302632], [126.36564036017315, 37.208875811922745], [126.36562751040489, 37.208863351896944], [126.36554269663804, 37.20879297776143], [126.36553203498718, 37.208784308184455], [126.3655199959194, 37.20877581019261], [126.36550352140742, 37.20876564726097], [126.36546010622472, 37.20874000494848], [126.36544472664654, 37.20873213024179], [126.3654195577594, 37.20872039766697], [126.36236141760462, 37.20730625269636], [126.36234171993844, 37.20730185774021]]], [[[126.19230593364968, 37.218293880058305], [126.19253346859927, 37.21787753498202], [126.19144587649998, 37.218156406835405], [126.19083071968913, 37.21838601486746], [126.19073098403906, 37.21842667974223], [126.19064987111045, 37.21846313924446], [126.19055079645518, 37.21851001974401], [126.1904615777843, 37.218552269869335], [126.1903745770605, 37.21860201570971], [126.19010221988371, 37.218782881656], [126.18876872051744, 37.21974295130603], [126.18873624008033, 37.21978054552629], [126.18869999195277, 37.219823860319934], [126.18832586367658, 37.22041669616453], [126.18834807543627, 37.220425523892295], [126.18837571939137, 37.2204271469374], [126.19085957073743, 37.22019186378292], [126.19085318008443, 37.22007215481755], [126.19088530298318, 37.219853508149924], [126.1911111941436, 37.219192771353136], [126.19113895810689, 37.21912370702689], [126.1911841958624, 37.21902014481113], [126.19123116891276, 37.21893759950713], [126.19128355140714, 37.21887059728257], [126.19133162198561, 37.21881590663978], [126.19141727775848, 37.2187373922972], [126.19150981176901, 37.218668598290236], [126.19158601353985, 37.21861526392056], [126.19166031279312, 37.21857301847278], [126.19173016144222, 37.21854283249326], [126.19179249574798, 37.2185231659972], [126.19189453180881, 37.21849402140221], [126.19194779711367, 37.218482616436305], [126.19199775475168, 37.21847713641624], [126.19230593364968, 37.218293880058305]]], [[[126.46727511258534, 37.22279103150098], [126.46726657343261, 37.22279085878815], [126.46725820430578, 37.22279193865807], [126.46725200676173, 37.222793793713414], [126.46724658658296, 37.22279683273581], [126.46724361272922, 37.22280017161425], [126.46724183496296, 37.22280440606782], [126.46721405706464, 37.22291553341951], [126.46721271131472, 37.222922637093184], [126.46721292601971, 37.222929044096134], [126.46725008185345, 37.223129863303434], [126.46725185908434, 37.22313823269253], [126.46725503147388, 37.22314695136009], [126.46725933435398, 37.22315525984776], [126.46726442560838, 37.223163284067866], [126.46728039389188, 37.22318535903925], [126.46729569498271, 37.223204783572946], [126.46730157526547, 37.22321115344819], [126.46736165664922, 37.223270034697606], [126.46756955265985, 37.22345412487547], [126.46759623997553, 37.2234772189562], [126.46760534018864, 37.22348436231867], [126.46761600088827, 37.22349213041223], [126.46763717237506, 37.22350642680825], [126.46765868990116, 37.22351981403121], [126.46808827158524, 37.22378454040064], [126.46813635352088, 37.223812867545455], [126.4681971088489, 37.22384801127617], [126.4682208045506, 37.22386071430682], [126.4690236369115, 37.22425083494816], [126.46912664384568, 37.224297565364765], [126.47013912031689, 37.22474896741975], [126.4701650901278, 37.22476042792234], [126.47022599928027, 37.22478504756705], [126.47025319832355, 37.2247949728908], [126.4703921755773, 37.22484281809682], [126.47045936609828, 37.224865237907856], [126.47052482958978, 37.2248861824497], [126.47059516856409, 37.22490651674364], [126.47062090957564, 37.22491358999622], [126.47067352763696, 37.22492675395115], [126.4706998770085, 37.22493235873549], [126.4707130226493, 37.224934644388384], [126.47074156916102, 37.22493865390714], [126.47078560171171, 37.224943428963805], [126.4708286981935, 37.224947080875495], [126.4708577015423, 37.224948661540566], [126.47087189690413, 37.224948850699356], [126.47088731290316, 37.224948632228276], [126.47091650569662, 37.22494722107767], [126.47097837591026, 37.22494245233027], [126.47099153389348, 37.22494117584793], [126.47101890223418, 37.22493815519836], [126.47104680806743, 37.22493373668176], [126.47106014587699, 37.22493100514136], [126.47107497739488, 37.22492751230098], [126.47125993643292, 37.224878853372665], [126.471286895218, 37.22487129521525], [126.47130897642515, 37.224864006557354], [126.47134678494172, 37.22485000950472], [126.47138022791634, 37.224837255367994], [126.4714106100825, 37.22482512001773], [126.4714379528708, 37.22481268965384], [126.47148748569978, 37.22478843945192], [126.47151937844012, 37.22477164178934], [126.47171128617698, 37.2246700789301], [126.47182236286717, 37.22461026761034], [126.4718414212526, 37.22459996186409], [126.47185050703892, 37.224594425213034], [126.47185829791776, 37.224588955738476], [126.47193235850457, 37.22452927723665], [126.47194724072101, 37.22451672686428], [126.4711290387166, 37.224482008756006], [126.46939776937143, 37.22411990544361], [126.46797708872579, 37.2233716088342], [126.46757528866506, 37.2230100368619], [126.46746174723894, 37.222891589545924], [126.46745335237809, 37.222883477941735], [126.46741844081774, 37.22285234311456], [126.46740882855758, 37.22284456882127], [126.46740006156416, 37.22283812420611], [126.46739009132361, 37.22283147440312], [126.4673811500433, 37.22282607385538], [126.46737307914394, 37.22282164896687], [126.46735076213513, 37.22281152849449], [126.46734024508122, 37.222807452737115], [126.46732920810908, 37.22280364736289], [126.46730747429112, 37.22279721406157], [126.46729581982424, 37.22279438759508], [126.46728563732194, 37.222792394209314], [126.46727511258534, 37.22279103150098]]], [[[126.17361817570996, 37.22511449354021], [126.17238458003457, 37.22320375672719], [126.17235585617414, 37.22321361356956], [126.17170095912361, 37.22326027528367], [126.1716600468177, 37.22324685144583], [126.17161489172818, 37.22321963090852], [126.17158161187753, 37.223163824065814], [126.17162534589345, 37.222876686969016], [126.1716597050933, 37.22273626812186], [126.17168369633436, 37.22268238091333], [126.17669579836009, 37.21813518231544], [126.1800730096511, 37.217153014069815], [126.18045055678931, 37.21366612965356], [126.18048527637842, 37.21103618842213], [126.18006857031608, 37.21086335206001], [126.17999108536304, 37.21082397125872], [126.17996221474985, 37.210805969576356], [126.17995242690942, 37.210795449937116], [126.17992208389859, 37.21075342448371], [126.17989852958357, 37.21069180101247], [126.17989705115252, 37.21066081428516], [126.17990045656909, 37.21055326487986], [126.17992635158576, 37.2103745984663], [126.17999603018838, 37.21017540605194], [126.18018914550524, 37.20986690749847], [126.18043972827292, 37.20954684556736], [126.18075032655602, 37.20923607026816], [126.18168551461744, 37.20850117101289], [126.18188731272116, 37.208374177474134], [126.1819053086687, 37.208365533741585], [126.18192572215389, 37.20836406098337], [126.18257480585919, 37.20842940792738], [126.18259929248562, 37.208434840509106], [126.18651968128243, 37.20993226533147], [126.18656027398526, 37.20996972120043], [126.18679961122557, 37.21019045964309], [126.18685214526863, 37.21021737406875], [126.1868942308989, 37.210222806204264], [126.1878608319697, 37.21024186285838], [126.18814584446348, 37.21023333870424], [126.19358269850103, 37.209108386231314], [126.1935931831061, 37.2091055211251], [126.19392199127526, 37.208990850198305], [126.19393033990573, 37.20898761899507], [126.19408768815246, 37.20891778795883], [126.19412907018261, 37.20889296053686], [126.19433762681362, 37.2087398251716], [126.19434817628147, 37.20873070626117], [126.19435995970797, 37.20871805595236], [126.1943665018127, 37.20870998800077], [126.19443897213567, 37.208612271379515], [126.19445326201841, 37.208587245244196], [126.19446074061054, 37.20857250321537], [126.19446569857615, 37.20856088541415], [126.19447107427146, 37.20854353243501], [126.19447357606775, 37.20853201735317], [126.19451948142058, 37.20814940278679], [126.1945203153708, 37.208137496161235], [126.19452013124757, 37.208132485342084], [126.19451506040059, 37.20811468371328], [126.19447505599469, 37.207980382693705], [126.19429992975147, 37.20770303633498], [126.19429642707193, 37.20769782218106], [126.19429172363115, 37.2076929057544], [126.19428763395784, 37.20768984295568], [126.19424851051214, 37.207671862393944], [126.19423478076392, 37.207666091122505], [126.19422646541538, 37.20766321518324], [126.19416162482023, 37.20764198923154], [126.19415557652613, 37.2076410897007], [126.19399435860862, 37.20762562330974], [126.1939816983381, 37.20762449222313], [126.19293342976775, 37.20757168086128], [126.19100419543638, 37.20760243445641], [126.19098867329524, 37.20760245579094], [126.19083838122795, 37.2075946276077], [126.19081963038629, 37.207593354048996], [126.19080658059495, 37.20759161711882], [126.19079883774835, 37.20758972523026], [126.19078811238086, 37.20758566057357], [126.1907713022188, 37.20757635491947], [126.19005285388516, 37.20712419265584], [126.1899709535782, 37.207069616063535], [126.18994674200734, 37.20705217849303], [126.18992019695287, 37.20703159644408], [126.18988534878117, 37.20700268783363], [126.18984913996802, 37.20697120253223], [126.18983529741226, 37.20695855673111], [126.18980877996808, 37.20693103729107], [126.18979239221532, 37.20691302374694], [126.18978047238808, 37.20689840813259], [126.18977259267133, 37.20688729748376], [126.18976380961917, 37.20687225237419], [126.18975304319942, 37.206849781654256], [126.18974837420929, 37.20683865694871], [126.1897159939464, 37.206735006109696], [126.18971283086319, 37.2067243802833], [126.1897114469357, 37.206716827904955], [126.18971151711332, 37.2067070346391], [126.18971235791997, 37.20670213790633], [126.1897667689091, 37.206542740735955], [126.18976951043639, 37.206535189829694], [126.18977447311457, 37.20652606991217], [126.1897804310468, 37.206517523445164], [126.18978752439506, 37.206509590736964], [126.18982264494613, 37.206477304494996], [126.18986553711359, 37.206437349915966], [126.18991194256574, 37.206391739467996], [126.18992306735328, 37.20638044515137], [126.18993326035714, 37.206368034573636], [126.18994476732566, 37.20635158066179], [126.18996448226262, 37.20631988290875], [126.18997792094824, 37.20629650367367], [126.19002222941414, 37.20621711181346], [126.19002939746086, 37.20620329051072], [126.19006989426522, 37.206102871296814], [126.19008952762289, 37.20605144031555], [126.19008998268406, 37.20605008251072], [126.19009519499791, 37.206020780559804], [126.190105497164, 37.205944227667516], [126.19017038582555, 37.20542931039794], [126.18819569584974, 37.20265010963681], [126.18819157528922, 37.20263538554853], [126.18818833428566, 37.202626678685746], [126.18818406937815, 37.20261886183067], [126.18784027784447, 37.20215829741368], [126.18774710533312, 37.20205190391406], [126.187637641746, 37.20193086861044], [126.18763301410176, 37.20192624029098], [126.18762912527572, 37.201923520199095], [126.18687784845696, 37.201563309196324], [126.18667378823541, 37.20159818137373], [126.18667152602885, 37.20160557077858], [126.1866666283193, 37.20161562148429], [126.18666245454102, 37.20162135014122], [126.1866551501163, 37.20162716666801], [126.18657497788655, 37.20168551425993], [126.18657080054295, 37.20168735175485], [126.18656595957789, 37.20168821023765], [126.18640551780898, 37.20167969341574], [126.18635683620465, 37.20167341282495], [126.18631686791063, 37.201667406420206], [126.18628200329174, 37.20166124749626], [126.18625963734881, 37.20165657200383], [126.1857827641497, 37.20154026094725], [126.1857607698416, 37.201534756639084], [126.18574457915051, 37.20152993234404], [126.18569966214714, 37.20151281128271], [126.18567588643646, 37.20150308060133], [126.18565309567974, 37.20149275784319], [126.18494310712985, 37.20113961951358], [126.18402787355232, 37.200032228399586], [126.18388664759888, 37.19979377961306], [126.18385826724196, 37.19973591860462], [126.18384938787925, 37.19971751356278], [126.18373793722779, 37.19942641691584], [126.18369387903775, 37.19930758211546], [126.18363129041082, 37.19886907927829], [126.18365859821526, 37.198238974481164], [126.18397279649788, 37.19621292499542], [126.18412390565496, 37.196021102269754], [126.18414529263558, 37.19597841223091], [126.18414538049967, 37.19595744784005], [126.18414040746539, 37.19593711495735], [126.1837485383802, 37.19530884762594], [126.18364149236118, 37.19525447309649], [126.18216055581277, 37.19531750151288], [126.18160481555417, 37.196095792305094], [126.18038875903812, 37.19808729512581], [126.17948234158685, 37.20143413795021], [126.17947929559321, 37.201456464614466], [126.17947875307175, 37.20152937936349], [126.17949218545749, 37.20175897247064], [126.17950516489181, 37.20194071069922], [126.17888505338004, 37.20567073388914], [126.17793448727475, 37.21038243306622], [126.17793403489942, 37.210437355130466], [126.17793270688917, 37.21047903836694], [126.17793096769034, 37.21050740954334], [126.17792869153308, 37.21052728675197], [126.17792532059173, 37.210544869531894], [126.17792192985485, 37.2105574514241], [126.17791362796267, 37.210578298816145], [126.17790324386655, 37.21059970613436], [126.1778957294541, 37.21061326952675], [126.17788654730914, 37.21062689001434], [126.17787957088044, 37.21063552003624], [126.1778667510392, 37.210647846141384], [126.17785165149795, 37.210659715050895], [126.17782850813143, 37.21067557455183], [126.17780905018033, 37.2106876039117], [126.17779501850923, 37.21069536558516], [126.17765067733946, 37.21076149020125], [126.17754826050202, 37.210804289053854], [126.17741013862593, 37.21086007587963], [126.17699182202388, 37.21102626546047], [126.17690478589708, 37.21106029691854], [126.17680821656164, 37.21109692944546], [126.17669904337629, 37.21113543647497], [126.17658526040277, 37.21117403610683], [126.17656395610248, 37.21118123234257], [126.17611149038078, 37.21130396907749], [126.17601339098829, 37.21132861307555], [126.1751223472831, 37.211551613048115], [126.17510027455683, 37.2115562090538], [126.17506782394294, 37.211560731319906], [126.17502127934779, 37.21156546905764], [126.17500003900932, 37.21156718915037], [126.17497593108895, 37.211569138547134], [126.17493859612192, 37.211571221171866], [126.17490294541642, 37.21157198052601], [126.17468135775044, 37.21157253680311], [126.17466104459025, 37.2115718254659], [126.17461533229485, 37.21156924712407], [126.17455379447773, 37.2115648548111], [126.17453349830089, 37.21156233554336], [126.17449934110866, 37.21155708689866], [126.17446922450536, 37.21155135978573], [126.17443999495529, 37.21154478721676], [126.17441590155977, 37.211538241482266], [126.17430838858799, 37.21150868535791], [126.17427389691798, 37.21149820960832], [126.17425133039895, 37.21149032080206], [126.17422514782476, 37.21147990289806], [126.17412429894642, 37.211438609076694], [126.1741067606831, 37.21143008790708], [126.1740764073698, 37.21141406558261], [126.17403700528966, 37.21139202190606], [126.17402418945923, 37.211383406676624], [126.17400369138365, 37.2113682166497], [126.17399105962278, 37.21135732667931], [126.17397079602593, 37.21133839868898], [126.17392509903961, 37.21129426372766], [126.17390612365978, 37.21127423608741], [126.17389290915433, 37.21125865438871], [126.17385468952219, 37.21121187925895], [126.17383970982912, 37.21119187922368], [126.17381670031712, 37.21115928220365], [126.17380518484437, 37.21114082800461], [126.1736952842498, 37.21095879374697], [126.17368542446383, 37.2109414892661], [126.17367500756536, 37.21092053891287], [126.17367026430256, 37.210908242819805], [126.17366576575485, 37.2108929759288], [126.1736588969398, 37.21086575408865], [126.17365337772044, 37.21083894575684], [126.17227228166874, 37.210075486679834], [126.17064719242474, 37.2097896037208], [126.16900910993787, 37.2101419481748], [126.1690435494525, 37.21047260423066], [126.16904433368045, 37.21048325973031], [126.16904322113574, 37.21049424453734], [126.16903830794415, 37.210512835445996], [126.16903343055981, 37.21052714266427], [126.16902769472946, 37.210540600181545], [126.16901852580189, 37.21055703501703], [126.16900764069845, 37.210573718264364], [126.1690002421497, 37.21058361120312], [126.16899170262562, 37.210593148807604], [126.16898185704845, 37.21060216968428], [126.16897043494977, 37.21061041751523], [126.1689493143725, 37.210622712448156], [126.16893194470452, 37.21063170824775], [126.16891840318819, 37.21063788349664], [126.16837376811125, 37.21085673225321], [126.16830595125865, 37.21087943804121], [126.16825749967941, 37.21089463972563], [126.16823369654709, 37.21090162789182], [126.16817432172233, 37.21091656339763], [126.16815145285739, 37.21092194594207], [126.16812656802855, 37.210926744273294], [126.16808511515822, 37.21093275065531], [126.16741238796766, 37.211017225820555], [126.16666270783445, 37.211095596721], [126.16664138640823, 37.211097311696605], [126.16660295739811, 37.21109861593651], [126.16658239561471, 37.21109878914125], [126.16657261896334, 37.211098431197826], [126.1665540251929, 37.211095957673834], [126.16653972904344, 37.21109306563804], [126.16651955944697, 37.21108715556608], [126.1665048385549, 37.21108176021651], [126.16648246187134, 37.211071847653905], [126.16646261057261, 37.21106187609201], [126.1664444282413, 37.211051522220956], [126.16643400693904, 37.21104470067596], [126.16642415282944, 37.211037027436646], [126.16641185805513, 37.21102536890993], [126.16640308459583, 37.21101558787471], [126.16636554483615, 37.21096592830929], [126.16634780002359, 37.21094147691242], [126.16632730541873, 37.210911012323486], [126.16630314714406, 37.21087267469059], [126.16629171912754, 37.21085345641999], [126.16627166770425, 37.210815679696466], [126.16617830628542, 37.210633853700486], [126.1661548356447, 37.21058623181925], [126.16589217323884, 37.210040046425746], [126.16587593178032, 37.21000562949952], [126.1658692522238, 37.209990158387654], [126.16577737778594, 37.20975983754377], [126.16584731784386, 37.21038021878389], [126.16586135970032, 37.21040771835197], [126.1659438983006, 37.21057654517604], [126.16597736476844, 37.210650531352094], [126.1659935387108, 37.21068764071963], [126.16600127757637, 37.21070708516477], [126.16600676064034, 37.210723631615636], [126.1660593124311, 37.21093167790231], [126.16606673829965, 37.210961221087544], [126.16607399605417, 37.21099551246469], [126.16607835438568, 37.211020320587075], [126.16607958175831, 37.21103061785131], [126.1660788314973, 37.21108756806867], [126.1660786088069, 37.21109343151095], [126.16607510116027, 37.211105947733934], [126.16607089286538, 37.21111684626391], [126.16606498884865, 37.211128302555046], [126.16605914252457, 37.21113763412521], [126.16604949936605, 37.21114979190995], [126.16602415266514, 37.21117748235207], [126.16601189072293, 37.2111900748293], [126.16590167874894, 37.21129564542319], [126.16582084282956, 37.211358768131134], [126.16580426649095, 37.2113714471848], [126.16579129187343, 37.21138034961737], [126.16576227587525, 37.21139747005942], [126.1657380110232, 37.211410752916336], [126.16571968241068, 37.211419840188604], [126.1657026932131, 37.21142710110138], [126.16524564744695, 37.21160655447549], [126.16522620070073, 37.211614112106], [126.16519448969822, 37.21162433919659], [126.16517326686107, 37.211630362542145], [126.16515527252554, 37.21163460606305], [126.16513019616878, 37.21163854622576], [126.16472956917518, 37.211690205421135], [126.16470884803374, 37.21169154644733], [126.16468701240281, 37.21169192488724], [126.16466555855541, 37.21169135851214], [126.16464474621353, 37.211689625815964], [126.16448885039094, 37.21166965899568], [126.16443012955844, 37.21166090995241], [126.16435862307264, 37.21164905487148], [126.16426675650227, 37.21163340440187], [126.16424837433958, 37.21163004778194], [126.1642003122053, 37.21161816769046], [126.16417345542635, 37.21161091180078], [126.16411402278622, 37.211592365072235], [126.16403940966815, 37.211567970408005], [126.163933513015, 37.21152828029935], [126.16391493486204, 37.21152115019239], [126.16388865836471, 37.21150943011719], [126.1638713285728, 37.211500719608885], [126.16385877770267, 37.211493568258135], [126.16384776547227, 37.211485885346214], [126.16384133809018, 37.21148054177137], [126.16383366822441, 37.21147216467506], [126.16382576641574, 37.21146019761116], [126.1638194500775, 37.211447663461854], [126.16381690593995, 37.21144137311964], [126.16149421135765, 37.21217012813789], [126.15983456978934, 37.21786875536195], [126.15977957844983, 37.21819365304145], [126.15978213934973, 37.21852351583626], [126.15997133187734, 37.218954881660416], [126.15999049296735, 37.21899157311601], [126.15999868751257, 37.21900662272248], [126.16000775933419, 37.21902132982988], [126.16002832715793, 37.219051451986054], [126.16006642491597, 37.219103889635846], [126.160123230943, 37.21917186177216], [126.1601414660874, 37.2191928593619], [126.16014920973086, 37.219200589459476], [126.16016184056116, 37.21921180896591], [126.16149938201717, 37.22187854398053], [126.16473135083642, 37.223699074385465], [126.16757366393146, 37.22593781816037], [126.16833689450115, 37.22748612738267], [126.16833664628614, 37.227506713956316], [126.16834210734436, 37.22754716362236], [126.16836884749716, 37.22758786339962], [126.16863356728221, 37.227859440947555], [126.16926774924728, 37.228492066917184], [126.17003653970555, 37.22911677341104], [126.17004945912076, 37.229125729137046], [126.17006299628294, 37.2291336561574], [126.17007843422225, 37.229141501771224], [126.17008846489344, 37.22914447348529], [126.17029795223381, 37.22919663425735], [126.17030937693508, 37.22919891946114], [126.17032505805187, 37.229200237548234], [126.17034319835682, 37.2292002294312], [126.17035586605583, 37.22919906653203], [126.17036169673194, 37.22919761143919], [126.17036655201589, 37.229195663175425], [126.17037442977778, 37.229190673469816], [126.17037934580274, 37.229186229169166], [126.17039159095324, 37.22917292584763], [126.17039436725437, 37.22916836918873], [126.1703955918917, 37.22916359140348], [126.17039599932909, 37.229157143268246], [126.17039589161244, 37.22915499686386], [126.17039160018976, 37.22913529941336], [126.17038749895869, 37.22912280852797], [126.1703798706755, 37.22910537653849], [126.17033432433725, 37.22900970047405], [126.17032614928766, 37.228994777086655], [126.17031081901055, 37.22897361267587], [126.17007569267189, 37.22869050594702], [126.17088174620804, 37.227471282165396], [126.17361817570996, 37.22511449354021]]], [[[126.51980667939517, 37.23480854902892], [126.51893554258596, 37.23394863391493], [126.51874875650863, 37.2337467555458], [126.51865641758395, 37.23361026903079], [126.51863588867661, 37.233578135364404], [126.51861903697953, 37.23353783419422], [126.51861170349574, 37.2335129009696], [126.51860628814637, 37.233481748853514], [126.51860468777667, 37.23344658389945], [126.51860456708931, 37.23342632637446], [126.51860595859992, 37.233392030800665], [126.51861160361429, 37.23333345868144], [126.51862116569116, 37.23329186931774], [126.51868027619345, 37.23313695999473], [126.51872393126472, 37.23304988148609], [126.5191783971294, 37.232413934886566], [126.51929043820093, 37.23229771603601], [126.51932437831222, 37.23225875678944], [126.51934458426784, 37.23221085936744], [126.51934855392766, 37.23219071863705], [126.51935007419893, 37.23215707129664], [126.51935093731869, 37.232113410582], [126.5193492012107, 37.23207268574362], [126.51931265228235, 37.23153553586424], [126.51924319220294, 37.23140059489801], [126.51903780979225, 37.23114350351041], [126.51506391151551, 37.22832164459678], [126.51503248022507, 37.22830289152756], [126.51464161095404, 37.22808662673723], [126.51343624289784, 37.227829660336795], [126.51289756613413, 37.22783595283533], [126.51219781419992, 37.2280972667447], [126.51218609336615, 37.228106073631366], [126.51217476694347, 37.22813459050181], [126.51153846357454, 37.231583415687226], [126.51151694697889, 37.23171493185156], [126.51150201228417, 37.231813569545565], [126.51149884336897, 37.23184699298423], [126.51150533236797, 37.2318856474773], [126.51159154134324, 37.232150837527804], [126.51196318190762, 37.23320170909307], [126.51196983569335, 37.23321325078264], [126.5120629226134, 37.23327331150824], [126.51209354325913, 37.23329053077174], [126.51255751016095, 37.23348055801448], [126.5126269358694, 37.23350706395067], [126.5146650235688, 37.23424897965895], [126.51543101022794, 37.23452761727691], [126.51555678371575, 37.23454702658364], [126.51578390094062, 37.234503183407774], [126.51614025290452, 37.2344093094576], [126.51977269226282, 37.234792647828115], [126.51980667939517, 37.23480854902892]]], [[[126.52380169030562, 37.2366775507266], [126.51980667939517, 37.23480854902892], [126.52044082939699, 37.23543451429376], [126.52058371117687, 37.235535891706824], [126.5210355054185, 37.23583706219838], [126.52108745977993, 37.23586865572159], [126.52223668336488, 37.236416174660214], [126.5223270952838, 37.236453850355986], [126.52255740211626, 37.23653542204797], [126.52278283974, 37.236615035893585], [126.52296429195633, 37.236673407028015], [126.52308219728732, 37.236704716363285], [126.52342986138943, 37.23677039434986], [126.52350906463656, 37.23678284106223], [126.52366314368024, 37.23678943505876], [126.52366822888538, 37.23678727403468], [126.52378735098105, 37.236689650604674], [126.52380169030562, 37.2366775507266]]], [[[126.38599605907369, 37.24067140909579], [126.38624863921342, 37.24066612181346], [126.38639986911843, 37.24066918739175], [126.3864178138013, 37.240670043896216], [126.38800455860512, 37.240773738394445], [126.38812180298001, 37.240786103720744], [126.388175158564, 37.24080099315343], [126.38829929261202, 37.24084045119137], [126.3887753229271, 37.24103588274649], [126.38880223691051, 37.241049672859916], [126.3888272852914, 37.24106444416704], [126.38883621767808, 37.241074662888785], [126.38884578720702, 37.24108141554858], [126.38901067760611, 37.24114178829698], [126.38907006744633, 37.24115038476397], [126.3891451225825, 37.241157835619305], [126.38917079273995, 37.24115544537641], [126.38918242324586, 37.24115128834881], [126.38918809818784, 37.24114486621427], [126.38918954586548, 37.241140098078276], [126.38918960931446, 37.241132241514435], [126.3891868407783, 37.241127452753084], [126.38917985854872, 37.241121242675575], [126.3891700734492, 37.24111473409162], [126.38748835934324, 37.24012078698387], [126.38747935630475, 37.24011662193527], [126.38746958379875, 37.24011403064248], [126.38735830565878, 37.2401026599577], [126.38576821453722, 37.23996201649572], [126.3857417217762, 37.23996026552503], [126.38571443577024, 37.239958944243234], [126.38568233403157, 37.23995835550889], [126.38551270105758, 37.23995535557108], [126.38548475657053, 37.239954959143766], [126.38501351341525, 37.23995723502928], [126.38441854948437, 37.240035739656335], [126.38441069476714, 37.240037051042904], [126.38409787615232, 37.2401286993128], [126.38408675840331, 37.24013202150673], [126.38407791121344, 37.24013503880605], [126.38393678984599, 37.24019442074374], [126.38392966265039, 37.24019792385256], [126.38392391705224, 37.24020314896246], [126.3839211469031, 37.2402096568114], [126.38391240639056, 37.240301923278835], [126.38391224168292, 37.240312481160366], [126.38393413428666, 37.24050692882027], [126.38393546800238, 37.240514650724535], [126.38406049847731, 37.2412374138639], [126.38406405085978, 37.241244072340145], [126.38406959278042, 37.241249913104895], [126.3840759759309, 37.24125650632098], [126.3841140326053, 37.24129001520181], [126.3841214546501, 37.24129588359787], [126.38413095323043, 37.241301915780596], [126.38414246762935, 37.241306418423214], [126.38415479411925, 37.2413108971702], [126.38419635531702, 37.241323727600616], [126.38420971392293, 37.241327482361065], [126.38423538422697, 37.24133335505739], [126.38426296964933, 37.241339328719484], [126.38427744793825, 37.24134238465277], [126.3843936726242, 37.241359542003686], [126.38440273432332, 37.24136079644579], [126.38441275733429, 37.241360469945356], [126.38442277370693, 37.24135937001463], [126.3844308482213, 37.2413573828766], [126.3844409214056, 37.24135472322537], [126.38445214277746, 37.241349736262904], [126.38446232688554, 37.241344752146006], [126.38458680275217, 37.24126853313315], [126.38483436775022, 37.241044273892136], [126.38547303753812, 37.24075691615495], [126.38549716975614, 37.240746878612654], [126.385510890437, 37.24074196735191], [126.38553567253261, 37.24073373323084], [126.38554951547785, 37.24072924675564], [126.38557952462537, 37.240719912588396], [126.3856093933999, 37.24071245462569], [126.38562667917247, 37.240708598145616], [126.38564444890355, 37.240704797595214], [126.38567834842286, 37.24069938758272], [126.3857749121009, 37.2406851931116], [126.38583815731054, 37.240676914351845], [126.38585395260701, 37.240674897911596], [126.38586942986545, 37.24067426747284], [126.38598255528346, 37.24067169847562], [126.38599605907369, 37.24067140909579]]], [[[126.55135133131259, 37.24382203637826], [126.55168694901081, 37.24331634258924], [126.5513759098208, 37.24373642714263], [126.55135338355004, 37.24380798510057], [126.55135133131259, 37.24382203637826]]], [[[126.48207494899108, 37.24418826266713], [126.48263181771658, 37.24332115422042], [126.4826998264945, 37.243193602843895], [126.48321029793306, 37.242169633401815], [126.4832224847808, 37.24213276304704], [126.48322987321484, 37.2421088194641], [126.48326549318226, 37.24187334465183], [126.48280735884519, 37.24276417123662], [126.48279679377104, 37.242784714365044], [126.48279057223424, 37.24279681158977], [126.48276200009776, 37.24285236800006], [126.48260682993691, 37.24322563628514], [126.48245668188322, 37.243446031335075], [126.48242263335689, 37.24351223455001], [126.48240585006057, 37.24354486907352], [126.48239951228656, 37.24355719215673], [126.48207494899108, 37.24418826266713]]], [[[126.55135133131259, 37.24382203637826], [126.55113103887051, 37.24415395840351], [126.55110880761069, 37.24417354373851], [126.55105556443229, 37.244219537720966], [126.55002942434676, 37.2448037598301], [126.5500000354745, 37.24481974333068], [126.54990424383867, 37.24487180776047], [126.54971284118788, 37.24495227320881], [126.54955679898991, 37.24500135247838], [126.54941567013022, 37.24503344322612], [126.5472703626569, 37.24534720081761], [126.5470166971875, 37.245370900842396], [126.54680149900906, 37.24537913419198], [126.54679494533102, 37.24544614530352], [126.55007718380972, 37.24598729124811], [126.55010454529557, 37.2459880614961], [126.55014882567716, 37.24598526643031], [126.55019988481457, 37.24597706250904], [126.5502323993438, 37.24596971754768], [126.55031556758841, 37.24594712023009], [126.5504434292417, 37.245902462359155], [126.55070147593644, 37.245799209783996], [126.55103864662621, 37.245654285809884], [126.55118934707163, 37.24548849087962], [126.55144315656982, 37.24444038247969], [126.5514336382331, 37.24428891893585], [126.55136737674985, 37.244139059529374], [126.5513462918668, 37.244080149966265], [126.55133685108777, 37.24402990934812], [126.5513360724622, 37.24397707637682], [126.55134195315199, 37.24388624802575], [126.55135133131259, 37.24382203637826]]], [[[126.39328892036303, 37.24443943336737], [126.39597227005996, 37.2431412301565], [126.39622384898132, 37.24316647294207], [126.39625368948616, 37.243169453394934], [126.396266352968, 37.243170068091494], [126.39628194141075, 37.243170038538416], [126.39632754143327, 37.243168371538424], [126.39635607111101, 37.24316506357208], [126.39653137892627, 37.24314266540847], [126.39654444011317, 37.24314012901901], [126.39655652555551, 37.24313677681694], [126.39703534374205, 37.242983877635545], [126.39718750343413, 37.24291761536453], [126.39744172821393, 37.242758903434215], [126.39752600794982, 37.24270616268628], [126.39824469587104, 37.24193575017645], [126.39846219868424, 37.24134718308114], [126.39848389034228, 37.241235467365215], [126.39848140432689, 37.241226253959276], [126.39847636957346, 37.241216010022114], [126.398460479777, 37.241203153907755], [126.39831228389956, 37.241097645386624], [126.39808748908867, 37.241032773806346], [126.39767223518352, 37.24094092858138], [126.39350920036229, 37.24061840176574], [126.39349180562913, 37.240617555080604], [126.39347440814541, 37.24061720501705], [126.39345749694351, 37.240617832063776], [126.39344125931355, 37.24061896385546], [126.39294069717695, 37.24065808196142], [126.39291433085681, 37.240660143827895], [126.3928999975785, 37.24066134022137], [126.39288647448282, 37.24066264243675], [126.3928606775759, 37.240668167235455], [126.39285010742661, 37.240671069030896], [126.39097533483547, 37.24121124208779], [126.39105304541141, 37.24184539203608], [126.3911415936474, 37.24190583730275], [126.3917446685371, 37.24242193030342], [126.3917854536955, 37.24245709103561], [126.39182968860159, 37.24249781118313], [126.39207766870068, 37.242768328921706], [126.39213424424801, 37.242837432894405], [126.39218577917624, 37.24290938304596], [126.39229871958526, 37.24310161192666], [126.39231663059223, 37.24315180138576], [126.39271114697593, 37.244494569545424], [126.39272285388786, 37.24455687378548], [126.39272894345022, 37.244604253047875], [126.39379869647655, 37.24572397729984], [126.39328892036303, 37.24443943336737]]], [[[126.501056481191, 37.2530890364833], [126.50100355097476, 37.253061249603036], [126.50095616069117, 37.25306189711249], [126.50074089310039, 37.25324798940885], [126.5007009549011, 37.25331121945414], [126.5007067208078, 37.253506928835826], [126.50079287207542, 37.25380574263582], [126.50088675588623, 37.25402798286382], [126.50097874463532, 37.254214621943724], [126.50112414789919, 37.25446147857187], [126.50149853316464, 37.25506261266063], [126.50191319415428, 37.25555489076918], [126.50357316071111, 37.25689331053989], [126.50363760148699, 37.25691798968933], [126.50368390173723, 37.256918777741134], [126.50371671764499, 37.256897976330386], [126.50372737128134, 37.25686359319855], [126.50368968879518, 37.25666228024337], [126.50327494925499, 37.254574069333], [126.50318340416194, 37.25437537635172], [126.50312614154203, 37.2543019447485], [126.50278176853496, 37.25406880565567], [126.50245624862352, 37.253861011325256], [126.501056481191, 37.2530890364833]]], [[[126.52380169030562, 37.2366775507266], [126.52473991244473, 37.237116450018725], [126.52479647380011, 37.23714853686089], [126.52489558585707, 37.237228280758984], [126.52498951675136, 37.237330430570914], [126.52499998251137, 37.23734379034188], [126.52507627515234, 37.23744119154832], [126.52525716395954, 37.237726410822404], [126.52566494931769, 37.23851477579529], [126.52569059308664, 37.23859848713935], [126.52606985182332, 37.240042151695604], [126.52626252579398, 37.241485645223285], [126.52626250806571, 37.24150297213219], [126.52626236064067, 37.24151758574916], [126.5262032278633, 37.241877306221205], [126.52564685028312, 37.24505719787763], [126.52504236649044, 37.24641381756901], [126.52306099004836, 37.24868954782707], [126.52284367946132, 37.24893475329605], [126.52261768379154, 37.24918235009652], [126.52232697786562, 37.2494963496312], [126.5221512537893, 37.24968272225065], [126.5220626753768, 37.24976055852898], [126.52132737110892, 37.25028554089151], [126.52131062417489, 37.25029394113371], [126.52126084807807, 37.250306750957705], [126.5212378425086, 37.25031206454207], [126.51683302900999, 37.25063794601622], [126.5168277879983, 37.2506431592791], [126.51385701400976, 37.253040763744835], [126.5137560341689, 37.25310311575263], [126.51366171825684, 37.25313710214354], [126.51355822467893, 37.253160799489535], [126.51152783967814, 37.253502887567834], [126.51228354461232, 37.25466324763281], [126.51409030693667, 37.25660331362253], [126.52049604087561, 37.25887292515077], [126.52342101671763, 37.26143310334001], [126.52156088511089, 37.25880318523486], [126.52151252920892, 37.258713625856544], [126.52149277931672, 37.25863688599325], [126.5214834306309, 37.258535958251095], [126.52148529119903, 37.25848593147319], [126.52207820388769, 37.258154844635], [126.5222571897144, 37.25806212997134], [126.5224504926089, 37.25799973810103], [126.52439264550469, 37.257065570145514], [126.52901229465708, 37.25221285945844], [126.52902324130041, 37.25219985593776], [126.52903149447651, 37.252186913253034], [126.529069303877, 37.25207399236681], [126.52908402694007, 37.251994111140576], [126.52906007667103, 37.250264260054195], [126.52904073075015, 37.25024856088666], [126.52869426108452, 37.25006338817178], [126.52856337655408, 37.25000032626039], [126.52767806815663, 37.24957377981637], [126.52679433779213, 37.24915611644295], [126.52647058266496, 37.24900092504353], [126.52646639404318, 37.24899486314265], [126.52646422642003, 37.24898631295213], [126.5264502758108, 37.24888155550702], [126.52644826272473, 37.24886099493122], [126.52645398771631, 37.24883037379468], [126.52671860274826, 37.24835108071076], [126.52698714575811, 37.24787891213833], [126.52700516723314, 37.24785565616064], [126.52732722495186, 37.24746632346618], [126.52765274492671, 37.24715897357192], [126.52776755761712, 37.24705505547139], [126.52896643387115, 37.246215496242314], [126.52959235067608, 37.24588114095593], [126.53001859483318, 37.245669747711354], [126.53029196019818, 37.245581728082065], [126.53065425243325, 37.245477148480575], [126.53072699293071, 37.24546117406651], [126.53100289301493, 37.245412997895315], [126.53116014182228, 37.24538743735124], [126.53228004593161, 37.24288128637134], [126.53385660737982, 37.23938608020924], [126.53393934427935, 37.239240734806245], [126.53433817844015, 37.23858152830019], [126.53439186722946, 37.2385028445891], [126.53656075609716, 37.23675332748136], [126.5386323563433, 37.23520730563063], [126.53867698827645, 37.23510480510354], [126.5386981178864, 37.23427800485744], [126.53869844139393, 37.23422127687197], [126.5386912017732, 37.23413888579237], [126.53866935979875, 37.23402286312046], [126.53865687727769, 37.23397392449462], [126.53858216001957, 37.2336991571834], [126.53857115803116, 37.233660938878536], [126.5385468230372, 37.23362833513826], [126.53734206999773, 37.23244635417445], [126.53733628560047, 37.23244504342655], [126.53715842485506, 37.23246636069267], [126.53714071794268, 37.23246896861267], [126.53194084730738, 37.233504907568985], [126.52455075972891, 37.23557606042678], [126.52390442728104, 37.23640688649523], [126.52391293814321, 37.236429844277346], [126.52391317387678, 37.23645842510769], [126.52389451503863, 37.23656570037085], [126.5238585699576, 37.236629557383026], [126.52380169030562, 37.2366775507266]]], [[[126.29020018566924, 37.267097197179034], [126.2902682569493, 37.26709717899164], [126.29030083409786, 37.26709760925796], [126.29863791566132, 37.26582261903093], [126.30096249242536, 37.26611503859095], [126.301947620059, 37.265807463989425], [126.30232387530644, 37.265665643963835], [126.30283999626882, 37.26534976798532], [126.30344245975412, 37.26489526962453], [126.30345276771375, 37.26486546162787], [126.30371673641051, 37.26437903733455], [126.30428361988349, 37.263736119122306], [126.30431289413869, 37.263707991645376], [126.30453405405139, 37.263524139786504], [126.30456616559016, 37.263497576797796], [126.30459856943943, 37.26347378029088], [126.30463635524686, 37.26345109810859], [126.30465758989834, 37.26344014840978], [126.30470240090406, 37.26341935606803], [126.30624461141545, 37.262750380538016], [126.30627562265101, 37.26274331119825], [126.30651618233583, 37.262696414850055], [126.30653076223794, 37.26269579929952], [126.30657545750421, 37.262697573079585], [126.3066177870548, 37.262701046375675], [126.30669298079819, 37.262708517637485], [126.30671781559688, 37.26271108625188], [126.30674176674039, 37.26271405336418], [126.30676503868584, 37.26271718307933], [126.30707304779669, 37.26276089316956], [126.30720311109356, 37.26278259231172], [126.30722608604118, 37.26278753786879], [126.30747002446628, 37.26285417345636], [126.30771199103393, 37.26292073099701], [126.31097063229483, 37.26245543273588], [126.31098986370397, 37.262445581246666], [126.31100959548301, 37.26243675510889], [126.31102972307247, 37.262428718920965], [126.31105013357977, 37.26242076308724], [126.31107025589247, 37.262413205456554], [126.31108999075661, 37.26240762510001], [126.31140188763882, 37.26233752058105], [126.31162617355496, 37.26230575534558], [126.31166428455751, 37.26230124899609], [126.31170767414716, 37.26229625661291], [126.31175409824844, 37.262291346951294], [126.31179955566282, 37.26228738480311], [126.31184285153182, 37.262284049914975], [126.31188282994533, 37.26228112698271], [126.31191977189343, 37.26227853230008], [126.31195524771559, 37.2622760869379], [126.31199015271345, 37.262274515554886], [126.31460215498068, 37.26222573791851], [126.31462717209949, 37.26222560444923], [126.31465229902926, 37.26222580377137], [126.31480745439619, 37.26223619770308], [126.314836010609, 37.26223892265365], [126.31486494951982, 37.26224226975547], [126.31512496322502, 37.262282410206325], [126.31515302538745, 37.262286871545854], [126.31524308270676, 37.262301988990885], [126.31527183922546, 37.26230747938362], [126.3174492550468, 37.26095130610688], [126.31746692732071, 37.26093939912185], [126.31940621603955, 37.25975080861414], [126.32048293706836, 37.25909511972736], [126.32083107178273, 37.258887529067756], [126.32085059953206, 37.25887704615675], [126.32087276797675, 37.25886773966956], [126.32089768145752, 37.25886000543615], [126.32210944540294, 37.25828585414006], [126.3241958967648, 37.25742166002925], [126.32421973505787, 37.257412820167914], [126.32427287196074, 37.25739323692118], [126.32430197711746, 37.25738304143718], [126.32441986824064, 37.25734210637947], [126.32533234468518, 37.25702586924193], [126.32662948446078, 37.25685790338657], [126.32665206824608, 37.25685706722953], [126.32667592486493, 37.25685922896388], [126.32677801920944, 37.256881608244974], [126.3268036450877, 37.25688907842855], [126.32694118421928, 37.256937585707725], [126.32697101882955, 37.25694837848284], [126.32700233290174, 37.25696106252601], [126.32738095527897, 37.2571147417318], [126.32765568634954, 37.25723266905552], [126.32768376934811, 37.25724488286548], [126.32771184855676, 37.25725734179928], [126.32773934220022, 37.257270040096174], [126.32776537966686, 37.25728312777404], [126.32778925448055, 37.25729678712271], [126.32781156960236, 37.25731154870104], [126.32798837505514, 37.25743441578556], [126.32800708326141, 37.25744791758175], [126.32802637271196, 37.2574627699476], [126.32804507597193, 37.257479211901995], [126.32812009551509, 37.257546212982284], [126.32983538583804, 37.25745403688934], [126.32981187346313, 37.25738645538287], [126.32977369736238, 37.25727440398524], [126.3297661183042, 37.25725058021655], [126.32975970194113, 37.257226677805185], [126.32973081986484, 37.257115948609425], [126.32972448026396, 37.25707834007812], [126.32972580309175, 37.25705901913066], [126.32972859746864, 37.25703889790649], [126.32973255247539, 37.25701853938173], [126.32974781568812, 37.25697907038283], [126.3307061029044, 37.25534798242908], [126.33071360852453, 37.25534052845629], [126.33072385406838, 37.255334253473926], [126.33073723447738, 37.255328993730174], [126.33088120535025, 37.255280170525566], [126.3309039615564, 37.25527252282639], [126.33092770070967, 37.25526606379963], [126.33095280764582, 37.25526069989865], [126.33097859974656, 37.255256530741825], [126.33173030681593, 37.2551447957269], [126.33179353894776, 37.25513778162114], [126.33182471679865, 37.255135341940935], [126.3318555974796, 37.25513432886707], [126.33195119824212, 37.255134219344335], [126.33202118305917, 37.25513447175248], [126.33219516709234, 37.25513578428275], [126.33222713318752, 37.255136189732916], [126.3325950676577, 37.25514606661475], [126.33262068237038, 37.25514680772711], [126.33264687748463, 37.25514793492813], [126.332674154366, 37.25514954870445], [126.3327034874053, 37.25515178665489], [126.33273467241231, 37.25515472788658], [126.3328007628212, 37.25516211981681], [126.33283459709872, 37.25516656355875], [126.33286881961922, 37.255171569957795], [126.33290294800489, 37.255177123441996], [126.33293628104019, 37.2551830674742], [126.3330284042513, 37.25520006564541], [126.33311328268768, 37.255216691285696], [126.33314213576774, 37.25522241443838], [126.33355226569013, 37.25530457095894], [126.33363011897657, 37.25532428986294], [126.33365348911872, 37.255330341047], [126.3339728906634, 37.25544111796523], [126.33399704694085, 37.255450014286026], [126.33402101375648, 37.25545979025986], [126.33404508418708, 37.25547074531864], [126.33406896749591, 37.25548257464549], [126.33409313896668, 37.25549487641071], [126.3341870847736, 37.25554291532618], [126.33420919980672, 37.255554904778705], [126.33422985168268, 37.255567301652924], [126.33429092748123, 37.25560407437625], [126.33431128839604, 37.25561662160153], [126.334368265521, 37.25565301862464], [126.33440028387643, 37.2556763922991], [126.33496231411968, 37.25609804164222], [126.3350025596064, 37.25612964255137], [126.33502136418325, 37.25614734540616], [126.33506055642592, 37.25618495607264], [126.33509778903553, 37.25622328925798], [126.33511425767549, 37.256242572621204], [126.33512925353996, 37.25626274104176], [126.33514464643567, 37.25628392829119], [126.33516024720777, 37.256305676423224], [126.3351899582003, 37.25634813768324], [126.3352038800884, 37.25636877865303], [126.3352294907022, 37.256408480175836], [126.33524106649249, 37.25642769825648], [126.33525029163002, 37.25644637402942], [126.33533335623322, 37.25673120506123], [126.3353372913173, 37.25674529046873], [126.33533850233087, 37.256759942167996], [126.33533776154968, 37.256776415230036], [126.3353354514372, 37.256794477262716], [126.33532675082776, 37.25683400796172], [126.33531868142683, 37.256854221650904], [126.33530699097277, 37.25687364257839], [126.33529168842064, 37.25689212841732], [126.33527334995716, 37.256909901159844], [126.335253256941, 37.25692752323693], [126.33520896564056, 37.25696222223133], [126.33518583243195, 37.256977943174434], [126.33516308332761, 37.25699200669758], [126.3351213119245, 37.25701727976001], [126.3351017873398, 37.25702800844356], [126.33385127828191, 37.258518125129264], [126.33394447813811, 37.26080834838525], [126.33394677042857, 37.26082584999979], [126.33412016506813, 37.261760016338926], [126.3341239122043, 37.26177576021635], [126.33413875003383, 37.26180535354136], [126.3341849479367, 37.26187660616253], [126.3347936217809, 37.26274867984495], [126.33480577906361, 37.26276607483356], [126.33483293078645, 37.26279619488182], [126.33484614976165, 37.26280836165422], [126.3348709265702, 37.262827791710855], [126.33488296713514, 37.26283505073304], [126.33517114473699, 37.26299934058343], [126.33519325759761, 37.26301132803036], [126.33532518645988, 37.263079567744555], [126.33535122162687, 37.26309067617456], [126.33536413882113, 37.263094767405704], [126.33978889487291, 37.263451463326476], [126.33997594673846, 37.26341980756411], [126.34035951379046, 37.26334783030453], [126.34559245788186, 37.26088401739711], [126.34560271606914, 37.260887966210696], [126.34570455612885, 37.26091311012961], [126.34580893841151, 37.26093705110314], [126.34625086528722, 37.261033827026836], [126.34641113126087, 37.26106434756465], [126.34642539855756, 37.261066148689764], [126.3464794265106, 37.26106779643682], [126.34650024374207, 37.26106839948003], [126.34652250746136, 37.26106836042802], [126.34676307353944, 37.26102636477605], [126.34677967544508, 37.26102252809836], [126.34689941506178, 37.260990420096746], [126.34716366092324, 37.26091330857979], [126.34766922912193, 37.2607028558911], [126.34811891967483, 37.260500979035776], [126.34813297386714, 37.26049381481528], [126.34819555005929, 37.260458394736446], [126.34835728297728, 37.26036129966226], [126.34836987392215, 37.260353655178335], [126.34838226701484, 37.26034522909698], [126.34839417300921, 37.26033576171854], [126.34877309493687, 37.259979028057785], [126.34878431195871, 37.25996710586051], [126.34879181145897, 37.259953597182125], [126.34887097658707, 37.25964364671233], [126.34887164039763, 37.259630558290816], [126.34886965575924, 37.259616030792905], [126.34886563300765, 37.25960056589814], [126.34886004206281, 37.259584703580174], [126.34885337726546, 37.259569009288136], [126.34883955845291, 37.259537756557016], [126.34876067013602, 37.2593844171684], [126.34870738786657, 37.259291185694366], [126.34861269604038, 37.25913715710948], [126.34860270416877, 37.259123126793234], [126.3485905704305, 37.25910934605064], [126.3484457668879, 37.25896484217864], [126.34842894364041, 37.25894947809283], [126.34841074565797, 37.25893419527412], [126.34839177558706, 37.25891970354201], [126.34837221424914, 37.258906717626516], [126.34835256087389, 37.25889548124276], [126.34833301073101, 37.25888576013547], [126.34816230932547, 37.25880217169093], [126.34605467297494, 37.25560702729439], [126.34525366845178, 37.254163526630805], [126.34259011104784, 37.25078846263252], [126.34223236346502, 37.25037014672365], [126.34180097697688, 37.25006179759921], [126.3393171667448, 37.24944176985642], [126.33927548705637, 37.24943159055509], [126.33925221256003, 37.249426154344505], [126.33922807837449, 37.24942148666883], [126.33853337834192, 37.2492898684242], [126.3380472627221, 37.24942542513904], [126.33803270630807, 37.24942939065446], [126.33801718895286, 37.24943190637179], [126.33773352287731, 37.249455250481944], [126.33768227423376, 37.2494592253019], [126.33765479456942, 37.24946051486712], [126.33762731721444, 37.2494618008432], [126.33759978331825, 37.24946162966828], [126.33757223146479, 37.24946071919963], [126.33754926778727, 37.24945971857], [126.33718141846413, 37.24943196081143], [126.33714463146947, 37.24942904145684], [126.33711151008376, 37.24942604812957], [126.337085699774, 37.24942216305666], [126.33656406462192, 37.24931831555304], [126.3363199965551, 37.24925945604942], [126.33578652142482, 37.249129435098894], [126.3356131317884, 37.24907133942844], [126.33508641685198, 37.24886491088362], [126.33504551609708, 37.248848138042575], [126.33486227964654, 37.248768973470476], [126.33483250425407, 37.248755639645346], [126.33479710537144, 37.24873875501509], [126.33451079788331, 37.24859126951295], [126.3343820179325, 37.248522735432175], [126.33415216566851, 37.2483909728584], [126.3341185041726, 37.248371116242225], [126.33408851949429, 37.24835118766162], [126.3340153387376, 37.248299868538716], [126.33399280249652, 37.248283449251424], [126.33397394965446, 37.24826770078962], [126.33395978199646, 37.248254781850974], [126.33374453160022, 37.24803325035827], [126.3334774809553, 37.247740888022435], [126.33328193356853, 37.247446348988944], [126.33258041915573, 37.24690997098552], [126.3310800345907, 37.24591274304678], [126.33107058921858, 37.24590657195913], [126.33101760946639, 37.24587443747288], [126.33099953684413, 37.245864751545106], [126.3306895627377, 37.245752071472246], [126.33067486995117, 37.2457476647596], [126.33065783846753, 37.24574400830999], [126.33063998841492, 37.245741374923334], [126.33063108802565, 37.2457410905236], [126.33061842533456, 37.24574174963855], [126.3305166068819, 37.24574939157189], [126.33050708459417, 37.245750535976924], [126.33019466513501, 37.24580326331699], [126.3274855538473, 37.246768155800304], [126.32664365869482, 37.247550777186746], [126.32651968876762, 37.247669946021155], [126.3259716452405, 37.24808842871672], [126.32558817578212, 37.24834192069196], [126.3254960847498, 37.24838087946831], [126.3254768553796, 37.248383253962274], [126.3253714805199, 37.2483900701749], [126.32527408112948, 37.24837774855971], [126.32241220059343, 37.24788413869103], [126.32239156983142, 37.24787571494878], [126.32236859823203, 37.247862229352066], [126.32000417755653, 37.246471029789966], [126.31997096155304, 37.246448350576884], [126.31994892910906, 37.246420390921074], [126.3199404993652, 37.24640799981828], [126.31992920940556, 37.24638757077731], [126.31992152204268, 37.246362713237104], [126.31991368385617, 37.246326850465735], [126.31990950381986, 37.24629022645691], [126.31990800164607, 37.24624918636541], [126.31990915129568, 37.24620004970402], [126.31991480355988, 37.24614574178554], [126.31991966227106, 37.24610024119752], [126.31992720388082, 37.246048843651764], [126.31993564748868, 37.245997444278885], [126.31995354436475, 37.24581543920532], [126.31996107403894, 37.24573371458236], [126.31996045009011, 37.24570533013733], [126.31995917409766, 37.24567928271366], [126.31995798506736, 37.24566255255063], [126.31994870568705, 37.24563538699963], [126.31992417062759, 37.24559628509516], [126.31976129128695, 37.24542051458863], [126.3192300397535, 37.244897829751864], [126.31842472881095, 37.24447876945272], [126.31709499870561, 37.24452338589253], [126.31695896969775, 37.24453618885458], [126.31695015844824, 37.24453829290566], [126.3167501251113, 37.24460379459258], [126.31674105513666, 37.244607590587464], [126.31664646860544, 37.2446677101917], [126.31663005028823, 37.24467868863218], [126.31662012888249, 37.244686606110804], [126.31659799235106, 37.2447056431836], [126.31656426549748, 37.24473607469198], [126.31645685402388, 37.24483532531503], [126.3164434130105, 37.24484841020942], [126.31643366574073, 37.24485946432084], [126.31629273322068, 37.245026118229305], [126.31628608409848, 37.245034437948725], [126.31627872467824, 37.2450459287395], [126.31627156874264, 37.24505969117273], [126.31626494726615, 37.24507518053442], [126.31626271864687, 37.245083445298775], [126.31626196513507, 37.24509197358457], [126.3162626059706, 37.245103333442394], [126.31626452447307, 37.24511460512247], [126.31626788480601, 37.24512552887344], [126.31627281094124, 37.245136396170516], [126.31627772202123, 37.24514433391745], [126.31628397068955, 37.245151524294435], [126.31629137053481, 37.24515806368515], [126.31630528328085, 37.24516888472062], [126.31632152264996, 37.24518016797376], [126.31633630921945, 37.245189040902694], [126.3163517756362, 37.245197122026944], [126.31636739255751, 37.24520379854206], [126.316383213133, 37.24520927648794], [126.3164104258395, 37.24521762285157], [126.31644427459499, 37.245226991881395], [126.31645883402572, 37.24522991629442], [126.31646791382197, 37.24523011161443], [126.31647697727826, 37.245229044875266], [126.31648295732425, 37.245227027932984], [126.31649094400923, 37.245222575761204], [126.31649649627145, 37.24521518247424], [126.31649891866874, 37.245209232516004], [126.3165000810983, 37.24520281568105], [126.31654498915849, 37.24506994714435], [126.31678924200422, 37.24494162711915], [126.31680548664195, 37.244942191460424], [126.31681867002875, 37.24494745551252], [126.31685509070513, 37.244988176675534], [126.3168701611045, 37.24500803086303], [126.31687784418669, 37.245027176677105], [126.316940834481, 37.24539070192077], [126.31707297695753, 37.246244275531325], [126.31708224778566, 37.24630726641161], [126.31708075617111, 37.24632753016137], [126.31707831604172, 37.24634326955437], [126.31673848096901, 37.248139208592804], [126.31668864686509, 37.248199802456504], [126.31649652655105, 37.24831915021234], [126.3163443558496, 37.2484001406663], [126.31627396946664, 37.24843749569757], [126.31600028190351, 37.24857640308028], [126.31534894014165, 37.24888775608962], [126.31500162540247, 37.24900932237656], [126.31412692223122, 37.249261250043126], [126.31245082171459, 37.24928496750401], [126.3119388472794, 37.249268998613275], [126.30498035392179, 37.253399704589334], [126.30490999982197, 37.253421519190574], [126.30375839031052, 37.25354076122257], [126.30372184483019, 37.25354107156976], [126.30197898599786, 37.253530402678024], [126.3018936904638, 37.253527152736424], [126.30180202611453, 37.253518933122905], [126.30162768538796, 37.25349687550426], [126.30117869456073, 37.25342641583406], [126.30110220156293, 37.2533986619939], [126.30091442864202, 37.25330893807744], [126.29995655135397, 37.252745128767174], [126.29607040863291, 37.254747748476696], [126.29605925165757, 37.25476208907307], [126.29604690919261, 37.25477652397176], [126.29603417487918, 37.25479078182484], [126.295940837277, 37.25489514095384], [126.29592644478564, 37.25490830030976], [126.29590999399261, 37.25492098985692], [126.29414521367565, 37.25615997665382], [126.29413435255451, 37.25616746440579], [126.29412250078107, 37.25617399925381], [126.29411008537551, 37.25617967387954], [126.29409775787252, 37.25618407849571], [126.29408483560579, 37.25618674645996], [126.29383210066, 37.256213640500306], [126.29316878990065, 37.25624211072067], [126.2931446371194, 37.25624303986454], [126.29312322418741, 37.25624285582556], [126.29310326805386, 37.25624197096226], [126.29289011148072, 37.256215495530704], [126.2926522224382, 37.25617936821013], [126.29194645964012, 37.25606982198655], [126.29185544278224, 37.25605356122295], [126.29183186999676, 37.256048961729704], [126.2879409475213, 37.25946188039466], [126.2879216595224, 37.25947850388883], [126.28790198277156, 37.25949363076534], [126.28776422274551, 37.25959951857342], [126.28774513540142, 37.259614171940925], [126.28772584885732, 37.259628588914644], [126.2877059712422, 37.259643156666996], [126.28757958542694, 37.25973406854331], [126.28755843402783, 37.25974761731915], [126.28724343347199, 37.25994703921632], [126.28722336451719, 37.25995932270986], [126.28720379529057, 37.25997011868573], [126.28712040299237, 37.26001246957842], [126.28681337880526, 37.260165828373665], [126.28679448761685, 37.260175122371265], [126.28677393983932, 37.26018448772053], [126.28675230970177, 37.260193698659016], [126.28672999615154, 37.26020234916112], [126.2866316514139, 37.26023956560437], [126.28658272894141, 37.260257496739435], [126.28655983543102, 37.260265603159205], [126.28653820995603, 37.26027213079041], [126.28645974649119, 37.260292879531725], [126.2864403722553, 37.26029727419623], [126.28642031608716, 37.26030087589061], [126.28639929137088, 37.260303696097814], [126.28637835886065, 37.26030470553545], [126.2863588989941, 37.26030389492072], [126.28634120107566, 37.26030150697913], [126.28552431863656, 37.26018328562469], [126.28534763575021, 37.26015517875739], [126.28532367240742, 37.26015097055022], [126.2853007975699, 37.260146533748504], [126.28510212134285, 37.2601079867589], [126.28507249995924, 37.2601014923009], [126.28498176435905, 37.26008127760937], [126.28495243541488, 37.26007398933067], [126.28492486143246, 37.26006584114413], [126.28487539702526, 37.260047718370615], [126.28485419648266, 37.26003775988088], [126.28483504293554, 37.26002701388965], [126.28481754599132, 37.260015634126546], [126.28480064472113, 37.260004098232756], [126.28478374248989, 37.259992482106675], [126.28476703538034, 37.2599807940706], [126.28475120754533, 37.25996870494473], [126.28473538133242, 37.259955673022674], [126.28456085455143, 37.259788963294625], [126.2845454200013, 37.25977387849078], [126.28453096643564, 37.259758238611425], [126.28451827730645, 37.259741429770344], [126.2845073592899, 37.259723036514885], [126.28449848678115, 37.25970408829909], [126.28449146120687, 37.25968515273693], [126.2844846414451, 37.25966716390099], [126.28447616498063, 37.25965065789823], [126.28446600641902, 37.25963510988258], [126.28443311924141, 37.25958821933699], [126.2844213135484, 37.25957187563915], [126.28440900275633, 37.2595560873925], [126.28439641123296, 37.25954092720598], [126.28438372409931, 37.259526945000516], [126.28436936163604, 37.259513920849564], [126.2843531481192, 37.25950128149297], [126.28433565505266, 37.25948911121609], [126.28425407017467, 37.25943719666594], [126.28395018442332, 37.259244080174106], [126.28390718722636, 37.2592168161543], [126.28372294767493, 37.25914184564735], [126.28370564395418, 37.259136144400514], [126.28368716387338, 37.259133050384165], [126.2817382560673, 37.25895468855766], [126.28171713388326, 37.258952931686665], [126.28169503269142, 37.25895132697944], [126.28071290261877, 37.258897429862095], [126.28070067201102, 37.2589012049282], [126.28069078646877, 37.258907107893954], [126.28053644957623, 37.2591077122592], [126.28051890463583, 37.25913293332857], [126.27955546272435, 37.261731473954036], [126.28001014800006, 37.264146153916464], [126.28085344571258, 37.26394139376539], [126.28192127808026, 37.26383240256051], [126.28218632639481, 37.2639033706096], [126.28219991732334, 37.26390858862058], [126.28221417539869, 37.26391593706881], [126.28234257408171, 37.264001032759786], [126.28305419963708, 37.26468266158078], [126.2833491535701, 37.26504617128687], [126.28367240630736, 37.265521406467805], [126.28369093861363, 37.265557246997076], [126.28369911847722, 37.26557917971556], [126.28370710832408, 37.265601988393776], [126.28382466389378, 37.265939276342344], [126.2838315835022, 37.265962158742525], [126.28383933636309, 37.266011626842456], [126.28423468914033, 37.26911657230347], [126.28423893613709, 37.26915278518864], [126.28423900318799, 37.26917526728208], [126.28423893441892, 37.26922204650123], [126.28423880606918, 37.26924531797044], [126.28423638392009, 37.26929003957853], [126.28423459916137, 37.269311815825276], [126.28422934596213, 37.269354727293276], [126.28422629008287, 37.269375315127306], [126.28421821964986, 37.269411909860196], [126.28421154605877, 37.26942854868904], [126.28418652199751, 37.269479322341205], [126.28416876507615, 37.26951511993463], [126.28415867141523, 37.26953206974856], [126.2841473005793, 37.269548067239114], [126.28412134239873, 37.269577393638166], [126.2841073278818, 37.269590308402165], [126.28396561529208, 37.26970778362302], [126.28504681046, 37.27165245225743], [126.28699614497297, 37.27231489048729], [126.28713193162064, 37.272305564900286], [126.2871572689599, 37.272302832046826], [126.2876201342557, 37.27224074796148], [126.28813523285521, 37.27197305151624], [126.28814923188655, 37.271965169242826], [126.28816009371222, 37.2719562705782], [126.28819143420162, 37.27193026668606], [126.28820250742953, 37.27192042196435], [126.2882177995387, 37.271895898726946], [126.28822016896777, 37.27188036122297], [126.28820344320444, 37.27124609395548], [126.2881825751339, 37.27099339308567], [126.28817917762557, 37.27097217123121], [126.28816622504, 37.27093152846888], [126.28814886118468, 37.270895617684324], [126.28783731945418, 37.27033370411108], [126.28780677672798, 37.27028382083039], [126.28775905232735, 37.27020835259826], [126.28769815399092, 37.270113390283775], [126.28764016169654, 37.270029080983214], [126.28762551600643, 37.27000894630319], [126.28758128760192, 37.2699512397053], [126.28756693304643, 37.26993362906893], [126.28754046856305, 37.269905285530314], [126.28752280225538, 37.26987884291354], [126.28751929914661, 37.26986337596159], [126.28752268491533, 37.269827086337564], [126.28755091937438, 37.26970539437811], [126.28756439880512, 37.269653654485595], [126.28757293560327, 37.269629373092826], [126.28759315041907, 37.2695826938467], [126.28760482889616, 37.26955998593397], [126.28762983371203, 37.269514491439395], [126.28848595101205, 37.268003633159644], [126.28851065709821, 37.26796587617775], [126.28874635908304, 37.267630443212155], [126.2887742898547, 37.26759300219085], [126.28880837732801, 37.26755745569696], [126.28882776307873, 37.267540200347916], [126.28899032792769, 37.26739781373843], [126.28903087120943, 37.26736645959451], [126.28907326436286, 37.26733494409037], [126.28911742270195, 37.26730390721615], [126.2891408232656, 37.267288622669014], [126.28919054226759, 37.26725838625964], [126.28921786282356, 37.26724381690305], [126.2892750111589, 37.26721713204615], [126.28933235632266, 37.26719731023572], [126.28936132441017, 37.26719070758555], [126.28942325143515, 37.2671808366031], [126.28945407044512, 37.26717668469609], [126.28966420242905, 37.26715046439033], [126.28997626652304, 37.26711251180488], [126.29001158798235, 37.26710875910487], [126.29008602713854, 37.267103078947066], [126.29016320619802, 37.26709842363654], [126.29020018566924, 37.267097197179034]]], [[[126.10798474312033, 37.27231029936698], [126.10800803850324, 37.27230933130087], [126.1080309288755, 37.27230996193302], [126.10805440585645, 37.272311320523194], [126.1080783919686, 37.27231387845683], [126.10824852732557, 37.27234327232037], [126.10834406077137, 37.27236266195635], [126.10837494550479, 37.272369225331644], [126.108403475206, 37.2723773257193], [126.10842923629538, 37.272386944738635], [126.10855746874499, 37.272437070021425], [126.10857276494795, 37.27244477053676], [126.1085858986129, 37.27245255739317], [126.10868861480436, 37.27253351000281], [126.108701058108, 37.27254522664199], [126.10889006234409, 37.27275386533615], [126.10911345471939, 37.27300841508212], [126.11053686785725, 37.271419401014604], [126.1102162863354, 37.26947154245743], [126.11021193821502, 37.269460707885656], [126.11020472287215, 37.2694520397959], [126.11019494162208, 37.269446018529415], [126.1101388676691, 37.26941802816898], [126.1101277178251, 37.26941706892294], [126.11005855209162, 37.269414124196146], [126.1099964898342, 37.2694131105751], [126.10990474960224, 37.26942478883393], [126.10989252270801, 37.269427203215415], [126.10987624736356, 37.26943162237889], [126.10985977827578, 37.26943725515951], [126.10981204838828, 37.26945413443085], [126.10979774669967, 37.2694593501053], [126.10978462712238, 37.269464740098854], [126.1097723989593, 37.26947004411844], [126.10976085810896, 37.269475505830314], [126.10974981924126, 37.26948145204351], [126.10973956983999, 37.26948844045306], [126.10973040308373, 37.26949622843948], [126.10972123870222, 37.269504500467534], [126.10971127778272, 37.26951285056796], [126.10969974756372, 37.26952104523257], [126.10968624223383, 37.269528521770695], [126.10967134181656, 37.26953317698006], [126.10965575274949, 37.269533822191285], [126.10954575377754, 37.26953676181532], [126.10953193532238, 37.26953532410458], [126.10904284362391, 37.26943590233858], [126.10903187990267, 37.26943261253348], [126.10902250170204, 37.26942571530747], [126.1090137059789, 37.269415356606395], [126.10900441833961, 37.26940188253389], [126.10895262724614, 37.26932515653612], [126.10894186048951, 37.269309017868494], [126.10893176493, 37.26929201279751], [126.10892256703904, 37.269272743317416], [126.10891357095042, 37.26925163929688], [126.10890465807286, 37.26922932306282], [126.10889614238079, 37.26920668972105], [126.10888851843866, 37.26918389109964], [126.1088816875848, 37.26916077281302], [126.10887593472422, 37.269136377391504], [126.10883564200407, 37.268940922624786], [126.10883127365393, 37.268915632227674], [126.10882778870854, 37.26888713626602], [126.10882527451899, 37.268855590795326], [126.10882395272971, 37.268822434240086], [126.10882400926798, 37.26878871703287], [126.10882475990981, 37.268755646125356], [126.1088260141818, 37.268724011548365], [126.10882794622259, 37.26869495282767], [126.10883067961429, 37.268666779618385], [126.10883448566344, 37.26863835402473], [126.10883939272323, 37.26861034156174], [126.10884557189722, 37.26858263698191], [126.10885292949841, 37.26855414136337], [126.10886069917726, 37.268524518516145], [126.10886875045335, 37.26849473042894], [126.1088768994215, 37.268466068349646], [126.10888516515124, 37.268439334686526], [126.10889312463387, 37.26841612793521], [126.10897366687794, 37.26820279756354], [126.10898262239166, 37.268182090182464], [126.10899266171165, 37.26816089169333], [126.10900387956761, 37.268139692631586], [126.10915794057415, 37.265888673608856], [126.10916028928833, 37.26586527471405], [126.10916361458165, 37.265841387956534], [126.10916761076727, 37.26581701695506], [126.10917220754318, 37.26579248896796], [126.10917709317324, 37.26576819781927], [126.1091865631183, 37.26572882268155], [126.10919153980588, 37.26570816406428], [126.10921839530316, 37.26561126475135], [126.10924983229121, 37.26550556097816], [126.10925618226719, 37.26548442636543], [126.10926349820731, 37.265463441906434], [126.10927150579927, 37.26544286756672], [126.109279502783, 37.26542342156815], [126.10928780768863, 37.26540446320142], [126.10929649091943, 37.26538615012524], [126.10930585568718, 37.265368245246464], [126.1093813824768, 37.26524028368742], [126.10939231901344, 37.265222208888076], [126.10940363827044, 37.265205030901505], [126.10985091860402, 37.264536701850794], [126.10986067746114, 37.264522743073165], [126.11164366126452, 37.25836590631254], [126.11173482321551, 37.25805840703211], [126.11178957082424, 37.25794843756045], [126.11190936930048, 37.25775642004204], [126.11192429827673, 37.257735204675896], [126.1119403948536, 37.25771592734317], [126.112101064683, 37.25754724483721], [126.11211822440686, 37.2575334429194], [126.11213656623826, 37.25752183337844], [126.11215558749633, 37.25751166581989], [126.1122135285751, 37.257482881435386], [126.11223351936192, 37.257473769874395], [126.11225419292455, 37.25746505749239], [126.11229418133249, 37.257448365796996], [126.11231407615679, 37.25744055011467], [126.11233524506353, 37.25743304860643], [126.11235797530291, 37.257425877257354], [126.11249831428437, 37.25738452596651], [126.11252221183696, 37.25737783245367], [126.11254600737239, 37.257372028256796], [126.11256942018746, 37.257367355248476], [126.11279772425851, 37.25732909678655], [126.11282473887078, 37.257325642173235], [126.11285223845867, 37.25732402654698], [126.1128805252415, 37.25732363423328], [126.11290958493124, 37.25732364575289], [126.11293864313392, 37.25732373836787], [126.11310375616637, 37.257325884711726], [126.11313027508297, 37.257327262574314], [126.11315631322302, 37.25733130724959], [126.11318234846789, 37.257338338901405], [126.11320828617384, 37.25734681604363], [126.11537438196838, 37.25820831459001], [126.11663646913286, 37.25803840944868], [126.11715371020156, 37.258166942095286], [126.11730331293555, 37.25819126528047], [126.11814395472199, 37.25826718861705], [126.11815379844877, 37.25826598307183], [126.11834242177768, 37.25822318209298], [126.11834992995071, 37.25821914883031], [126.11835501142127, 37.258212771719656], [126.11839140148597, 37.258129427451905], [126.11874198831842, 37.2564925344256], [126.11931676193643, 37.253428369061034], [126.11608044673734, 37.25114119968866], [126.11602606466542, 37.251079271459375], [126.11598800357139, 37.25102486545767], [126.11596725118652, 37.250964234386444], [126.1159625107867, 37.25087815116498], [126.11598104412839, 37.25079770927534], [126.11603807281544, 37.25059260596084], [126.11613772684764, 37.250251531716906], [126.11623912241701, 37.24992732184737], [126.11626711760267, 37.24984649115034], [126.1163353911833, 37.249673159508276], [126.11636274081668, 37.249605236453746], [126.11639114351733, 37.24955013545807], [126.11764653824206, 37.24794079642537], [126.11771282841545, 37.247862855994946], [126.11800540642068, 37.247654198507945], [126.11851122682035, 37.24734461866178], [126.11873007323518, 37.24724273902371], [126.12046905470736, 37.246765787351876], [126.12275710182277, 37.24839988679379], [126.12326541924558, 37.249000820630954], [126.12431870475402, 37.25031966287874], [126.12506673327393, 37.25152566140719], [126.12584167977428, 37.25205667154658], [126.12586401145984, 37.25206433071623], [126.12588787030937, 37.252072398786844], [126.12590020156655, 37.25207634735098], [126.1259062576099, 37.25207808511226], [126.12591838881251, 37.252081563559805], [126.12593012118957, 37.252084713797935], [126.12593598677913, 37.25208613568272], [126.1259531888122, 37.25208991003313], [126.1259647185371, 37.25209211241572], [126.12597059071186, 37.252093047654526], [126.12598797881738, 37.25209539284014], [126.12599930624273, 37.25209631748294], [126.12601024443661, 37.252096758097174], [126.12603037266503, 37.25209716836639], [126.12604266923037, 37.25209712991003], [126.1260948246389, 37.252096958252345], [126.1261149435217, 37.25209688979002], [126.1261981426806, 37.25209645823251], [126.12621297815862, 37.25209625092751], [126.12622059919923, 37.25209606626003], [126.12624344010442, 37.252093755295576], [126.1262584725227, 37.252091147311994], [126.12627329884106, 37.25208790509932], [126.12628052275593, 37.252086118654766], [126.12629476033104, 37.25208207823592], [126.12630158344366, 37.25207982385328], [126.12632148044385, 37.252072725074754], [126.1263337575574, 37.25206773442971], [126.12664391459712, 37.25193188828231], [126.12667314722711, 37.25191853522134], [126.12799107701228, 37.25199422029777], [126.12869409213198, 37.25161409490745], [126.12869154091, 37.25161058980814], [126.12868681861191, 37.25160357049268], [126.12868347590083, 37.25159639319971], [126.12868228966008, 37.251592727249665], [126.12868166767862, 37.25158505328966], [126.12870425457028, 37.251304138960755], [126.12870481249878, 37.25129886269879], [126.12870711828998, 37.251288475382346], [126.12871270855989, 37.25127280192441], [126.12871754659535, 37.25126192747401], [126.12874249916383, 37.25120816614106], [126.12875257994233, 37.25118928186095], [126.12876013803884, 37.25117695081025], [126.12876421038712, 37.25117087070339], [126.1287723596575, 37.25115901789745], [126.12877682605075, 37.251153094679815], [126.12878615624753, 37.25114140607396], [126.12978541839877, 37.25026002931183], [126.12986714871563, 37.25019409885147], [126.13087977126882, 37.24869296546899], [126.1308808238308, 37.248684520409256], [126.13088309384109, 37.24867640038948], [126.13088913276337, 37.24866293847475], [126.13089537733289, 37.24865188189863], [126.13090515465073, 37.24863769257324], [126.13091671577239, 37.24862343464305], [126.13092982746511, 37.24860947315535], [126.13096051615824, 37.24858108895154], [126.13099542642728, 37.24854926268289], [126.13104653700002, 37.2485053799868], [126.131063559238, 37.248491331205244], [126.13112735693107, 37.248444918206054], [126.13123783350153, 37.24836642191291], [126.13129206304725, 37.2483305456788], [126.13131768743507, 37.24831428077729], [126.13152785030255, 37.24818716666015], [126.1315850157529, 37.248153835345995], [126.13174208819714, 37.24806348827961], [126.13179286439654, 37.24803474923641], [126.1320892674105, 37.24786762715479], [126.13210237158466, 37.24786092210067], [126.13220099483398, 37.24782224414961], [126.13221223602547, 37.247817991726556], [126.13260774988525, 37.24767473600594], [126.13270896259158, 37.24764203995645], [126.13273305449192, 37.24763449369289], [126.13275148453273, 37.24762954909109], [126.13277729096794, 37.24762408127023], [126.13281649988107, 37.247617482010476], [126.13284080125531, 37.24761412845474], [126.13285894580959, 37.24761237847936], [126.13344587064145, 37.24755823514837], [126.13346229751147, 37.24755688798006], [126.1335026128983, 37.247556066209], [126.13370894539433, 37.24755308822448], [126.13373565718399, 37.24755298547958], [126.13411250140902, 37.24756249932191], [126.13422543362363, 37.247589193716834], [126.13458365548283, 37.24770723382927], [126.13459629825928, 37.24772127193316], [126.13463132696377, 37.24775587621299], [126.13463895832959, 37.24776177964392], [126.13465011401945, 37.24776788055143], [126.13469589281252, 37.24778976564941], [126.13470372140839, 37.24779317464961], [126.13471980470675, 37.247798122783166], [126.13475216843011, 37.247806467413476], [126.13476275134148, 37.24780844620453], [126.13477529483522, 37.24780955618169], [126.13478860576981, 37.24780949966488], [126.13501384567063, 37.24779439724447], [126.13510027225877, 37.24778436041203], [126.13628685707347, 37.24737723825066], [126.13707454839964, 37.24697482888198], [126.13710305837792, 37.246953440283754], [126.13751008561775, 37.246534388832934], [126.13751980998319, 37.24651779627188], [126.13764191109561, 37.24591976472237], [126.1376537120334, 37.24586140917194], [126.13766327690287, 37.24579361523008], [126.13766400217686, 37.245731853167214], [126.1376483702397, 37.24531554323517], [126.13764419818793, 37.244572822512445], [126.13765180028584, 37.244510148097845], [126.13766963976403, 37.24444670456529], [126.13767748027978, 37.244427459303836], [126.13827457447783, 37.24321646872977], [126.13828156555482, 37.24320230981263], [126.13834669608941, 37.243136965633944], [126.13840021597775, 37.24309257467516], [126.13847591333474, 37.24303958579416], [126.13855164186091, 37.24298749044698], [126.14047906496528, 37.24182275803074], [126.14057270303526, 37.241768457730466], [126.14006209778387, 37.23832339086391], [126.14007618027973, 37.23822546269607], [126.14062037207137, 37.23769805657583], [126.14078746232744, 37.237536309830624], [126.14080124933514, 37.23752866341123], [126.14081280079886, 37.237527736942894], [126.14368031895982, 37.237669000060144], [126.14467476676515, 37.23786368004846], [126.14515404234177, 37.23796232669636], [126.14524257195748, 37.23798456260342], [126.14537849029648, 37.23804257845451], [126.1465028564519, 37.23857547769673], [126.14657331693853, 37.23863213729216], [126.14669423264493, 37.23874348361326], [126.1467451536221, 37.23879406107155], [126.14675720438905, 37.238850651445574], [126.14675334263956, 37.23889923362636], [126.14676138199262, 37.23896504751772], [126.14678255723882, 37.23901390142917], [126.14682615858081, 37.239036922394384], [126.14875252020086, 37.239350055913356], [126.15018009694721, 37.23916900667233], [126.15029326482802, 37.23915107842895], [126.1503815558537, 37.239126483233136], [126.1518511116549, 37.238683419592476], [126.15205010614778, 37.238615834139424], [126.15214665305808, 37.238575770883536], [126.152223066454, 37.2385388818251], [126.15230045372597, 37.238495602490254], [126.15405228799989, 37.23742381642463], [126.15410831303203, 37.23737365828374], [126.15413690834154, 37.237332983188416], [126.1544523196771, 37.23675445758306], [126.1544835451398, 37.23669295077776], [126.16023718425211, 37.235278791585266], [126.16027207148856, 37.23526951314333], [126.16034456872208, 37.23524902481567], [126.16038403527918, 37.235237565530795], [126.16057098632568, 37.235169646343486], [126.16059200930118, 37.23515983330882], [126.16060950722654, 37.23514995605937], [126.16081643962048, 37.23502058466892], [126.1608484079592, 37.23499347246661], [126.16086431372423, 37.23497877212481], [126.1656298207206, 37.2326298212483], [126.16573380270965, 37.23259341426597], [126.16575703273283, 37.23258372161136], [126.16577103292069, 37.232576322519236], [126.16578062711622, 37.23257062418437], [126.16578534815476, 37.23256690977317], [126.16578844431461, 37.23256283995126], [126.16578941865227, 37.232558532603065], [126.16579083200271, 37.23250577769081], [126.16574626131792, 37.230665127149535], [126.16574567124282, 37.230663430484874], [126.16574336869216, 37.23065982711452], [126.16571803687756, 37.23063114940923], [126.16569300933402, 37.230604843853214], [126.1656861943205, 37.23059837203918], [126.161295266417, 37.22892535329559], [126.16086652197602, 37.22876738460556], [126.16084114574755, 37.22875843753426], [126.16079220978497, 37.22874229629767], [126.16075777359158, 37.228732112855965], [126.16073086204115, 37.22872521066617], [126.16028698344952, 37.22862358283103], [126.16026741172375, 37.22861945227956], [126.15998464864393, 37.22856090678129], [126.15996574190645, 37.2285578004186], [126.15985034067911, 37.22853989891727], [126.15982123008435, 37.228536501286904], [126.15930181235758, 37.22848154795321], [126.15928684671756, 37.228480521333], [126.15927207093114, 37.22848086780075], [126.15925268614298, 37.228482290560315], [126.15923415700108, 37.228484662202675], [126.15921169002849, 37.228488718928475], [126.15919409312271, 37.22849331571595], [126.15917604587567, 37.22849902776878], [126.15911286292152, 37.22851775244667], [126.15909157484127, 37.22852296269584], [126.15906184079496, 37.22852905705564], [126.15904247199362, 37.22853193112124], [126.15902376061057, 37.22853351740108], [126.15900577509153, 37.22853364271175], [126.15898783502614, 37.228532856376994], [126.1589695067387, 37.22853114176804], [126.15880755205802, 37.22851403339216], [126.15640431734768, 37.228179600339715], [126.15638987383268, 37.22817647014005], [126.15572272883244, 37.22798079656454], [126.15566059762806, 37.2279577208279], [126.15560909663289, 37.22793612406848], [126.15553144044237, 37.227897513151234], [126.15538384701343, 37.22782335233997], [126.15512904278866, 37.227691507449805], [126.1551134175942, 37.22767596933336], [126.15510498748317, 37.227667016109486], [126.15435718818446, 37.226367037589746], [126.15404968401083, 37.22572468566794], [126.15405110665581, 37.22517659349022], [126.15406704352608, 37.22466070441419], [126.15416493947929, 37.22425776280953], [126.15164108765069, 37.22249283604629], [126.15054600975813, 37.22479219690735], [126.15053337494008, 37.2248067204463], [126.14988727895843, 37.22535564456729], [126.14971443015511, 37.225445498730785], [126.14960410472915, 37.22546698869676], [126.14957717320969, 37.22546739723738], [126.14953094804036, 37.22546573258434], [126.14938596012728, 37.22545760015879], [126.14932674841769, 37.225453444721076], [126.14926519709171, 37.2254453525502], [126.14869971598075, 37.225296999280104], [126.14820278594277, 37.22513770215406], [126.14782765044772, 37.22500339175841], [126.14782059746007, 37.22500019799113], [126.14697365565914, 37.224616209745164], [126.1457557695706, 37.224032517272136], [126.14519435641608, 37.22374288080133], [126.14474889115212, 37.22345600455647], [126.14447950113905, 37.223248617919715], [126.1442245034269, 37.223029214735384], [126.1435939164159, 37.222476953713084], [126.14331157985731, 37.222200764634366], [126.14327668786252, 37.22211471679001], [126.14327042069405, 37.2220962477228], [126.14326685530484, 37.22207877855062], [126.14326222211697, 37.222042019269544], [126.14326082371596, 37.2220251400648], [126.14326090769754, 37.22201573373399], [126.14326200616185, 37.22200040820418], [126.14403238570554, 37.21900343812498], [126.1440797133722, 37.21885521365233], [126.14412626048154, 37.21876688786633], [126.14624965852826, 37.21668642859698], [126.14635092941646, 37.216602784354656], [126.14642308661321, 37.21655706562135], [126.14662877386309, 37.2164509110459], [126.14670016848153, 37.21644274865004], [126.14779548237595, 37.21636128977164], [126.14781223248261, 37.216360319194266], [126.14781821517863, 37.216360480342246], [126.1478301109258, 37.21636135797008], [126.14832628058153, 37.216560151730405], [126.1484273340649, 37.216588540922125], [126.14844477383826, 37.216586502825585], [126.14845194818533, 37.21658279005339], [126.148460556043, 37.21657560634838], [126.1486102421443, 37.216399793421836], [126.14888626079546, 37.215380162809545], [126.14890561484634, 37.21512665306499], [126.14890298024797, 37.214870917608685], [126.14890231231169, 37.214859017678094], [126.14890122236659, 37.214850621858574], [126.1488999781654, 37.21484518789273], [126.14889398864379, 37.21483568521081], [126.14860291507551, 37.21447748040462], [126.14859818020551, 37.21447188041541], [126.14858913580484, 37.21446368676003], [126.14858642328231, 37.214461468249176], [126.14857034217269, 37.214451558358775], [126.14751209730451, 37.2138147438304], [126.14625187573256, 37.21402043581647], [126.1461375105026, 37.21404316546357], [126.14612099869319, 37.214046783971874], [126.14610426645802, 37.21405195297044], [126.14540012064052, 37.21429875368472], [126.14520950236141, 37.21437760477607], [126.14479750828102, 37.214685159993884], [126.14477504426647, 37.21470309922232], [126.14476055713581, 37.21471580640483], [126.14465836295878, 37.21481280475058], [126.14464547558812, 37.21482680111876], [126.14461588644002, 37.21486490831877], [126.1446071637756, 37.21487931829126], [126.14459644949677, 37.21489726757228], [126.14457672100136, 37.2149294179795], [126.14456255409884, 37.21494891410322], [126.14453408425165, 37.214983919054475], [126.14452073001486, 37.21500032205553], [126.1445078885678, 37.21501401608258], [126.14449974967098, 37.21502244150887], [126.1444946210665, 37.21502683093004], [126.14447772896037, 37.21503997113516], [126.1444642550379, 37.21504794611479], [126.14444016835557, 37.215059124666986], [126.1442549073293, 37.21512996849806], [126.14424791949776, 37.215132387021846], [126.14423937355765, 37.21513483908455], [126.14422530413752, 37.215136728570165], [126.14420737143139, 37.21513754449406], [126.1441771015104, 37.21513716370224], [126.14414423424306, 37.21513569138567], [126.14409773149514, 37.21513245405096], [126.14271184742152, 37.21499821635601], [126.1421197916468, 37.214895484304904], [126.13317473818422, 37.2132256929772], [126.12787329632376, 37.2128399526417], [126.1278502673367, 37.212838124705094], [126.12704325569179, 37.212730769061], [126.12655662368317, 37.21265004671204], [126.12649990215503, 37.21264001495633], [126.12647501597671, 37.21263520701501], [126.12633376994572, 37.21260183801084], [126.12630609702222, 37.21259453344639], [126.12593761658728, 37.212493369232284], [126.12574390421946, 37.21243318431872], [126.12573454787649, 37.21242960198281], [126.12572633116929, 37.21242507204178], [126.1257167101485, 37.212418188628945], [126.12570804895003, 37.21241020590205], [126.12570195646329, 37.21240332016942], [126.12527858821639, 37.211883710585155], [126.12524996314426, 37.21184586452369], [126.1252395201899, 37.21183124614334], [126.12521821638308, 37.21179703093276], [126.12520793505452, 37.21177915788313], [126.12520142855483, 37.21176621481841], [126.12519631469301, 37.21175347269447], [126.12519076399076, 37.21173362834529], [126.12518803739685, 37.211720118951305], [126.12515942677732, 37.2115323801322], [126.12514065969224, 37.21134391732786], [126.12514046382445, 37.211340365575545], [126.12512923935024, 37.21131814431957], [126.1251215578386, 37.211304499886566], [126.12511934383667, 37.21130112300051], [126.12510193311557, 37.21128588471676], [126.12508906272292, 37.21127580613534], [126.12507621933969, 37.21126697171586], [126.12505773620674, 37.21125605732431], [126.12504824148186, 37.21125104380257], [126.1250402779893, 37.21124778403886], [126.11939649302344, 37.21004948870264], [126.11938119847535, 37.21003260767783], [126.11932408537857, 37.209975273728425], [126.11930460903301, 37.20995770399159], [126.11907875235785, 37.20975832263753], [126.11881441374514, 37.20964809789787], [126.11879537449617, 37.20964025232476], [126.11876618019939, 37.209630144929115], [126.11734603962063, 37.209182708295096], [126.1116709596134, 37.21170179572592], [126.11026771733228, 37.21324597498383], [126.11026343592603, 37.21325378080994], [126.11026040482085, 37.21326254230538], [126.11003915849616, 37.214139069947585], [126.1100416933385, 37.21420250254869], [126.1102945611242, 37.214429062444886], [126.11148633991506, 37.214477328434455], [126.11157427023248, 37.21448004304619], [126.1117024110885, 37.21447108343955], [126.1118258744281, 37.21445464904637], [126.11194112451032, 37.21443641833434], [126.1123112537462, 37.214314150300936], [126.11255984280558, 37.21420954761491], [126.11272415287479, 37.214125848895186], [126.1128814443725, 37.21403571690386], [126.11302814168738, 37.21397348234744], [126.11316335905693, 37.2139470946182], [126.11322334505803, 37.21394650994708], [126.11337383354137, 37.21397321569554], [126.11349930707757, 37.21401701702233], [126.11361288678819, 37.21407318866365], [126.11525442897383, 37.214891658181465], [126.11531198875086, 37.21494739399321], [126.11608925990332, 37.216013149740114], [126.1161046529746, 37.21605636854808], [126.11611638415195, 37.21611983550137], [126.11611107077577, 37.21621215612997], [126.11589441460993, 37.21738883202142], [126.1158116708618, 37.21773948699754], [126.1157577874917, 37.21794947204361], [126.11572726812884, 37.21806333291542], [126.11550326308247, 37.218719053651185], [126.11515018019463, 37.21941965184636], [126.11494224656259, 37.21980421140041], [126.11481865184182, 37.220025876704206], [126.11466962506748, 37.22028920344424], [126.11453595700549, 37.22051192682618], [126.11437771907774, 37.22074191667042], [126.11422255379527, 37.22095674929134], [126.1137401986066, 37.22151532315038], [126.11132894937967, 37.2235854131249], [126.11127777087107, 37.22358876621303], [126.11065804667176, 37.22340601103111], [126.11041787105145, 37.22332001391373], [126.11026280868695, 37.22326196249925], [126.1102320549351, 37.2232498904991], [126.11021936690473, 37.2232414222479], [126.11021084303361, 37.22323507053478], [126.11007199652065, 37.223099840206274], [126.11002487428216, 37.22305145313735], [126.10998710540177, 37.22299978140581], [126.10997257075003, 37.222951794857394], [126.1099786800687, 37.222907500050134], [126.11001805887676, 37.22286445653799], [126.11011060991362, 37.222795070905995], [126.11019053184798, 37.22273230331807], [126.11025490889485, 37.222677813193854], [126.11031411151616, 37.22261710888014], [126.110350200919, 37.222540108427125], [126.11035626054075, 37.22246085554677], [126.11033687319366, 37.222392313878615], [126.11031075333534, 37.22232250343328], [126.11013442560008, 37.22195905815811], [126.10860418172297, 37.221043963675385], [126.10467278881092, 37.219988525783236], [126.10382918474637, 37.21985633718292], [126.10377306892318, 37.21985319058653], [126.10373251115973, 37.21985492877812], [126.10368171857078, 37.21986956518764], [126.10359124802198, 37.21992471659483], [126.10343922395528, 37.220034327291515], [126.10339900879313, 37.220072794380755], [126.1012357154123, 37.22219913878515], [126.1011746371015, 37.22340852617392], [126.10405235673227, 37.226170938809396], [126.10420951665228, 37.22627472621768], [126.10427734496872, 37.226322453779645], [126.10437818589983, 37.22639523635655], [126.10491468480099, 37.22678286583718], [126.10495292323867, 37.22681201938404], [126.10501377305337, 37.22687639040721], [126.10502883236833, 37.226910202973826], [126.10503716142415, 37.22694535946291], [126.10504860872061, 37.227022582888395], [126.10505193792625, 37.227058460131545], [126.10505098515206, 37.22710656673397], [126.10504421501564, 37.2271751102007], [126.10503608088092, 37.22722261303285], [126.1050234658014, 37.227270812086125], [126.1049867664301, 37.22739768714527], [126.10496699492283, 37.227456527779665], [126.10487652569824, 37.22769479997257], [126.10478855821063, 37.227879855139356], [126.10474269670765, 37.22795894057859], [126.10470726546498, 37.22800986047476], [126.10463130120057, 37.228111577921325], [126.10457335729242, 37.22817756420639], [126.10440709883726, 37.2283350844761], [126.10298162392432, 37.2296101019707], [126.10293280454582, 37.229645781302885], [126.10256998611703, 37.22988255046755], [126.10251722006265, 37.22990967714404], [126.1024538098525, 37.22993496472964], [126.10239841534813, 37.22995206181618], [126.10233753794, 37.229964952522614], [126.102253706843, 37.22997590387563], [126.10216455151784, 37.229985716121924], [126.0970910061549, 37.23050449342418], [126.09685002958616, 37.2305258317197], [126.09684039666216, 37.23052575542501], [126.09683422086023, 37.23052568224097], [126.09682847639716, 37.230525447421144], [126.09682266432144, 37.23052436003847], [126.09681757677383, 37.23052292251018], [126.09405290091065, 37.22748837353053], [126.09349625893257, 37.226720412685644], [126.09361769627807, 37.22498033058906], [126.09127852669465, 37.22204421656413], [126.0912717305222, 37.22203596601207], [126.0912652406682, 37.22202936494205], [126.09125776720529, 37.22202310909918], [126.09125061500157, 37.222018063064375], [126.09124323058367, 37.22201380654042], [126.0912359391654, 37.22201024605192], [126.0891135542644, 37.22102650185596], [126.088760897173, 37.22096520278506], [126.08683690329262, 37.22130707915916], [126.08650327401166, 37.2213918057889], [126.08474639937432, 37.22185154528946], [126.0847409037363, 37.22185317141463], [126.08473572540899, 37.22185560982908], [126.08473097814269, 37.22185856355053], [126.08472644216619, 37.22186221292339], [126.08471660304397, 37.221872687816564], [126.08465036845139, 37.221966532729446], [126.084644623553, 37.221976731168986], [126.08463020607815, 37.22201458976337], [126.08462535074965, 37.222028209484606], [126.08462395890541, 37.22203652568783], [126.08462068845441, 37.222072026224055], [126.08462075704577, 37.222075713502655], [126.08462229880018, 37.22208343834161], [126.08475718273671, 37.22242128071894], [126.08475862994736, 37.222424536510246], [126.08476058531464, 37.22242780107862], [126.08476591843916, 37.2224346924257], [126.08540371888992, 37.22409113082485], [126.08540740783354, 37.22410296344621], [126.08541745806887, 37.22412892476426], [126.08542968613128, 37.224154934630626], [126.08543799518338, 37.22417117047905], [126.08548756927452, 37.224264583890246], [126.08549330087331, 37.22427416864478], [126.08550438260399, 37.22428775343485], [126.08619359513995, 37.22509774461305], [126.08620284500215, 37.22510833847113], [126.08621296711365, 37.2251183370458], [126.08741675333273, 37.226186890498134], [126.08743723626624, 37.22620216008574], [126.08745718277021, 37.22621585404771], [126.08747300970738, 37.22622567179941], [126.08803193477347, 37.22655412675853], [126.08862679060461, 37.22680391798111], [126.08865768884179, 37.22681477778785], [126.08867053737396, 37.22681834518112], [126.08868285213393, 37.2268210995169], [126.08869782487699, 37.22682324197774], [126.08870928486522, 37.22682396082476], [126.08874776727379, 37.22682468896532], [126.08877539799859, 37.22682435488437], [126.08878484327018, 37.22682316412144], [126.08878842645349, 37.22682220003428], [126.08898290421803, 37.22675315715301], [126.08898874745113, 37.22675085717289], [126.08903534865344, 37.22672576318932], [126.08906837726315, 37.22670371621661], [126.08907680179361, 37.22669675283915], [126.08908383637925, 37.22668895088256], [126.0891245208877, 37.226635797224745], [126.09055122433786, 37.22803117594241], [126.09194050759112, 37.23150452430133], [126.09194295949932, 37.231511545106876], [126.09194346460326, 37.23151905471955], [126.09194222129256, 37.23152414418947], [126.09193860762748, 37.231531403825834], [126.0917356854467, 37.23180778490999], [126.09228400327869, 37.23531264563024], [126.0928943449002, 37.23838259537181], [126.09289438350176, 37.23841047406611], [126.09289222821724, 37.238417377000154], [126.09288086757897, 37.23844559882898], [126.09287240507746, 37.23846346453068], [126.09283987250828, 37.2385262162804], [126.09282148447593, 37.23855423110058], [126.09280543701526, 37.238577685949885], [126.0927888093914, 37.23859972331507], [126.09273540746271, 37.23866144013016], [126.0927277695841, 37.23866963350112], [126.09270819414184, 37.238687596943386], [126.09268954356239, 37.23870353526378], [126.09267057690803, 37.238719556352144], [126.09264562449636, 37.238738464463225], [126.09257712590922, 37.23878576429883], [126.09256941744137, 37.23879035599433], [126.09254378269611, 37.23880539736532], [126.09251924639605, 37.238816596786855], [126.09249440288089, 37.23882661450877], [126.09245058097189, 37.238843156692596], [126.09241126476739, 37.23885771270926], [126.09236091093607, 37.23887498570046], [126.09235331071082, 37.23887709008792], [126.0923403169032, 37.23888006323002], [126.09231103512269, 37.238885164552805], [126.09228696222654, 37.23888811412562], [126.09226350055303, 37.23889087086484], [126.09224178644662, 37.23889143560519], [126.09221108933512, 37.238891351831285], [126.0921868927754, 37.238889555296154], [126.09106286877072, 37.23875616069843], [126.09101414870058, 37.23874603671218], [126.09098315912205, 37.23873938202802], [126.0909638700698, 37.238735036089075], [126.09095030019246, 37.23873068069527], [126.09092567507638, 37.23871854321795], [126.09091214753808, 37.238710339632036], [126.09088500016514, 37.23869356181067], [126.090873035337, 37.23868571031186], [126.09086573161578, 37.23867927529889], [126.09085559600675, 37.23866836030616], [126.0907910323815, 37.23859333105784], [126.09069023442326, 37.23849999615014], [126.09068250835138, 37.238492935981675], [126.09067794717704, 37.23848990729104], [126.09066384433653, 37.238482755895376], [126.09029901051143, 37.238354297300276], [126.09029400056734, 37.23835296947503], [126.09028621304425, 37.23835187447196], [126.0899439413843, 37.23836600208314], [126.08993258753698, 37.23836717650331], [126.08992130240463, 37.238369624422795], [126.08991018283548, 37.2383729882645], [126.08989360070503, 37.23837898744118], [126.08984738318219, 37.238396967498296], [126.08983998466663, 37.23840125354955], [126.08983096105567, 37.238407689753295], [126.08981779123924, 37.2384184750781], [126.0898071207335, 37.2384286547296], [126.08979242728257, 37.23844437292573], [126.08978123383514, 37.23845787226451], [126.08977376768121, 37.23846875255837], [126.089766410364, 37.238481535960354], [126.08975980427175, 37.238495748810124], [126.08957617568007, 37.23893651879696], [126.08957421175359, 37.238942452310035], [126.08928166023489, 37.24349401160119], [126.08926593575347, 37.24376411569406], [126.08920117259017, 37.245078195299996], [126.08999336354292, 37.2477870860275], [126.09062921514871, 37.24896428002462], [126.09089764832196, 37.24943000347047], [126.09158045136992, 37.24976569041487], [126.0922674731888, 37.25015244078164], [126.09259063712248, 37.25041292188252], [126.0930055267684, 37.250771380007336], [126.0955365203589, 37.25318832140307], [126.09647028550863, 37.25771977215595], [126.09660701702407, 37.259311986799474], [126.09660614464741, 37.25948989460356], [126.09660482443219, 37.259866643222374], [126.0966058816133, 37.259876274754745], [126.09661495407934, 37.25994898898987], [126.09661865666058, 37.25995813902708], [126.0980028604883, 37.262041721823294], [126.09810810214655, 37.262173351984785], [126.09852614044662, 37.2626941487334], [126.09919519520508, 37.26340443607005], [126.09957159282064, 37.26367431527697], [126.09987862844889, 37.263884928833555], [126.10038795515845, 37.264232069620135], [126.10083815568362, 37.264356982216036], [126.10085948262102, 37.26435902434373], [126.10088452477399, 37.26436244164545], [126.10091367425926, 37.2643665816837], [126.10127106305443, 37.26441824051906], [126.10149121335276, 37.26445785124584], [126.10151908767408, 37.2644629549146], [126.10154597428122, 37.2644685372315], [126.1015719982849, 37.26447484573845], [126.10159536263299, 37.26448203406417], [126.10161706258869, 37.26449049613193], [126.1019475951164, 37.26463654204719], [126.10197194514937, 37.264648062918596], [126.10199441767936, 37.2646611001819], [126.10201592002454, 37.26467574206823], [126.10203663910919, 37.26469206469474], [126.10205636795456, 37.264709917799316], [126.10207540975357, 37.26472912740096], [126.10209426459721, 37.26474930011651], [126.10211320930622, 37.26476979746795], [126.10213175974451, 37.26479021084326], [126.10214914070089, 37.264810138108025], [126.10216486806874, 37.264830144989375], [126.1021792122501, 37.26485055014674], [126.102207026246, 37.26489144296821], [126.10222079663157, 37.26491177644899], [126.10223377024492, 37.26493281347186], [126.10228624552785, 37.26502879836823], [126.10242337808002, 37.26528870998106], [126.10243829986696, 37.265319545811714], [126.1024793485089, 37.265410697975504], [126.10250439524188, 37.26546691401953], [126.102538123331, 37.265542962669954], [126.10254738859403, 37.265564882445005], [126.10255498712519, 37.265585761335025], [126.10260121883204, 37.26573020180349], [126.10262686048945, 37.26671019185977], [126.10261796007983, 37.26732051619771], [126.10260522876538, 37.26800757594171], [126.10257813591552, 37.26822352479922], [126.10247336767308, 37.26866516261324], [126.10246766430734, 37.2686878051811], [126.10246097933292, 37.268711569130396], [126.10245390258274, 37.26873669847484], [126.1024468267676, 37.26876110586457], [126.10243866158295, 37.26878422771371], [126.10242734578705, 37.268805739541705], [126.10241316338593, 37.26882565191164], [126.1023973005872, 37.26884477019621], [126.10225323496047, 37.26901163485041], [126.10161547955435, 37.26981132748043], [126.101087781674, 37.27048213192846], [126.10024069153803, 37.27188468146393], [126.10023487757626, 37.27189753145823], [126.1002300672136, 37.2719114262441], [126.10022622820286, 37.271926036455184], [126.10022358482458, 37.27194088343418], [126.1002223136484, 37.27195581153674], [126.10022223496404, 37.271970902461234], [126.10022234720488, 37.27198615878419], [126.10022325988948, 37.272001249715466], [126.1002249463823, 37.27201578646721], [126.10022743407465, 37.27202950797789], [126.1002309012836, 37.272042346953924], [126.1002350490193, 37.27205455313282], [126.10024009857364, 37.27206611380894], [126.10024603457326, 37.27207718923696], [126.10025304233443, 37.27208769958732], [126.10049099655495, 37.27241499187105], [126.10056253085753, 37.27250535677544], [126.10119175736484, 37.27306868132041], [126.10155055662253, 37.27337626342418], [126.10208929637389, 37.27382682770173], [126.10245561241062, 37.273963407383455], [126.10422533839021, 37.274299616732286], [126.10590052006926, 37.27317255675926], [126.10592507185261, 37.2731557666428], [126.10643231563978, 37.272818016093005], [126.10645145592675, 37.272808130329764], [126.10761887573122, 37.272383018204565], [126.10763979292278, 37.272376823364255], [126.10785649075252, 37.272320386575466], [126.10787177902964, 37.2723166924753], [126.10798474312033, 37.27231029936698]]], [[[126.48207494899108, 37.24418826266713], [126.48187068579118, 37.24450631967261], [126.4817988486078, 37.244611181741334], [126.48154059726158, 37.24494657856974], [126.4813553566927, 37.24515485488804], [126.4809912294922, 37.245560335724505], [126.4808042762154, 37.245751563267916], [126.48076757197653, 37.24578538028342], [126.48069276403828, 37.2458403857977], [126.4806594687641, 37.2458504666838], [126.48058166110437, 37.24583001270204], [126.4805132847188, 37.24573266403679], [126.4804822388254, 37.24567269737946], [126.48039125330644, 37.24547350410156], [126.48033592144574, 37.24530025267527], [126.48032130350605, 37.24522487165346], [126.48031106681049, 37.24511201706857], [126.48030629092511, 37.24485546309085], [126.48031359196011, 37.244782032999666], [126.48033747922028, 37.24465814659859], [126.4803519662168, 37.2445951287844], [126.48048098709324, 37.24435763167152], [126.48064513024951, 37.24418857924006], [126.48073522386751, 37.24410871040184], [126.48088006565766, 37.244000970134074], [126.48106672139498, 37.24386867843274], [126.48126270599205, 37.24374821151063], [126.4813638337252, 37.24369751162105], [126.48144276315094, 37.24366429470112], [126.48158952456392, 37.24361350402847], [126.48162581329797, 37.24361213329081], [126.48165171860339, 37.2437018898161], [126.48162658738806, 37.24373960591499], [126.48158815321118, 37.24374640966922], [126.48156174677565, 37.24375472029457], [126.48153351377105, 37.2437645448231], [126.4815030884595, 37.24377541319923], [126.48147852474716, 37.24379256854972], [126.48147472919796, 37.24380383273737], [126.48148101787024, 37.24381022164223], [126.48149026853325, 37.243814002230145], [126.48184660128477, 37.24386569560009], [126.48188294780871, 37.24386908900787], [126.48191484487357, 37.24386380363914], [126.481952956337, 37.24385316619311], [126.48198419550909, 37.24383878756311], [126.48200881900158, 37.24382438900259], [126.4820293110514, 37.243810692236046], [126.48256023562854, 37.243244680061025], [126.48261296249416, 37.24314215909248], [126.48262338949695, 37.24303058817495], [126.482607365101, 37.24254071404422], [126.48252079132209, 37.2418773549412], [126.4824792039388, 37.2418096681082], [126.48240960156434, 37.241755282652626], [126.48231588681642, 37.241732519015954], [126.47636159962624, 37.24041364131874], [126.47631728532966, 37.2404186700264], [126.47626786874562, 37.2404508443537], [126.47616642142329, 37.24053824715055], [126.4758057164548, 37.240871764109485], [126.47547855456314, 37.24116506181872], [126.47543386582544, 37.24118505505705], [126.47539090707905, 37.241188018393146], [126.47534381280518, 37.24117133938563], [126.4727165238932, 37.24013000371584], [126.47254863381647, 37.240056036546406], [126.4723630092042, 37.239958548185186], [126.47148809846809, 37.23945475916033], [126.47114663596028, 37.23923361768161], [126.47090934154593, 37.23905924214614], [126.47072516015069, 37.23890752399833], [126.4705280832017, 37.23871644341314], [126.46951184438521, 37.2376624414096], [126.46897822480192, 37.23708045794065], [126.46894205687968, 37.237016728218485], [126.46892316111877, 37.23697278877764], [126.4687722935896, 37.23655108535154], [126.46873281844374, 37.23643853213467], [126.4687059275676, 37.23635373074021], [126.46864682478392, 37.23613614596073], [126.46844578480436, 37.23247297223849], [126.4674782005914, 37.2318821232946], [126.46638879997997, 37.231212696444814], [126.46020935374472, 37.22740832945588], [126.45913499060472, 37.22592288115898], [126.45940403035016, 37.22564188595174], [126.45988483546718, 37.2251397056788], [126.45998042431827, 37.22503468396109], [126.45999000550792, 37.22502137466862], [126.45999169697753, 37.22500064002054], [126.45999271064629, 37.224988057706135], [126.45998314780094, 37.224965559395585], [126.45996391457182, 37.2249464509334], [126.45911464745606, 37.22419133499163], [126.45908193061516, 37.224173274245665], [126.45898940861558, 37.22412504178881], [126.45881242491947, 37.22404852810855], [126.45874419352026, 37.22403670076589], [126.458704503823, 37.22404227738934], [126.45868776217087, 37.22404841813053], [126.45729086754186, 37.22485603169299], [126.45361652439192, 37.227960473160266], [126.45279377145613, 37.23098159886393], [126.45241347105434, 37.23097046088324], [126.43981978032622, 37.230877366506014], [126.4397424130011, 37.23087695505319], [126.43966723152438, 37.230876618105434], [126.43898909032525, 37.23087710236989], [126.43540469563074, 37.23088133246765], [126.43539459943021, 37.23088280647236], [126.4353701185616, 37.23089123138093], [126.4325881689016, 37.23246769602114], [126.43184584946162, 37.233028382025516], [126.43140532819145, 37.23470006661065], [126.43099191394337, 37.24402643062467], [126.43099566554365, 37.24477161977786], [126.43099713287013, 37.24499482409489], [126.43106922673294, 37.24839841512597], [126.43098812597155, 37.25372152206682], [126.42984268681319, 37.256316532884966], [126.4302149721319, 37.25873853934692], [126.43021300540387, 37.25868974892127], [126.43021273186163, 37.25858247815774], [126.4302112667481, 37.25755277413077], [126.4302125887767, 37.25732949543002], [126.430227806501, 37.25681768398662], [126.43022851800023, 37.25680389327583], [126.43023126984065, 37.25679940141926], [126.43024146272431, 37.25679309746101], [126.43160231245693, 37.25661369182374], [126.4327124278389, 37.25652722932757], [126.43275363970427, 37.256531796685785], [126.43317656952057, 37.257175121027416], [126.43319378120044, 37.25725209737348], [126.43325956419014, 37.257765433280696], [126.43324123440844, 37.25784832227621], [126.43254382279123, 37.26049029145077], [126.43253230795065, 37.26053015127031], [126.43251356081367, 37.260555731410044], [126.43187052123723, 37.26082113734335], [126.43120467872009, 37.26092395460538], [126.4297513578178, 37.261266014205994], [126.42884259766254, 37.26176875212377], [126.42856909128794, 37.26197761548203], [126.42852203187087, 37.2620186476398], [126.42850454785412, 37.26204378247074], [126.42850361249545, 37.26207223176019], [126.42849594872305, 37.262571753178136], [126.42851907540728, 37.26265459652407], [126.42946516263547, 37.263605936468466], [126.4295232265448, 37.263642384348834], [126.42956519056635, 37.26366115696569], [126.42970088324323, 37.263693228407924], [126.43002825281026, 37.26376773412278], [126.43012458198396, 37.26376510746129], [126.43123849719666, 37.26353543079432], [126.4312674058248, 37.26352889371941], [126.43129455715066, 37.263519183307096], [126.43132034827407, 37.26350756685085], [126.43134261609829, 37.26349516684867], [126.43135980448022, 37.263482132401414], [126.43137034578466, 37.26346846828887], [126.43137405491807, 37.263453546396406], [126.43136936667688, 37.26343672074186], [126.43235947542279, 37.26346784399309], [126.4351315669436, 37.264900424715826], [126.43515599670027, 37.26491548086331], [126.43545008230741, 37.265103792609786], [126.43546884586439, 37.26511679401402], [126.4354862338627, 37.26513153529092], [126.43575544896976, 37.26536681787905], [126.4361156485576, 37.26568961584872], [126.43628072059221, 37.26608992878193], [126.43629284871521, 37.26619464065514], [126.43629175241786, 37.26629774735287], [126.43627571456354, 37.26657855010575], [126.43624783380561, 37.266657393053656], [126.4361883662293, 37.26673555283858], [126.43581061590163, 37.26719786434759], [126.43571814939321, 37.267282004299034], [126.43563106624849, 37.26734903969213], [126.4351801099292, 37.26778955756387], [126.43455501511627, 37.26841641028706], [126.43447874076745, 37.26850010367849], [126.43441374327492, 37.268575560949394], [126.43436093101823, 37.26867115970247], [126.43407204536284, 37.26938953946864], [126.43396144934574, 37.27077449600555], [126.43395726867905, 37.27084798316741], [126.43389768413175, 37.273984304545536], [126.43395006833276, 37.27423130168319], [126.43396086527908, 37.27425285397397], [126.43400677542238, 37.27428918659636], [126.43459081156472, 37.274728867456275], [126.43460757514657, 37.27473379464188], [126.43549199517027, 37.27491094037488], [126.43618040956189, 37.27465622191786], [126.43621129588347, 37.27456344496549], [126.43650498846392, 37.274021991952765], [126.43655697371872, 37.273937480638104], [126.43732695421227, 37.272944604034564], [126.437410852863, 37.272889598191945], [126.43752768300327, 37.27284698502639], [126.43764488329339, 37.272818474134624], [126.44427369764826, 37.2726334235956], [126.44666474635225, 37.27159419462891], [126.44668574767583, 37.27158526334252], [126.44670170762564, 37.27157971687069], [126.44672245391918, 37.271576623223645], [126.44686084369965, 37.271586496774034], [126.44690562005117, 37.27159670734261], [126.44712510914825, 37.27166515678108], [126.44816320357803, 37.27202193406531], [126.44823916762407, 37.27205214663157], [126.44861147029374, 37.27220304912387], [126.44892798724302, 37.27234193753484], [126.44900667435897, 37.27238044467533], [126.44904539408313, 37.27240173697335], [126.44913560679481, 37.272452360592794], [126.44940133347075, 37.272637280905414], [126.44949300933872, 37.27270845654468], [126.45208444195931, 37.27493611112965], [126.45317812578989, 37.27600034682848], [126.45320849510031, 37.276033851267215], [126.45324900566278, 37.27608096308187], [126.45330914708043, 37.27615722540844], [126.45334361717431, 37.276206896820284], [126.4537365187024, 37.276824473508384], [126.45376694277755, 37.27687541330033], [126.45381057774384, 37.27696121188264], [126.45389466678047, 37.27713968079839], [126.45390510598496, 37.277186870936966], [126.45410350482948, 37.27816615927911], [126.45410246541765, 37.27819758232695], [126.45408894321001, 37.27822938000569], [126.45395367460675, 37.27838473288958], [126.45251882392076, 37.279449266293604], [126.45131474188807, 37.2795848194517], [126.45036800144, 37.28023198927725], [126.45448857091277, 37.28324139217887], [126.457099766395, 37.2830094080891], [126.45719209103784, 37.28296796039528], [126.4572805942222, 37.28294168670393], [126.45740931713888, 37.28291275128276], [126.45745152218333, 37.28290993313066], [126.45823842922844, 37.28296742807118], [126.46133309872447, 37.283287226046134], [126.46623500325892, 37.28395838921127], [126.46669640673387, 37.284163407180436], [126.46673770042449, 37.28418288372505], [126.4669725765421, 37.28432215071041], [126.46711511328056, 37.28442107778786], [126.46852074169344, 37.28552521855957], [126.46874474596866, 37.2857428488982], [126.46905706862218, 37.28605380881293], [126.4693567028634, 37.286381468682656], [126.47024734314196, 37.28760233179878], [126.47032197193514, 37.2877425873289], [126.4703251363535, 37.287812367504365], [126.47031407962928, 37.28823628726571], [126.47164779259668, 37.286602710566235], [126.4720575521006, 37.28494582716254], [126.47213011949229, 37.28480843745091], [126.47268320308679, 37.28434097141969], [126.47489926857021, 37.28272469108411], [126.47493826685378, 37.28270608492725], [126.47514700215234, 37.28262136091677], [126.47565956003406, 37.28248688190219], [126.48132860397324, 37.28124516347262], [126.48137613726693, 37.28123790196158], [126.48154070278063, 37.28123061363596], [126.48182625194539, 37.281247830111525], [126.48238355847319, 37.28131534859597], [126.48250326375688, 37.28133697471315], [126.48298126590338, 37.2814294018987], [126.48334305262692, 37.28151435361903], [126.48468290651516, 37.281904779856205], [126.48501174905918, 37.28201617288051], [126.48543617848973, 37.28218076251992], [126.48779557699997, 37.28319487699172], [126.49071611000183, 37.281174754594936], [126.49377930690329, 37.278260626731], [126.49425313695028, 37.277889039470075], [126.49432745955359, 37.27784405476201], [126.49441360153295, 37.27780411079047], [126.49475886185607, 37.277700595136324], [126.49554227791364, 37.27749040205228], [126.49562405464955, 37.27747907358963], [126.49593112526692, 37.27747172229538], [126.49631432718265, 37.27748437255655], [126.49637268819606, 37.27749964976948], [126.49642091992719, 37.27749863005082], [126.496700488682, 37.277450649878226], [126.49672361226915, 37.27744586493976], [126.49727595616217, 37.277185795872185], [126.4973168395829, 37.2771639019533], [126.49745582825201, 37.277086563249064], [126.49756354640718, 37.27697919292621], [126.49762515405018, 37.2766824404074], [126.49762095001545, 37.27659713940598], [126.49761183617362, 37.276536578919384], [126.49643973372635, 37.27475213340072], [126.49532041979211, 37.27395417940364], [126.49456203388725, 37.27352398195431], [126.49415246481448, 37.27315285499484], [126.49412711726069, 37.27305039068067], [126.49412386454475, 37.27302596672332], [126.49411717511815, 37.272927032053374], [126.49407775416495, 37.27232781277455], [126.4940950613879, 37.27184066257908], [126.49410255290094, 37.271662974522656], [126.49412059041589, 37.27146609589461], [126.49429566496339, 37.27046599646406], [126.49432263630145, 37.27032916413905], [126.49438400630103, 37.27009945449662], [126.49445202563795, 37.269868054450136], [126.49470487912376, 37.269238078707794], [126.49491224154852, 37.26885424925139], [126.49651998336135, 37.26620959510318], [126.49724152566424, 37.26515337001776], [126.49725141412787, 37.26386434071741], [126.49724950628597, 37.26376480568608], [126.49722715188014, 37.26357820401468], [126.4972053670702, 37.2635141586313], [126.4971792861408, 37.26345074927007], [126.49716067286865, 37.26341849396673], [126.49722065176407, 37.263022806765534], [126.49725165786018, 37.262851014011964], [126.4973018786338, 37.26272376543787], [126.49740028386641, 37.262544058920156], [126.4974772635081, 37.26241423182997], [126.49831309627085, 37.26151627432776], [126.49897077723786, 37.260897490742835], [126.49925057112938, 37.260655900586244], [126.49938310722092, 37.26057761050767], [126.50106756151187, 37.25940626755372], [126.50184319131421, 37.25805819973079], [126.50184377294377, 37.25805189506725], [126.50170018304682, 37.25771463679623], [126.5015634511349, 37.257433551670594], [126.50033633977502, 37.256256035574744], [126.49878378162013, 37.25492218730413], [126.4966433992965, 37.25365351448307], [126.49585701619282, 37.25586739078589], [126.49249854723698, 37.25883691301537], [126.49222253661678, 37.259014873948175], [126.49191095920442, 37.25917086614407], [126.49157487780091, 37.25927917024303], [126.49119332223678, 37.259359074149856], [126.4908929949694, 37.25938731969736], [126.4879494120971, 37.25953431483209], [126.48707970058449, 37.25953814657887], [126.48673827651231, 37.25952222267793], [126.48650492217844, 37.259503576984585], [126.48611906290378, 37.259449111585575], [126.48586864732607, 37.259378293518324], [126.48549689901166, 37.25920997833609], [126.48496801487573, 37.258827795429454], [126.4849551518183, 37.25879154580012], [126.48494813004022, 37.25872505496629], [126.48494591641376, 37.25863455332147], [126.48495655906818, 37.25848046961899], [126.48496935531557, 37.258425560885506], [126.48500177996564, 37.25831568751429], [126.4867278435958, 37.254309834186046], [126.48237498268948, 37.254896884371604], [126.4822041299375, 37.25495802908465], [126.48195025772645, 37.2549912645939], [126.48175668558626, 37.25500226771652], [126.4802369477588, 37.25499218169514], [126.48002495279428, 37.254990765628705], [126.47980583550626, 37.254938028952054], [126.47661399442438, 37.25372058739513], [126.47622903020257, 37.25349671666929], [126.47559255770459, 37.252650405804864], [126.47554810059837, 37.252582342097945], [126.47551040029869, 37.25252159013084], [126.47547583191513, 37.25242690900778], [126.47546880967056, 37.25237975369015], [126.47548475814597, 37.252290667317325], [126.47560006862528, 37.25208387956335], [126.47561597309219, 37.25205948560465], [126.47582468019749, 37.2518916821113], [126.47656332734991, 37.251578344149436], [126.47705878556046, 37.251380404495656], [126.47750612420914, 37.25127517451388], [126.47764564357976, 37.251239253883114], [126.47776060282031, 37.25117707516572], [126.481768068013, 37.24833609729716], [126.48244458370579, 37.24785136339977], [126.48250390074071, 37.247787603907405], [126.48252666621815, 37.24768071265576], [126.48247599597967, 37.247578053197], [126.48241968317336, 37.247471079953606], [126.48229262793039, 37.2473456768175], [126.48173479431615, 37.246907730646484], [126.48176149525617, 37.24479772386396], [126.48207494899108, 37.24418826266713]]], [[[126.08038056085934, 37.28989297690956], [126.08238137139573, 37.289539960050796], [126.08382984767483, 37.289263477786896], [126.08395157298257, 37.28923437405499], [126.08408707443903, 37.28917794551237], [126.08480528326385, 37.288727257165206], [126.08481642533647, 37.28871973094544], [126.08482698508892, 37.28871257812028], [126.08483635074239, 37.28870557685874], [126.08489612632503, 37.288653871480896], [126.08493369278439, 37.2886061655826], [126.08506817777877, 37.28829997734299], [126.0858946429422, 37.28676947895925], [126.08589897478274, 37.286762783397464], [126.08603560257623, 37.28659015900494], [126.0860458616025, 37.286578498548046], [126.08605660348908, 37.2865674378328], [126.08611380775551, 37.28651278799452], [126.08612180123089, 37.286505489018154], [126.08840521501486, 37.284424542895636], [126.08841685150004, 37.28441791092754], [126.09073679401372, 37.283419480068396], [126.09195082647466, 37.28291363934057], [126.09208753252445, 37.28287353968455], [126.09238117341076, 37.28277010363281], [126.09253355724309, 37.28271006690009], [126.09282411407247, 37.28257949466676], [126.09293778646709, 37.282509050078644], [126.09685884371308, 37.27991436602367], [126.09745266615838, 37.27934931297217], [126.09789298471735, 37.27892965318874], [126.09798674345795, 37.27858370485965], [126.0975065489871, 37.276895038755995], [126.09750239803974, 37.276887575242995], [126.09749646232804, 37.27687970841762], [126.09749004525759, 37.276871280669766], [126.09748342219517, 37.27686325607826], [126.09747571009757, 37.276856601218704], [126.09746612793066, 37.276851708827955], [126.09745517445216, 37.276848263041785], [126.09272663051587, 37.27572634336767], [126.08762566373333, 37.275565843866026], [126.0875147126914, 37.27558416245061], [126.0874506568086, 37.27559850783888], [126.08736262747924, 37.27563929231882], [126.0873547335707, 37.27564579942312], [126.08733994001071, 37.2756598683327], [126.08733530194195, 37.27566669731251], [126.08728538445402, 37.275963132999046], [126.08748417759897, 37.27641460362752], [126.08758886577212, 37.27659037785188], [126.08760369541454, 37.27661156565822], [126.08761159689708, 37.276622161312204], [126.08762128309235, 37.276630504214694], [126.08763303128195, 37.27663515555064], [126.0877645389511, 37.27663922325763], [126.0878442305798, 37.27679173858721], [126.08788724948256, 37.27712953477853], [126.08773159597209, 37.27802737139264], [126.08773002017813, 37.27803636946447], [126.08772795004067, 37.27804544455961], [126.08772430376997, 37.278054119586116], [126.08771888513539, 37.278062151548], [126.08771227334441, 37.278069147167336], [126.08752531064496, 37.27822098347727], [126.08737458867425, 37.278135426121466], [126.08732349530587, 37.27806865348161], [126.08731568735686, 37.278058780889126], [126.08730561113343, 37.27805011603972], [126.08729376040765, 37.27804369864855], [126.08728062387071, 37.278039210971905], [126.08714919807825, 37.27800173419963], [126.08714110270203, 37.278000058436874], [126.08713477424928, 37.27800287615039], [126.08712945625157, 37.278008176463], [126.08703751999823, 37.27810236180324], [126.08694462528312, 37.278231087089225], [126.08680205418362, 37.27884736512282], [126.08680176456686, 37.278854589403906], [126.08681422600338, 37.2792555374623], [126.08681533163195, 37.27928532238595], [126.08681612974604, 37.2792958431876], [126.0868183159871, 37.279306203002584], [126.08682216975129, 37.2793157562117], [126.0868277038715, 37.279324178490434], [126.08683491197048, 37.27933060448876], [126.08684400839962, 37.2793355748578], [126.08686845376643, 37.27954643106871], [126.08680528456775, 37.2799349805152], [126.08675310440775, 37.280181122634865], [126.08632857340747, 37.28102554011425], [126.08632009813041, 37.28103366438412], [126.08593844417219, 37.28123346182582], [126.08591879505036, 37.281238817082304], [126.0858947067028, 37.28124282048284], [126.08586983524388, 37.28124629716009], [126.08584544677458, 37.28124909910185], [126.08579697724416, 37.28125424876978], [126.08577190336442, 37.28125666755447], [126.08574623129869, 37.2812582616828], [126.0857195760708, 37.281259109475975], [126.08569182951591, 37.28125980722009], [126.08566388490235, 37.28126005823697], [126.08563554894765, 37.281259100398586], [126.08560562513219, 37.281256256930455], [126.08557600201506, 37.28125259503887], [126.08554903615466, 37.28124840427263], [126.08552918701916, 37.28124323138544], [126.08551762458204, 37.281236098003625], [126.08551257448839, 37.281227669733866], [126.08551117454697, 37.281219179633986], [126.08551245463697, 37.28121045026555], [126.08551550036358, 37.28120097857586], [126.08480345062512, 37.281239758905954], [126.07976714017411, 37.28244394159934], [126.0797561830205, 37.28244741451034], [126.07913945117761, 37.282684041226965], [126.07888511999657, 37.28278498607209], [126.07566679981949, 37.28445406109776], [126.07559651673442, 37.28521443981706], [126.07551011927245, 37.28862274424243], [126.07583931468413, 37.289339849301896], [126.07604164897843, 37.289503744577225], [126.0766228040326, 37.28977343859715], [126.07672940790101, 37.28981495766272], [126.07674343322707, 37.28981713178823], [126.07727680893794, 37.289845068961164], [126.07965147309135, 37.28987202731981], [126.08038056085934, 37.28989297690956]]], [[[126.27610053188742, 37.31458690771011], [126.2766492674317, 37.314264376702525], [126.2766693694843, 37.31426791228983], [126.27668526409589, 37.31426548617415], [126.27670560913414, 37.314260295690346], [126.2767250585602, 37.31424686310338], [126.27673713313062, 37.314224458041366], [126.27675431228087, 37.31418329478391], [126.27676158726497, 37.314161940635046], [126.27676536616715, 37.314136409585664], [126.27676807241988, 37.31410464729869], [126.2767643636512, 37.31404883403098], [126.27675276735316, 37.31402432027558], [126.27654597518568, 37.313759841744904], [126.27570777744278, 37.31293223930535], [126.27569455634072, 37.31292179928445], [126.27567762977951, 37.31291536793765], [126.27565099145536, 37.31291228552398], [126.27558423362856, 37.312914498838225], [126.27555839973145, 37.31291678409668], [126.2755391493617, 37.312925884912175], [126.27547121885218, 37.312979934717454], [126.27440041003385, 37.3138569345885], [126.27080723842604, 37.316952637242125], [126.27062501321315, 37.3185075475288], [126.27062475788418, 37.318527794355454], [126.27062786987483, 37.318542239100026], [126.27092090571422, 37.31931516756808], [126.27099466564862, 37.319398379242166], [126.27100116810638, 37.319403528535275], [126.27102066196348, 37.31941204497668], [126.27104056786203, 37.31941729744037], [126.2710735383659, 37.319420174473116], [126.27214577253652, 37.31951183248809], [126.27238211428258, 37.31951729365402], [126.27239569734823, 37.319517178609644], [126.27247501965107, 37.319502069548236], [126.27305310850429, 37.3179691970397], [126.27305955902222, 37.31795046920695], [126.27306591683804, 37.317932306453486], [126.2730723611099, 37.31791437894433], [126.2731616464566, 37.317669345539684], [126.27316869746548, 37.31765046889591], [126.27317635473436, 37.31763206362899], [126.2731846019101, 37.31761430262641], [126.27319356220514, 37.31759765946738], [126.2732203076395, 37.31755342324287], [126.27323448615343, 37.317529984007614], [126.27432782598343, 37.31599169725885], [126.27434009013872, 37.315976581749965], [126.27435314637111, 37.31596203057132], [126.27439131292148, 37.31592157361187], [126.27440286799704, 37.315909815451874], [126.27441490715832, 37.31589910245096], [126.27491027529132, 37.31548264359504], [126.27610053188742, 37.31458690771011]]], [[[126.26352279275856, 37.32396518139666], [126.26347309400875, 37.32342277967138], [126.2637865854578, 37.32343836261242], [126.26385291983733, 37.3234229001452], [126.26397876985332, 37.32335363667213], [126.26406077969806, 37.323288073860105], [126.2641425550663, 37.32321132203883], [126.26420045156314, 37.32315492711703], [126.2642255806523, 37.32309088636831], [126.26421195898898, 37.32300125027009], [126.26418610014557, 37.32293054062435], [126.26410697239562, 37.3228491092403], [126.26402385853464, 37.322785179797734], [126.26392995775501, 37.32271806584048], [126.2636324461727, 37.32251497196185], [126.26353992201324, 37.32246183019845], [126.26350230982298, 37.32244296329189], [126.2634734463724, 37.32243196455291], [126.26342720669868, 37.322418494795805], [126.26339591984011, 37.3224119909172], [126.26198701850103, 37.32214178403083], [126.26196230343663, 37.32214238528445], [126.26195618064538, 37.32214328564499], [126.26174739308532, 37.32218069099238], [126.26165038387819, 37.322203303308314], [126.26152526104647, 37.3222431035977], [126.26151909143236, 37.32224713108657], [126.2609862993131, 37.32289247686957], [126.26098265612909, 37.32289921316773], [126.2609819748308, 37.32290991211821], [126.260984216527, 37.32300254981297], [126.26098693929654, 37.323033447329706], [126.26101184730356, 37.323129028210175], [126.26101598426895, 37.32314129727395], [126.26102100690211, 37.32314774215722], [126.26104241830299, 37.32316415079596], [126.2613079171284, 37.32333536916172], [126.26146430414056, 37.323430377757255], [126.26292341527433, 37.32393685269519], [126.26313948730618, 37.32399416009775], [126.26326005648798, 37.32400838085738], [126.26346882679496, 37.324020779709116], [126.26348317659253, 37.32401621389068], [126.26349461614411, 37.32400934448106], [126.26351737577762, 37.323983611213606], [126.26352279275856, 37.32396518139666]]], [[[126.2663168574101, 37.32092033774789], [126.26595308433973, 37.320789182224736], [126.26486279546415, 37.32082928408195], [126.26483355734851, 37.32098986047067], [126.26483387117219, 37.32100736953383], [126.26717640445285, 37.32377390309567], [126.26836895971432, 37.32472864380663], [126.26837941784429, 37.32473652040807], [126.26838927386947, 37.32474311624894], [126.26839860820171, 37.32474627075847], [126.26840799656581, 37.32474487046853], [126.26841633918117, 37.32473825316458], [126.2684227685656, 37.32472701371272], [126.26842745990471, 37.32471217425127], [126.26843102066435, 37.32469413408731], [126.26843410500133, 37.32467817646207], [126.26843563259568, 37.32465567063629], [126.2684354641764, 37.32463252162683], [126.26843359407405, 37.32461018323257], [126.26842913871249, 37.324590098310814], [126.26842240819295, 37.32457235301247], [126.26839281565866, 37.32450691067767], [126.26838458108519, 37.32448948591866], [126.26836690577117, 37.324452886964266], [126.26835765749841, 37.324433952725556], [126.2683479253496, 37.32441589856246], [126.26833719584042, 37.32439865243018], [126.26832516519346, 37.324382294089034], [126.2683108290404, 37.32436570984481], [126.26829500698972, 37.324348886597505], [126.26827737002364, 37.324331514466195], [126.2680144961919, 37.32407755108207], [126.26782099766557, 37.323895818214616], [126.26780299197355, 37.323882930835225], [126.26778428338513, 37.32386940699846], [126.26776508040781, 37.32385533360146], [126.26774646112521, 37.323840765136985], [126.26772904004638, 37.323825392537614], [126.2674481263025, 37.32353916859791], [126.26743210538339, 37.32352210521066], [126.26741736327135, 37.323504001480224], [126.26740381336472, 37.323485322496516], [126.26704323166074, 37.32294220827709], [126.2669980791272, 37.322846953019436], [126.26695845078598, 37.322753731050454], [126.26692332273102, 37.32266373048357], [126.26658070735417, 37.32171388221404], [126.26654407416017, 37.32161217367758], [126.2663490161468, 37.3210242620646], [126.2663168574101, 37.32092033774789]]], [[[126.26387018613043, 37.32499168894411], [126.26385597580202, 37.32499117632752], [126.2638327638657, 37.32499504209005], [126.26380588175635, 37.32500192683482], [126.26379717674966, 37.325005974817266], [126.26379099670447, 37.325011458874215], [126.2637668577618, 37.32504669048978], [126.2637091307299, 37.3251526974463], [126.26370264604759, 37.32516836883454], [126.26354653784564, 37.32556189629777], [126.26353803604164, 37.32558549638838], [126.26327454518949, 37.32655505970959], [126.26327457522004, 37.32658669154631], [126.26327632871026, 37.3268379052989], [126.26327837849065, 37.32685346036872], [126.26328190934329, 37.32686266567896], [126.26589722705333, 37.3306171506185], [126.26590220465418, 37.330623919305054], [126.26603260355661, 37.33073193109522], [126.26673556246305, 37.33113842915038], [126.26860924227609, 37.33168884885865], [126.26900965500354, 37.33173451002236], [126.26905401568312, 37.3317339098399], [126.26907548337978, 37.331730798268445], [126.26908419442837, 37.33172751790744], [126.26917196912785, 37.3316844423268], [126.26918697169242, 37.33167286841848], [126.26989399669067, 37.330925121824514], [126.26995445947176, 37.33081127349065], [126.26996466000045, 37.330790567678214], [126.27000128205468, 37.330710323848834], [126.27000590013927, 37.33069361420486], [126.2700080207355, 37.33066213452226], [126.27000763719674, 37.33062598421381], [126.27000576456443, 37.33057718347968], [126.26989045548841, 37.329571401028474], [126.26988757313092, 37.32954964162002], [126.26988356011762, 37.329535200129165], [126.26987602198778, 37.32952166658518], [126.2695727950288, 37.32901157952286], [126.26955441984197, 37.32898194712777], [126.26953865751987, 37.32896180234201], [126.26944401797412, 37.328849672267054], [126.26935371045698, 37.32877408953779], [126.26500336358257, 37.32521966955075], [126.26498871008852, 37.325210234611404], [126.26488792861629, 37.32516787241646], [126.26485795924074, 37.325158029697064], [126.26482514280553, 37.325149327181784], [126.26387018613043, 37.32499168894411]]], [[[126.33172270787252, 37.501430329550416], [126.32873999815489, 37.50000031389607], [126.32710486276538, 37.50000020025026], [126.3261494931185, 37.50046569289584], [126.32604488619913, 37.50052888471537], [126.3259159016365, 37.50061131248996], [126.32514273629684, 37.501174520584236], [126.3251027770078, 37.50124132800926], [126.32510669014799, 37.50132225652431], [126.3251623250969, 37.50143591798039], [126.3256195597888, 37.502012639034774], [126.32573117573693, 37.50210103228179], [126.32678159495114, 37.502740148275116], [126.32685178239738, 37.50275721965008], [126.33359658805972, 37.503811689084095], [126.33373274484698, 37.503825252764955], [126.33387117749805, 37.50382459073486], [126.3341064695985, 37.50381807974253], [126.3341786687387, 37.50380010539068], [126.33423417811076, 37.503776901765654], [126.33430105851197, 37.50374664576847], [126.33433360308699, 37.50372421500566], [126.33436975183868, 37.503690450585395], [126.33439393886005, 37.50366680076471], [126.33248947223622, 37.50191128942183], [126.33238681496063, 37.50183178161758], [126.3320614535894, 37.50161622704895], [126.33172270787252, 37.501430329550416]]], [[[126.32277605200562, 37.50965403931227], [126.32250262287451, 37.509553245038894], [126.32215427195551, 37.5095915024195], [126.32214231277707, 37.509593227243606], [126.32195324715825, 37.50962756902909], [126.32194515326341, 37.50963215260353], [126.32194245063407, 37.5096408395637], [126.32147454749386, 37.51322772489584], [126.32178796591374, 37.513486721834866], [126.32204286323912, 37.513674608176814], [126.32205348449212, 37.513679579411885], [126.32206660994576, 37.513683889722174], [126.32207890259228, 37.513686762239345], [126.32209240840766, 37.513689045678035], [126.32210665552826, 37.51369095795641], [126.32324985669908, 37.51381550713873], [126.32326220303428, 37.513816261977894], [126.32334546977498, 37.5138116485628], [126.32369560294359, 37.51373185405548], [126.32372382563346, 37.51371045492306], [126.32402982879894, 37.51334922499147], [126.32425712232211, 37.51298616604687], [126.32430227122207, 37.51291127277243], [126.32430809702177, 37.512901116162844], [126.32431318938056, 37.512890830574094], [126.32485370030207, 37.511800246678746], [126.32480320934934, 37.51168612806213], [126.32400249414083, 37.51052848128426], [126.32376786155093, 37.51035777902084], [126.32277605200562, 37.50965403931227]]], [[[126.41619569205297, 37.536195464343436], [126.41687438483325, 37.53626602261504], [126.41652476685013, 37.536200038212115], [126.41650699774547, 37.53619763448488], [126.41628453066544, 37.53619567944743], [126.41619569205297, 37.536195464343436]]], [[[126.41619569205297, 37.536195464343436], [126.41454397436165, 37.53602373137417], [126.41438357074502, 37.535997762492265], [126.41370346054575, 37.53573057036268], [126.41364571526233, 37.53570117076177], [126.41311237241729, 37.53541013357187], [126.41254853529819, 37.53510103103061], [126.41219741959698, 37.53489835305731], [126.41218828549256, 37.534892919581495], [126.41217972419211, 37.53488545349956], [126.41217170609694, 37.53487783649315], [126.41216588132532, 37.534870229778015], [126.41209189840792, 37.53473765094724], [126.41209101781452, 37.53473033043245], [126.41228424261591, 37.53441550414136], [126.41254535771101, 37.53401469138523], [126.41278114884325, 37.53365272965357], [126.41278616002585, 37.53364122268244], [126.41278803719308, 37.53363291538108], [126.41278824890436, 37.53362737601935], [126.41278830400645, 37.533619059152265], [126.4121038343647, 37.53147187904676], [126.41186444560186, 37.530721668212834], [126.41185053879781, 37.52769501158897], [126.41186530819397, 37.52767970626784], [126.41190256204324, 37.52755442895169], [126.41190509320597, 37.527481309245026], [126.41190175657051, 37.52743786281099], [126.41188630912279, 37.52737535723155], [126.41178466324237, 37.52726274070908], [126.41158247100188, 37.52715006628539], [126.40897468505999, 37.52656824776112], [126.40882523827361, 37.5265459941627], [126.4085002280503, 37.52655644905452], [126.4083455697805, 37.52659376809595], [126.40818497041519, 37.52667422325686], [126.40803627196439, 37.52679347199378], [126.40777920412283, 37.52704601853317], [126.40743655713995, 37.52739259608823], [126.40698732592517, 37.527816157487905], [126.40274520603444, 37.53084036701773], [126.40271487133226, 37.530844933335125], [126.40223080897631, 37.530898012313585], [126.40437541626794, 37.535748488075335], [126.40828199569198, 37.536959738471204], [126.41286855509144, 37.538861473134105], [126.41420549912537, 37.53675234082677], [126.41423211916603, 37.53671229575088], [126.4147241146373, 37.53621403868412], [126.41472853157691, 37.53621041271458], [126.41473115707635, 37.536209345348276], [126.41473423113999, 37.53620809733424], [126.41473918499138, 37.53620694140668], [126.41476227820881, 37.53620512929066], [126.41502933736058, 37.53619835125502], [126.41577322513818, 37.53619443859878], [126.41619569205297, 37.536195464343436]]], [[[126.47195082225112, 37.53747764587456], [126.47241387296677, 37.53747704008076], [126.47249556867754, 37.53748926271074], [126.47285742527316, 37.535125219271734], [126.47285895390138, 37.53326376018463], [126.4728918067995, 37.53144932918031], [126.473542046193, 37.528884917047925], [126.47354008031274, 37.528797466968335], [126.47350621691089, 37.52869982865533], [126.47337335861579, 37.52851268627013], [126.47325379332291, 37.528462165829666], [126.4704697088753, 37.52797927111848], [126.46969373986205, 37.52785210998951], [126.469649602731, 37.527849641032304], [126.46962067919404, 37.527850719922625], [126.46937059545672, 37.52791128688209], [126.46930742494361, 37.52793316590239], [126.46873504996168, 37.528141084137204], [126.46862896761273, 37.52820954973884], [126.46853263692196, 37.528310001893175], [126.46845893986409, 37.52838207248884], [126.46835147361672, 37.5284702818725], [126.46817084255818, 37.52859531993159], [126.46806943016846, 37.52864494127812], [126.46804340796501, 37.528654734800114], [126.46802778409673, 37.52865812334383], [126.46797600653834, 37.528657520329475], [126.46685089962615, 37.528584719316235], [126.46683908749985, 37.52858022381981], [126.46683258550924, 37.528576545413216], [126.46678423612451, 37.52842030237479], [126.46677165001343, 37.52832916482158], [126.4667041521076, 37.52767791098251], [126.46667038822824, 37.52722591146606], [126.46653471103623, 37.525151351618554], [126.46651682398463, 37.52486718768849], [126.4665057296657, 37.52464123936357], [126.46650594221197, 37.52463370795189], [126.46650797904748, 37.52463027550637], [126.46767147006501, 37.523018379114404], [126.46775426993649, 37.522925121721244], [126.4682965130554, 37.52235625321018], [126.46830260033194, 37.52235122652091], [126.46854869180655, 37.52231368268986], [126.46871254011965, 37.522294228125496], [126.46918343930577, 37.52225525062779], [126.46969022165463, 37.52221894668521], [126.47015970366444, 37.52218815949017], [126.47045741748785, 37.52214330862485], [126.47046230613105, 37.52213820467546], [126.47046490222021, 37.522132431785614], [126.47046569856022, 37.52211928027907], [126.47046563914549, 37.5221130633201], [126.47046445365783, 37.522093760115965], [126.4704228173958, 37.52197131621675], [126.47029835151994, 37.521631921259065], [126.47006981903023, 37.52102015922928], [126.46972781138463, 37.52011567567927], [126.46962862380751, 37.51988134086664], [126.46857397307704, 37.517414484371365], [126.46736422524536, 37.51518597770394], [126.46735874815404, 37.51516088646766], [126.46736008200754, 37.51515145944272], [126.46823920851226, 37.513697091477695], [126.468244848755, 37.513689800347976], [126.46825449692453, 37.51368660921287], [126.46866469187144, 37.513637872596576], [126.46963385254406, 37.51194727861255], [126.46385886680271, 37.511248462013754], [126.46383252865043, 37.511247792003886], [126.46379594273002, 37.511258500558924], [126.4633142184884, 37.5114571635997], [126.46315453619117, 37.51152633573826], [126.46259505361724, 37.511877351155086], [126.46257921889298, 37.51190405626874], [126.46256909407366, 37.511948546932295], [126.46259171798673, 37.51245624280365], [126.46266887321906, 37.51279637615133], [126.46268470671157, 37.51284219983448], [126.46269518902723, 37.51285853830342], [126.46271635529187, 37.512883024855974], [126.4628815294482, 37.513001031303325], [126.46292541920315, 37.51303070259253], [126.46312531763883, 37.51316586930618], [126.46318555115508, 37.51325539413606], [126.46323460912186, 37.51337508826521], [126.4632366391232, 37.51339176709843], [126.46323524772126, 37.51341398879681], [126.46322621120574, 37.51343904024562], [126.46318808353595, 37.51352102815882], [126.46301604918925, 37.513768335159526], [126.46289322079663, 37.51392031441456], [126.46238623277827, 37.51445142289586], [126.46223707840275, 37.51460061398373], [126.46200962709757, 37.51480351898908], [126.46176866986865, 37.51499212515692], [126.46041912700896, 37.51600764058945], [126.4599355738703, 37.51636048562389], [126.45913959000694, 37.51681923207474], [126.45352571208336, 37.51895661970897], [126.44600125491391, 37.51985971419063], [126.4459643621906, 37.51986054312581], [126.44595283428549, 37.51985903687613], [126.44593402086142, 37.51985626413489], [126.44592310295728, 37.51985354653957], [126.44580260731482, 37.51981081541539], [126.44568332994939, 37.51975212358617], [126.4456111489983, 37.519709409878715], [126.44435308707162, 37.51870825251757], [126.44435231670346, 37.51870687021122], [126.43933614156845, 37.514670840347385], [126.43892521494138, 37.51445743448651], [126.43828590186067, 37.514349267923734], [126.43305426855704, 37.51509787378282], [126.4321541855551, 37.51523570739012], [126.43194240070265, 37.515272323885156], [126.43172120080108, 37.515314057275525], [126.43078350299876, 37.51549487487588], [126.43063469383621, 37.515526061731876], [126.4305532048985, 37.515550520348825], [126.43041821381662, 37.515598512846736], [126.43027541050701, 37.51566393992974], [126.43014040738876, 37.51574175588343], [126.42982207040693, 37.51592557180038], [126.42965734370597, 37.516025208378224], [126.42947587341213, 37.516135678278225], [126.42930160558146, 37.51625694614702], [126.4292645662568, 37.51629190615852], [126.42924653494285, 37.51631892117796], [126.4292312634792, 37.51635472388006], [126.42922636080611, 37.51637457793992], [126.42922445935731, 37.516386804273324], [126.42922465266881, 37.51640273330656], [126.42922702469642, 37.51641965732489], [126.4295975928677, 37.5187081640635], [126.4297422006134, 37.51931919425457], [126.42974605810946, 37.5193354404032], [126.43051491718492, 37.520865375028734], [126.43233543631284, 37.524480887584566], [126.4339857679161, 37.52649703634281], [126.43795712922187, 37.529434400539145], [126.44073933496563, 37.531332671474075], [126.44186000318264, 37.531256298359], [126.44301521286968, 37.53152748960112], [126.44807876241613, 37.53327823559619], [126.44954234060098, 37.5345670858943], [126.4503726239761, 37.535539462321964], [126.45094823055219, 37.536172526667464], [126.45103190163654, 37.53626330302882], [126.45111181703327, 37.536337140777626], [126.45121225100758, 37.53641176821151], [126.45135472225653, 37.53651046915016], [126.45147309479238, 37.536590557245695], [126.4515810927841, 37.536656596140695], [126.45167174858705, 37.53670695930928], [126.45175056955806, 37.536743274798646], [126.45183306294396, 37.536777121666944], [126.45194357492973, 37.536818205118266], [126.4520184124047, 37.536844141503586], [126.45213084779573, 37.53686669084549], [126.45236767704804, 37.53690425209938], [126.45299630857437, 37.53692688172715], [126.4534724758337, 37.53693923103886], [126.45351885836297, 37.53694011170296], [126.45355421626614, 37.53694328405103], [126.45357509320414, 37.53694758900775], [126.45358240084443, 37.53695096432356], [126.45359116651984, 37.536957564871194], [126.45410389993691, 37.53734897475307], [126.45418601119017, 37.53742310929331], [126.45427322920685, 37.53750294389651], [126.45433812121236, 37.53757395237216], [126.45443490707419, 37.53768257417993], [126.45452128955438, 37.5377809468], [126.4545963186951, 37.53787841035503], [126.45467588160086, 37.53798581592036], [126.45474369714451, 37.53809507601402], [126.45479709685428, 37.5381904218443], [126.45514133589491, 37.53880739660808], [126.45643060697208, 37.541536993240456], [126.45678647386582, 37.54235788972771], [126.45679753604763, 37.5424177757148], [126.45679333259575, 37.54245103879456], [126.45677847753544, 37.542486903615696], [126.45674925689664, 37.542537314116615], [126.45666929414358, 37.54261821500327], [126.45657085695228, 37.54265321592658], [126.45651388152717, 37.54268164933307], [126.4564767503745, 37.54270284202431], [126.45645687097449, 37.54271795904779], [126.45641929063584, 37.54275431969149], [126.45640103005844, 37.54281148593251], [126.45632084885908, 37.54307834884416], [126.4563061613325, 37.54315624458965], [126.45629556363824, 37.54321927403987], [126.45630014285025, 37.54332876645488], [126.45631544286881, 37.54342047502698], [126.45633151369141, 37.54350431466511], [126.45635467718229, 37.54356511072408], [126.45670994588632, 37.54435886045515], [126.45672916306214, 37.54440038467057], [126.45674553617678, 37.54442554280276], [126.45677074632621, 37.54444284198031], [126.45680587822866, 37.54445551039886], [126.456839959067, 37.544460586706926], [126.46002723573132, 37.54459487351505], [126.46023105760035, 37.54460165291133], [126.46035791639244, 37.54460176322217], [126.46048700006868, 37.54459604611361], [126.46063232320702, 37.54457140166282], [126.46085286506282, 37.54453327912844], [126.46112478972209, 37.54448451483053], [126.46160045633941, 37.54438443155959], [126.46161956119818, 37.54437777927984], [126.46165118768309, 37.544358902532274], [126.46166740072368, 37.544343491008796], [126.4616672309689, 37.54423021594582], [126.46167068385283, 37.544200156595906], [126.46168779274507, 37.54415116700618], [126.46270177862762, 37.54271429386427], [126.46278476919363, 37.542615867617315], [126.46606540746133, 37.53895045609769], [126.46638728608032, 37.53866636154857], [126.46684780195093, 37.53849692869897], [126.46702301106933, 37.53845209486105], [126.4682134023418, 37.53815883624168], [126.47006907216145, 37.53775004676658], [126.47077006254646, 37.537599535189486], [126.47126208171778, 37.537523398661634], [126.4716156901782, 37.53748537402257], [126.47195082225112, 37.53747764587456]]], [[[126.43215973296351, 37.54496539820724], [126.43218761834588, 37.54497006145843], [126.43220631702333, 37.54496953745124], [126.43222760798066, 37.54496567676686], [126.43215973296351, 37.54496539820724]]], [[[126.43215973296351, 37.54496539820724], [126.43212077158212, 37.544958882609336], [126.4320940639262, 37.54494887075116], [126.43207799811998, 37.54493654861895], [126.4320663729366, 37.54491622147532], [126.43206828941955, 37.5449009046677], [126.43207369767963, 37.54488442339218], [126.43209516658561, 37.54484523623687], [126.43214873555665, 37.54480338217298], [126.43275597668097, 37.5444463998933], [126.43285298716567, 37.54440410534479], [126.43303296613068, 37.54434371211525], [126.4332071672754, 37.54433335812586], [126.43341171949531, 37.54433756487038], [126.43368502294665, 37.54437498659344], [126.43426782294046, 37.544471708988624], [126.43445899616549, 37.544509285284185], [126.43467405658447, 37.54457278062803], [126.43491700782398, 37.544664692509485], [126.43511911297034, 37.54474916285501], [126.4352716324268, 37.54481843111736], [126.43534654759561, 37.54486276656978], [126.43576117575199, 37.545110130318115], [126.4364110834901, 37.545546718069644], [126.43643020421455, 37.54556955849207], [126.43643436210589, 37.545581103090285], [126.43643392396565, 37.54559409346447], [126.43642205599636, 37.54561944342102], [126.43640820023532, 37.54563969563407], [126.43639780168934, 37.545663603193994], [126.43639663555545, 37.54567731888115], [126.4363965458145, 37.545693672511874], [126.43640307643244, 37.54570537097911], [126.4364165813385, 37.545718257117926], [126.43643336044767, 37.545733499054364], [126.43668179057475, 37.54583682141215], [126.4368874929842, 37.54590525061885], [126.43721595250344, 37.545989859982], [126.43733612241749, 37.54600837132842], [126.43747001131003, 37.545999190397076], [126.4396511136515, 37.545843634227005], [126.43990352814309, 37.54581879183483], [126.44011279655909, 37.545769573875695], [126.44105553265807, 37.54528137057065], [126.44136998724267, 37.54510199494476], [126.44158969122809, 37.544951784891055], [126.44169120384579, 37.54482454066842], [126.44175059665203, 37.54468663659052], [126.44176624289867, 37.54457020371558], [126.44175859406405, 37.54452609126295], [126.4417318655579, 37.544450533802014], [126.44165706076443, 37.54438197678957], [126.44124394369594, 37.54408748831476], [126.44114397613262, 37.54402949684226], [126.44103220747807, 37.54398474618907], [126.44092802535015, 37.5439619195869], [126.44077925791757, 37.543944347807184], [126.44067000834858, 37.54394398327848], [126.44059437870997, 37.54396196924201], [126.44048465886925, 37.54401546319831], [126.44017240600708, 37.54423395102345], [126.43994022722093, 37.54439198257272], [126.43985274159174, 37.54443372495246], [126.43976372066417, 37.54445502506767], [126.43971015671178, 37.544461997082436], [126.43960623467083, 37.54445771089529], [126.43933965783609, 37.544394772118494], [126.43905134654689, 37.544316737728415], [126.43443820072027, 37.54259937196159], [126.43443272955604, 37.54259248787951], [126.434430755821, 37.542585622741946], [126.43443059270474, 37.54258022326659], [126.43451598223655, 37.5421017315332], [126.43459826719851, 37.54168668802756], [126.4346857711825, 37.54125751556031], [126.43470464036461, 37.53976994725012], [126.43233221317139, 37.53437189657824], [126.43203264690874, 37.53266444296449], [126.43202366325133, 37.532616789996304], [126.43199490100676, 37.53253513156716], [126.43194765580535, 37.53242020764803], [126.43149017028722, 37.531454756857634], [126.43078775826406, 37.53038725013422], [126.43074483049867, 37.53036396156908], [126.4305402662858, 37.53019684013435], [126.43037389601754, 37.53006087327393], [126.43026300492095, 37.52996229083795], [126.4287470788581, 37.528533061381836], [126.42659314631433, 37.52637594108444], [126.42653270006367, 37.526308354045334], [126.42643367969796, 37.526151651462186], [126.4263436234572, 37.525992844590476], [126.42628994388656, 37.52587498014298], [126.4262670929864, 37.52577138809642], [126.42625961899397, 37.52567619827373], [126.42626237785095, 37.525558417932665], [126.42627719666316, 37.5254328462582], [126.4265953212564, 37.52489328422092], [126.42665839818099, 37.52480626530558], [126.42672008153765, 37.52474162251945], [126.42682919129045, 37.52466778188086], [126.42691831755711, 37.524635988279385], [126.4270238287978, 37.52461536124054], [126.42708470483176, 37.52461353124554], [126.42711428424728, 37.52461085446366], [126.42715307820113, 37.52460308599786], [126.42719814879608, 37.524588176583876], [126.42725400064448, 37.52454917361399], [126.42781183040316, 37.52408148098764], [126.42809810383952, 37.52360714258105], [126.42812367499211, 37.523531035415104], [126.42811443203647, 37.5234746964115], [126.4279263827137, 37.523207137285794], [126.42704907517538, 37.52238525248916], [126.42697378837609, 37.52231771828954], [126.42641573862393, 37.521949278460184], [126.42612985046438, 37.521778936801475], [126.42599381649664, 37.521705927454256], [126.42592328845042, 37.52167613816788], [126.42579391541646, 37.521660913443], [126.42542061960107, 37.521625112987316], [126.4252492725517, 37.52162992788138], [126.42508684006884, 37.52165101411537], [126.42503370816213, 37.52166252258144], [126.4249775958753, 37.52168236725989], [126.42491453568545, 37.52173026449909], [126.42164395421354, 37.522831737362864], [126.42148837872914, 37.522809551099265], [126.41657120554572, 37.52251440807045], [126.4164746388952, 37.522545366680795], [126.41589682146925, 37.522908330029445], [126.41581120309961, 37.52301800001858], [126.41574665353366, 37.52320100468646], [126.41575009728581, 37.523274569681526], [126.41576082280001, 37.52329303888086], [126.4168308036471, 37.52426344968761], [126.41686151569432, 37.52428826984559], [126.4172924411326, 37.52458504807052], [126.41732302241235, 37.52459904745305], [126.41739914082747, 37.524614225010836], [126.41746391855395, 37.524621042461035], [126.41753019104571, 37.52462199876711], [126.41891898251906, 37.52731300749538], [126.41991378224698, 37.530691050137534], [126.42211024998393, 37.53307696949093], [126.42212471117419, 37.533113360701506], [126.42213260676712, 37.53314433002592], [126.42214537196358, 37.53365288298928], [126.42214451855428, 37.53370761416604], [126.4221236162682, 37.533940057661034], [126.4221145491038, 37.53398906168016], [126.42190131274039, 37.53463283950361], [126.42185770712233, 37.53476199798381], [126.42174277415577, 37.53504692377943], [126.42170946707301, 37.53512000148005], [126.4216708131235, 37.53518349347741], [126.4216134593172, 37.535248380275675], [126.42139268077023, 37.53546725740636], [126.42130448735035, 37.53554181471055], [126.42117952917741, 37.53563477809742], [126.4203171262672, 37.53625453679447], [126.42021470349799, 37.53631387055748], [126.42005419199214, 37.53637022137863], [126.41997615487712, 37.536396805891115], [126.41989838472297, 37.53640660571913], [126.41899636405361, 37.536486601224], [126.41687438483325, 37.53626602261504], [126.4196908254975, 37.5367975316681], [126.42023253853108, 37.537477900162166], [126.42386638778495, 37.54460636131317], [126.42397946201034, 37.54484469370022], [126.42398222484786, 37.54487534838559], [126.4239820783711, 37.5449019179199], [126.42398084359891, 37.54492702370929], [126.42397784790575, 37.54493839718584], [126.42385961641143, 37.5453671313593], [126.42384264679997, 37.545387213991376], [126.42381726932652, 37.54540143442209], [126.42365162081924, 37.54551879842821], [126.42364091830625, 37.54553160233223], [126.4236324114288, 37.54554616669731], [126.42362423224621, 37.5455662816637], [126.42359636220013, 37.54569872598112], [126.42359618720681, 37.545730259711924], [126.42359933370217, 37.545757998528636], [126.4236399853495, 37.54596600132653], [126.42370978831646, 37.54614141228804], [126.42377089271808, 37.546229791037796], [126.42395504590844, 37.54647829010628], [126.42414679950214, 37.54668039698881], [126.4243864733582, 37.546901938115006], [126.42474093841794, 37.54718402655679], [126.42613978962076, 37.548266106118476], [126.42625643536151, 37.54832548048251], [126.42644896535163, 37.54838629645477], [126.42668232075874, 37.548425352291126], [126.42688250324332, 37.54842983894314], [126.42728634250768, 37.548363223097404], [126.42742094951501, 37.5483213666111], [126.42744188453237, 37.548313989326296], [126.43113912174795, 37.546407512964244], [126.43121233900831, 37.54636251135207], [126.43123224192175, 37.54634331676717], [126.43125079391619, 37.54630250894305], [126.43157557775722, 37.5449629987142], [126.43215973296351, 37.54496539820724]]], [[[126.27575781321147, 37.543809789376525], [126.27573184162087, 37.54380883778409], [126.27570678956515, 37.54380869247598], [126.27568201776712, 37.5438089908076], [126.2756569279079, 37.54380949584018], [126.2756310321025, 37.543810139422604], [126.27560468042076, 37.54381111085385], [126.27557879871031, 37.54381269192972], [126.27555394054765, 37.543814809977874], [126.2748105400294, 37.543879620718364], [126.27478596332652, 37.54388196775306], [126.27476117549429, 37.54388490384861], [126.27473574026578, 37.54388838842518], [126.27471014358872, 37.54389191638609], [126.27468546447608, 37.543895540389435], [126.27466150415086, 37.543899509837324], [126.27463790151245, 37.543904032789484], [126.27461423117919, 37.5439086803159], [126.27456765699148, 37.54391803468427], [126.2745457516611, 37.54392259416192], [126.27452509987373, 37.543927331585714], [126.27450559494521, 37.54393281727717], [126.27448712397162, 37.54393917174131], [126.27438881311782, 37.54397451715982], [126.27212912120825, 37.5448313269738], [126.2719511435368, 37.54491480343289], [126.27193106470087, 37.54492460899405], [126.27155482353135, 37.54511182673526], [126.27145103635831, 37.54517926408317], [126.26920472202028, 37.54687126377264], [126.26854764155135, 37.547470626359924], [126.26853469071911, 37.547482782376484], [126.2685219088081, 37.547494991527934], [126.26850933886142, 37.54750752735883], [126.26849678515582, 37.547520864618164], [126.2681858942955, 37.54785382351672], [126.26745847207923, 37.548666528367264], [126.26744783472557, 37.548680607461435], [126.26740654571668, 37.548791262246645], [126.26740813728173, 37.54879965108545], [126.26786642871573, 37.549682344711904], [126.26818438539384, 37.54967720748563], [126.2692328946365, 37.54928846890589], [126.26925457662107, 37.549280396619075], [126.26927516578539, 37.54927172979173], [126.26937408075874, 37.54922761631669], [126.26939361868567, 37.54921885378798], [126.26941180398981, 37.549209462467054], [126.26942782477288, 37.549199387925405], [126.26944482378957, 37.54918641146077], [126.26946014540718, 37.5491736942109], [126.26947470255301, 37.549160378636195], [126.26948860221499, 37.549146291900115], [126.26950125171456, 37.54913140349041], [126.26951215537026, 37.54911570463605], [126.26955335746679, 37.549048304532555], [126.26962391785916, 37.54888336738548], [126.2696319359733, 37.548865118397885], [126.2696394376898, 37.54885032413883], [126.26964745427988, 37.54883588585263], [126.26965844022844, 37.54881861956997], [126.26966862832595, 37.54880443825125], [126.26968096613265, 37.54879018740063], [126.2696950008141, 37.54877586860758], [126.2697246033588, 37.548748030227266], [126.26973968973999, 37.54873405136448], [126.26975577699443, 37.548720474996934], [126.26977286375359, 37.548707659829475], [126.26979088700847, 37.548695444772754], [126.26981011663806, 37.548684490591306], [126.2698915447255, 37.54864303537177], [126.27081152614474, 37.54817536614773], [126.27082833375142, 37.54816684714461], [126.27084558086784, 37.548158448081914], [126.27086353244287, 37.54815002750895], [126.27088233936927, 37.54814177176392], [126.27090152979085, 37.54813373812419], [126.27092050452616, 37.54812601679151], [126.27093909969149, 37.54811866103953], [126.27095806367524, 37.548111731836286], [126.27097718690774, 37.5481050314167], [126.27099630219048, 37.54809881491228], [126.27101563082715, 37.54809297917393], [126.27111722500592, 37.54806506332274], [126.27113629925462, 37.548059827889965], [126.27115595864078, 37.548054805844714], [126.27117648549631, 37.54805017587983], [126.2715877317205, 37.54795834300664], [126.27160717579109, 37.54795443536296], [126.27162741090149, 37.54795074865447], [126.27164751954356, 37.54794718050033], [126.271667105377, 37.54794387729506], [126.27169273941689, 37.54794009712948], [126.27171810255048, 37.547937235274134], [126.2717438580917, 37.54793488042421], [126.27176375600065, 37.54793339207363], [126.27178409289036, 37.54793205610056], [126.27181011315814, 37.54793026279957], [126.27188554141959, 37.54792485187256], [126.27190549869297, 37.54792305677036], [126.2719255698699, 37.54792108078588], [126.27195116150932, 37.54791795176687], [126.27197532012235, 37.54791454105025], [126.27199897191822, 37.54791111063622], [126.27204768773562, 37.5479040049063], [126.27207340003868, 37.547900144354266], [126.27209859889108, 37.54789584042199], [126.27212243148314, 37.54789104908947], [126.27214526150395, 37.54788582010647], [126.27296946133912, 37.54768980787641], [126.27298875861473, 37.5476847646357], [126.27301308610491, 37.54767795032785], [126.27303699318179, 37.54767123169074], [126.27306113047185, 37.54766428020042], [126.27308532505357, 37.54765714813804], [126.27310955703824, 37.54764966765405], [126.27313267431151, 37.54764154646997], [126.27326198160577, 37.54758926693175], [126.27328394612809, 37.547579923286385], [126.27357117687312, 37.54745395845512], [126.27359349144434, 37.547443419650996], [126.27361428594247, 37.547432384656766], [126.27371338744528, 37.54737906980455], [126.27373370344054, 37.54736794329349], [126.27375322134583, 37.54735661110364], [126.27377217516924, 37.54734502339012], [126.275713384938, 37.546138597137734], [126.2757746211141, 37.546100491276626], [126.27582456974208, 37.546062902866], [126.27583860274375, 37.54605121331774], [126.27585192042801, 37.546038410448325], [126.27592496254492, 37.54596710562648], [126.27604002234818, 37.54584976320516], [126.27605355500198, 37.54583585483529], [126.2760669978744, 37.54582189866514], [126.27607983854553, 37.545807941658516], [126.27609191170187, 37.54579398660843], [126.27610300248787, 37.545779881671024], [126.27611316292527, 37.545765906790784], [126.27612504914445, 37.545749122401624], [126.27613667622389, 37.5457319865194], [126.2761482402037, 37.545714694055874], [126.27615960902567, 37.54569742931128], [126.27617072927809, 37.54568013585101], [126.27618126563183, 37.54566241452581], [126.27618906832144, 37.54564766711479], [126.27693338882929, 37.54422543579052], [126.2769330513306, 37.54421574775562], [126.27686345017098, 37.54406001011486], [126.27685066401177, 37.54404696733835], [126.27683369648426, 37.54403364509946], [126.27681619285165, 37.54402168188215], [126.2767984122071, 37.54401170858115], [126.27657277839052, 37.54389982865036], [126.27655435757711, 37.54389148995853], [126.27653506972376, 37.543884119295484], [126.27651483425177, 37.543877383243654], [126.27649235289577, 37.543871207961324], [126.276468760158, 37.543865575461005], [126.2764455964097, 37.5438609830029], [126.27642339605795, 37.543857422605974], [126.27640126834162, 37.54385440464288], [126.27637857999922, 37.543852167706035], [126.27606071420666, 37.54382475762707], [126.2760349821159, 37.543822588215036], [126.2760099816574, 37.54382067153754], [126.2759854198459, 37.54381920374637], [126.27596087614093, 37.54381815164011], [126.27575781321147, 37.543809789376525]]], [[[126.26161972861335, 37.55065375811951], [126.2614249407142, 37.550651243351616], [126.26109752296883, 37.55068015121449], [126.26107966554399, 37.55068483356545], [126.2609390539518, 37.55072422843394], [126.26092087465328, 37.550730572992656], [126.26090235576969, 37.55074019743552], [126.26088795755265, 37.55075200842609], [126.26087685500555, 37.55076592159731], [126.25823803736995, 37.555635001417734], [126.2581750366862, 37.55578114118477], [126.25816862711973, 37.555797344987894], [126.25816478976346, 37.555813547006686], [126.25812771412285, 37.556015638356065], [126.25813168125751, 37.55661996687473], [126.25826636574325, 37.556844056859], [126.25906425788894, 37.55716628503315], [126.25907912044491, 37.55716957509474], [126.25909490765174, 37.55716953915124], [126.2591094761549, 37.55716584822964], [126.25911966545843, 37.55715970389471], [126.25912960690177, 37.55714898103782], [126.25920284465653, 37.557063955790916], [126.25971486364591, 37.5566991981239], [126.26038007474484, 37.556130841739545], [126.26438374572615, 37.552907448909195], [126.26440338371941, 37.55290355260911], [126.26442678998966, 37.552898652935326], [126.2644502987068, 37.55289371917821], [126.2644699096957, 37.552889126777536], [126.26449061646638, 37.552883715740215], [126.26451213187879, 37.55287759842761], [126.26453325825281, 37.55287090831681], [126.26455357252124, 37.55286389965501], [126.26457266844324, 37.55285663038142], [126.26466946210296, 37.55281968122457], [126.26468888975182, 37.55281179170059], [126.26470721252517, 37.55280362562903], [126.26542144391526, 37.55245992436245], [126.26544057331218, 37.552449105058905], [126.26562910747062, 37.552341980782636], [126.26564847260875, 37.55233018058651], [126.26569743799608, 37.55229923160428], [126.26571341938545, 37.55228873355549], [126.26572863184875, 37.552278044500724], [126.26574659802164, 37.55226457847256], [126.26576407585162, 37.55225134347796], [126.26578107090336, 37.55223772758961], [126.26585522201951, 37.55217632718769], [126.26586969148694, 37.5521640098018], [126.26588312633876, 37.55215113721087], [126.2658960294088, 37.55213810944289], [126.26590864853013, 37.552125275189596], [126.26599747251214, 37.552031929919515], [126.26602217037784, 37.55200593667892], [126.26603624730646, 37.55198995947807], [126.26604919137759, 37.551974029920835], [126.26614675375659, 37.55185367995119], [126.26615984028516, 37.551837209284685], [126.26617153341577, 37.55182065916028], [126.26618142049968, 37.551803790025346], [126.26618957814841, 37.551786624312335], [126.26619664283729, 37.55177010783256], [126.26620265877348, 37.55175320725197], [126.26620781135958, 37.55173552613174], [126.26621277037229, 37.55171805028828], [126.26621742224289, 37.5517005270708], [126.26622154638314, 37.55168274056488], [126.26622469705707, 37.5516649474907], [126.26623215993105, 37.55161480209032], [126.26623455311602, 37.55159818451235], [126.26623615841947, 37.55158197690584], [126.26623632612197, 37.55156617428359], [126.26623505032687, 37.55154742643507], [126.26623221479707, 37.55152948788146], [126.26622527938731, 37.551513308189584], [126.26621464045319, 37.55149832998818], [126.2660542649299, 37.551276514727135], [126.26604134991504, 37.55126528738394], [126.26602421777746, 37.55125373024756], [126.26600791227025, 37.5512432579066], [126.26599129039262, 37.5512338475985], [126.26597155112682, 37.55122606761], [126.26518815991945, 37.55099639982844], [126.26161972861335, 37.55065375811951]]], [[[126.34243994322269, 37.56038808556198], [126.3425012154513, 37.56036658714339], [126.34275699046435, 37.56040350946893], [126.34276454736968, 37.56040405673596], [126.34277614427079, 37.56040194959079], [126.34304503970036, 37.56034719880478], [126.3430751316438, 37.56033590377342], [126.34332342318841, 37.5601977964829], [126.34335687140388, 37.56016771942106], [126.34353948149904, 37.559961751127084], [126.34355396532253, 37.559911747736656], [126.34355611159138, 37.559854348111344], [126.34355366420026, 37.5598002671741], [126.34354254741912, 37.559738801600695], [126.3435365170476, 37.559708938911044], [126.34353055528108, 37.55969177725108], [126.34352622765331, 37.559686968729466], [126.34351745176063, 37.55967871058064], [126.3435131074543, 37.559675713528094], [126.343502485348, 37.55967014032027], [126.34349168122374, 37.55966564870284], [126.34346803632998, 37.55965819306154], [126.3430545859174, 37.55923424949217], [126.3426212104443, 37.55912683756186], [126.3419283730019, 37.55916331577658], [126.34184980591748, 37.55913993746652], [126.34184388957652, 37.55913961624174], [126.34183395219739, 37.559139849531064], [126.3418263751537, 37.5591404655987], [126.3418173369039, 37.55914244272916], [126.3418013376601, 37.559147074422626], [126.34174714900027, 37.5591817479336], [126.34170085698723, 37.55923084594926], [126.34167531903066, 37.559284401768366], [126.34166668671978, 37.55933152947891], [126.34166988620875, 37.55938213697111], [126.34167371281778, 37.55939355625809], [126.34192256931297, 37.55989122964902], [126.34212453947032, 37.560259020868486], [126.3421643506035, 37.56029306354037], [126.34234119147267, 37.56040001314053], [126.34235280864459, 37.56040596214204], [126.3423561733181, 37.56040685498657], [126.34238360988316, 37.56040649401921], [126.34243994322269, 37.56038808556198]]], [[[126.31855013085135, 37.556067645809115], [126.32178492951356, 37.5549303043434], [126.32485142274696, 37.55385252049153], [126.32767073419438, 37.55168690784526], [126.32763361675192, 37.551402139973604], [126.32762556981709, 37.55131413819393], [126.32762699057318, 37.55122648189515], [126.32762815478715, 37.55121908198531], [126.32763076767458, 37.55121300606432], [126.32763271729449, 37.55120865677571], [126.32765663419435, 37.55119443005308], [126.32884748470723, 37.55064612021149], [126.33256749125738, 37.550302561972195], [126.33257331853329, 37.55030259435738], [126.33258325251163, 37.550302650225355], [126.33259136631165, 37.550302696206145], [126.3326126944983, 37.55030310538835], [126.33268771993669, 37.55031224291849], [126.33282655793316, 37.5503416237924], [126.33299903871153, 37.55038142993052], [126.33331212285646, 37.55046594413014], [126.33349791040423, 37.55052622541846], [126.33362940630327, 37.55057073611258], [126.33379252366022, 37.550627544647575], [126.33478388335732, 37.55099074417271], [126.33746378706581, 37.550767600349566], [126.3386250474888, 37.54807539562628], [126.33961923785203, 37.544664945245245], [126.33970396371632, 37.54448978235379], [126.33978101118284, 37.54436537162057], [126.34330219157805, 37.539424610686886], [126.3433388735413, 37.53937553211982], [126.34339601525144, 37.53930960922974], [126.3434941558627, 37.539233867905004], [126.34362075249564, 37.53914884406134], [126.34382709332739, 37.53902942901877], [126.34400362108788, 37.53892899540735], [126.34424417671265, 37.5388016982251], [126.34454028299585, 37.53866712167138], [126.345193243528, 37.53839332202085], [126.35261661020529, 37.53534381809277], [126.35281229198411, 37.535284219119035], [126.35318510720263, 37.535197333326764], [126.35358426331942, 37.53511785492494], [126.35392979868365, 37.53505974766324], [126.35424713248224, 37.53501026351723], [126.35456985883462, 37.53497714101201], [126.35738585515122, 37.53471777001933], [126.35760982751975, 37.53470991449455], [126.3578433119258, 37.534706193850845], [126.36453501315462, 37.534668655917244], [126.36497584906922, 37.534678298506776], [126.3654388851642, 37.534711952895925], [126.36608936222272, 37.534778758764084], [126.36663642511496, 37.53485536625657], [126.36720750917215, 37.534960366876994], [126.36843230518602, 37.53520017858632], [126.36920573315024, 37.53535763353417], [126.36970777831574, 37.53548366009345], [126.37034045863425, 37.53564434886109], [126.37116704751065, 37.53587904390926], [126.37134448072563, 37.53592994016229], [126.37680333058444, 37.5372331120275], [126.37754508262208, 37.536959322689434], [126.37756104977954, 37.53695500935415], [126.37759000740229, 37.53695453202183], [126.37770740658544, 37.53696652050229], [126.37792818465651, 37.537003273431274], [126.37814618779562, 37.53704439800624], [126.37853896938864, 37.5371218072594], [126.37967233057795, 37.537403322407904], [126.38015904344795, 37.537526332678205], [126.38064975677449, 37.53765547717872], [126.38103322532847, 37.537761155197465], [126.38189271334967, 37.538031818080356], [126.3822505567428, 37.538163803182385], [126.38265901119968, 37.53831904330551], [126.38301677722211, 37.538464591976314], [126.38303212663577, 37.538472098228596], [126.38303795190485, 37.53847766938939], [126.38321814467666, 37.53871316443626], [126.38341538571319, 37.53903966678805], [126.38353297751355, 37.539294061205496], [126.3841155066586, 37.539054276511465], [126.38443669963682, 37.53585822293802], [126.38426803756978, 37.53066610551109], [126.38194434911306, 37.52750067939522], [126.3818969771442, 37.527438272481746], [126.38182035395558, 37.52738474145355], [126.38142527734122, 37.52718560762362], [126.38139830785211, 37.52717461115152], [126.38135791955848, 37.52716370477604], [126.3813199820278, 37.527161774392894], [126.38129992422736, 37.527168409156374], [126.37976055954887, 37.527712018258725], [126.37963220075126, 37.52775848381347], [126.3795164562811, 37.527847588574296], [126.3794679470711, 37.52792652984559], [126.3794462767909, 37.52801626127874], [126.37941557236229, 37.52814325847445], [126.37935273073647, 37.528238539767386], [126.3793482141457, 37.52824163439078], [126.37925903563345, 37.52830268421961], [126.37890723186112, 37.52843391958645], [126.3781104983647, 37.52863681044817], [126.36881364717996, 37.530297461442466], [126.36833572543031, 37.53037251713042], [126.36792111273724, 37.53038199509242], [126.36500287664393, 37.52954639718431], [126.36484615294155, 37.529613351965935], [126.36087058759153, 37.53058238544152], [126.3603461261265, 37.5307088656051], [126.36015714367396, 37.530747674645404], [126.36009430877547, 37.530750343473734], [126.36001250648326, 37.53074715898163], [126.35958044189685, 37.530710832579175], [126.35233216954656, 37.529875452233114], [126.35228426278842, 37.52986970310654], [126.35222967986576, 37.52986004225651], [126.34998285894422, 37.529120006151885], [126.34459630113274, 37.528344101256884], [126.3438455420806, 37.52821145236169], [126.34366736375115, 37.528169891248965], [126.3435819837021, 37.528137575839445], [126.34337096921143, 37.5280334911922], [126.34322382895883, 37.5279513948588], [126.3431309524621, 37.527883791329856], [126.34309696268183, 37.52784320111896], [126.34308501379749, 37.527803509134436], [126.34308280034419, 37.52776188186728], [126.34308488177071, 37.52772560001258], [126.34308702343911, 37.527706079593656], [126.34314577990429, 37.52757093257146], [126.34317820437639, 37.527442921945635], [126.3431833630152, 37.52734221992716], [126.343213933296, 37.526588580474744], [126.3432057190305, 37.526552557377954], [126.34302662607199, 37.52624562216529], [126.34296772565297, 37.526152186213764], [126.34295538406677, 37.526141747038025], [126.3429254549002, 37.52612713820112], [126.3418629373912, 37.52579151457853], [126.34159941220916, 37.52572685174404], [126.3415071706177, 37.525717542095705], [126.3414163866425, 37.52572403680901], [126.34127650352019, 37.52575380834147], [126.34105227836415, 37.52583070012365], [126.34072024896497, 37.52595833806618], [126.34021332609284, 37.526161399212356], [126.34014702774988, 37.52621590850364], [126.34006371267712, 37.526314597987245], [126.34002230499226, 37.52636877665658], [126.34002132592855, 37.52639136750067], [126.34003552461645, 37.526440002201035], [126.34014729114286, 37.52667672796539], [126.34027798195015, 37.52705368391065], [126.34049945543985, 37.52770239593304], [126.34050951315004, 37.527737106062816], [126.34051448175762, 37.5279166272654], [126.34050921790637, 37.527990261630855], [126.34025477394319, 37.52952695071644], [126.34025257727012, 37.52953988553195], [126.34024263199845, 37.52955813049818], [126.34010872894761, 37.5296542013842], [126.33991160289759, 37.52975490116676], [126.33942080048213, 37.52997543120317], [126.33912524176648, 37.53009839173752], [126.33876130799712, 37.53024403578646], [126.33843299376514, 37.530349378034146], [126.33814550693106, 37.53043287485333], [126.33778011615223, 37.53049219170716], [126.33744924613057, 37.530512384174905], [126.33626827931467, 37.530539079797805], [126.33625488711024, 37.530537564298015], [126.33595889129984, 37.53044861191231], [126.33565295286435, 37.53035062062099], [126.3353567657917, 37.53023767278118], [126.33477867635027, 37.52987723976899], [126.33454565976211, 37.52971276774357], [126.33426115700641, 37.52949987586987], [126.33418019299577, 37.529422941698606], [126.33414492432097, 37.52936881030957], [126.33410309918816, 37.529263159083555], [126.33408731385981, 37.5291782427948], [126.3340822479731, 37.52904318320672], [126.33408723522194, 37.52897086327281], [126.33413643140544, 37.52875623517462], [126.33421367021928, 37.528605513942075], [126.33464577497604, 37.52800437831692], [126.32963923458769, 37.52591345648499], [126.32962367161045, 37.52590665685452], [126.32739600146047, 37.523890854131224], [126.32739595769952, 37.523883239397485], [126.32740371125779, 37.523863895778916], [126.32759870825895, 37.52347990729828], [126.32766504862516, 37.52330034818681], [126.32766380242053, 37.52329566520641], [126.32678934982431, 37.52185563845208], [126.32671751227421, 37.52187270677179], [126.32534194909437, 37.5252801341222], [126.32533991041677, 37.52531055029674], [126.32544165752502, 37.525555290131614], [126.32559340137169, 37.52576792480258], [126.32662372090667, 37.52635865974198], [126.32713226710523, 37.526584670606596], [126.3282094461043, 37.52714489888788], [126.32824744280391, 37.5271768029705], [126.32843877722216, 37.52751233697192], [126.32851401908187, 37.52782176794567], [126.32823244349457, 37.53015870111953], [126.3281978408015, 37.5303852993339], [126.32802663758723, 37.53125645237534], [126.32794921464239, 37.531459905173904], [126.32877288783676, 37.53314721623159], [126.33001342289114, 37.53570005664206], [126.33008579843768, 37.53588725798332], [126.3302061821714, 37.536548841276634], [126.33020537006199, 37.536586478337775], [126.33017781715924, 37.536787981222375], [126.32989642150021, 37.538490659211725], [126.32971497974836, 37.539256845375924], [126.32963762472485, 37.5394788495615], [126.32902600891452, 37.54121351827847], [126.32869046671962, 37.54209127686471], [126.32867705230052, 37.54212477171032], [126.32855997886021, 37.542284543847785], [126.32842489554065, 37.542438988866465], [126.32839122647265, 37.542472466561044], [126.32837099162087, 37.54248537173477], [126.32834627865734, 37.54249438386825], [126.32830533784431, 37.54250718900893], [126.32698457733932, 37.542869286926305], [126.3264837401082, 37.54299025475553], [126.32588204567267, 37.54309779386365], [126.32468193862809, 37.5435880007765], [126.32115290637547, 37.545197129027756], [126.32080838169738, 37.54535540526318], [126.320791271861, 37.5453653984516], [126.3207695190841, 37.54538470627155], [126.32057153315131, 37.545739708733294], [126.32045776357566, 37.546029134693256], [126.32016563228267, 37.546802189542916], [126.31972687846077, 37.54784365701505], [126.31888371762223, 37.54903713025964], [126.31874448777948, 37.54921555032911], [126.31776861624044, 37.550121709935375], [126.31776585324315, 37.55012419782143], [126.31774744001396, 37.55014049928103], [126.31774452007768, 37.55014303246306], [126.31774175027316, 37.550145377873505], [126.31773876202581, 37.55014779229984], [126.31773577759373, 37.550150108521585], [126.31773286023322, 37.550152335284004], [126.31772937303963, 37.55015494660689], [126.31772610464424, 37.55015732307641], [126.31772274312253, 37.55015971844207], [126.31771941881681, 37.550162051088684], [126.31771621733583, 37.55016420470334], [126.31771275723426, 37.5501663908791], [126.31770905005847, 37.5501685953106], [126.31766752207157, 37.55019167385916], [126.31766404147973, 37.55019358042242], [126.31765833451604, 37.55019653904979], [126.31765451601562, 37.55019833767688], [126.3176506862391, 37.550199990178825], [126.3176462904585, 37.550201784826974], [126.31764261121256, 37.5502032243246], [126.31763880736162, 37.550204668883374], [126.31763492408064, 37.55020612526488], [126.3176285668831, 37.550208395087786], [126.31762485543179, 37.55020958009314], [126.317621100101, 37.55021067633062], [126.31761692626459, 37.55021175035049], [126.31761126855939, 37.55021288071263], [126.31760725660108, 37.55021345342285], [126.31760121961408, 37.55021408516725], [126.31759691779854, 37.55021437466702], [126.31759224199754, 37.55021454685614], [126.3175879523692, 37.55021463818962], [126.31758202153573, 37.55021471308583], [126.31757778992456, 37.55021457156095], [126.31757367466084, 37.55021423111054], [126.31756859977473, 37.550213581814354], [126.31756464399774, 37.55021289145039], [126.31756077143794, 37.55021209286135], [126.31755600619978, 37.550210904077794], [126.31755146964151, 37.55020957157231], [126.31752737468409, 37.55020229642915], [126.31752309791483, 37.55020100077432], [126.31751810026908, 37.55019933196765], [126.31751440119288, 37.550198014157985], [126.31751029508719, 37.550196377714556], [126.31750489709026, 37.55019411093473], [126.31750131249707, 37.550192568944034], [126.31749765945133, 37.5501909172092], [126.31749259102061, 37.55018842659985], [126.31748894223273, 37.55018650541596], [126.31748558609276, 37.55018454750556], [126.31702057731881, 37.550051848140505], [126.31701739719132, 37.55005422547476], [126.31701434440329, 37.55005642472437], [126.31700732971564, 37.55006132966274], [126.3170042875346, 37.550063430775666], [126.31699725233086, 37.55006820121279], [126.31699415412592, 37.55007026571171], [126.31699018134947, 37.55007280004224], [126.31698663066824, 37.550074986190296], [126.31698263820276, 37.550077333752284], [126.31697937394974, 37.550079160443964], [126.31697583686702, 37.55008105921035], [126.3169711635307, 37.55008351081035], [126.31696035096711, 37.55008905186859], [126.31695604284742, 37.55009117274198], [126.31695238427993, 37.55009273590461], [126.31672109461356, 37.55018780265769], [126.316717197718, 37.55018940308188], [126.31671309768507, 37.550190963614995], [126.31669889393793, 37.550196189451796], [126.31669309323917, 37.55019820071822], [126.31651371666692, 37.55025787921088], [126.31621303934799, 37.550314946895554], [126.31530380209267, 37.55087449209149], [126.31498681891439, 37.5512315973265], [126.31461749280648, 37.551630724208145], [126.31326051531879, 37.55318221196158], [126.31326470352138, 37.55318324459992], [126.31327030102513, 37.55318507193758], [126.31327387276392, 37.55318671397246], [126.31327821519622, 37.553189585928365], [126.31328086281228, 37.55319196315439], [126.31328336211155, 37.55319484091826], [126.31328569732732, 37.55319807124687], [126.31328781746629, 37.553201300314804], [126.31329047233592, 37.55320550456555], [126.31329234473566, 37.553208507618685], [126.31329411881377, 37.55321142856571], [126.3132966461359, 37.55321596591962], [126.31329816749292, 37.55321911776512], [126.31329951656271, 37.553222425607764], [126.31330058581942, 37.55322567385532], [126.31330131219633, 37.55322898445182], [126.3133016053582, 37.55323277109104], [126.313301496043, 37.55323609491868], [126.31330107619343, 37.5532400113897], [126.31330061694369, 37.5532432713122], [126.31330008837878, 37.553246618866154], [126.31329952469898, 37.55325003907312], [126.31329883445693, 37.55325373020301], [126.31329818020991, 37.55325715040091], [126.31329748184402, 37.553260497149346], [126.31329641433304, 37.55326456303646], [126.31329543512734, 37.55326762935894], [126.31329420541239, 37.55327107261412], [126.31329252376847, 37.55327531529358], [126.31328586087439, 37.5532911257661], [126.31326566028935, 37.5533356420225], [126.31326407867324, 37.553339002424835], [126.31326228021321, 37.553342615717625], [126.31325364177526, 37.55335907059377], [126.31323746111612, 37.55338967319859], [126.31323500938586, 37.55339407487793], [126.3131813830335, 37.55348495819624], [126.31317952069894, 37.55348803006055], [126.3131777072282, 37.55349087618767], [126.31317504503842, 37.553494842220616], [126.313154841201, 37.55352485186621], [126.31302869894337, 37.55370540459304], [126.31302654286507, 37.553708295042355], [126.31302403700367, 37.55371139738749], [126.31302099534415, 37.553714876500216], [126.31301843436258, 37.553717599741574], [126.31301556844043, 37.55372041996211], [126.31301132470927, 37.55372417090069], [126.31286849647809, 37.55384708916769], [126.3128656686439, 37.55384950598138], [126.31286256614675, 37.55385210930782], [126.3128583361737, 37.55385556294735], [126.31285532681233, 37.55385786166665], [126.31285200022754, 37.553860175222134], [126.31284839389888, 37.553862424675536], [126.31284466151929, 37.553864484487875], [126.31279135953537, 37.55389277141872], [126.31276818292048, 37.55390506112346], [126.31273601305499, 37.55392076556916], [126.31273231888792, 37.55392255717233], [126.3119123537714, 37.554302788176585], [126.31190848954537, 37.554304450056414], [126.31190466329761, 37.554305859050764], [126.31190043177446, 37.554307124263616], [126.31013976854135, 37.55568507182031], [126.31013464477604, 37.5556884739897], [126.31013132073508, 37.555690474738505], [126.31012778408883, 37.555692460726064], [126.31012446150956, 37.555694227149395], [126.3101194362528, 37.55569684527195], [126.3101159903056, 37.55569853834701], [126.31011184407038, 37.5557004136383], [126.31010762805593, 37.555702120582914], [126.3101036430593, 37.55570353873344], [126.31009929711537, 37.55570487302939], [126.31009511097686, 37.55570598270766], [126.31009119725078, 37.55570690585688], [126.31008704693386, 37.5557077563193], [126.31008212869914, 37.55570862788332], [126.31007821814039, 37.55570920946842], [126.31001995855603, 37.5557177723097], [126.31001559606366, 37.555718296160116], [126.31001111023299, 37.5557186024533], [126.31000580473196, 37.55571848227726], [126.31000156800502, 37.55571778972818], [126.30999610475415, 37.55571619883004], [126.30953125954721, 37.55607216237938], [126.3095282846545, 37.55607455960178], [126.3094242135899, 37.55616497749434], [126.30942130386666, 37.55616768992754], [126.30941793328753, 37.55617104755569], [126.30941280467674, 37.55617631535082], [126.30941006245122, 37.55617917368216], [126.30940750136827, 37.55618188963106], [126.30940515737798, 37.55618448068495], [126.30940210345557, 37.55618800193889], [126.3093997214608, 37.55619098918471], [126.30938138944035, 37.55621407245811], [126.30937937157786, 37.556216801095374], [126.30937686015862, 37.5562203800958], [126.30937471615697, 37.55622349412178], [126.30931558548605, 37.55631408483978], [126.30931371362333, 37.55631702945959], [126.30931202218484, 37.55632001916187], [126.30930985460525, 37.55632432988521], [126.30930852252375, 37.5563275034734], [126.30930693136395, 37.556332017396755], [126.30930599764423, 37.55633520041062], [126.30930524392056, 37.55633831313531], [126.30866284668568, 37.55745494052949], [126.30866117908228, 37.55745785204833], [126.3086594531694, 37.55746101264082], [126.30865786369883, 37.55746399434875], [126.30865629658061, 37.55746699430837], [126.30865451990701, 37.557470498687934], [126.30865308892322, 37.55747362350043], [126.30863697345627, 37.55751161591109], [126.30863556064767, 37.55751502121333], [126.30863407451864, 37.55751904948028], [126.30863309431305, 37.55752230502467], [126.30860189255941, 37.55764215062634], [126.30860076579866, 37.55764650428623], [126.30859987524036, 37.5576499599239], [126.30859909755607, 37.55765315261765], [126.3085982474263, 37.55765691330515], [126.3085976191338, 37.55766010930919], [126.30859692674508, 37.557664059961844], [126.3085964770605, 37.55766727309061], [126.30859621145892, 37.557670443913096], [126.30859605576863, 37.55767382224419], [126.30859594610688, 37.55767701176529], [126.30859585461354, 37.557682046445755], [126.30859575194432, 37.557689489306505], [126.30859571993888, 37.557692921161646], [126.3085957799408, 37.55769626291331], [126.30859659685598, 37.55772174750944], [126.30859789924574, 37.557737505590225], [126.30860237074738, 37.55776939029794], [126.30860302527269, 37.55777307874368], [126.30860421415021, 37.557777906426686], [126.30861612010973, 37.55781714151474], [126.30861799507163, 37.5578223961307], [126.30861930408395, 37.55782536743163], [126.30862718871406, 37.55784298283674], [126.30862877528287, 37.55784629853409], [126.30863049982726, 37.55784948132905], [126.30863250711887, 37.55785282470619], [126.3086344017935, 37.5578558460814], [126.3086364665486, 37.55785899355339], [126.30863846665694, 37.5578619348749], [126.30864045410007, 37.557864818384886], [126.30864256625853, 37.55786783294168], [126.30864470012725, 37.557870763895956], [126.30864682379561, 37.557873624445286], [126.30865783874778, 37.55788918491223], [126.30867272808028, 37.557911705614906], [126.30867462420724, 37.55791463597208], [126.30867641914183, 37.55791766445186], [126.30867918880062, 37.55792304346293], [126.30868052806, 37.55792624850697], [126.30868255004255, 37.55793279347489], [126.30868333559403, 37.55793593254363], [126.30868409720024, 37.55793915338967], [126.30868476904855, 37.557942465263274], [126.30868539594778, 37.5579457559532], [126.30868595508937, 37.55794889363844], [126.30869362059408, 37.5579925023315], [126.30869423283096, 37.55799600287799], [126.3086947841435, 37.55800005891624], [126.3086951268258, 37.55800356575564], [126.30869533242856, 37.55800686481236], [126.30870805254122, 37.558352483161336], [126.30870807983672, 37.55835574616885], [126.30870807241863, 37.55836005163847], [126.30870806549626, 37.558363330524216], [126.30870798209227, 37.558374683449344], [126.30870793671272, 37.55837852886922], [126.30870767752182, 37.558382150409905], [126.30870696617448, 37.558386722773385], [126.30870617567089, 37.558390151480566], [126.30870457283523, 37.55839468240073], [126.30862454038073, 37.5588191087577], [126.30862332944774, 37.55882405462747], [126.30862211076185, 37.55882721222566], [126.30862045015064, 37.55883053571095], [126.30861824221553, 37.558834387246435], [126.3086164371893, 37.558837394718054], [126.30861455375576, 37.55884034912253], [126.30860119043138, 37.558861055182746], [126.30859929513477, 37.558863901310374], [126.3085973458181, 37.558866727064036], [126.30858406640019, 37.558885433968484], [126.30858186627871, 37.55888836805144], [126.30857956686083, 37.55889113889694], [126.30857607910934, 37.55889501897531], [126.30847706250101, 37.559000015135865], [126.30847451514205, 37.559002714076044], [126.3084710791972, 37.5590058997663], [126.3084672015444, 37.55900909541907], [126.30846387341334, 37.55901162514445], [126.30846082073919, 37.559013778199734], [126.30845638943072, 37.559016761864555], [126.30845306635472, 37.559018831974036], [126.3084496181419, 37.55902093957656], [126.3084461915104, 37.55902297168701], [126.30844201614704, 37.55902538199943], [126.30843877364843, 37.559027226693736], [126.3084348367967, 37.55902944743493], [126.30843157205972, 37.55903126666796], [126.30842786421881, 37.55903332568258], [126.30842454133537, 37.559035099263156], [126.30841997120757, 37.55903741545944], [126.30841657150975, 37.559039035943556], [126.30841056153703, 37.559041476407316], [126.30817145119735, 37.559123714289676], [126.30816737625467, 37.559125079188604], [126.30816359745842, 37.55912619020474], [126.30815949015333, 37.55912731232506], [126.30813876178973, 37.55913288313282], [126.30813469880627, 37.55913392368082], [126.30813061747097, 37.559134836959096], [126.30812651367225, 37.55913559678824], [126.30812120728667, 37.559136512118705], [126.30806531328432, 37.559145788254575], [126.30806130363344, 37.559146323705264], [126.30805722582308, 37.559146731383336], [126.30805134727635, 37.55914717495792], [126.30804722434843, 37.559147429859216], [126.30804035030486, 37.55914782192168], [126.30796659889532, 37.559305224166884], [126.3079521331568, 37.56002963424249], [126.30795184345509, 37.560032894048085], [126.30795183333848, 37.56003637118792], [126.30795214233858, 37.56003971635407], [126.30795284132981, 37.56004373963584], [126.30795354558595, 37.56004714827946], [126.30795436984981, 37.56005098355173], [126.30795509874217, 37.560054267162464], [126.30795591677857, 37.56005749849622], [126.30795692784083, 37.560060837232015], [126.3079587699007, 37.56006588332247], [126.30796006555006, 37.560068983381676], [126.3079625024733, 37.56007364521296], [126.30800746227273, 37.56014510415144], [126.30800996292305, 37.56014889325883], [126.30801227938709, 37.56015173593678], [126.30801521588778, 37.56015474620928], [126.30801822915869, 37.56015705964535], [126.30802237364237, 37.56015929257014], [126.30802595780546, 37.56016073660145], [126.30802989716659, 37.56016205803619], [126.30803447875434, 37.56016329131819], [126.30887524796287, 37.56035674656923], [126.3088804929185, 37.560357561095024], [126.30888448545791, 37.56035796190227], [126.30889098966848, 37.56035833397339], [126.30889515303191, 37.560358530104565], [126.30890066077065, 37.56035876864187], [126.30890492716334, 37.560358893707686], [126.30891460256994, 37.560359058026386], [126.30891895886681, 37.560359083052425], [126.30892296620452, 37.560358981078394], [126.30892910351326, 37.56035864642613], [126.30893330718168, 37.56035830217847], [126.30893848352824, 37.56035773700987], [126.30894242814144, 37.56035716572273], [126.30894646291695, 37.56035647817523], [126.30895107837748, 37.56035558558052], [126.30895570516087, 37.56035455069336], [126.30896124081602, 37.56035317797271], [126.30896517877703, 37.56035202887994], [126.30896903976368, 37.560350736603944], [126.30897270733473, 37.560349361258794], [126.3090636028302, 37.56031235038644], [126.30906708240235, 37.560310693736554], [126.30907181612396, 37.560307919499934], [126.30922916030856, 37.560202182706135], [126.31071456412661, 37.55968325920748], [126.31682038185251, 37.557632033464934], [126.31770212774703, 37.55646136057517], [126.31772771400577, 37.55640461988407], [126.31776896074307, 37.55636043982014], [126.31778192020595, 37.556349054484635], [126.31855013085135, 37.556067645809115]]], [[[125.72040964643723, 37.609815521408215], [125.71904168015988, 37.6039731759093], [125.71846341255163, 37.60361434132555], [125.71727888970806, 37.60389472287239], [125.71696147495997, 37.60404535562141], [125.71309703948836, 37.60733734120364], [125.71295583485461, 37.607519561323706], [125.71200368455747, 37.607401359327525], [125.71059925012314, 37.60716878387267], [125.70909784698352, 37.60796592577229], [125.70786316589093, 37.609733766238975], [125.70716668043852, 37.611211553844605], [125.7072409835714, 37.61176009013498], [125.70771004248832, 37.612807110076965], [125.71249031697803, 37.61497463890409], [125.71456175701549, 37.615251884841385], [125.71571268653564, 37.6152687268524], [125.71713394906175, 37.61519340760156], [125.71835356197329, 37.61494967058809], [125.7199039253356, 37.614355965282904], [125.72073663412398, 37.61369603123826], [125.720531877447, 37.61107110228046], [125.72040964643723, 37.609815521408215]]], [[[125.68135811583613, 37.63695183397461], [125.68036903373302, 37.636856234184194], [125.68017864100949, 37.63715065179956], [125.68005145337216, 37.63874874546469], [125.68025936952773, 37.63920913792354], [125.68068314324977, 37.63950509980053], [125.68129800974314, 37.63878897641961], [125.68156199508356, 37.63840872313499], [125.68233564982408, 37.63804255426166], [125.68230692755725, 37.63757910511725], [125.68135811583613, 37.63695183397461]]], [[[125.71221500329459, 37.65293328852064], [125.71188161053118, 37.65277964253682], [125.70929011172714, 37.65487619292015], [125.70921414011814, 37.655064402165564], [125.70929233591134, 37.65516430674101], [125.70983173559452, 37.655431416098956], [125.71251690132563, 37.65598414724329], [125.71305674652892, 37.655743347631564], [125.71260853647136, 37.65513087759789], [125.71269072726749, 37.65420922161359], [125.71256042154246, 37.653344595705605], [125.71221500329459, 37.65293328852064]]], [[[125.70890116740638, 37.678688543970964], [125.7100997033428, 37.67859649648423], [125.710704381387, 37.6787569619177], [125.71085713212355, 37.67880903854308], [125.71100821080013, 37.67889060839512], [125.71127956976572, 37.67903712127366], [125.71138885738551, 37.67909612795111], [125.71253165996177, 37.6797657999292], [125.71465487033502, 37.67908507055621], [125.71633346662121, 37.67514823510851], [125.71654991051795, 37.674412265833446], [125.71607844476648, 37.67345982055398], [125.71463170395498, 37.6723460574377], [125.71298441334729, 37.672074025558885], [125.71161238148864, 37.67063454749699], [125.7099405568764, 37.6688061883867], [125.70922119283249, 37.66741604697706], [125.70920920121351, 37.66734562130434], [125.70843304042884, 37.66542752528527], [125.70676476233292, 37.6632676837902], [125.70261343197168, 37.65982217606485], [125.70066082381318, 37.65878773341472], [125.69684609946502, 37.65660277258751], [125.69320845008399, 37.65418702993893], [125.69212253518775, 37.65301339951553], [125.6921223514966, 37.65296507283565], [125.69280556508448, 37.652004856751134], [125.68710831580673, 37.652103923147784], [125.68424429422743, 37.65282466551407], [125.68379284739801, 37.65331014604318], [125.68386902588364, 37.65378700139116], [125.6850638096558, 37.654602020990595], [125.68473166593428, 37.65597159362153], [125.6828840345054, 37.66053195387448], [125.6822797869237, 37.66121109477193], [125.68156498416133, 37.661981532245036], [125.68153057335566, 37.66249135129205], [125.68323754552952, 37.66307074354082], [125.68463606453791, 37.66353642095928], [125.68545770691519, 37.66356126112132], [125.6855391335167, 37.663715699108046], [125.68574716305172, 37.664251241605605], [125.68568914965263, 37.666548658677385], [125.68505341802822, 37.669121183267535], [125.68456590322377, 37.67067417818526], [125.68248745632106, 37.671298983364544], [125.67892871135113, 37.67471429327141], [125.67829235000353, 37.67615851296301], [125.677981999874, 37.6789317089163], [125.67809722934086, 37.67932834602564], [125.67986192878648, 37.67994747377869], [125.6808152700235, 37.68014044965067], [125.68165317358125, 37.68027756051941], [125.68290481431418, 37.680391855823146], [125.68319059664904, 37.68029998054947], [125.68321024478135, 37.67903978162219], [125.68514810999638, 37.67794451053831], [125.68651760398502, 37.67717952094701], [125.69043724411061, 37.67638802229788], [125.69240716772042, 37.67626701976472], [125.69338674391356, 37.67644006174487], [125.69929945099231, 37.67769504452847], [125.70028406783912, 37.67907931436217], [125.70547861230003, 37.68049923459855], [125.70674714376942, 37.68090972210172], [125.70831339564313, 37.67887680182048], [125.70890116740638, 37.678688543970964]]], [[[124.77055147552721, 37.77849473352121], [124.7709803644696, 37.776961883353145], [124.77093132640344, 37.776585926338875], [124.77084475492593, 37.77650755618329], [124.77058490537149, 37.776272815255574], [124.76965565489608, 37.775906982727996], [124.76785514504881, 37.77518080902647], [124.76728327088226, 37.77288301989065], [124.76697084622717, 37.76967886362237], [124.7672364770793, 37.768293856379444], [124.76796746412761, 37.76771786258676], [124.76530555409775, 37.76649535476659], [124.76499129496015, 37.76641174309964], [124.76465217138039, 37.76646360515339], [124.76184200882435, 37.7677299507764], [124.76175138694641, 37.76892673023668], [124.7620147638559, 37.76933881543904], [124.76204688942697, 37.769387246832075], [124.76205024482731, 37.769538876075636], [124.7618121445208, 37.76971963779317], [124.76158688893568, 37.76978992696087], [124.76095687404369, 37.769802860155096], [124.75911968383942, 37.76931459656714], [124.75674488705225, 37.76881465196592], [124.7560787910644, 37.76870565234542], [124.75599359412536, 37.76872255427935], [124.75559408157184, 37.76906327338738], [124.75549532266, 37.76922715506632], [124.75538258367735, 37.7694195034333], [124.75529832408576, 37.76960755694348], [124.75520310987375, 37.769897309621605], [124.75188346258268, 37.77088491263329], [124.74742110219466, 37.76982188031622], [124.74278829155762, 37.76824127290642], [124.74047632506712, 37.76710410531156], [124.73953333463449, 37.76629021898297], [124.73864127206242, 37.76488764457207], [124.73826624600683, 37.76417951192654], [124.73820200710446, 37.763949989719855], [124.73468196926642, 37.76163255521257], [124.72986768409282, 37.75928886690611], [124.72876363947418, 37.759743740708636], [124.72781857007756, 37.76030359137124], [124.72735803630549, 37.760983370743794], [124.72725014669746, 37.7620415156587], [124.72768600294485, 37.76220682293793], [124.72858057970949, 37.762554169199106], [124.72993747265095, 37.763124596359944], [124.73077036270053, 37.763585251402134], [124.73093522006816, 37.76369590383456], [124.73375975127792, 37.76567425770211], [124.7339589653462, 37.765891831070974], [124.73412460332425, 37.766073407407376], [124.73432649091572, 37.766601551396576], [124.73471142535128, 37.768530352088035], [124.73480077312824, 37.769052883345914], [124.73732068681133, 37.77133256150966], [124.74063138093875, 37.77197641902856], [124.74124635183232, 37.77228024710306], [124.74162813867858, 37.772512060012716], [124.74183219404884, 37.77274779839087], [124.74199150047593, 37.77294074929998], [124.74222037375952, 37.773389927104795], [124.74229988669731, 37.7740549763465], [124.74233231463221, 37.77432682479523], [124.74240992569437, 37.77603586891332], [124.74214558958366, 37.77638879692819], [124.74122867477266, 37.776802610106884], [124.74089940956567, 37.776823627998006], [124.73988047543166, 37.77680157532875], [124.73963906604195, 37.776857490995106], [124.74001119486512, 37.777487841173624], [124.74029422953969, 37.777918985023526], [124.74069365431836, 37.77816319601758], [124.74136851203349, 37.77835099483571], [124.74172747708405, 37.77817654585694], [124.74279792354116, 37.77679440329611], [124.7428187601734, 37.776664821160374], [124.74288437172474, 37.77625653663052], [124.7430370919401, 37.775945344677474], [124.74336134680183, 37.77580184642395], [124.74548822853298, 37.77504820953207], [124.74697357488704, 37.77520528207198], [124.74833745110895, 37.775762176923266], [124.75026668053411, 37.77701635463084], [124.75089325806124, 37.777394608689484], [124.75175511556023, 37.77762386221744], [124.75249065677023, 37.777389354604416], [124.75265683378983, 37.777336135330515], [124.753089510775, 37.77714876837675], [124.7536929960877, 37.7768867777569], [124.76039248544453, 37.77760793536613], [124.76130035121797, 37.77774467730998], [124.76404349010922, 37.778337764076], [124.76483967262857, 37.77855666951622], [124.76513575706201, 37.77872433591834], [124.7654623021924, 37.77897560076377], [124.76606498329159, 37.779505931124554], [124.76651359889868, 37.779651673394284], [124.76729889443999, 37.77967449726772], [124.76998427446402, 37.779029326959545], [124.77062196772604, 37.7788111417229], [124.77061995549558, 37.77865565746489], [124.77055147552721, 37.77849473352121]]], [[[124.66041170008499, 37.798414957649705], [124.65819133687967, 37.79824207240358], [124.65698836674224, 37.79891093421765], [124.65771380613629, 37.799069121319135], [124.65980029626839, 37.79861072111217], [124.66041170008499, 37.798414957649705]]], [[[124.71609218573705, 37.825599051617466], [124.71609114489655, 37.82563966889661], [124.7161307337278, 37.82570214439792], [124.71609218573705, 37.825599051617466]]], [[[124.71609218573705, 37.825599051617466], [124.71610381543019, 37.82514528175358], [124.71615821395021, 37.82477205475613], [124.71670333942762, 37.82342695619792], [124.71785529074883, 37.82270395525623], [124.71915343592785, 37.82210223550642], [124.71996115917776, 37.82103327682444], [124.72004246021913, 37.820082651598526], [124.71911210746248, 37.81600348279675], [124.7188923131296, 37.81549877134531], [124.71808377111526, 37.81415011440437], [124.71787642734093, 37.81384244382843], [124.71697734493944, 37.81315724519882], [124.7150357779674, 37.8126437236928], [124.71303999295974, 37.81073167146308], [124.71235817454087, 37.81003854417974], [124.71204134217973, 37.80966670269767], [124.71171608485841, 37.80929229376038], [124.7114191622737, 37.80911598560521], [124.70985818588912, 37.80824918872341], [124.70950059680379, 37.80805145518671], [124.70721913077863, 37.80747613803496], [124.70621221925606, 37.80742244981791], [124.70486934831798, 37.80638813015195], [124.70444118438144, 37.80596591721482], [124.7039940079869, 37.805610660592734], [124.70304804424097, 37.80491084600543], [124.70275500367049, 37.8047362603144], [124.70150595913843, 37.80507146092131], [124.70104076285573, 37.80533851418473], [124.698193223081, 37.807806280832686], [124.69820710636374, 37.80798812050663], [124.69919044770317, 37.8083359787091], [124.69566890800846, 37.80908366293027], [124.69049430656665, 37.80819074087084], [124.6835059104175, 37.8030928260904], [124.68327115248735, 37.80270428545104], [124.68331257699514, 37.802491852816175], [124.68353859029398, 37.80221396058374], [124.68438473328933, 37.80203855353668], [124.68629639752332, 37.80105735030277], [124.68684056297263, 37.800684810044885], [124.68680274516038, 37.80024226922655], [124.68637921995608, 37.79992937957915], [124.68569484337351, 37.79959181525118], [124.68521899220087, 37.79951346940407], [124.6832228055193, 37.799736956215796], [124.68104121789497, 37.80002164478922], [124.68053945621635, 37.800736926150776], [124.67953214468874, 37.80224280681272], [124.67952871532532, 37.80251337830383], [124.6812930838774, 37.80382924976282], [124.6818944625546, 37.80408814585531], [124.68260618561646, 37.80439432689555], [124.68355592099142, 37.80535738723984], [124.68412145203236, 37.806252011411104], [124.68430266854294, 37.8065390642572], [124.68540497726734, 37.81070477540271], [124.68482952032622, 37.812470258801376], [124.68392553351144, 37.81386091607609], [124.68358020649463, 37.81418138751838], [124.67978558671625, 37.81663129520717], [124.67866177053095, 37.81529804968437], [124.67849365365889, 37.815094878004736], [124.67767153299405, 37.81353796064429], [124.67699379894991, 37.8132640935508], [124.67563563596951, 37.8134265576745], [124.67433208117542, 37.81401504759762], [124.67481166981074, 37.81453371376224], [124.67534072621682, 37.815831602477814], [124.672567872958, 37.81701137242949], [124.67016996023227, 37.81760770546037], [124.66902000024668, 37.81792073629706], [124.66782391415946, 37.81854198444464], [124.6640334385144, 37.8205719519591], [124.66250799965785, 37.821728455349884], [124.66303937071142, 37.82253099696512], [124.66418392952232, 37.822792963328325], [124.66464941600596, 37.82273921603454], [124.66810646619705, 37.82227958379201], [124.66804336784547, 37.82195979314583], [124.66941144469027, 37.82096288658411], [124.67119930933501, 37.81996850024332], [124.67382000639681, 37.819529944822385], [124.67439517441157, 37.819555036618475], [124.67653569003866, 37.819806899847194], [124.67871099542377, 37.82138899047019], [124.6829895051792, 37.82925466749749], [124.68307284537329, 37.83068899166139], [124.68269482580756, 37.83136665255734], [124.68784586824734, 37.836392994746994], [124.68928236428296, 37.83744874735729], [124.69236670175117, 37.83883366597574], [124.69385908123382, 37.83886186792948], [124.69568742646078, 37.83862016351994], [124.69953361298107, 37.839919317263174], [124.69999211966763, 37.84017193171283], [124.7007595081213, 37.84059523854786], [124.70234106947491, 37.842056131662254], [124.70364759658733, 37.843380054813615], [124.70368733076226, 37.84459930380204], [124.70356516526886, 37.84504861682583], [124.7035455194299, 37.84512086257168], [124.70328284021288, 37.84592087757354], [124.70269650154553, 37.847200250279414], [124.70207128108959, 37.84911776149928], [124.70338566324402, 37.84968748271283], [124.70510832358778, 37.849483352775515], [124.70603377289508, 37.84890856889932], [124.70650198278372, 37.84848148763374], [124.70682801397808, 37.84754419624985], [124.70695613469725, 37.84710277459194], [124.70697128488752, 37.84703841742843], [124.707098731987, 37.84652941728634], [124.70771906468879, 37.84568592271695], [124.70796203862622, 37.84535948651151], [124.70992898142286, 37.843842788845556], [124.71631687803516, 37.844957132269016], [124.71869518168306, 37.84540877803057], [124.7194157098017, 37.84591495068097], [124.72135850637008, 37.844697990411674], [124.72252495082436, 37.84294346215951], [124.72574746103864, 37.84212650402652], [124.72660686711924, 37.84159851900292], [124.72778648385263, 37.840626578861176], [124.72799582637863, 37.83995207338217], [124.72811014641236, 37.83948042297725], [124.72567618061241, 37.839104373790924], [124.72409204708511, 37.83869084149584], [124.7219003636459, 37.83791947472276], [124.72132211133886, 37.83770120284866], [124.71950912346203, 37.83701253838163], [124.71947729505295, 37.83699367975314], [124.71769520584952, 37.835919072774566], [124.71730126718603, 37.83561455642599], [124.71571525396078, 37.8343864573021], [124.71501863070989, 37.833615632994785], [124.71470222886093, 37.83309008914528], [124.71458535259076, 37.83288358477172], [124.71425438093942, 37.83225382100552], [124.71414835829688, 37.83196569654267], [124.71373935826664, 37.83085006466435], [124.71366368390967, 37.82952047063552], [124.71469585641321, 37.82549598662716], [124.71472056177254, 37.82544656749532], [124.71476935095139, 37.825366969055814], [124.71498607372793, 37.82506189833889], [124.7150779243712, 37.8249645038882], [124.71520136817054, 37.82487187559225], [124.71529976336092, 37.82483774270638], [124.71539945307782, 37.8248288436574], [124.71559399967076, 37.82484842729909], [124.71582899160175, 37.824895153748905], [124.71609218573705, 37.825599051617466]]], [[[124.68721645843328, 37.98049442755822], [124.69092635134224, 37.97962903871092], [124.69367035419798, 37.979513631924256], [124.69501728338355, 37.98017977377111], [124.69582315400923, 37.98146634838687], [124.69595851319522, 37.98197815361891], [124.69983535005146, 37.983382678864004], [124.70478149792638, 37.983691287058086], [124.70578149457403, 37.98361505679886], [124.70741282564902, 37.98328792458825], [124.70779694765517, 37.98314253312985], [124.7081265478696, 37.982512829610506], [124.70857559293869, 37.982400115517514], [124.709014932953, 37.982300499075045], [124.70984620051938, 37.98223663288932], [124.71062283311757, 37.98234249974753], [124.71195987780428, 37.98264595824161], [124.71296905785687, 37.98320596131333], [124.71325630996046, 37.98320000049437], [124.7162178755988, 37.98295275839917], [124.7183575359616, 37.98271794345538], [124.72179852110237, 37.98154640454309], [124.7219005253812, 37.98127798293356], [124.72250960418368, 37.980308354367686], [124.72261536963576, 37.980218451761615], [124.7236268544744, 37.97947603671023], [124.72402393472595, 37.97931870453698], [124.724348214635, 37.979238526553374], [124.724532709823, 37.97919947329888], [124.72562432708347, 37.978970063452664], [124.72592368346994, 37.978938141446754], [124.725958481784, 37.979088553431474], [124.72597778697559, 37.97917201328151], [124.72658971253944, 37.979321344360265], [124.72963309609305, 37.978199678112084], [124.72977199788131, 37.97814097063362], [124.72979418289846, 37.97811530310953], [124.73075679417363, 37.975240274269034], [124.73063943359809, 37.974771737534084], [124.73061907306277, 37.97449717525616], [124.73060882306227, 37.97138967587955], [124.73065508142777, 37.970694043754705], [124.73145838019447, 37.96835342867563], [124.73190356119841, 37.96720379795333], [124.7327633557005, 37.965718948778566], [124.7351697368095, 37.96365941072538], [124.73548173089746, 37.9634064357495], [124.73642473510816, 37.96286251521468], [124.7374325964299, 37.96228154567709], [124.7405252030316, 37.96136167057409], [124.74073228454453, 37.961435762779246], [124.74150676372187, 37.96172635025283], [124.74283408728071, 37.96233266532128], [124.74412636733202, 37.96254159911404], [124.74441326376036, 37.96238401995525], [124.74548490435379, 37.96143465485671], [124.7461354418458, 37.960405096434776], [124.7463189679583, 37.95912160288384], [124.74619210413896, 37.95879971134667], [124.74542406831758, 37.95745489439858], [124.74400321163813, 37.95718776500016], [124.74230904439861, 37.956999567643294], [124.74103051150658, 37.957035452213624], [124.73775463287099, 37.95908908653757], [124.73758619165612, 37.95923591114637], [124.73741926114636, 37.9608407747499], [124.73717583251037, 37.96119862666186], [124.73710988250484, 37.96125472963062], [124.73670794619373, 37.961557200234424], [124.7357583361399, 37.962104774076984], [124.73536193434308, 37.96223580149493], [124.73444178614467, 37.96250256748815], [124.7339986592207, 37.96248100842686], [124.73344670589812, 37.962405614807594], [124.73312936003883, 37.96232054302126], [124.73303523946362, 37.962287486025794], [124.73027860559498, 37.96096313126038], [124.72994820145344, 37.96080031447029], [124.72966866646505, 37.959017155771654], [124.72968409265951, 37.958202988338044], [124.73011664209186, 37.95732336439317], [124.73029035424005, 37.95707186156196], [124.73032947885432, 37.95703548667084], [124.73036649236707, 37.957014042689025], [124.73041957303785, 37.956992785303456], [124.73049343353772, 37.95697918789836], [124.73125888513286, 37.956859588301626], [124.73451435457368, 37.9564791097973], [124.73458021856926, 37.956473968057544], [124.73744498940577, 37.95447430728009], [124.7382032075121, 37.953841171146095], [124.73819566787357, 37.9537423977263], [124.73466611487365, 37.951652541612816], [124.73262077969561, 37.95118999873906], [124.73242644420006, 37.9511470019632], [124.73197783000111, 37.95105849956418], [124.73161846192347, 37.95103940195384], [124.73136825109242, 37.9510343261372], [124.73059851012853, 37.951123197407554], [124.73055017957887, 37.95122666771038], [124.73038009856256, 37.951591587739344], [124.73028707716124, 37.95180089528875], [124.730730896665, 37.95252039139806], [124.73062395386967, 37.95324850647309], [124.73047506994314, 37.954254256929275], [124.73043222067332, 37.954305790630215], [124.73023386114272, 37.95443901233126], [124.7301440162433, 37.9544832179164], [124.72989072406413, 37.954523488417394], [124.72933955264745, 37.954609445506094], [124.7290910396939, 37.95461053082618], [124.72746022755223, 37.954605579198784], [124.72467792705505, 37.95420053060422], [124.72390464748764, 37.95398519259992], [124.72321406532596, 37.95359268120675], [124.72201577100194, 37.95272710726838], [124.72100692977375, 37.95198860131779], [124.71943599727253, 37.95062562430126], [124.7178907368038, 37.94931220935745], [124.7136536732611, 37.94636121647434], [124.71242010626302, 37.945794992363766], [124.71205185189267, 37.94562611386701], [124.70922366352313, 37.94448033672049], [124.70888351202929, 37.944527018832844], [124.70860489009426, 37.94457132422096], [124.70789957081921, 37.944557660345595], [124.70730388781904, 37.94373995638321], [124.7058977217537, 37.94169096166262], [124.70409507672777, 37.938872947763926], [124.70382180619649, 37.93854878375984], [124.7031694876028, 37.938239162540526], [124.70288740991029, 37.9379594764769], [124.7041003784828, 37.93285126589086], [124.703161946212, 37.930932528315175], [124.70307776121358, 37.93089442945502], [124.7026704696003, 37.93069780448537], [124.702360986985, 37.9305231361852], [124.70179941001015, 37.93001887011073], [124.70145800768736, 37.9296878183665], [124.70019700170894, 37.9283545637611], [124.6998548449783, 37.927926138036156], [124.69962099659523, 37.92762100077765], [124.69927432485464, 37.927146156261585], [124.69838206901959, 37.925598169705], [124.69821093970603, 37.92525246370071], [124.69811166633241, 37.9249997292562], [124.69788053041046, 37.92377681852559], [124.69839973066463, 37.92192617584329], [124.69950702612313, 37.9213200258049], [124.70015671767607, 37.9204515497853], [124.70000818682439, 37.91989790780107], [124.69933093310796, 37.919250255147524], [124.69672889159823, 37.91788501104843], [124.69128374134912, 37.9165857514939], [124.68563142840095, 37.91869601636107], [124.68493761437384, 37.91915108089968], [124.68478108506005, 37.91992619730809], [124.68475775254146, 37.919982239864325], [124.68329786028319, 37.92171545936129], [124.68142427292588, 37.922774481700266], [124.68073622193087, 37.92289099882601], [124.68012382879493, 37.922980500390096], [124.67976786105525, 37.923007410155414], [124.676792999574, 37.92287224676644], [124.673506925276, 37.922115147938484], [124.67073669905548, 37.92111643662846], [124.66944689238167, 37.92212264608014], [124.66920455665105, 37.92229343160541], [124.66693216794513, 37.92334495954149], [124.66616231171169, 37.923531165191704], [124.6644088435714, 37.923752872403064], [124.65884968794585, 37.92222301232751], [124.65667762036327, 37.923066577744144], [124.65636817743336, 37.92404159838912], [124.65557353672442, 37.92448026938167], [124.65546826951402, 37.92451536785671], [124.65513575756269, 37.924607982819055], [124.65500892392805, 37.92464330334849], [124.65480382338536, 37.924698985351164], [124.65472943371093, 37.92470419894671], [124.65355949750642, 37.9247273406333], [124.6520421454089, 37.924451463740574], [124.65045581952256, 37.92402382811248], [124.65020802848414, 37.92373986073677], [124.64980987763383, 37.923283661779195], [124.64856923414887, 37.923086708799815], [124.64638906092279, 37.92296080241149], [124.64502523206544, 37.92310266468484], [124.6394269221788, 37.92388874867353], [124.63697535550642, 37.92607508628326], [124.63702383697049, 37.92657623232843], [124.63646593946018, 37.92796056017705], [124.63636686757839, 37.928205846894365], [124.63518437427742, 37.930790985242126], [124.63183971878284, 37.937192596227526], [124.63045437475391, 37.93964112717396], [124.62995811332299, 37.93993091798868], [124.62898714822805, 37.940655591029845], [124.62858442209107, 37.94125566208333], [124.62724871749806, 37.9464100107459], [124.62657814110537, 37.94981398257873], [124.62600816550008, 37.952951212073174], [124.62600868989465, 37.9534786533387], [124.62581595624481, 37.954378295425855], [124.6230056455901, 37.95697415823699], [124.62174806969183, 37.95752692611387], [124.61524638527386, 37.960363822244844], [124.61307455369557, 37.96046164455075], [124.61203464139075, 37.96112135806908], [124.61169218360712, 37.961414382909766], [124.61139488414234, 37.96311265079569], [124.61127495032825, 37.96403452743066], [124.6117318536987, 37.96431342516655], [124.61210912281544, 37.965384480293814], [124.61213913639757, 37.96738497714684], [124.60971767835858, 37.969954530823195], [124.61135211282382, 37.971302022473935], [124.61230840911716, 37.971164611795444], [124.61378999302109, 37.97261345612349], [124.61498725727546, 37.974228638147075], [124.6147772143315, 37.975077017351374], [124.61682015443425, 37.97953408375894], [124.61750685086949, 37.97922682479707], [124.61788527530277, 37.97810951050747], [124.61786404465495, 37.97778765392736], [124.61776348169131, 37.977072065577936], [124.62052124336134, 37.975743425346515], [124.62058924977504, 37.9779209994007], [124.62095056605784, 37.977947574732916], [124.62166412549917, 37.977820449123676], [124.62268606952779, 37.9773403522898], [124.6232256394492, 37.97706077369328], [124.62753493062824, 37.97485444761853], [124.63322925520909, 37.97210733773678], [124.63411900915037, 37.972052589858805], [124.63751324191453, 37.969668462434534], [124.63832970928934, 37.96887705208427], [124.63839720810981, 37.96880502716781], [124.64057494845592, 37.96869933075107], [124.64150272611968, 37.968829710575996], [124.64251411870222, 37.969005276537565], [124.64271258748958, 37.96904034852064], [124.64277775262147, 37.96906342012797], [124.64567578427759, 37.97015227166262], [124.64571378894486, 37.97017228177983], [124.64769636240979, 37.97183921473947], [124.65204375741627, 37.97422440093569], [124.65395010583919, 37.973808256736014], [124.65612211942496, 37.97372153217773], [124.65927052956337, 37.973996320834615], [124.6600619761284, 37.974927415011706], [124.6602484226458, 37.97519471936593], [124.66374311045409, 37.97593351333263], [124.66721613066801, 37.97696396059766], [124.66800105880039, 37.97722119250456], [124.67002977022761, 37.9786365893383], [124.67102146690543, 37.97996802542356], [124.67086085868459, 37.98104081489912], [124.67450647153521, 37.98163093438779], [124.67556296808486, 37.98143269588913], [124.67518370001537, 37.9804201499152], [124.67486209800568, 37.980101052695744], [124.67626995555787, 37.97955862289454], [124.67769299005411, 37.9794497930435], [124.6786439692447, 37.97937931484987], [124.68346293922006, 37.9795650208863], [124.68476086787886, 37.98074763754331], [124.6837236919486, 37.981294707023274], [124.68287292399413, 37.98173423050634], [124.6834767138825, 37.983774612209835], [124.68468485561684, 37.98423087493299], [124.68569900653122, 37.984243057763805], [124.68599427886151, 37.98424189073531], [124.6849873344209, 37.98299986026224], [124.68541756190615, 37.98189097900733], [124.68610030948767, 37.98089959707677], [124.68721645843328, 37.98049442755822]]]]}, "properties": {"name": "\uc639\uc9c4\uad70", "base_year": "2018", "name_eng": "Ongjin-gun", "code": "23320"}}]}