{"type": "FeatureCollection", "features": [{"type": "Feature", "geometry": {"type": "MultiPolygon", "coordinates": [[[[127.9824232847224, 36.81601385859579], [127.9831000276567, 36.817868668678855], [127.98238413914808, 36.82198287107275], [127.98184952944985, 36.82342786134985], [127.98184638455209, 36.82342816625443], [127.97929663490852, 36.82365527967442], [127.97808103579396, 36.823527290992466], [127.97691857958681, 36.82350248504055], [127.97600034919009, 36.823705994480406], [127.97370276664297, 36.82476496801817], [127.97303980193546, 36.82507562040851], [127.97238841293071, 36.82547093149102], [127.97169549440436, 36.8263511897997], [127.97161058783979, 36.82722732059192], [127.97159233191408, 36.828056738324086], [127.9723508156361, 36.82906620992683], [127.97347684925475, 36.83082929618103], [127.97561369626635, 36.834842944998876], [127.97649441783233, 36.836917182702116], [127.9753582390025, 36.839754707563415], [127.97473685253708, 36.84119924452643], [127.9743436988561, 36.842078463046775], [127.97342452144477, 36.842446691018345], [127.97224590473309, 36.8431892726542], [127.97074772576478, 36.84509513806103], [127.96820691290385, 36.849486543050936], [127.96690228188615, 36.85094814134237], [127.96715168624102, 36.851500545788454], [127.96791479947893, 36.854059556991764], [127.96804261175508, 36.855110507388574], [127.96807630765299, 36.857424833000145], [127.96929504952038, 36.85926068516944], [127.96937394546865, 36.859348460362334], [127.96753006910745, 36.860101489365974], [127.96561836835444, 36.86073001138168], [127.96525495657033, 36.860756051689805], [127.96342149609418, 36.86122790350778], [127.96268583551023, 36.861637358784456], [127.96196491913253, 36.862610709419954], [127.96127482694116, 36.86408895127091], [127.9606363848673, 36.865130890448036], [127.95969076297087, 36.86596270186426], [127.95668062558893, 36.86842795831223], [127.954826473383, 36.86894518918116], [127.95233334075616, 36.87056088188021], [127.94992185454902, 36.87226963776751], [127.94842326078047, 36.87278364838753], [127.94768669338421, 36.872567068729786], [127.9472953899924, 36.87249668540933], [127.94650802593031, 36.872367232862366], [127.94545960675185, 36.87349512100302], [127.94545195574125, 36.87352813552081], [127.94513669855033, 36.874910386275474], [127.94545557158023, 36.87561659320357], [127.94573780279589, 36.87587903758251], [127.9457652701015, 36.87589008334272], [127.94692065535132, 36.87635790043434], [127.94788234637016, 36.87748895818408], [127.94842105073096, 36.87998623387688], [127.94863403161375, 36.881195335683444], [127.94941045913293, 36.88287130445667], [127.94944738898563, 36.882881433783226], [127.9499447368767, 36.88301994267681], [127.95189449376943, 36.88472736119114], [127.95189425715242, 36.88473637331571], [127.95188874208581, 36.88491408674659], [127.95185765366391, 36.8851489000945], [127.95176080104196, 36.885451808431405], [127.95159836430454, 36.88575215164613], [127.95156227485835, 36.88580987687984], [127.95145777322487, 36.885976276209085], [127.95139120337035, 36.88606353598294], [127.95126288391336, 36.886231545267734], [127.95116086146862, 36.8863148630831], [127.95094436350985, 36.886467519936105], [127.95069140920629, 36.88662046982429], [127.94996244299224, 36.88694503608869], [127.94984844381909, 36.88699578320087], [127.94926833455133, 36.887169360544725], [127.94920337662194, 36.8871887471231], [127.94609356692402, 36.888060504042436], [127.94594611372328, 36.88809884432933], [127.9456115438162, 36.888115863852576], [127.94535329938032, 36.88812439342913], [127.94502741287577, 36.88813486546281], [127.94482908330305, 36.88814122728231], [127.94446309226228, 36.8881393461813], [127.93627940723123, 36.8880153422524], [127.9322409766727, 36.88757258084654], [127.92921928853997, 36.88612551098871], [127.92429720488535, 36.882908754101535], [127.92290153663458, 36.882277578483006], [127.92155417731784, 36.88181411410758], [127.91979842506701, 36.881316910350385], [127.91935668464475, 36.88119247933003], [127.91772791661757, 36.881053557789485], [127.9174753891433, 36.88109886700496], [127.91570374326972, 36.882881690662195], [127.91415966851098, 36.88458895830435], [127.91387323126274, 36.88511434115745], [127.91376227287185, 36.8855997926586], [127.9136978764196, 36.885667299622455], [127.91003106390141, 36.8865097228807], [127.9081408054221, 36.886171908867546], [127.90449178530216, 36.88722380379174], [127.90358701888957, 36.887938007957715], [127.90357506871922, 36.88930573920286], [127.90357751066757, 36.89049624804371], [127.9034577549108, 36.89158096256385], [127.90317141948525, 36.893554209011846], [127.9006773517988, 36.89740261025877], [127.90050936534186, 36.89712962730128], [127.90006850429577, 36.896427034877036], [127.89972227917808, 36.89611090135606], [127.89944003629505, 36.895870598042016], [127.89595402314458, 36.89294366452003], [127.895382883284, 36.89263794157164], [127.89485691315534, 36.89235778281826], [127.89461685918874, 36.89224469421724], [127.89392396741077, 36.89195931279301], [127.89334494585073, 36.89172825935236], [127.89306102274892, 36.89164056438721], [127.89265374321809, 36.891526761019804], [127.89211774950408, 36.89143814188054], [127.89184490026747, 36.89139879235873], [127.88434636964645, 36.890399092623134], [127.88300100225875, 36.89030918612441], [127.88246705156824, 36.89211041670778], [127.8815075023725, 36.8958459407509], [127.87855646671416, 36.89572754607001], [127.87408657321805, 36.8955793960707], [127.87219921550098, 36.89559605369868], [127.87024051125556, 36.89655566754594], [127.86927777907914, 36.89686426907887], [127.86901401966331, 36.89691632181789], [127.86786027316728, 36.89707566692906], [127.86613548643011, 36.89680637174192], [127.86475126292892, 36.89645656701444], [127.8639854444267, 36.89622644505124], [127.85986110810748, 36.8997929841435], [127.85947781368137, 36.90081930583051], [127.85931451769237, 36.901923439799575], [127.85905285649002, 36.902853980062936], [127.85833335257081, 36.904920916727505], [127.85749439051813, 36.90555658128732], [127.85686710411632, 36.90599586409909], [127.8550482288811, 36.907242264107374], [127.8509370112609, 36.90901416558929], [127.84838250671416, 36.90923316634404], [127.84605680227392, 36.909245496831495], [127.84146872539874, 36.911211088641835], [127.83915408535412, 36.912594506308245], [127.8379261787541, 36.913663878593724], [127.83793016658743, 36.913675681747584], [127.83811351650064, 36.914217552364306], [127.83852238410347, 36.91460073130684], [127.8402576019592, 36.91605102273278], [127.84209494543632, 36.91740426929666], [127.84209193651215, 36.917769221463026], [127.84175637246416, 36.91815764505456], [127.83996234067187, 36.91983193369171], [127.84046072680445, 36.920571790505534], [127.84053436352187, 36.920667567638446], [127.84182126411329, 36.92330449548533], [127.84316075297804, 36.92660161695056], [127.84300073427846, 36.92770992284803], [127.84234174587863, 36.92835237900025], [127.83985231138048, 36.93002623173233], [127.8376796505082, 36.93010771938112], [127.83567823175859, 36.93006857406126], [127.8325384778192, 36.933988501153166], [127.8318074954416, 36.935378433628834], [127.83192899074129, 36.93597228375205], [127.83196528117722, 36.93614914385749], [127.8320770937308, 36.936594385266666], [127.83230260707049, 36.936945634658805], [127.83311504943795, 36.937853675728334], [127.83293890116539, 36.93985047644033], [127.83200907606779, 36.94008787062877], [127.83159617405025, 36.94018283436694], [127.82803815734562, 36.94038194852518], [127.82620816147208, 36.94078071760347], [127.82581196363768, 36.94216602543937], [127.82572031780566, 36.94222326598286], [127.82569452634422, 36.942239213285326], [127.82405954426912, 36.942802159580395], [127.8215665677429, 36.943441128102734], [127.82048244511549, 36.942641602261], [127.82047712312361, 36.942636009533324], [127.82030679584135, 36.942454430931974], [127.82013199194108, 36.9420180620802], [127.82022309121325, 36.941450894125055], [127.81902936764949, 36.94115923623741], [127.81789180489956, 36.940967703211335], [127.81435579829578, 36.94073599026182], [127.81105040466285, 36.94015119954443], [127.80947331993723, 36.93959342276901], [127.8094426857546, 36.93958265813583], [127.80771275477359, 36.94109523617656], [127.80715564372076, 36.94159066136662], [127.80736835756309, 36.94253504154071], [127.80737346532528, 36.94352026191881], [127.8073126790212, 36.944244053429536], [127.80659709067993, 36.94595050401971], [127.80554222210958, 36.946053954303565], [127.8055050688702, 36.94605758546795], [127.80460233113489, 36.946216025694376], [127.802484799453, 36.94682052037019], [127.80072783040711, 36.94752739015178], [127.80066783983084, 36.94755360831605], [127.79983222843376, 36.94752515841155], [127.79636397991031, 36.94671550096989], [127.79493585912536, 36.94590959195635], [127.79378044022447, 36.943046024066355], [127.79339461362805, 36.94071315603231], [127.79268592496494, 36.93948314558], [127.7916271190097, 36.93865586683613], [127.78899022076035, 36.93752565318081], [127.78805484310432, 36.9371987451084], [127.78802937101001, 36.93719374448279], [127.78802847863074, 36.93719356783153], [127.78711113744919, 36.93701633586437], [127.78663558977216, 36.936992442061396], [127.785238299669, 36.93732042126092], [127.78436187799485, 36.93771394517074], [127.7841128861138, 36.93761286444419], [127.78355171049529, 36.93738504071269], [127.78326580062225, 36.937244157854174], [127.78274059680598, 36.936822987981465], [127.78264371792343, 36.93671409442364], [127.7818681887762, 36.935788556817265], [127.7817850691629, 36.93554976533246], [127.78171406384448, 36.93529314713568], [127.78116012687754, 36.93497690771283], [127.78095136867861, 36.93486817627902], [127.7794326933918, 36.934399444542066], [127.77894189236139, 36.93425342371724], [127.77563408564707, 36.933341014281645], [127.77557932276734, 36.93333771359623], [127.77479717943349, 36.933549771464], [127.77410205091992, 36.93376632653077], [127.77245190041383, 36.93489999709667], [127.77006591370338, 36.93677953497872], [127.76984536303776, 36.937032411937125], [127.76982850380762, 36.93706518171243], [127.76659024143846, 36.94009479712837], [127.76506944786694, 36.93980131358993], [127.764843718351, 36.93978446436646], [127.76388919765448, 36.94083864712244], [127.76236033229189, 36.94407368629161], [127.76384081252502, 36.94633374029487], [127.76257222648866, 36.94844782863734], [127.76203593026545, 36.949095524340365], [127.75815609494218, 36.9526437369424], [127.75442242984577, 36.95486210842028], [127.75371901693583, 36.95615199248109], [127.75294493748234, 36.95794418431603], [127.75102556057543, 36.95666741621396], [127.74845525870886, 36.955999931348394], [127.74628998357643, 36.95577419208518], [127.74515983690931, 36.955557415757426], [127.7451252892944, 36.95550300023414], [127.74506149740144, 36.955401751519865], [127.74495903690236, 36.95518473025358], [127.74463099342239, 36.95421110584098], [127.74458223249712, 36.954066673694385], [127.74115770288527, 36.95252499896437], [127.74093122898287, 36.952470374813245], [127.73928067815012, 36.95238180216252], [127.73772829879137, 36.95352452148619], [127.733811988283, 36.95355126828703], [127.73343499619594, 36.95353388579981], [127.73289555862065, 36.95366166485513], [127.73200506502235, 36.95560640099652], [127.73050620730638, 36.95741295059537], [127.72995312912852, 36.95795500852392], [127.72685412276323, 36.959054974921195], [127.72609379835603, 36.958613868537476], [127.72570904448659, 36.958260297122365], [127.72418921405817, 36.9586116793647], [127.72377928210587, 36.95882367098601], [127.72371315429221, 36.958991895371064], [127.72246780864899, 36.95935622243359], [127.72209242149822, 36.95917547638871], [127.7220627074088, 36.95874033438308], [127.7220618655936, 36.95872596693917], [127.71805518880655, 36.95846328621086], [127.71629962436188, 36.95841065387156], [127.71516413171588, 36.96036025793719], [127.71452272962081, 36.961114807957294], [127.71397012358696, 36.96138365595128], [127.71350035132612, 36.961579634227405], [127.71307076679327, 36.96175764109354], [127.71196913308586, 36.961889256813315], [127.71107223025429, 36.962151989125914], [127.70585042140827, 36.96579126468104], [127.7056406250261, 36.966101688071014], [127.70401542505061, 36.96910283934689], [127.70339033672448, 36.97115870340166], [127.70336014385268, 36.971347537690825], [127.70207647770489, 36.97273290211023], [127.70051376417894, 36.973810716748524], [127.69932086000102, 36.97411451810915], [127.6981106810754, 36.97406473962028], [127.69753901934722, 36.9739520810482], [127.69448973107531, 36.97496981684211], [127.69440909328564, 36.97554076779219], [127.69452972743218, 36.975800252889655], [127.69471444777321, 36.97782571345847], [127.69462152792752, 36.97810614507672], [127.69413138863446, 36.97856855397127], [127.69377821278799, 36.97878995960313], [127.69290821194501, 36.97924190236154], [127.69247886424385, 36.97919146379334], [127.69178452926394, 36.97923745610895], [127.6907977346609, 36.979585312197635], [127.68910932865889, 36.980241335952925], [127.6889031545678, 36.98032248773772], [127.68782447997167, 36.98077729390447], [127.68662018484763, 36.98147384068179], [127.68693225958799, 36.98185048514337], [127.68736567285686, 36.982880542198714], [127.68736764874832, 36.98288531699884], [127.68736961047912, 36.983027509246554], [127.68737297109959, 36.98328428569137], [127.68737314630266, 36.98330259379883], [127.68734698424751, 36.98449355088903], [127.68631734818132, 36.98588572058092], [127.68549949189655, 36.986020799503706], [127.6845288785113, 36.986069755166305], [127.68451969251461, 36.986063888382056], [127.68404540735732, 36.98575885117615], [127.68206625346107, 36.98538247948757], [127.68131707947109, 36.985465614340136], [127.68061821341165, 36.985601391731805], [127.67955534620025, 36.98593438207627], [127.67781129796697, 36.986399366278604], [127.67626185391084, 36.98644817192961], [127.67543850493733, 36.98586265411676], [127.67499985607007, 36.985736462810344], [127.67214166386668, 36.98585851825763], [127.67176484854407, 36.986137431649574], [127.67093363984999, 36.986814548712864], [127.67073749420571, 36.987243368372894], [127.67065307279692, 36.98735332516227], [127.67030835971859, 36.98780219492757], [127.66919728363719, 36.98776705305797], [127.66903208554716, 36.987761789718355], [127.66844241685546, 36.98760460835949], [127.666757362856, 36.98669553920959], [127.66386094275734, 36.9839927739312], [127.66376697583311, 36.983761006689754], [127.66374156705909, 36.98358261912232], [127.66372027782799, 36.98331382502243], [127.6652463757787, 36.98270610596532], [127.66594315259977, 36.983137529783846], [127.6659455503627, 36.9831499069888], [127.66596209941626, 36.983236830001964], [127.66602625178811, 36.98339020043856], [127.66627567774005, 36.983697984802], [127.66652666145663, 36.98400181271558], [127.66669715341557, 36.984052669226735], [127.66675410718234, 36.984063893058675], [127.66786794172991, 36.983957692716295], [127.6681050445544, 36.98387779748852], [127.66814436696302, 36.983858707152464], [127.66821208627493, 36.98381637307205], [127.66833196943486, 36.983676594813595], [127.66854735842101, 36.98342168124284], [127.66854739807685, 36.98328482933484], [127.66830694735849, 36.98269908409979], [127.66851875386725, 36.98289978584294], [127.6686500131905, 36.98301872723174], [127.6687868351629, 36.98295149775681], [127.6688531570737, 36.9829088912936], [127.66910706051624, 36.98274330046937], [127.66914085560333, 36.982716075292494], [127.66922289529904, 36.982464736839006], [127.66922497642155, 36.98240079975396], [127.66707171240279, 36.978658843471855], [127.66562079083225, 36.97811282311104], [127.66255456653406, 36.977503686871735], [127.66201369510762, 36.97741771818173], [127.66179069587491, 36.9773823573039], [127.66178032429158, 36.97738073074482], [127.65947849345581, 36.97794850117673], [127.65564866892565, 36.980051119401786], [127.65405214704118, 36.98143627609313], [127.6532066945762, 36.98204040615931], [127.65214893369533, 36.982528833310205], [127.65139533233139, 36.98258618708586], [127.65109865144532, 36.98280237314557], [127.65095131388469, 36.98308082165575], [127.65085108909513, 36.98342799093562], [127.65092861959529, 36.98377877629414], [127.65135812806984, 36.98415479714688], [127.65302524206575, 36.985848947283735], [127.65369276696016, 36.98655852409636], [127.6537031797242, 36.987080526184464], [127.65369831822024, 36.987085902959215], [127.65267369937136, 36.98823700246068], [127.6525517823573, 36.98923192806457], [127.65255587967583, 36.99168983976957], [127.65321487909331, 36.99302007124345], [127.6533402724682, 36.99317256320208], [127.65336382773033, 36.99654972538736], [127.65322932621623, 36.99748980973148], [127.65505222603171, 37.00139179957067], [127.657974722268, 37.003123446799925], [127.65905757807658, 37.0034632340133], [127.65926256654338, 37.00347758940827], [127.66012411336153, 37.00353784922687], [127.66047279337454, 37.003544085222984], [127.66076543085806, 37.00350331912693], [127.66125912225942, 37.00341047120243], [127.66290929725807, 37.00311492140893], [127.66337208180857, 37.003081931046424], [127.66458814104757, 37.003010655615654], [127.66459656844296, 37.00301060816682], [127.66490326137941, 37.00301311942272], [127.66491994528056, 37.00301330696779], [127.66533623516133, 37.00304448955555], [127.66552181969911, 37.00306906895879], [127.66520224235784, 37.004289535631614], [127.66432347992796, 37.00445297913737], [127.66307669929789, 37.00432393906761], [127.6607278005836, 37.00693289221836], [127.65985577770921, 37.00810516941963], [127.65728097787117, 37.0117267535728], [127.65670872082548, 37.0129007224831], [127.65628649480558, 37.01590949361327], [127.65732437507116, 37.01732911592118], [127.6584377822761, 37.01870664755235], [127.66095366397255, 37.021494412253496], [127.6618834005184, 37.022125332113134], [127.66274288858452, 37.02259022186611], [127.66279120690696, 37.02259501601181], [127.66280579843166, 37.022596629521935], [127.66294490622991, 37.02264203155963], [127.66460839087371, 37.02318577127838], [127.66461984129221, 37.02318964636945], [127.66471991936868, 37.02399694570266], [127.66483414804993, 37.02592652989693], [127.66482897873063, 37.02664487098428], [127.66450355118398, 37.03035678117044], [127.66428816664927, 37.030569424059514], [127.66428556994687, 37.03057199870957], [127.66501885460521, 37.03123356235833], [127.66658697551938, 37.032638583074856], [127.6674506388962, 37.03320393516444], [127.67024089085945, 37.03436327045032], [127.67202319342483, 37.03465762991108], [127.67192250669716, 37.03511518280549], [127.67185810988042, 37.0354618834798], [127.67157006309426, 37.03725604691019], [127.67179933666874, 37.03966337346928], [127.67198077291226, 37.04020523202853], [127.67204089597266, 37.04021781580548], [127.67253362165962, 37.04032093656458], [127.6737940783469, 37.040957208801956], [127.67426024294133, 37.041400586616426], [127.67497548557836, 37.042125822254036], [127.6758421382569, 37.04338630888539], [127.6769359301527, 37.0441330252463], [127.67811044155513, 37.04425671010116], [127.67882507608921, 37.04437258732469], [127.67961206420931, 37.044564909429724], [127.68516197868253, 37.047068400909694], [127.6852467070823, 37.047116332866736], [127.68525200665103, 37.0471194023658], [127.6855764084215, 37.04733294812138], [127.68564531957267, 37.04737844022085], [127.68651427597342, 37.048049494918665], [127.68651651049451, 37.04808299038707], [127.68646512240356, 37.04826772654946], [127.68642490821526, 37.04840451956785], [127.68946570816993, 37.05146401366104], [127.6911588280252, 37.053075513090384], [127.69124611441177, 37.053442181673255], [127.6906945070285, 37.05444751694478], [127.69026439937645, 37.0562645122833], [127.69020462421234, 37.05789181007943], [127.69026635812624, 37.05935706186063], [127.69017040623302, 37.06026571376075], [127.68952992676941, 37.062973979526454], [127.68934261292605, 37.06374657873077], [127.68881909886177, 37.0656581514344], [127.68714250125643, 37.07129377798014], [127.68684201923824, 37.07220838353084], [127.68648334032831, 37.073254540882736], [127.68484322042225, 37.074632465156995], [127.68396704622168, 37.075111116634694], [127.68325263750252, 37.075309518792714], [127.68292135030185, 37.075909212751704], [127.6828405565447, 37.076221268240545], [127.6828333734341, 37.07624901600495], [127.68282907995147, 37.076265682904356], [127.68282131960237, 37.076295822680166], [127.68352224065686, 37.0781420388916], [127.6837724252924, 37.07849116077186], [127.68561894370045, 37.0801271887906], [127.68659893721787, 37.08094768102866], [127.68746341813049, 37.08099899892633], [127.68771787294901, 37.08100062501348], [127.69059404657925, 37.08117373131003], [127.69217928503114, 37.0813349754599], [127.69234151123256, 37.0831202379989], [127.6931296254186, 37.085014039573785], [127.69344416666519, 37.08555395549827], [127.6963798604988, 37.08878110978711], [127.6991840253331, 37.09158942479737], [127.69975679645692, 37.095728871587625], [127.69801041452331, 37.09821532131834], [127.69815505919516, 37.09936640110362], [127.6981594160884, 37.09940072384033], [127.70193312669022, 37.10303728905395], [127.70589392002978, 37.10519687893616], [127.70662679784215, 37.10514775110312], [127.70859295497104, 37.1053663748553], [127.708853057399, 37.10539889297827], [127.70906814830998, 37.10542971224925], [127.70963809576675, 37.105515001043486], [127.71013908214243, 37.10559253286073], [127.71139560068731, 37.10586265646726], [127.71265953213496, 37.106361639155764], [127.71542021671304, 37.10975914313932], [127.71587740998497, 37.109662347658904], [127.71726658587298, 37.10959962767371], [127.71729408180441, 37.10960818769623], [127.71763508080444, 37.10971678958358], [127.72050798793714, 37.11070574925158], [127.72110956571855, 37.11108053727459], [127.72111349966173, 37.11108727081337], [127.72113209911022, 37.111120947103394], [127.72230144912234, 37.11379077616629], [127.72256517085297, 37.114424405830064], [127.72273799050639, 37.115000020792934], [127.72287078589557, 37.11591545006318], [127.72214299853407, 37.12081476458463], [127.72054325732682, 37.12306214928732], [127.71822623628, 37.124952589316834], [127.71792111390899, 37.12515068823722], [127.71763473459748, 37.125323056149924], [127.71676024842908, 37.12547869119586], [127.71521812604296, 37.12568593442793], [127.7146332591125, 37.12556528295236], [127.71281653990995, 37.12705670827664], [127.71201551787696, 37.12777615157654], [127.71066845810955, 37.12993910022688], [127.71008835729891, 37.13112405299109], [127.71012463670505, 37.13165854956749], [127.7106796442067, 37.1321930391836], [127.7109748924148, 37.132477343701304], [127.71064284746278, 37.13379033805157], [127.71049410748299, 37.13409307562817], [127.70970650229137, 37.13516804205812], [127.7087236488478, 37.13582490774475], [127.70723655384141, 37.13664329920564], [127.70637091263252, 37.13708573739823], [127.70446814686707, 37.13730624110439], [127.70168667850947, 37.13762595487218], [127.70027155862242, 37.13779452936338], [127.69688973032376, 37.13927099386128], [127.69597122896458, 37.1398468506001], [127.69595464411395, 37.1398610210285], [127.69548408708529, 37.14042214088726], [127.69453452401588, 37.14125890311758], [127.69408341142287, 37.14559579932497], [127.69449611664507, 37.14882726554163], [127.6944998083069, 37.148845823188815], [127.69463157384533, 37.14950449211509], [127.69472770640559, 37.14997838837213], [127.69500564446771, 37.15071532256355], [127.69520758736145, 37.15123928242972], [127.69551051260582, 37.15151428905056], [127.69584059633982, 37.15179815415712], [127.69623770019945, 37.15211992001281], [127.69713071230514, 37.15237457645165], [127.6984624429224, 37.152596228002785], [127.70060415622133, 37.153756932313144], [127.70157813767402, 37.15466207355992], [127.70252465591055, 37.15556370379457], [127.70427262479447, 37.15764769521271], [127.70481281522798, 37.16268013647439], [127.70489564857056, 37.16550691248133], [127.70489295480554, 37.166052052183645], [127.7045914876552, 37.166513368076366], [127.70485484815994, 37.167520113949195], [127.70678021495989, 37.17033255607774], [127.7079443138797, 37.17079641721107], [127.70836840835526, 37.17076602854086], [127.70867574992074, 37.170937904856686], [127.71233921360493, 37.17679915670939], [127.71690409475232, 37.18342971958073], [127.71763698971174, 37.183831287670124], [127.71850244826356, 37.18382608399141], [127.72003074406486, 37.18352990860482], [127.7215194829059, 37.183062193247764], [127.721748190807, 37.1827626166147], [127.72184170140149, 37.18241853291685], [127.72217539341041, 37.181834492848935], [127.72275685499538, 37.181586830664465], [127.72279843243548, 37.181569180321304], [127.72570826649203, 37.18220292449308], [127.72640685369254, 37.182540476090374], [127.72732940469301, 37.184730244876], [127.72796017418281, 37.1864695892595], [127.72830059474018, 37.187729497920095], [127.72827163266345, 37.18834350005954], [127.72796890261841, 37.1886305949424], [127.72946256696538, 37.19233731565948], [127.73003760663711, 37.192955768090194], [127.73250060412263, 37.19580022934301], [127.73260522977257, 37.19613916173771], [127.73265027656599, 37.19628586838356], [127.73269906781233, 37.19645280593759], [127.73270638408216, 37.1964826210972], [127.73283313119434, 37.19878536451909], [127.73314458732149, 37.2016596746958], [127.73352976324728, 37.201961103008955], [127.73383725601227, 37.20227316483772], [127.73443502557416, 37.20315359860729], [127.73557773395746, 37.20552775959418], [127.73548005640936, 37.20667209686017], [127.73513912806095, 37.207054612622], [127.73525627936539, 37.208066691694846], [127.73673995448995, 37.21019347694416], [127.73804220752322, 37.21095999595569], [127.74045177269194, 37.21199130185849], [127.74350813422602, 37.21457558696812], [127.74412966533419, 37.21486078194464], [127.74412984376977, 37.214860864653424], [127.7442153456424, 37.21478317248226], [127.74464279520299, 37.21439362146475], [127.7447389065003, 37.21374737287092], [127.74475104825576, 37.21364588379564], [127.74413475732042, 37.21123111926127], [127.74410065593297, 37.209546979687254], [127.74425811946121, 37.20754685585794], [127.74434355472297, 37.207248414137034], [127.74578727160574, 37.20334693060735], [127.74785164627586, 37.200329594699646], [127.74891081543304, 37.196762178651255], [127.75013184267006, 37.19038337420158], [127.74939479850264, 37.18955570677021], [127.74971978204616, 37.18764404715322], [127.74998384711039, 37.1863713652521], [127.75002985863202, 37.186183832293914], [127.7501036920983, 37.18589053315837], [127.75077981031502, 37.183760684008405], [127.75128937208801, 37.18240704683221], [127.75268734637042, 37.17936933727065], [127.75409859081479, 37.1760144707017], [127.75533173001473, 37.172629752563765], [127.75599702681995, 37.170852739948174], [127.75707415587215, 37.16920178607755], [127.75741087597741, 37.16877728016376], [127.75760591619787, 37.16854204834741], [127.75790191251649, 37.16819945283558], [127.75810845021213, 37.167987529384824], [127.75887784836821, 37.16723897677207], [127.76466123163051, 37.160016459439426], [127.76533539809644, 37.1592929768432], [127.76534863333143, 37.159279375903104], [127.76548936194594, 37.159141342247054], [127.76897489963727, 37.15641573271821], [127.76932549453284, 37.156158641884495], [127.769573420669, 37.15597710830182], [127.76971350901572, 37.15587962927328], [127.77075355822262, 37.15516753866711], [127.77092337749093, 37.155054376139], [127.7712731705268, 37.15485753606742], [127.77258068150141, 37.154159190352225], [127.77311227617011, 37.15388767303332], [127.77487008522986, 37.15281524672321], [127.77768860248935, 37.15093535732631], [127.77794983746863, 37.150751187440136], [127.77845420820836, 37.150332561162045], [127.7792633170325, 37.14961769394915], [127.78382449574184, 37.147051276169], [127.78569950671664, 37.14601621688559], [127.78751578037277, 37.14503064970729], [127.78782809857776, 37.144236375530326], [127.78952364456934, 37.14340827618419], [127.79050933048126, 37.14382914135862], [127.79175055243329, 37.14446792928842], [127.79186839880506, 37.14453725420844], [127.79211791168652, 37.14468567442278], [127.7928246239653, 37.14523282928098], [127.79290896506333, 37.145327163002925], [127.79685280235182, 37.14551109344638], [127.79766727705949, 37.14549690335957], [127.79944364652171, 37.14497108297052], [127.80000157228396, 37.14470997379096], [127.80070731899104, 37.14445911821583], [127.80106901511864, 37.144336454762616], [127.80164719744263, 37.144263282340034], [127.80212063848295, 37.14443128159289], [127.80398129036068, 37.14539603668935], [127.80571235521069, 37.146408657615154], [127.80663602922982, 37.14694019181327], [127.80693914661023, 37.14706427694455], [127.80805714214989, 37.14721069624791], [127.80965362390083, 37.14707114646496], [127.81159562724748, 37.146512199483276], [127.8152740589224, 37.146669180451696], [127.81685063435896, 37.147003269050025], [127.81739180171374, 37.14721691886781], [127.81926338200549, 37.14838859263967], [127.82067450703379, 37.14938996375578], [127.82251543600808, 37.15057981947298], [127.82472269068155, 37.151939700904116], [127.82537028180057, 37.15226267060478], [127.82552237227213, 37.152177709486615], [127.82621176922547, 37.15200903559932], [127.82670566809054, 37.15204389247504], [127.82719017544159, 37.15208669471737], [127.82723986303004, 37.152095079285544], [127.8282564288869, 37.15228509377944], [127.83267722449638, 37.152136471824484], [127.83426203720394, 37.15179309451287], [127.83490536372713, 37.15175675624398], [127.83737692241388, 37.15163348193743], [127.84687987632842, 37.15280696454398], [127.84739138458848, 37.152935937201974], [127.84833454378597, 37.153289045832935], [127.84904099349484, 37.153574232412495], [127.84903975178565, 37.153482042946315], [127.84919929432517, 37.1535073643274], [127.84936110075975, 37.153538734101794], [127.85006532966771, 37.154176845062715], [127.85041574934795, 37.15484166095356], [127.85052712830658, 37.15508159845917], [127.85053891045584, 37.155380267273], [127.85066915235016, 37.15658304875365], [127.85121982161967, 37.158354400708085], [127.8512752188142, 37.15846296906331], [127.8520467320888, 37.159721684043866], [127.85208536035174, 37.159777999544765], [127.85219139197352, 37.159884234989356], [127.85222553878698, 37.15991749858861], [127.85226591880702, 37.159942555330055], [127.85239872250516, 37.16002072007707], [127.85251872003978, 37.16008602050972], [127.85258909137974, 37.16011817766998], [127.85265797339531, 37.160143875712464], [127.85294737125389, 37.16022598014278], [127.8530123062562, 37.160243822168056], [127.85317693484043, 37.16027360639279], [127.85322521944389, 37.16028171242952], [127.8535420593798, 37.16033208179001], [127.85379222420003, 37.16036689057868], [127.85384647461031, 37.160372699158984], [127.8541496730502, 37.16039923478995], [127.8541915353359, 37.1603986535862], [127.85430331038586, 37.16039052398389], [127.85435108682938, 37.160384269198985], [127.8546737785401, 37.160329291150695], [127.8547986398959, 37.16029545164913], [127.8548133736305, 37.160291118890555], [127.85484735130566, 37.160278206233514], [127.85491840540489, 37.16024560000271], [127.85501145533316, 37.16019903196123], [127.85508996443711, 37.16014073852877], [127.85517186632961, 37.16007286010472], [127.85528623468585, 37.159950956265924], [127.85535064068375, 37.15954672573058], [127.85536739941193, 37.15884661561174], [127.85535707465105, 37.158773482604026], [127.85527735588617, 37.158503750185695], [127.85527496846218, 37.15829146892763], [127.8552806933946, 37.15798761016565], [127.8552888665988, 37.15793151741589], [127.85536964896563, 37.15760826093882], [127.85549571892547, 37.15724384276203], [127.85577468320584, 37.1565863365468], [127.85584278478173, 37.1565109428873], [127.85588319768362, 37.15647686390124], [127.86129919645073, 37.155348304638466], [127.8616942938443, 37.1556016715154], [127.86180102096846, 37.155830935722804], [127.86181841627639, 37.15593780672948], [127.86182489265096, 37.15601265320075], [127.86185584771738, 37.15644746026463], [127.86185391612105, 37.15652518783083], [127.86185164320716, 37.15654125066108], [127.86183084143049, 37.156661635142], [127.86166457034597, 37.15757371365252], [127.86164688131221, 37.1576577563806], [127.8616142745433, 37.157791461458004], [127.86156349580027, 37.1579982170225], [127.8615119513435, 37.158168660301214], [127.86143846368729, 37.15838937544846], [127.86137690126684, 37.15860748374238], [127.86137251232313, 37.158747731798655], [127.86137186754834, 37.159218522790795], [127.86138054454963, 37.159300957210554], [127.8613873268354, 37.15934117389413], [127.86139501538631, 37.159367870457714], [127.86179873435243, 37.160658187761996], [127.86196495532775, 37.161045547709826], [127.86203660028941, 37.16109711502726], [127.86272455324348, 37.16157726541484], [127.86362795973568, 37.16213073563534], [127.86377825505775, 37.1621991931074], [127.86397097928572, 37.162286208015864], [127.86410817793106, 37.16234743412302], [127.86418771647737, 37.162381201787326], [127.870241019858, 37.164040194318346], [127.87037335843901, 37.16407639078476], [127.87054273355048, 37.164120209018094], [127.8707172899143, 37.164155249204406], [127.87108817800483, 37.16422263736728], [127.87112906815734, 37.164229653939074], [127.87118933758703, 37.16423878905609], [127.87197750092628, 37.16433802597041], [127.87205003828538, 37.1643439712677], [127.87246618609653, 37.16427699417135], [127.87425299745546, 37.16381024736859], [127.88015676409267, 37.16224951911038], [127.88343594397233, 37.16184983091546], [127.88378028778725, 37.161782790581576], [127.88656996984382, 37.16107411368722], [127.88665917422504, 37.16100051796313], [127.88687935261193, 37.160785169712575], [127.88856830604696, 37.15969497212348], [127.89145939201374, 37.15813395618825], [127.89163104391756, 37.158041717173695], [127.89317507109598, 37.15729324544559], [127.89345156961123, 37.157173184377754], [127.89375581848522, 37.15710895066055], [127.89509556486225, 37.15619361775914], [127.89599740556534, 37.15522693733507], [127.89708809477096, 37.15345298587557], [127.89777452254725, 37.152181293342615], [127.8988856319097, 37.1498157063855], [127.8988942513378, 37.149804537891384], [127.89939467568303, 37.15009189440795], [127.899940355333, 37.15045745815123], [127.90163979972144, 37.15180229613843], [127.90189111910061, 37.1522007742457], [127.90316629360068, 37.1558765373732], [127.90408401141246, 37.160220078375744], [127.90488301303117, 37.16072701356678], [127.90617904352074, 37.1617296471688], [127.90654060163905, 37.16266535329887], [127.90711331272409, 37.16428366240616], [127.90718791261985, 37.1646975614285], [127.9071530957547, 37.16522914089707], [127.90863336214754, 37.167124322214676], [127.91101085838483, 37.167518315191245], [127.91376702043829, 37.16844545173881], [127.9150452213902, 37.168881609622545], [127.9172252049329, 37.16765375960472], [127.92080040153061, 37.16586768559144], [127.92464122694113, 37.16452993836699], [127.92632699117522, 37.16552734927454], [127.92776256017648, 37.16421078699695], [127.93403211457134, 37.16333239279324], [127.93468292985327, 37.16327180135993], [127.93557596096309, 37.163453143821194], [127.93662324751665, 37.16376079764942], [127.93734511821913, 37.16398542844795], [127.93929540922804, 37.1639122821895], [127.94067646379091, 37.16304425245398], [127.94265294910309, 37.16187977546778], [127.94383694600117, 37.16195005241556], [127.94542870776132, 37.16255795899725], [127.94741786741449, 37.162615585881504], [127.95084175715613, 37.16174745200485], [127.95504604703648, 37.16145380818569], [127.95690963363802, 37.160955628737746], [127.95963167606944, 37.15965589628899], [127.9597926220885, 37.15941949011995], [127.96037474239897, 37.15896539972038], [127.96358343609414, 37.1576858544177], [127.96465472184519, 37.157665323760234], [127.96553829720993, 37.15751679753913], [127.96683632513341, 37.15709654690076], [127.96831614590214, 37.15620092400027], [127.96832355676285, 37.1561473651875], [127.96810160200855, 37.155596457915486], [127.96821215849143, 37.15488572531516], [127.96896927149835, 37.15320872080051], [127.96927516363138, 37.152562564555126], [127.96980876850446, 37.15153977365259], [127.97033648740882, 37.15110494858303], [127.97115240098964, 37.15067929389379], [127.97162904235039, 37.14602558394048], [127.97126912298577, 37.14546736628602], [127.97086020159638, 37.144596721867565], [127.97038115232058, 37.1431637948135], [127.97059471099871, 37.14214868097541], [127.97096531870253, 37.14178215433793], [127.97099182958777, 37.141782999157456], [127.97193609721913, 37.14181306114372], [127.97437781940079, 37.14206926129727], [127.97463094352243, 37.1421702428791], [127.97489600087819, 37.142187213330054], [127.97691750038031, 37.1414061354402], [127.97720905199043, 37.141158766368015], [127.97785840945905, 37.140372353460194], [127.98065961492115, 37.13604856731061], [127.98111140903119, 37.13478454465134], [127.98143725146736, 37.1336536039744], [127.98164394385411, 37.13252787353194], [127.98260051380421, 37.13119489349511], [127.98451746717069, 37.131496064113016], [127.98595651772936, 37.13155282529662], [127.98662799432056, 37.13121076955867], [127.98710698612727, 37.1289075045199], [127.98678647585746, 37.128191037324356], [127.98615978935744, 37.12740024861098], [127.98534208479032, 37.12671184640664], [127.9850949836878, 37.12506193040368], [127.98523965327128, 37.12423123261738], [127.98589267860375, 37.12377248168897], [127.9861981914029, 37.123415736247466], [127.98620429189015, 37.1229910793669], [127.98603231616353, 37.12035533002849], [127.98538062444334, 37.11906637176351], [127.98470066911297, 37.11817352102315], [127.98490804905516, 37.11498809512473], [127.98504567306834, 37.11421151554306], [127.98540037074747, 37.1124408782506], [127.98588376180096, 37.11167775440022], [127.98714280197805, 37.11097688500173], [127.9887750776023, 37.11097091016934], [127.99141279203853, 37.11077209063213], [127.9956211695191, 37.10994314412739], [127.9991767712265, 37.10821710399656], [127.9995673453475, 37.10585848399507], [128.00054792110078, 37.10265497730125], [128.00152070138654, 37.100441525685824], [128.00387572327503, 37.09845347356173], [128.00969370493607, 37.098539016296805], [128.01150761176837, 37.09955187075075], [128.01228641667055, 37.10324393862043], [128.01254795514083, 37.10485650036281], [128.01193897836484, 37.10625236512437], [128.0120590274108, 37.10764116418617], [128.01267465922191, 37.10936390341964], [128.01342137846868, 37.11052632839833], [128.0145897368862, 37.11103471517316], [128.01556376908425, 37.111232500229946], [128.01790522804768, 37.11423058463481], [128.0188446486659, 37.11612114620618], [128.01991240998044, 37.11790388256009], [128.02011046866758, 37.11772788497099], [128.02056286572912, 37.11732614365462], [128.0216814802602, 37.116578535005544], [128.02271086964592, 37.116153231096774], [128.02382145858374, 37.115727219522014], [128.0244242883611, 37.11553337307775], [128.02803593141445, 37.114836529836765], [128.02872562705497, 37.11472299101153], [128.02937319766474, 37.114641070807444], [128.0306887913121, 37.11448155995442], [128.03125262016783, 37.11439585043647], [128.0329666475526, 37.114087562640194], [128.03342284354514, 37.11397152367123], [128.0336598262905, 37.113895405531366], [128.03421298100102, 37.113644502692516], [128.03452390025274, 37.11347200529504], [128.0349885163903, 37.113123317791896], [128.03548305771716, 37.112699475161804], [128.0363869987917, 37.11205608433887], [128.03715217732943, 37.11191256197308], [128.03779509796325, 37.11190384422343], [128.03965051713956, 37.11248256479039], [128.04039492288814, 37.11292768039988], [128.0420441466901, 37.11410706432277], [128.04261656573374, 37.11475189800277], [128.04314457795041, 37.11533742758092], [128.04371693535316, 37.11561650491199], [128.0446365780645, 37.11573652433976], [128.04525919599055, 37.11570683471192], [128.04566287978278, 37.11558220107763], [128.0459738305296, 37.115337315660845], [128.04612793171174, 37.115089023474766], [128.04638699334853, 37.113268090895446], [128.04805320515126, 37.109543179192194], [128.04825292658452, 37.109239295367125], [128.04831945763266, 37.1090920032587], [128.04843072105297, 37.10874638381314], [128.04849007709595, 37.10838517184306], [128.04848594347504, 37.1079059840548], [128.04820760400966, 37.10735093566374], [128.04800159624813, 37.107069781383736], [128.04770478798272, 37.10688430385349], [128.04763317887154, 37.106840452381405], [128.04747062971876, 37.1067543157967], [128.04736422817405, 37.10671162007601], [128.0467278049306, 37.10662656376781], [128.0459712046075, 37.10657043741587], [128.04567907105772, 37.10639140172049], [128.04551314437816, 37.10598205028925], [128.04552729721777, 37.10481088201576], [128.04735831986952, 37.10270241716567], [128.0500163609692, 37.10038922935801], [128.0530344594563, 37.09702760724374], [128.0575836133815, 37.097405027293796], [128.05944215631402, 37.09764102658104], [128.06167704658688, 37.097489570397705], [128.06229540207104, 37.09729229455737], [128.06274702312356, 37.097009497810426], [128.0630935118492, 37.09667583978274], [128.06328273186597, 37.09623039498974], [128.0632306229499, 37.095971817057944], [128.06182319860955, 37.09445718360358], [128.05959749155244, 37.09149609650626], [128.05894423057873, 37.089457733779], [128.05893846675198, 37.08921929627763], [128.05908151139764, 37.08899136012435], [128.06067322136346, 37.08673728366244], [128.06528784717077, 37.08628347384651], [128.06803722805384, 37.086329735067906], [128.06909551589482, 37.086408907983746], [128.07187648728444, 37.085751723341005], [128.0757032361938, 37.084341375293896], [128.07613913981234, 37.08383784109205], [128.0764584840791, 37.08346927191053], [128.0770463594379, 37.08289122885108], [128.07777942185066, 37.082539379395016], [128.07911705955638, 37.08232112278214], [128.08202762339803, 37.07952035100754], [128.0852591902572, 37.076054603816615], [128.0853139490506, 37.075877556222395], [128.08526624699667, 37.07518847715504], [128.0830336425571, 37.073154196878704], [128.0822079801567, 37.071329842951975], [128.08205900554125, 37.0707855147149], [128.08278813153234, 37.06992008918399], [128.08400027819457, 37.06830493829708], [128.08578908317384, 37.06571110887472], [128.08578330883597, 37.06557713424803], [128.0856431405483, 37.064146639861406], [128.08548476589735, 37.06356016981569], [128.0842363427849, 37.06187371510996], [128.08309701688444, 37.060073054525596], [128.08273401613465, 37.05939890403702], [128.08259296743645, 37.05904090508273], [128.08258743366298, 37.05879993195255], [128.08292750553966, 37.05741179086093], [128.08380632862162, 37.05616289637119], [128.08377067746113, 37.05553194689647], [128.08352690064407, 37.054644131796174], [128.08329373191603, 37.05435426351457], [128.08263014654653, 37.05296964661483], [128.08150641012102, 37.05057105042109], [128.08123603253753, 37.049958840313444], [128.0807755472031, 37.048419547166084], [128.08157762403937, 37.04840681671205], [128.08208505640422, 37.04827154874999], [128.08215159853782, 37.04823237095249], [128.08277235765811, 37.04764132871132], [128.0844912040372, 37.04443095909524], [128.08447803285472, 37.04261297564305], [128.08396582173185, 37.04221163102492], [128.08349526374437, 37.042046413066856], [128.0834640014006, 37.03895252348483], [128.08377599037271, 37.03826602535473], [128.08418392111713, 37.03778194819408], [128.08568105401338, 37.03695509400821], [128.08648256720576, 37.03587020257592], [128.0888028603272, 37.031369742241395], [128.08862202361993, 37.03083049305703], [128.08721930445805, 37.0278184290136], [128.0876270317708, 37.02739881077976], [128.09005615312145, 37.0244203446755], [128.09043556157363, 37.023322675205925], [128.0895781007179, 37.02308247884834], [128.08877566871223, 37.0231799368632], [128.08766755942779, 37.02274717599464], [128.08650214338988, 37.02164281708148], [128.08557354936988, 37.02000157611016], [128.0861061868047, 37.01977567956697], [128.08630553475922, 37.01969416833134], [128.08744749536447, 37.01927685538477], [128.08748130631255, 37.01925852632746], [128.08791850635893, 37.01889044701289], [128.088861660597, 37.017952342732045], [128.0887478536954, 37.01713682757818], [128.08661908784995, 37.01134580411091], [128.08635488162835, 37.01083970867111], [128.085913545562, 37.01064213533398], [128.08522515731576, 37.01040429847409], [128.08513752724872, 37.01038960862307], [128.08417461225457, 37.010228051144395], [128.0809951996981, 37.0088021254422], [128.0774656710292, 37.00634001714435], [128.076636958542, 37.005656265142214], [128.07651024834087, 37.00540935181287], [128.07618969225453, 37.003487987502915], [128.07643604507535, 37.00210942806985], [128.0775099309157, 37.001509242614986], [128.07829867605216, 37.00083054296283], [128.07846782711655, 37.00035286581908], [128.07861825286636, 36.99932010121507], [128.07860993155057, 36.99761046929603], [128.07861004721653, 36.997369442244356], [128.07884211556922, 36.996425477815656], [128.07888227810082, 36.996336694269566], [128.08006164884785, 36.9958059254586], [128.08024424688338, 36.995760053896106], [128.0820986553496, 36.99570152342923], [128.08272638864113, 36.99573156206677], [128.0833087298201, 36.995853811601116], [128.0837658977424, 36.99568886482478], [128.08401548608853, 36.995514823644896], [128.08442206066908, 36.99492657189143], [128.08451700302746, 36.99382391603133], [128.0848113427052, 36.9913864694358], [128.0849360479063, 36.99042770574585], [128.08498689528523, 36.99037458466928], [128.08543098446, 36.99000758580615], [128.0857449414203, 36.989795509564956], [128.08697019420111, 36.98966407733361], [128.0877345674992, 36.98960499458648], [128.08899561741157, 36.98957176955942], [128.08970602276608, 36.98954441990718], [128.09007049613726, 36.989504198330266], [128.09021145699253, 36.98749895600191], [128.09079814750024, 36.98564770050537], [128.09080104613233, 36.98564614279578], [128.09093307753665, 36.98555173705653], [128.09120664500688, 36.98322484223528], [128.0911789398679, 36.98216806742785], [128.0906513846599, 36.980220207841], [128.08960153618565, 36.97644098928705], [128.08898218936685, 36.974301354457985], [128.0886053788148, 36.973173160721956], [128.0879603201658, 36.971639702064095], [128.08759931130623, 36.9704851749721], [128.0869246968168, 36.96810304191323], [128.08647337223366, 36.96634394808707], [128.08685777359403, 36.96455103262707], [128.08717446382587, 36.96367385228565], [128.08746887461385, 36.96130285050622], [128.087407257063, 36.95810106745125], [128.08723900937403, 36.95433176296471], [128.08660083565837, 36.95096913180824], [128.08486442051517, 36.94773842931447], [128.08172292468615, 36.948240936703264], [128.07512211299948, 36.950030510989244], [128.073275875341, 36.95101974442779], [128.06676648954812, 36.955022614418525], [128.0655740039617, 36.95638936979516], [128.0652590816572, 36.95702995555352], [128.06497032761874, 36.957434072567715], [128.06441831545163, 36.957982169487025], [128.0631050871345, 36.958820622086186], [128.06000280545447, 36.96017086924466], [128.05799048849113, 36.96014233459099], [128.05443907636868, 36.95882767309431], [128.0486629211435, 36.956280655937974], [128.04843362487028, 36.955908467851714], [128.04830156579334, 36.95569338341417], [128.04250763283972, 36.95446286655825], [128.04035377344238, 36.95438599170042], [128.04215085647172, 36.95348443557896], [128.04260558940467, 36.95325629745612], [128.04315213105122, 36.95095779423272], [128.04317461450168, 36.95034150899481], [128.04313904310692, 36.94966181517156], [128.04311082854807, 36.949547748510724], [128.0430684977634, 36.94940225874063], [128.04281243738836, 36.94873520116367], [128.04217928045682, 36.94768400070254], [128.0420404104365, 36.94557199293815], [128.04208847382284, 36.9449017011382], [128.04245753285673, 36.941499564643216], [128.04250217365126, 36.94109342252338], [128.04259108009197, 36.94066633190765], [128.0427134142954, 36.94027302782729], [128.04303329260222, 36.939677227699406], [128.04337813149743, 36.93926704043193], [128.04377745077213, 36.93881301400581], [128.04405140670949, 36.93852988193746], [128.04581277940343, 36.937201694483576], [128.0464347953952, 36.93677245283297], [128.04857813200692, 36.935654304477865], [128.05029796476646, 36.934889579751385], [128.05115261483505, 36.934597354336574], [128.05167086694016, 36.93453392606762], [128.05213838966569, 36.93447994385812], [128.05281651799464, 36.93441228618208], [128.0531378132028, 36.9343356643456], [128.05583283536282, 36.93335328529331], [128.05667634050133, 36.93296792580367], [128.0575094251309, 36.932539275798256], [128.05818179108084, 36.93218273853828], [128.05863916569174, 36.93180192127304], [128.05910756397455, 36.93125458520095], [128.05945746282745, 36.93058385891264], [128.0598009196614, 36.92987995865773], [128.05995066246325, 36.929345595437255], [128.06026236082567, 36.92746133099625], [128.06059121174613, 36.9250937157076], [128.06073590967583, 36.923055219402336], [128.06153245046548, 36.92146594204606], [128.06201637121274, 36.92062675209258], [128.06249853724393, 36.919966088105795], [128.06304232468642, 36.91947522406207], [128.0636812175951, 36.919066863891295], [128.06698648159198, 36.917230101837106], [128.06768964706987, 36.916982205164516], [128.06789124788784, 36.91702995384724], [128.07113459913828, 36.915066645996745], [128.07183288105097, 36.914471580935654], [128.0721830364425, 36.91408350781803], [128.07271236602327, 36.91326920191809], [128.0722519286873, 36.91101004436854], [128.07061911074462, 36.91139811461149], [128.06965781653003, 36.91148729778723], [128.06899476908922, 36.911288548348914], [128.06729923261548, 36.91029572779919], [128.06626116144955, 36.9094262380107], [128.06647111909894, 36.9089667967069], [128.06697502381164, 36.90786018121381], [128.06812256395864, 36.90503214227025], [128.06727315414392, 36.90436313340901], [128.06679387154003, 36.90368235607858], [128.06645306499556, 36.90191625997541], [128.0664390217624, 36.90012331174227], [128.0665144204666, 36.897601667252204], [128.0663065464342, 36.89386925653417], [128.06511268351392, 36.892543018693395], [128.06457299309793, 36.89210154231536], [128.06382460959315, 36.891650959359595], [128.06265026432854, 36.89094398420861], [128.06187505270546, 36.89032665067433], [128.06016867656052, 36.88886301964236], [128.05907308257204, 36.88748150011158], [128.05929091664623, 36.88721262602368], [128.05967621846227, 36.887013495806066], [128.0601287855346, 36.886812359825306], [128.0604367594048, 36.88664940085144], [128.0606543288815, 36.88633604071036], [128.06066755351296, 36.88572038838332], [128.06049196407378, 36.885036874782315], [128.0596510845728, 36.88445558373254], [128.05786461043502, 36.88350144432358], [128.0566625080289, 36.88326095697225], [128.05543376086135, 36.882560032054045], [128.0530336408298, 36.87866650797585], [128.05251991552814, 36.87683346468072], [128.0526536174715, 36.87641020362531], [128.05231916894581, 36.87558587750513], [128.0509370225531, 36.87219126656425], [128.05030248181995, 36.8717680294033], [128.04841197157887, 36.871377811111806], [128.0477305516918, 36.87129258776008], [128.04552020990423, 36.87049881625634], [128.04487295836128, 36.8691377186394], [128.04436920207962, 36.86595494384555], [128.0444386905737, 36.86353894867764], [128.04401421410645, 36.86252532184311], [128.042538694771, 36.861114596882], [128.0418323518346, 36.86086425834972], [128.03979544728784, 36.8601460140256], [128.0385953688674, 36.859807656320406], [128.03705444846338, 36.85791025091677], [128.03589037653853, 36.85588090079253], [128.03558387003665, 36.85502897124637], [128.036235383984, 36.85327074611452], [128.03683841246286, 36.85173961757245], [128.03966052061173, 36.85029949978045], [128.04291518314398, 36.84870121930084], [128.04358334261462, 36.848444192180736], [128.05132876282255, 36.84577311674448], [128.05522872321697, 36.844383368356574], [128.05809789447682, 36.84253804914532], [128.058330107467, 36.841489909937906], [128.05880969220493, 36.83950416881496], [128.059445441179, 36.838937605372394], [128.0605186871505, 36.83826746554015], [128.06195199884814, 36.837924400440535], [128.06269416420344, 36.83811600147465], [128.062975076291, 36.83861950246471], [128.06419057674066, 36.840207447812816], [128.06557167228715, 36.84201044250233], [128.06624010504788, 36.84281878588006], [128.06695065489, 36.84360647615398], [128.06880957355105, 36.84529532964238], [128.0782475040584, 36.84848442042041], [128.07978866300434, 36.848976734812894], [128.08158874939045, 36.84926956238449], [128.08228975659318, 36.8492634786792], [128.08400549483846, 36.84951198312198], [128.08564923646637, 36.850367367203106], [128.08713129915506, 36.851531121657295], [128.09143379508367, 36.84917688930321], [128.09153919402092, 36.84890081393348], [128.09152560034622, 36.847943571464164], [128.09174231008964, 36.84679724651424], [128.09193681729022, 36.846036326118586], [128.09283338058637, 36.84404043548024], [128.093090484757, 36.84347041234939], [128.0936880546669, 36.842379153819834], [128.09433320519724, 36.83933865063466], [128.09455262982834, 36.83823930840944], [128.09457101156988, 36.83788237798445], [128.09454246300493, 36.83772271296751], [128.09449929630563, 36.83761807319259], [128.09432633614267, 36.83737863203679], [128.09395581786578, 36.837017109261446], [128.09392246689396, 36.83686423611642], [128.0939525647821, 36.836788498745456], [128.09467233633416, 36.83545141929062], [128.09474247599, 36.83533391735692], [128.09477662807834, 36.83529672383153], [128.09480914369868, 36.83526742070606], [128.09490213597914, 36.835204897370566], [128.0975197118348, 36.83354369632571], [128.09759354045434, 36.83351316252412], [128.1071520993295, 36.830622378654866], [128.10855406267606, 36.830266932545214], [128.10939256005562, 36.83018928851572], [128.110708796181, 36.830157023689445], [128.11210533244343, 36.830276891477325], [128.11295621772604, 36.830474776059916], [128.11772782289165, 36.832095895847694], [128.12058902986576, 36.83332681158229], [128.12106086439871, 36.83363801875678], [128.1221605297741, 36.83386080618906], [128.12425860117852, 36.83399109134632], [128.12653078777242, 36.833954689818164], [128.12829187446357, 36.833343597252565], [128.12992696557876, 36.83257599062966], [128.13068088336186, 36.83248662041645], [128.1335711066373, 36.832795333396014], [128.1339833396245, 36.830771368130684], [128.1340440993248, 36.82964165332432], [128.1340382115477, 36.829028436813964], [128.13403707269967, 36.828927916317944], [128.13397559902245, 36.828440806765514], [128.13333334848943, 36.82764132853682], [128.13305100393623, 36.82737792727121], [128.12987849634905, 36.82514924750404], [128.12893335724524, 36.82480482868786], [128.12461445197113, 36.82399477353079], [128.12131352062983, 36.823069943090886], [128.1189575393076, 36.82235577843228], [128.11845579329795, 36.82149830228305], [128.11845005008843, 36.821488774550474], [128.11843705720145, 36.821487216272814], [128.11575827600066, 36.82118656260781], [128.11291150600226, 36.82101440603458], [128.11054805842207, 36.82159343991176], [128.10987767795703, 36.8214704453332], [128.10982293763485, 36.82131777794084], [128.10953035510454, 36.81797984012793], [128.1082741772298, 36.81350963243569], [128.1081067128149, 36.811996291501245], [128.1081809691746, 36.81044070711846], [128.10785582086154, 36.80894404092215], [128.1070808258797, 36.807309072033675], [128.10584756574414, 36.80594782554719], [128.10443626380663, 36.80603666623945], [128.10195053829986, 36.80629002826176], [128.10114545240833, 36.80601814611996], [128.09768232678468, 36.8048418534341], [128.09413887844698, 36.80362396668291], [128.092960301603, 36.80286353636758], [128.09293402558234, 36.801629046683594], [128.09343686560746, 36.8004964093011], [128.0934528729468, 36.79970023232871], [128.09349610476696, 36.79677674467089], [128.0900677944934, 36.796637529223176], [128.08798800763202, 36.79723070054088], [128.08594894347934, 36.79810559766455], [128.0838334157715, 36.79929905938993], [128.08386345732228, 36.802230329878505], [128.08409925691495, 36.802638724910494], [128.08429423532542, 36.80285770921886], [128.08450295543366, 36.80286032543134], [128.08505528081588, 36.80311800347604], [128.0853734773352, 36.80420397612725], [128.08267171544276, 36.80682559276689], [128.08142460404983, 36.80746372191042], [128.07910382839424, 36.80852690812313], [128.078497574208, 36.80899560835389], [128.07804274947028, 36.809499804503304], [128.0779820632491, 36.81006746667859], [128.0771610384988, 36.81098045079296], [128.07442782535782, 36.812815435549346], [128.0717957474578, 36.81455426562215], [128.06735951521657, 36.81676678815791], [128.0656877038111, 36.81718075911786], [128.06419721297658, 36.81743822384638], [128.0610760334887, 36.81715859325146], [128.06012306458828, 36.81690324090772], [128.05963656564208, 36.81677269069368], [128.05923681665206, 36.81639343435625], [128.05725555684992, 36.817292534721396], [128.05562758274226, 36.81853354270844], [128.05556792831868, 36.81860136810069], [128.05556132390848, 36.81860565205417], [128.05526342978328, 36.81879526253894], [128.05466243340823, 36.81905035144495], [128.05431941519703, 36.81896328297088], [128.05373741202885, 36.818815532375204], [128.05252210587932, 36.81868633811561], [128.05216911501367, 36.81879251263416], [128.051476762156, 36.819001094085934], [128.0504973119785, 36.81967820016374], [128.0498147788867, 36.82065933431344], [128.04896684620394, 36.8214808655307], [128.04724819550682, 36.82222612988869], [128.04636729576112, 36.822068872355075], [128.0452922283037, 36.82177308091406], [128.0452316662536, 36.82154327543143], [128.04223022071068, 36.82059531140858], [128.0390147656343, 36.82140508061856], [128.03638134092697, 36.82460764743185], [128.03546616219077, 36.82494872155901], [128.03412489701773, 36.82509581613906], [128.03306158570865, 36.82520529052061], [128.03193661683406, 36.82526263837941], [128.0302251520816, 36.8253337758978], [128.02851676070776, 36.824900824162874], [128.0276858607305, 36.825156070145404], [128.02749120739534, 36.82521576139522], [128.02404196187388, 36.825986874066146], [128.0236110779059, 36.82556032135875], [128.02359900266978, 36.82554832555489], [128.0230166597258, 36.82476911831602], [128.02383343802327, 36.8234775252707], [128.02385821391798, 36.82320670602716], [128.0238381298205, 36.82303990406769], [128.023834977828, 36.82301373745304], [128.02382792537742, 36.82295692113227], [128.02292125734846, 36.819672176549595], [128.02253500531543, 36.81796319594555], [128.02346152706136, 36.816237586367414], [128.02369543060547, 36.815286082062656], [128.02342294940345, 36.814178988274676], [128.02302645899724, 36.81312026703779], [128.02112739212828, 36.81027540105101], [128.01816316994663, 36.808273392429456], [128.01749984610984, 36.80805575990253], [128.01158476733798, 36.80678946316832], [128.01157952417896, 36.80679092616937], [128.01157727260562, 36.80679158124978], [128.01056161002475, 36.807087336517284], [128.00977453740543, 36.80739079899043], [128.00694390828505, 36.80890603458685], [128.00237182983642, 36.810435580104254], [127.99779476728682, 36.812944625074245], [127.99543128652816, 36.81289400517848], [127.9939773397739, 36.812739169839126], [127.9925857666957, 36.81266855390743], [127.99173015090877, 36.812879827906784], [127.99149920072529, 36.813003114969355], [127.99005700820726, 36.81398010163828], [127.98836034501203, 36.8150518177213], [127.98664307389308, 36.8157215840026], [127.98528808236611, 36.81610449128407], [127.98463014946743, 36.81608683929911], [127.9824232847224, 36.81601385859579]]]]}, "properties": {"name": "\ucda9\uc8fc\uc2dc", "base_year": "2018", "name_eng": "Chungju-si", "code": "33020"}}, {"type": "Feature", "geometry": {"type": "MultiPolygon", "coordinates": [[[[127.98140837013946, 37.25687653056996], [127.98188041075419, 37.256796874916894], [127.98261453264438, 37.256854992204154], [127.98471499708253, 37.25769436496293], [127.98545591871057, 37.258137867816934], [127.98694245065649, 37.257841409730375], [127.98836612243487, 37.2571017114043], [127.98872469126809, 37.25666849792638], [127.9889524161378, 37.25643880710193], [127.99031194082949, 37.2555112615185], [127.99423445195644, 37.253573948448334], [127.99468482520494, 37.25383174341348], [127.99536876060633, 37.25430606275289], [127.99900098318012, 37.254863701294816], [127.9997272417995, 37.2544588919821], [128.00220110122086, 37.2532408100119], [128.00642568522878, 37.252518301473444], [128.0079652859787, 37.25212229665502], [128.0108365226988, 37.250027527742745], [128.0113594012453, 37.249144031632596], [128.01258607961387, 37.24768858540612], [128.01391302610588, 37.24704401297389], [128.01556192103868, 37.246799012862], [128.0165920214845, 37.24689746990233], [128.01764967947264, 37.24618871595477], [128.01825682658577, 37.2457138569341], [128.0190374573053, 37.244757161434364], [128.01920598594884, 37.24439785821641], [128.01941323257336, 37.24294883619511], [128.0198916638331, 37.239428003234416], [128.01976305759882, 37.23813983301003], [128.01992254306674, 37.23656621717967], [128.02110066273588, 37.23030228581594], [128.02186491396714, 37.22824846117502], [128.02301522006198, 37.22563352078284], [128.02420577939452, 37.22561536092755], [128.02671443666654, 37.22508967117023], [128.02879027479443, 37.22450855786928], [128.03121537974485, 37.22382413472769], [128.0320467909351, 37.221348714813395], [128.0321604032785, 37.22108193842484], [128.0328433948504, 37.22012120361802], [128.0334361691523, 37.219518285730494], [128.0353032304545, 37.218744597943264], [128.03607803614577, 37.21860888007658], [128.0372316120365, 37.217644580118936], [128.03875481897248, 37.21603704071111], [128.03895782940003, 37.215384853446096], [128.03888375512858, 37.214706369127924], [128.03687858266744, 37.212756068988654], [128.0358632371685, 37.21210749072863], [128.03377278560717, 37.21130383943571], [128.0330823784919, 37.21080782884924], [128.03053337646344, 37.207028040424206], [128.0283542055942, 37.20303916581094], [128.02829804336002, 37.20232335541117], [128.02858005726722, 37.20188645983531], [128.02905587418587, 37.201361437992446], [128.02951879402028, 37.20087200512662], [128.03067405427763, 37.20009724748127], [128.03161724185787, 37.19933670717328], [128.03223594261394, 37.19803613358503], [128.0323707092124, 37.19611806942321], [128.0322879945461, 37.19510797419295], [128.0322177866073, 37.193878714946976], [128.03264390440987, 37.19312125029564], [128.0339069805142, 37.19140904033006], [128.03489661641822, 37.190554874060744], [128.03586953567546, 37.18979234955443], [128.03720306977397, 37.189280647515105], [128.03865150174215, 37.18911705114318], [128.04010690038615, 37.189025750144296], [128.040151548941, 37.18902423955907], [128.0410735314004, 37.18899052238753], [128.04245575995103, 37.1897738057027], [128.04304434788702, 37.19047620657301], [128.04377181035, 37.190886804948036], [128.04427687434014, 37.19086321083006], [128.04570017484988, 37.190227855787406], [128.04703259369325, 37.18963974381713], [128.04806144201333, 37.189598844450174], [128.0498092265788, 37.189578885770246], [128.0500996184482, 37.18991306875135], [128.05069374916297, 37.19035014085129], [128.05182418606313, 37.19091001711732], [128.05881190181157, 37.193757256056166], [128.0604746383682, 37.19409295451765], [128.0620594852117, 37.193438504759385], [128.06467764778986, 37.19341249749243], [128.06732820883335, 37.1939391409874], [128.07003366018742, 37.19448718647114], [128.07201515317166, 37.194485346280835], [128.07230263255698, 37.194206254217264], [128.0731364288453, 37.19363418022264], [128.07391627159993, 37.19310622932464], [128.0743105112828, 37.193085205526835], [128.0794591345043, 37.19473967187684], [128.08565110186495, 37.197027180242635], [128.08665384747158, 37.19798573616369], [128.0870739741571, 37.198517135829334], [128.0882655711071, 37.19941228009626], [128.0919975431185, 37.19931041250752], [128.09256878578788, 37.19928459422642], [128.09506073917476, 37.199915123484246], [128.1003487867109, 37.201801086901234], [128.10243352194615, 37.20261797467136], [128.1034351233577, 37.203066197275085], [128.10869886672725, 37.20566887016097], [128.10880497149168, 37.2057270058841], [128.11150412856102, 37.20767155130256], [128.1115889661399, 37.207743399972365], [128.11164025197434, 37.20780824129813], [128.1116812401135, 37.207866981035835], [128.1117380799485, 37.207974287310634], [128.11179380901726, 37.20815002616568], [128.1118495195815, 37.208348565026746], [128.11185157974305, 37.20841696863568], [128.11181546008092, 37.20893087229937], [128.11172559342873, 37.209236648667826], [128.11222523624917, 37.21078167944152], [128.11417082397904, 37.21305308204342], [128.11519126191308, 37.21649289741178], [128.1152110237815, 37.216639688044886], [128.11499924936587, 37.217105971189866], [128.1147310935734, 37.2181437934821], [128.11477983578212, 37.21841813986128], [128.1153694887798, 37.21994654689637], [128.1155119530685, 37.22027322225407], [128.11600898064117, 37.22088825984552], [128.11688551453776, 37.22164416689196], [128.11843963395432, 37.22283967122914], [128.12016720871648, 37.22371450392421], [128.12236201480917, 37.225204322723684], [128.12181936900384, 37.22641397760511], [128.12140679285648, 37.22675322299908], [128.12126807920816, 37.22768311849193], [128.12150830111042, 37.22933106981569], [128.12458965964117, 37.23381700073425], [128.1253222389012, 37.23453731728112], [128.126288879961, 37.23458557875738], [128.1278275117857, 37.23376540845825], [128.12923958720293, 37.23376633112472], [128.1295721175583, 37.233749928771765], [128.1322604063524, 37.23092530395938], [128.13230533773955, 37.23018493570006], [128.1328967106876, 37.22979551546416], [128.1334851889149, 37.22973076791094], [128.13552389672623, 37.229773768296255], [128.13728685058982, 37.229813745063815], [128.13844381988528, 37.22997158506876], [128.14055153601367, 37.22954560271422], [128.14204045401087, 37.22859818438621], [128.142276673965, 37.22726271584174], [128.1421440966948, 37.22610481290935], [128.14232307909725, 37.22433601714307], [128.14300466358037, 37.22374746033071], [128.1446566729612, 37.222324853172026], [128.14561341332882, 37.22184372033272], [128.148806051778, 37.2206792758623], [128.14945367958597, 37.220573603909024], [128.15034303872838, 37.22073729705018], [128.15086130488632, 37.22073761763659], [128.1516130591628, 37.21928197712374], [128.15254386447648, 37.21744701580756], [128.15323206716616, 37.216770495672705], [128.15416064923406, 37.21585849440792], [128.15466819704392, 37.21566575380251], [128.1565636207826, 37.21594123850975], [128.15708831792207, 37.21618107242855], [128.15802006698533, 37.216310508485286], [128.16146372839506, 37.21540455562251], [128.1624901582768, 37.21445240229557], [128.16295722471958, 37.21384894319388], [128.16404062131647, 37.21330870105832], [128.16448012345597, 37.21345670960783], [128.167059605033, 37.21479972605175], [128.16702115325896, 37.215217947677445], [128.16966840672254, 37.21781037675271], [128.17087184633505, 37.21783876220858], [128.1714826080862, 37.21785779094773], [128.17213263745364, 37.2180250963927], [128.17258493962376, 37.218451407935156], [128.1728775938955, 37.21875344296295], [128.1730686546859, 37.21906465210113], [128.17264656539027, 37.2217312508935], [128.17253208375524, 37.22493821769515], [128.17284914035275, 37.22526816690516], [128.17399189120925, 37.22637267404687], [128.17491051413984, 37.22923548957905], [128.17362042410417, 37.23101335590834], [128.173738758836, 37.23146971676941], [128.17409861029037, 37.232605058244246], [128.17787777696182, 37.235330795687794], [128.17823603167292, 37.23554319950969], [128.1801933462724, 37.23638586521314], [128.18419235513218, 37.238280580772454], [128.18495526930644, 37.23885296933868], [128.18652939979094, 37.24031371809855], [128.1902103918702, 37.24301413456073], [128.19279665043433, 37.24486219500886], [128.19301251393458, 37.24497263903267], [128.19458577775512, 37.24571221985285], [128.19466229775517, 37.24574073255056], [128.1947666142546, 37.24574503128189], [128.19556303193005, 37.245774736368034], [128.19568917034596, 37.24575572060658], [128.1958316040535, 37.24569825671491], [128.19658380432816, 37.24573768654905], [128.19967578001655, 37.24698921925723], [128.20020106214815, 37.247243498081026], [128.20061543727746, 37.24836693702995], [128.20117549538494, 37.24897027140472], [128.20273808898622, 37.24902735341463], [128.2033941270554, 37.24904209869507], [128.20395327595583, 37.24898798439829], [128.20486200115351, 37.248790959740305], [128.2058081935994, 37.248713484647574], [128.20677758565532, 37.24874331420776], [128.20779919305193, 37.248823011106325], [128.2081429953165, 37.24796470314936], [128.208202270311, 37.247903245441215], [128.21012370888172, 37.24591461447038], [128.21024157453684, 37.245792757557304], [128.21143601932943, 37.24564851495567], [128.21274157116187, 37.245658000934014], [128.21310799718776, 37.2458104889202], [128.21311791755363, 37.24581460980676], [128.21312993211055, 37.24581673863497], [128.21386873532987, 37.245942430831256], [128.21464566266863, 37.246074603645354], [128.2150248845745, 37.24360878657685], [128.21460841178896, 37.24236602914821], [128.2147852180987, 37.241840244738924], [128.2174874254995, 37.241094554154806], [128.2203134377091, 37.24029825278266], [128.22184950596824, 37.23810937185841], [128.2228278522677, 37.2363237840214], [128.22282666151514, 37.236314784625144], [128.22276289640925, 37.23578921595956], [128.2228423952673, 37.23532607547054], [128.22307820318738, 37.23488188322478], [128.2236263080713, 37.23391076383276], [128.22435041660663, 37.23293726379379], [128.22437147623026, 37.232933388810295], [128.22482931567345, 37.23284981765606], [128.22540800198695, 37.232945488283775], [128.2254337747795, 37.232949720168314], [128.22622809132687, 37.232835367349125], [128.22681216195156, 37.23234982823877], [128.22809594631363, 37.23058440689623], [128.2283947762858, 37.22851298720525], [128.22849886725956, 37.228026500369005], [128.22924385783875, 37.22756660057153], [128.23013329370872, 37.22731402821816], [128.23173620552475, 37.22701169239714], [128.23174886883942, 37.22701099039389], [128.2326037352928, 37.22696579004306], [128.23302361590714, 37.22701914292439], [128.2344598429273, 37.22734403961179], [128.23447085118872, 37.22735283739718], [128.23492076245688, 37.2277125846598], [128.23493728369436, 37.22773771018814], [128.2353294772201, 37.22833423549958], [128.23565410320154, 37.22863521201669], [128.23702619580976, 37.22927778042702], [128.23720958778307, 37.22931753672808], [128.23742368441899, 37.229318395963645], [128.23914130508388, 37.229038894429635], [128.2403962764993, 37.22843928869907], [128.24049887848184, 37.228144580248575], [128.24053315253656, 37.22804648964215], [128.24096271875862, 37.227572915982286], [128.2417865323657, 37.22715716587955], [128.24430522969044, 37.226542021470586], [128.24430534281348, 37.22654206222348], [128.24450858742728, 37.22661788221653], [128.24606056768667, 37.22764165572146], [128.24730866731244, 37.22851205707332], [128.2481246204016, 37.22894691944885], [128.249413468688, 37.22948857713094], [128.2502232886474, 37.22974245254235], [128.25093332994646, 37.22958236035313], [128.25264940536255, 37.22797654139623], [128.25686830993624, 37.22283430605147], [128.25711786314858, 37.22239017288437], [128.25797551730156, 37.221237676500685], [128.25834920129378, 37.220035690250896], [128.258580858489, 37.21912323687806], [128.2586455591557, 37.21873652714227], [128.25883606829478, 37.218230522076716], [128.25898521349822, 37.21784067144569], [128.25979441813416, 37.21640993559937], [128.26168770003403, 37.214121013715165], [128.2627719722809, 37.21325297364279], [128.2653995848431, 37.2112487094905], [128.2665130609051, 37.210595151892846], [128.266734146927, 37.209669003969154], [128.26703812816015, 37.20908968891744], [128.26840122164086, 37.20791510015827], [128.27101916533425, 37.208779326115994], [128.2724326170409, 37.20945679347712], [128.272670837816, 37.20968202376982], [128.27285577258456, 37.20985713610966], [128.2774859450939, 37.20994277671768], [128.2798413314422, 37.20977660231198], [128.2813567113234, 37.209939026050726], [128.28404074939127, 37.210701446948875], [128.2853580910317, 37.21211804823086], [128.28638072181053, 37.213445201432314], [128.28692173942179, 37.21402242802307], [128.28818052835112, 37.215073328695745], [128.28819249406513, 37.21507320219701], [128.28984561893225, 37.21504790637192], [128.29127613652696, 37.21460240423461], [128.29468531724436, 37.21563316915454], [128.29703737608224, 37.21633500892277], [128.2976381949382, 37.21630703245164], [128.29804264195198, 37.21628290912008], [128.298861051846, 37.21609205431584], [128.29937651195854, 37.2161359588064], [128.2999813086909, 37.21623773240972], [128.3003652565619, 37.21633234580123], [128.30124717994912, 37.21658029438511], [128.30133914473276, 37.21679895059614], [128.30135807557554, 37.216843958517956], [128.30137967709868, 37.216895310348825], [128.30531437729988, 37.21710940243826], [128.3079452920629, 37.217110536456886], [128.30914086279685, 37.21745688429699], [128.3095074477482, 37.218196713488425], [128.31014582896978, 37.2192618222971], [128.31259628087295, 37.221463801187284], [128.3140406289997, 37.22269086872026], [128.31510172235855, 37.22301161506613], [128.31658564086607, 37.223390738585174], [128.31639628734064, 37.22242119190895], [128.32005731545155, 37.219859720883], [128.32090434209582, 37.21941275515805], [128.32091185761638, 37.21940879646652], [128.3209956827013, 37.21936464971538], [128.32099610184568, 37.21936442867487], [128.32100656079353, 37.21935896048664], [128.32706597967078, 37.21680685023931], [128.33007028384733, 37.216218527069415], [128.33218344584944, 37.213903224846376], [128.3319568675358, 37.213650117721045], [128.33115573383375, 37.212753627339175], [128.33111224077928, 37.212702315630914], [128.33104836200744, 37.21260884134355], [128.3310150493457, 37.21256009381757], [128.33088025613495, 37.21234114660988], [128.33079388823137, 37.21219429848442], [128.33055399830738, 37.21174396874286], [128.3305167041448, 37.21166443063031], [128.33001738623108, 37.21035150271596], [128.32879525196745, 37.20617622309303], [128.32876452827446, 37.20607013220254], [128.3287088241619, 37.205642792630876], [128.32865341986664, 37.20519292886857], [128.32865094155645, 37.205111587094166], [128.3286507942492, 37.20510285549582], [128.32865563460086, 37.20487727498969], [128.3286609503526, 37.204838642249726], [128.3286733947203, 37.2047637203096], [128.32867968790754, 37.20472584871131], [128.32876544348056, 37.201459082249485], [128.32745853021288, 37.198501047386856], [128.32728977265228, 37.198270089995674], [128.32638747604832, 37.197291083133415], [128.3258600024216, 37.19705596601023], [128.32491534288516, 37.19699585244157], [128.32428007513062, 37.19750130349236], [128.32367421264922, 37.19797770408638], [128.32243505169689, 37.19834741304792], [128.32169647726903, 37.19789418100462], [128.32150336078385, 37.19757705109728], [128.32155275480014, 37.19725162126993], [128.32158576749248, 37.19703413082748], [128.3216685102487, 37.19691466930642], [128.32166915817598, 37.19691373638292], [128.32184600746692, 37.19665817403018], [128.32175803127484, 37.19554756595252], [128.32073770300562, 37.19568817093292], [128.31593357649206, 37.19656343224931], [128.31535459893476, 37.19669832001878], [128.31508105215818, 37.19676209718144], [128.31449903447177, 37.196809375944355], [128.3133922387987, 37.19677574568075], [128.313249490781, 37.196641613027886], [128.31324796093998, 37.19664017229498], [128.3130806106495, 37.1964824296987], [128.31285490782074, 37.195052654801415], [128.3131423849099, 37.1942960285304], [128.31368559238695, 37.19336932175971], [128.3137074120041, 37.193328533678084], [128.31367024036211, 37.19321463350493], [128.31299386913227, 37.191142541691484], [128.31048786869692, 37.1873371372968], [128.3076562596692, 37.186003122028126], [128.30638889703766, 37.18626091183835], [128.30598608338474, 37.187065816280644], [128.30444656174424, 37.1868876457356], [128.30359954121977, 37.18678715071499], [128.30264340986426, 37.18662393459369], [128.30263091890689, 37.186611262738495], [128.30207396172207, 37.18604623015179], [128.30070070874677, 37.1844583951526], [128.29758060777328, 37.183647616863965], [128.29756490614113, 37.1836455393944], [128.29751182876436, 37.183638512487434], [128.2970481260015, 37.183561647032626], [128.29562354845598, 37.18328833844329], [128.29566291821212, 37.1825634598954], [128.29577968381892, 37.180868895933045], [128.2960605999862, 37.17846357530477], [128.29751192283598, 37.172913118487706], [128.29807280261014, 37.17165940222572], [128.2958740544921, 37.17155110925991], [128.2939138745265, 37.171072172085154], [128.29214596714016, 37.170457092072255], [128.29129863441554, 37.17028527637921], [128.2896757529829, 37.17014835355534], [128.2878150098201, 37.17129705978481], [128.28217613766975, 37.17242834795434], [128.2811141604948, 37.17340246603139], [128.28078671208814, 37.173285214749654], [128.2804327289305, 37.173158389655256], [128.27592158419856, 37.17105954852826], [128.2737459507304, 37.1692851701483], [128.2707173178284, 37.166357902511514], [128.2700483870284, 37.164877027332196], [128.2688610836198, 37.161636028238405], [128.26862785500626, 37.16161571299381], [128.2663770758856, 37.16127936229119], [128.2663216986164, 37.161270944410454], [128.26535015083968, 37.16083362597778], [128.26444154148237, 37.16041506441895], [128.2662009214687, 37.15602677861335], [128.26773718665817, 37.15560998893987], [128.26928295649506, 37.154899422678646], [128.2705855937019, 37.15422859701662], [128.2718970062572, 37.152149868705436], [128.27189078092727, 37.15171448018506], [128.27226629374582, 37.15115904001833], [128.2724019022156, 37.15028671932469], [128.2722579666206, 37.14895845879813], [128.27225709401696, 37.14894861310623], [128.2722626093757, 37.148941512913225], [128.27328634364903, 37.14762916207478], [128.27758806494796, 37.14415576950979], [128.2799315407525, 37.142462834394095], [128.28525997140207, 37.14242438377856], [128.29267394996054, 37.13929850399786], [128.29570820089845, 37.13602746646058], [128.29611210682526, 37.13422192208377], [128.29622322841206, 37.13411793761787], [128.2962343016881, 37.13410767652946], [128.29624338415258, 37.13410447684953], [128.29639514099034, 37.13405327378037], [128.29790739079743, 37.13409896628708], [128.29833692713638, 37.13418966995827], [128.2997753930344, 37.13300436732587], [128.3000111838607, 37.13204729445124], [128.30221235010603, 37.12952825573401], [128.30345835246158, 37.12893963602726], [128.30373835041505, 37.12828812032014], [128.30356631990085, 37.12403479202301], [128.30332212871866, 37.121992503709926], [128.30339243599843, 37.12131457999106], [128.30347056594363, 37.1206616305224], [128.30357594504179, 37.11997852467669], [128.30380662517908, 37.118604797663], [128.30418558485076, 37.11730854646711], [128.30478611298886, 37.11642686041531], [128.30495091028112, 37.11619585465387], [128.3053820740938, 37.115854371082875], [128.30582438483177, 37.11550712774817], [128.30728292316644, 37.11482095710588], [128.3083534981162, 37.11451520867556], [128.30837378931224, 37.114509352738125], [128.30837707002905, 37.114495245078295], [128.30888569979848, 37.11226136451607], [128.30895058423548, 37.11190419318335], [128.3088605960637, 37.111230284032665], [128.30841931405308, 37.10985521131844], [128.30840373225874, 37.10984891400428], [128.30696372734954, 37.10927378517175], [128.30679268849414, 37.109160505388665], [128.3065000273974, 37.108966633595735], [128.30569492577825, 37.10679030330681], [128.30468474204272, 37.10298259727163], [128.30459818321202, 37.10197246319483], [128.30382652658136, 37.10032564032546], [128.30179788472378, 37.09912874442005], [128.30067727361126, 37.09853200831934], [128.29997893289476, 37.09849657592188], [128.29913807377645, 37.09900780625393], [128.29843302783047, 37.099094921557445], [128.29702140947012, 37.098870185795704], [128.2953541891274, 37.098578947673346], [128.2939519830458, 37.098065394149984], [128.2930634015523, 37.09926024752192], [128.29259059183818, 37.09967309160049], [128.29258125034863, 37.09968108008726], [128.29064194138437, 37.10090361029394], [128.28895352385766, 37.101563346414345], [128.28836268174877, 37.10167056091776], [128.28710579918274, 37.10217861600847], [128.28607130960032, 37.10415822728798], [128.28594856422737, 37.10548740535851], [128.2846544195417, 37.10689571132465], [128.28210405564212, 37.1089265972132], [128.28050823345615, 37.108124475424546], [128.27777968084035, 37.11077381265759], [128.27781830432022, 37.11133652436923], [128.27844457670017, 37.1130405512387], [128.2786926238061, 37.113868191327214], [128.2786937458429, 37.113872134806094], [128.2786746207385, 37.11390612161298], [128.27863160471892, 37.11398232207044], [128.27759910005867, 37.115809797622305], [128.2761117382323, 37.11598826102297], [128.27405953841046, 37.11701857429928], [128.273035850115, 37.117027030285314], [128.27084550030162, 37.1158938405304], [128.26736312832818, 37.11353357805577], [128.26713245607763, 37.11281299610044], [128.26638260827312, 37.1098992277928], [128.26638022297325, 37.10967089952278], [128.26638004940185, 37.10963993741299], [128.26638107158996, 37.10963795132227], [128.26692212223364, 37.10866641595559], [128.26693782962644, 37.10863809499251], [128.26559624880827, 37.107809974563196], [128.26287268052786, 37.10746365693172], [128.26058867276691, 37.10480830852465], [128.26005034864036, 37.104270041158195], [128.25787150055356, 37.10239372409037], [128.25785019244964, 37.102380155309156], [128.25699900171955, 37.101839282074025], [128.25663831544213, 37.101645727657484], [128.25636704329597, 37.1014605067913], [128.25637010294315, 37.100239617553456], [128.25845741242912, 37.09947446871893], [128.259589674668, 37.09913754159486], [128.25961170807878, 37.09913083010009], [128.2615282260849, 37.095655139755856], [128.2613196438578, 37.095115627048415], [128.26121580517173, 37.0936630250436], [128.26151691560014, 37.09240405910618], [128.26165272241377, 37.09205150026591], [128.2623335931486, 37.09029406499506], [128.2647320028877, 37.088791465626755], [128.2666933492089, 37.087766786945785], [128.26746614844416, 37.087996454281786], [128.26754613287451, 37.08807161788067], [128.26813414505423, 37.088411099854625], [128.26829727401227, 37.08847665169271], [128.26895020411115, 37.08872590538052], [128.2693055465042, 37.08862101881157], [128.26976264201198, 37.088380180353035], [128.26973748935114, 37.0881571696334], [128.2694970418931, 37.08756367513001], [128.2662593241785, 37.08489186094442], [128.26230132527476, 37.08278793040093], [128.26014370137963, 37.08258588486382], [128.25824327753818, 37.08278483494979], [128.25713950878145, 37.08278948091787], [128.25630819709224, 37.08258739275443], [128.25521482304728, 37.08202823323325], [128.25208934641512, 37.07925572269653], [128.2509694638788, 37.0779973931199], [128.2508573504683, 37.0761120974525], [128.24924630414742, 37.07511288660603], [128.2467936451046, 37.076915255867455], [128.24412992384512, 37.07625203747587], [128.23940759115814, 37.07360431307957], [128.23873266418627, 37.072291102665204], [128.23827058852234, 37.07120880660328], [128.23832030167804, 37.070505212276665], [128.23860318436041, 37.070182404310046], [128.23869887246406, 37.069865212812424], [128.23853021082178, 37.0678101355247], [128.23830185777484, 37.06711874804507], [128.2368101362817, 37.06541815276169], [128.236640702425, 37.06534699296452], [128.23543826634688, 37.06484199408797], [128.23503343302204, 37.064924195495536], [128.2347795391813, 37.06497554453355], [128.233920891323, 37.0649814012251], [128.23367887298627, 37.06498304986234], [128.23356905408008, 37.06497095605538], [128.23325638412894, 37.06490775683101], [128.22797661073875, 37.06292111376401], [128.22536733941993, 37.06233988310762], [128.22522696023162, 37.062043709458216], [128.2247514230698, 37.06032599913664], [128.22190420345956, 37.056090457249766], [128.22132444189296, 37.055579176997384], [128.2196312103259, 37.054836912670304], [128.21899562419796, 37.05485413997949], [128.2186847303967, 37.05478947419539], [128.21828988007942, 37.05459191916367], [128.2178629002128, 37.05434091582002], [128.2178626384974, 37.05432459457843], [128.21886458979287, 37.05177543282794], [128.2199761408326, 37.05098886853656], [128.2210271400665, 37.05004157889817], [128.22106634377909, 37.04957153000151], [128.2201362413788, 37.04766643570317], [128.21941803587345, 37.046312151619084], [128.2189816612719, 37.045843605022995], [128.2193282291332, 37.044538645606956], [128.21998560382318, 37.04160445162016], [128.2196444067026, 37.04120024582008], [128.21824215433537, 37.039499892086454], [128.2171449732327, 37.03767589053239], [128.21712493872923, 37.03738804652994], [128.21858065100184, 37.03687559367173], [128.2197821701603, 37.03645668022796], [128.2210162167091, 37.03609655477799], [128.22193023383238, 37.035732376951735], [128.22353699263678, 37.034917877994324], [128.22442735552175, 37.034307000810855], [128.22447479298177, 37.034155024194945], [128.22477538465614, 37.03318925005636], [128.2247052640531, 37.03306467872806], [128.22449162344324, 37.0326853542357], [128.22442108320598, 37.03253544462289], [128.22405498815283, 37.03136564807821], [128.22408261870308, 37.03059218155808], [128.22441414000625, 37.02947432283318], [128.22508520426908, 37.02828820292207], [128.22505251852107, 37.02721251432578], [128.22657495975582, 37.025864019046544], [128.22659774485075, 37.025358930768775], [128.22659882059116, 37.02533837543424], [128.22804666398014, 37.02448434604139], [128.22928398177626, 37.024516606249186], [128.22968555992594, 37.02452821050928], [128.23056304545207, 37.0245892379168], [128.23367501409044, 37.025020141648724], [128.23747582391024, 37.02524529049398], [128.23849272971353, 37.02508855372623], [128.23991430973444, 37.02411865000639], [128.2433527537311, 37.02152045655012], [128.2439046730486, 37.021083601275606], [128.2445245253878, 37.01998969858295], [128.24508564950855, 37.018868539104744], [128.24564720999652, 37.01749620178493], [128.24589468651357, 37.01673816479821], [128.24837589746454, 37.0132435022802], [128.248885908449, 37.012632207223476], [128.2510539689203, 37.01061421597719], [128.25233462150467, 37.01006856542879], [128.25383316868675, 37.0092373410719], [128.25450305260406, 37.00829574817565], [128.25524208337168, 37.00714139996188], [128.2560668263898, 37.005541834035306], [128.2565822626874, 37.004114185335574], [128.2569999763954, 37.0025949439356], [128.25749941430536, 37.00070934655548], [128.25759675919497, 37.00018206463905], [128.2576022302721, 37.000152167442316], [128.25753374696157, 36.99995832938269], [128.25745715293755, 36.99976232644135], [128.25713246508874, 36.99893147317273], [128.25600344016266, 36.9980305706308], [128.2539085466154, 36.99748223831267], [128.25507263354643, 36.99637212064281], [128.25676953215944, 36.995753030965794], [128.25696503944354, 36.995516704353506], [128.25773407503848, 36.99455207809794], [128.2580311296034, 36.99417332308819], [128.25851070680108, 36.993325235004654], [128.25805704788152, 36.99073511097753], [128.25757820638898, 36.98844680670787], [128.25710780417504, 36.987546263057204], [128.25701873465246, 36.98473264843327], [128.258550346055, 36.98112307527867], [128.2590433075778, 36.97974914259958], [128.2593475767423, 36.97863964319262], [128.2598914396569, 36.97575624777433], [128.25999502593288, 36.972755034672254], [128.2604701049291, 36.97085447743825], [128.26159078256993, 36.96767353736248], [128.2626084504476, 36.966017245627945], [128.26569462289666, 36.96109667163161], [128.2655268324112, 36.959967680221624], [128.2626995583145, 36.95735155150534], [128.26040792807967, 36.95563521351151], [128.259658217507, 36.954848860621325], [128.2615775407857, 36.9533071799626], [128.2628040226998, 36.953112832920844], [128.2644985104118, 36.95230276341149], [128.26474084750205, 36.951702419673275], [128.264647261504, 36.95109156124943], [128.26462362057342, 36.95099889163547], [128.26458321093665, 36.950888676417684], [128.2644847698073, 36.95074780403272], [128.26416656727002, 36.95032263831816], [128.26352907589077, 36.949490337934506], [128.26287042350825, 36.94911947585612], [128.26241377603202, 36.94904097346613], [128.26195342276537, 36.94918523965562], [128.26106934092053, 36.94926924305932], [128.2598575719612, 36.948776389230865], [128.2598001572428, 36.94874067150676], [128.2591010588359, 36.94814805318089], [128.25830992501128, 36.94737591467636], [128.25806881554746, 36.946899796775995], [128.25805887385553, 36.94682894662467], [128.25797185590446, 36.946656991991595], [128.25788879216464, 36.946511735817346], [128.25718234117036, 36.945511464249144], [128.25710816397975, 36.94541651548171], [128.25682293678966, 36.94511571652704], [128.25553610040075, 36.943975157542546], [128.25380650842075, 36.94306450787547], [128.25287648370136, 36.942694476005364], [128.2519392545419, 36.9425492052872], [128.25112051151422, 36.94244125062215], [128.2511203130528, 36.94244139700759], [128.24962789815058, 36.9435373338003], [128.24844079025007, 36.94439705010069], [128.24737489327762, 36.944644467172914], [128.24482950207937, 36.941859674334225], [128.24541659202293, 36.94064361456623], [128.24645445800292, 36.94012056257973], [128.24732165859075, 36.9392422562533], [128.24702131678444, 36.937879228937604], [128.2444694399642, 36.93677489433617], [128.2428242338752, 36.936939365601006], [128.2406962876588, 36.93599467558796], [128.23667985160162, 36.93400103897058], [128.23634826616592, 36.93362352283109], [128.23621165830434, 36.930699139465766], [128.23604899542585, 36.92533267541405], [128.23650570347053, 36.92325049139877], [128.23722768079506, 36.922417417445864], [128.23726175600387, 36.92237791786382], [128.23731191515463, 36.92159575597049], [128.23687637975985, 36.91927196976673], [128.23672091297615, 36.91661217522401], [128.23753795779893, 36.91476473116703], [128.23798047474406, 36.91376448292453], [128.2393738955466, 36.91334647684623], [128.24041074901723, 36.91284545298453], [128.24137173380996, 36.91235929041364], [128.24188524970427, 36.912045048036234], [128.24230162269185, 36.91162144260449], [128.24228898050953, 36.911534002161225], [128.24228785231983, 36.910944678822226], [128.24242387475869, 36.91053131763123], [128.24272248877202, 36.909680104280596], [128.24320699933807, 36.90848596602757], [128.2438297205422, 36.907598984545075], [128.24451414609393, 36.90740428977527], [128.24562578124937, 36.907046604689064], [128.24574975669643, 36.906907899668035], [128.2457827747554, 36.90686842045648], [128.24582955587985, 36.906812461324705], [128.2459384916473, 36.90639627593573], [128.2459563229294, 36.906327951433674], [128.24619540329476, 36.90496573357278], [128.2462290732272, 36.90470746532456], [128.24626516990506, 36.90431794625419], [128.2462571959929, 36.90430170468824], [128.24506790752525, 36.90036933411714], [128.2440581186025, 36.89694866030601], [128.24351746510885, 36.892596414687986], [128.24380344175458, 36.89096903370973], [128.24403855025957, 36.890659094109125], [128.24431358750599, 36.890304247578825], [128.24653381310412, 36.88854680423333], [128.24727537271966, 36.888470606611236], [128.2483245805422, 36.88748169635658], [128.25060535809808, 36.88512687921066], [128.25087485128415, 36.8847785689329], [128.250918444592, 36.88472207704148], [128.24650858770337, 36.88151027857643], [128.2457159313941, 36.88096050503449], [128.2448074255854, 36.88091735459576], [128.2440820911567, 36.8803029520137], [128.24387688185504, 36.88003394545438], [128.2431118141069, 36.87897786628156], [128.24282021944032, 36.87843691516921], [128.24268243879143, 36.87817508045312], [128.24257088391676, 36.877475695693214], [128.2426480795111, 36.87488216224222], [128.2421068110054, 36.87277206771013], [128.2418256969287, 36.872325679483495], [128.24088316720147, 36.87211158846798], [128.24036759909632, 36.8713066016915], [128.23967123659426, 36.86774604458895], [128.2394957749197, 36.86510304374029], [128.23806868710955, 36.86466062264908], [128.23719724295975, 36.864383042116394], [128.23465585378332, 36.86283064809574], [128.23478150649882, 36.862058400278], [128.2353506128408, 36.86094844135353], [128.23546035957773, 36.85890391640517], [128.23523538425505, 36.85824905199216], [128.23453746074026, 36.857643596359495], [128.2342299021601, 36.85599112187276], [128.23440154592356, 36.85467889495434], [128.2345999039718, 36.85420154087833], [128.2362328866247, 36.851839063937774], [128.23682498963993, 36.85151051189962], [128.23772302051228, 36.85101235845427], [128.23773308980407, 36.85100662948234], [128.23774138728962, 36.85099978109459], [128.23871417153993, 36.850183236566025], [128.23702254212736, 36.845345915543966], [128.23308058062756, 36.84519928755287], [128.23012920411497, 36.84536921146406], [128.22615650892735, 36.84615046212055], [128.22377777467653, 36.84670937916321], [128.2221079570757, 36.84725730803411], [128.22138808404736, 36.8477045122633], [128.2203927250683, 36.84832264824366], [128.216663001551, 36.84928609300889], [128.2136550258044, 36.849545440025175], [128.2127491653473, 36.849179335839366], [128.21125155766697, 36.84690115974776], [128.21076447054753, 36.845493162055575], [128.2107637409637, 36.84549092271665], [128.21067030844446, 36.84387393484503], [128.2107152613127, 36.84243490955501], [128.21096864077734, 36.84163997120009], [128.2111198851515, 36.84116622677591], [128.21168300737932, 36.84046500324531], [128.2119128739455, 36.840179122893545], [128.21275186886038, 36.83937794086415], [128.21300759934536, 36.8391337413001], [128.2145086860034, 36.834851426229115], [128.2144787581651, 36.832955874654516], [128.21434081412679, 36.83080801956364], [128.21583721864184, 36.826132940537676], [128.21588652208587, 36.82433288342847], [128.2163854340066, 36.820731483302716], [128.2173162328277, 36.819373779349206], [128.21732518863294, 36.81827947717573], [128.21682166564779, 36.81613675716542], [128.21647114182156, 36.81489200611242], [128.21672204258053, 36.81324626250392], [128.2162123969301, 36.81246361727861], [128.21536954386886, 36.81200227331724], [128.21422237792436, 36.81169522924894], [128.21327416525818, 36.81170236460042], [128.21185991490213, 36.811713112423355], [128.2099013709904, 36.81198532024737], [128.2071655501128, 36.81242419631468], [128.2036651730992, 36.81335280039191], [128.2011572981604, 36.814333795677754], [128.201322957909, 36.814334937191134], [128.19881024063133, 36.815256530312475], [128.19826214555252, 36.815457465474985], [128.19367599291294, 36.817117814966984], [128.19174747269756, 36.816650851661656], [128.19171175675112, 36.81664219905403], [128.19079446838435, 36.81641991741498], [128.18827492022982, 36.81627614863561], [128.18479999108183, 36.816632616946286], [128.17870013270124, 36.81916035073787], [128.1752236575321, 36.82084870612926], [128.17262673305825, 36.82181759947494], [128.1713193971162, 36.822101347714586], [128.16814698803907, 36.82185150105493], [128.16534990600226, 36.82110654391486], [128.1626264978905, 36.820992379684405], [128.16000066804642, 36.822006900552076], [128.15533928209533, 36.822004360900706], [128.15312522011052, 36.82243523823655], [128.15143198417513, 36.823243141467714], [128.15067739046336, 36.824262996478865], [128.14984440561724, 36.82758493492657], [128.14911734605323, 36.8284823037645], [128.14899903072805, 36.82862817726425], [128.14744916342332, 36.829361999833026], [128.14422461468857, 36.830167376778014], [128.14334653205268, 36.83085497806819], [128.14282957360507, 36.83194402088538], [128.1426193273044, 36.83238642560889], [128.14178117659043, 36.83333663134857], [128.13633210832154, 36.832891498672566], [128.13357110669426, 36.83279533273828], [128.130680882967, 36.832486619812165], [128.12992696525197, 36.832575989645605], [128.1282918732861, 36.833343596427945], [128.12653078627267, 36.83395468909381], [128.1242586007309, 36.833991090443], [128.1221605287487, 36.83386080520335], [128.12106086337593, 36.833638018228825], [128.12058902988312, 36.83332681143271], [128.11772782164613, 36.832095894854305], [128.11295621642392, 36.83047477619622], [128.11210533244576, 36.83027689150127], [128.11070879492968, 36.83015702291783], [128.1093925587358, 36.83018928849185], [128.1085540626942, 36.830266931795265], [128.10715209806693, 36.83062237797572], [128.09759354049606, 36.83351316183567], [128.09751971135134, 36.833543695565076], [128.09490213461152, 36.83520489684323], [128.09480914238688, 36.83526742003144], [128.09477662696042, 36.835296724012494], [128.09474247468478, 36.835333916685784], [128.09467233602564, 36.83545141961895], [128.09395256365192, 36.83678849819316], [128.09392246646442, 36.83686423637403], [128.09395581734495, 36.83701710961195], [128.09432633478153, 36.83737863135977], [128.09449929585287, 36.837618072576156], [128.0945424614976, 36.83772271293384], [128.09457101047005, 36.837882378100176], [128.09455262846063, 36.838239308726344], [128.09433320391366, 36.83933864965001], [128.0936880533357, 36.84237915376855], [128.0930904844229, 36.84347041220861], [128.09283338039904, 36.84404043576482], [128.0919368162834, 36.84603632552692], [128.0917423088614, 36.84679724646859], [128.091525599293, 36.847943571817325], [128.09153919248058, 36.8489008141887], [128.09143379514057, 36.84917688915522], [128.0871312986932, 36.85153112200484], [128.08564923481362, 36.85036736622635], [128.08400549491046, 36.849511983228325], [128.08228975654643, 36.84926347872713], [128.08158874927102, 36.84926956252787], [128.07978866289005, 36.848976735060994], [128.07824750417083, 36.848484420369864], [128.0688095721985, 36.8452953290777], [128.06695065454718, 36.84360647615843], [128.0662401050259, 36.842818786020324], [128.0655716708339, 36.842010442530544], [128.06419057510735, 36.840207447181626], [128.06297507495796, 36.838619501702674], [128.06269416430973, 36.838116001337], [128.06195199892986, 36.83792439978889], [128.06051868582188, 36.83826746567601], [128.0594454397589, 36.83893760558349], [128.05880969227067, 36.839504168221495], [128.05833010604871, 36.841489910259014], [128.05809789311874, 36.84253804855588], [128.0552287227767, 36.844383368363204], [128.05132876249243, 36.84577311577168], [128.04358334129182, 36.848444192088365], [128.04291518152445, 36.848701218605036], [128.03966051943107, 36.85029949918208], [128.0368384109523, 36.85173961695441], [128.03623538354734, 36.853270745390404], [128.03558386871987, 36.85502897046106], [128.0358903765764, 36.85588089978633], [128.03705444683106, 36.8579102501373], [128.03859536880518, 36.859807656356956], [128.03979544740898, 36.86014601396361], [128.04183235047222, 36.860864257332295], [128.04253869349773, 36.86111459684926], [128.04401421415122, 36.86252532182372], [128.04443869042254, 36.863538948994545], [128.04436920213155, 36.865954943293524], [128.04487295795863, 36.86913771856659], [128.04552020838503, 36.87049881556012], [128.04773055033678, 36.87129258780963], [128.04841197146342, 36.87137781014328], [128.05030248183257, 36.87176802841483], [128.05093702092023, 36.87219126653502], [128.05231916758711, 36.87558587645171], [128.05265361606928, 36.87641020398414], [128.05251991500037, 36.87683346504076], [128.05303364039793, 36.878666507354765], [128.05543376089844, 36.88256003112267], [128.05666250757358, 36.883260956147055], [128.057864610399, 36.883501444193634], [128.05965108443195, 36.884455583805575], [128.06049196405996, 36.88503687515141], [128.06066755238476, 36.885720388464534], [128.06065432763262, 36.886336039877484], [128.06043675831637, 36.88664940082682], [128.06012878530981, 36.886812359058894], [128.05967621732643, 36.887013496046634], [128.0592909154571, 36.88721262541764], [128.05907308218315, 36.88748149953963], [128.0601686751643, 36.88886301904874], [128.06187505280033, 36.8903266497154], [128.06265026389383, 36.89094398411489], [128.0638246082473, 36.89165095936528], [128.06457299267254, 36.892101541405545], [128.06511268226953, 36.89254301878752], [128.0663065464106, 36.89386925586366], [128.066514419963, 36.89760166659015], [128.06643902053295, 36.900123311801124], [128.06645306337683, 36.901916259865345], [128.0667938715202, 36.903682356215306], [128.06727315300068, 36.904363133424326], [128.06812256242262, 36.90503214223992], [128.06697502329448, 36.90786018021291], [128.06647111879062, 36.908966795783336], [128.06626116143502, 36.909426237976625], [128.0672992322122, 36.91029572796855], [128.0689947675704, 36.911288548579094], [128.06965781632073, 36.91148729809564], [128.07061911064753, 36.911398113943974], [128.0722519287221, 36.911010043600044], [128.07271236497053, 36.91326920085464], [128.07218303655196, 36.91408350676571], [128.07183287976224, 36.914471581159475], [128.07113459906324, 36.91506664593038], [128.06789124741908, 36.917029953178854], [128.0676896470831, 36.916982205472735], [128.0669864802506, 36.9172301008771], [128.06368121769543, 36.919066863821456], [128.06304232322117, 36.91947522400317], [128.06249853730094, 36.91996608751325], [128.06201637016324, 36.920626752064265], [128.0615324489307, 36.92146594193025], [128.06073590812002, 36.92305521881301], [128.06059121065073, 36.92509371510376], [128.0602623593956, 36.92746133036847], [128.05995066095375, 36.92934559474558], [128.059800918385, 36.929879957609295], [128.0594574629071, 36.93058385826189], [128.0591075640001, 36.93125458450029], [128.05863916467746, 36.93180192067937], [128.05818178953896, 36.93218273762314], [128.05750942380396, 36.93253927489001], [128.0566763394904, 36.9329679252179], [128.055832834332, 36.93335328529215], [128.05313781287109, 36.934335663369296], [128.05281651658825, 36.93441228535162], [128.05213838969934, 36.93447994411519], [128.05167086572362, 36.934533925099835], [128.05115261485372, 36.93459735328028], [128.0502979633321, 36.93488957990699], [128.04857813066988, 36.935654303832784], [128.04643479394858, 36.93677245281251], [128.04581277947636, 36.93720169456616], [128.0440514066584, 36.93852988139208], [128.0437774494322, 36.938813013887106], [128.04337813156332, 36.93926704029361], [128.04303329120074, 36.939677227096816], [128.0427134139746, 36.94027302805957], [128.04259107847577, 36.94066633211417], [128.04250217204924, 36.94109342256609], [128.04245753288237, 36.941499564087806], [128.0420884733498, 36.94490170109739], [128.0420404094453, 36.94557199328617], [128.0421792804713, 36.94768399981001], [128.04281243629703, 36.94873520039152], [128.04306849782404, 36.94940225770794], [128.04311082858717, 36.949547747533565], [128.04313904312167, 36.94966181462852], [128.04317461309878, 36.95034150930247], [128.04315212984872, 36.950957793568485], [128.04260558943565, 36.95325629672549], [128.0421508562503, 36.953484434670784], [128.04035377190093, 36.95438599196906], [128.0425076312328, 36.95446286564057], [128.0483015652564, 36.95569338242118], [128.04843362489072, 36.95590846779898], [128.0486629210645, 36.95628065532935], [128.0544390758907, 36.958827672537716], [128.05799048736804, 36.96014233372055], [128.06000280496738, 36.960170869546445], [128.06310508681963, 36.958820622086094], [128.06441831441137, 36.95798216974304], [128.06497032625725, 36.95743407239744], [128.06525908165955, 36.95702995498414], [128.06557400357443, 36.95638936978926], [128.0667664879628, 36.95502261379245], [128.07327587392254, 36.951019743517534], [128.0751221130316, 36.95003051103241], [128.08172292364185, 36.948240936974415], [128.08486441939831, 36.947738428560434], [128.08660083554395, 36.95096913191022], [128.08723900930315, 36.954331763022466], [128.08740725704962, 36.95810106685729], [128.08746887305534, 36.961302849692785], [128.08717446246715, 36.96367385249501], [128.08685777240254, 36.96455103175283], [128.08647337190595, 36.96634394813201], [128.08692469642835, 36.96810304218998], [128.0875993109843, 36.97048517405748], [128.08796032021831, 36.97163970147773], [128.0886053783694, 36.97317316072874], [128.08898218932677, 36.97430135452615], [128.0896015358405, 36.976440988497544], [128.0906513832273, 36.98022020719248], [128.0911789396792, 36.98216806658651], [128.0912066450892, 36.98322484167254], [128.09093307609683, 36.98555173690104], [128.0908010458461, 36.98564614296465], [128.09079814646321, 36.98564770064539], [128.09021145710324, 36.987498955985686], [128.09007049501304, 36.98950419769869], [128.0897060224824, 36.98954441884448], [128.08899561631452, 36.98957176975166], [128.08773456730967, 36.98960499448899], [128.08697019383257, 36.98966407664545], [128.0857449411255, 36.98979550890724], [128.08543098455937, 36.99000758517026], [128.08498689499643, 36.99037458465064], [128.08493604801438, 36.99042770596557], [128.08481134111366, 36.99138646883289], [128.08451700162453, 36.9938239151273], [128.08442206060778, 36.99492657191744], [128.08401548505384, 36.99551482382447], [128.0837658966229, 36.99568886481991], [128.08330872861202, 36.99585381149543], [128.08272638726353, 36.99573156131578], [128.08209865388278, 36.9957015227799], [128.08024424648082, 36.99576005378381], [128.08006164723193, 36.99580592583817], [128.07888227676307, 36.996336693706716], [128.07884211541852, 36.99642547676373], [128.0786100458827, 36.99736944249137], [128.0786099301021, 36.99761046845993], [128.07861825177326, 36.99932010064398], [128.07846782658532, 37.000352865964466], [128.0782986748077, 37.00083054313721], [128.0775099309465, 37.00150924262558], [128.0764360446443, 37.00210942825962], [128.07618969236276, 37.00348798672174], [128.0765102468566, 37.00540935076214], [128.0766369570089, 37.005656265040685], [128.0774656695366, 37.00634001659016], [128.08099519936587, 37.00880212578556], [128.08417461066153, 37.01022805110752], [128.08513752600086, 37.010389608508795], [128.0852251559436, 37.010404297898276], [128.08591354418553, 37.01064213448354], [128.0863548811803, 37.01083970865501], [128.08661908744216, 37.011345804327014], [128.08874785320882, 37.017136827685526], [128.08886165957256, 37.01795234300051], [128.08791850647683, 37.01889044593412], [128.08748130498876, 37.01925852549527], [128.08744749407236, 37.019276854818266], [128.08630553487248, 37.01969416764168], [128.08610618550904, 37.019775679537446], [128.08557354814602, 37.02000157528273], [128.08650214350968, 37.02164281624566], [128.0876675594712, 37.02274717536166], [128.08877566760196, 37.02317993625531], [128.0895780995728, 37.023082478852444], [128.09043556041527, 37.02332267519514], [128.09005615310113, 37.02442034489233], [128.08762703173173, 37.027398810842634], [128.0872193043605, 37.02781842818326], [128.0886220225442, 37.03083049323772], [128.0888028601106, 37.03136974163612], [128.08648256673973, 37.03587020266642], [128.0856810540772, 37.036955093029185], [128.08418391981064, 37.03778194765051], [128.08377598924287, 37.03826602537191], [128.08346400133993, 37.03895252244743], [128.08349526344355, 37.042046412364286], [128.08396582032495, 37.04221163043431], [128.08447803293967, 37.04261297484086], [128.08449120386211, 37.04443095918343], [128.08277235746817, 37.04764132786206], [128.08215159837877, 37.04823236997456], [128.08208505516032, 37.04827154779938], [128.08157762388103, 37.04840681683361], [128.08077554723835, 37.048419547472434], [128.0812360324014, 37.04995884046394], [128.08150640993597, 37.050571049776046], [128.08263014517456, 37.05296964558563], [128.08329373177708, 37.054354263443244], [128.08352689929583, 37.05464413086018], [128.08377067753545, 37.05553194598783], [128.0838063270012, 37.05616289633356], [128.0829275044095, 37.057411790730235], [128.0825874332627, 37.05879993103215], [128.0825929672004, 37.05904090510168], [128.0827340147993, 37.059398903078076], [128.08309701664547, 37.06007305344771], [128.08423634285955, 37.06187371453669], [128.08548476428683, 37.06356016994177], [128.08564313893967, 37.06414663908696], [128.08578330837642, 37.06557713434556], [128.08578908324486, 37.06571110911662], [128.08400027764264, 37.06830493752354], [128.08278813156292, 37.069920088300194], [128.0820590041634, 37.070785513817775], [128.08220798025323, 37.07132984207579], [128.08303364233151, 37.07315419697771], [128.08526624582723, 37.07518847723494], [128.08531394889798, 37.07587755565994], [128.08525918902225, 37.07605460395404], [128.082027622951, 37.079520351026645], [128.0791170584291, 37.08232112307479], [128.0777794208114, 37.082539379411706], [128.07704635946334, 37.08289122829568], [128.07645848265187, 37.083469271922034], [128.0761391397997, 37.08383784131148], [128.0757032357209, 37.08434137436854], [128.07187648704996, 37.08575172270057], [128.06909551573972, 37.08640890796618], [128.06803722670594, 37.08632973422945], [128.06528784596136, 37.086283473156136], [128.06067322107913, 37.086737282802154], [128.05908151000995, 37.08899136014516], [128.05893846573179, 37.08921929531518], [128.05894422924493, 37.089457733658705], [128.05959749111537, 37.091496095498805], [128.06182319824129, 37.09445718373931], [128.06323062154, 37.0959718172092], [128.06328273189797, 37.09623039427056], [128.06309351043802, 37.0966758399155], [128.06274702201253, 37.09700949796464], [128.06229540212306, 37.09729229446575], [128.06167704659842, 37.097489570328285], [128.0594421558428, 37.097641025568464], [128.05758361318868, 37.09740502662763], [128.05303445899784, 37.097027607220525], [128.050016360537, 37.100389229471986], [128.04735831951922, 37.10270241705831], [128.04552729681674, 37.104810881119015], [128.04551314449162, 37.105982050175356], [128.04567907073067, 37.106391401021455], [128.04597120345375, 37.106570436691605], [128.0467278032513, 37.106626562863745], [128.04736422659272, 37.106711619201455], [128.04747062861773, 37.10675431568048], [128.04763317756985, 37.106840451571564], [128.04770478673856, 37.10688430278899], [128.0480015959276, 37.10706978037307], [128.04820760249916, 37.107350935925304], [128.04848594346262, 37.10790598324958], [128.0484900754939, 37.10838517175647], [128.0484307211217, 37.10874638282883], [128.04831945745144, 37.109092002365344], [128.04825292657677, 37.10923929475026], [128.04805320354637, 37.10954317825788], [128.0463869930633, 37.11326809082211], [128.046127931683, 37.115089023611525], [128.045973830293, 37.11533731486634], [128.04566287841973, 37.115582201229316], [128.0452591946656, 37.11570683466185], [128.04463657806986, 37.11573652431703], [128.04371693502338, 37.11561650522356], [128.04314457789286, 37.11533742767996], [128.04261656519424, 37.114751897883934], [128.04204414507888, 37.1141070645055], [128.0403949218692, 37.11292768040118], [128.03965051594355, 37.11248256477752], [128.03779509663295, 37.11190384418122], [128.0371521767873, 37.11191256193786], [128.03638699740253, 37.11205608342719], [128.0354830576479, 37.11269947547655], [128.03498851585508, 37.113123317805055], [128.03452390020428, 37.11347200559384], [128.03421298095716, 37.11364450177474], [128.03365982634963, 37.1138954056642], [128.03342284235774, 37.11397152300949], [128.03296664636719, 37.11408756210697], [128.0312526202477, 37.114395850385236], [128.03068878972496, 37.11448155981646], [128.029373196658, 37.11464107019944], [128.0287256254558, 37.11472299135248], [128.02803593036023, 37.114836529826675], [128.02442428696344, 37.115533372522485], [128.02382145735874, 37.115727219458066], [128.02271086825567, 37.1161532314596], [128.02168147877163, 37.11657853416983], [128.0205628644459, 37.11732614295621], [128.02011046829261, 37.11772788431172], [128.01991240839493, 37.117903881701906], [128.0188446484987, 37.1161211461974], [128.01790522689484, 37.11423058402118], [128.01556376906282, 37.111232499342], [128.01458973578062, 37.11103471438676], [128.0134213784132, 37.11052632734855], [128.0126746577787, 37.109363902761444], [128.01205902743376, 37.107641164333266], [128.0119389783638, 37.10625236415889], [128.01254795412967, 37.10485650052669], [128.0122864166311, 37.10324393798609], [128.01150761122497, 37.09955187084482], [128.00969370504615, 37.09853901567414], [128.0038757219354, 37.09845347356673], [128.00152070148974, 37.100441525006865], [128.00054792084953, 37.10265497670125], [127.99956734409113, 37.10585848397854], [127.99917677023811, 37.10821710429227], [127.9956211682438, 37.10994314307392], [127.99141279037926, 37.110772090022984], [127.98877507757294, 37.110970909537585], [127.98714280057604, 37.11097688525415], [127.98588376125215, 37.11167775435158], [127.98540036942907, 37.11244087731603], [127.98504567157667, 37.1142115145018], [127.98490804748349, 37.11498809532764], [127.98470066877807, 37.11817352022277], [127.98538062289826, 37.119066370982154], [127.98603231502408, 37.12035532907998], [127.98620429061276, 37.12299107868834], [127.98619819016423, 37.123415736120684], [127.98589267807553, 37.12377248160593], [127.9852396518383, 37.12423123270882], [127.98509498343375, 37.12506193073941], [127.98534208448577, 37.12671184640456], [127.98615978778709, 37.12740024785967], [127.98678647440069, 37.128191037317315], [127.98710698585445, 37.12890750449831], [127.986627993798, 37.131210769682475], [127.98595651722793, 37.13155282459815], [127.98451746718717, 37.13149606411928], [127.98260051253556, 37.13119489333848], [127.98164394273779, 37.132527872957425], [127.9814372500253, 37.13365360422077], [127.98111140800117, 37.13478454468738], [127.98065961365496, 37.136048567559754], [127.97785840813921, 37.1403723527113], [127.97720905144556, 37.141158766279716], [127.97691749927276, 37.14140613540081], [127.97489599973542, 37.142187213290796], [127.97463094213477, 37.14217024218501], [127.97437781907546, 37.14206926062093], [127.97193609726095, 37.1418130609791], [127.97099182798065, 37.14178299853022], [127.9709653171398, 37.14178215378007], [127.9705947110685, 37.142148680889925], [127.97038115235895, 37.14316379479768], [127.97086020127308, 37.144596721869895], [127.97126912248496, 37.145467365678144], [127.97162904096349, 37.14602558319705], [127.97115240048275, 37.15067929320319], [127.9703364874579, 37.15110494798794], [127.96980876727228, 37.15153977358107], [127.96927516210357, 37.1525625648721], [127.96896927009907, 37.15320872020764], [127.968212157952, 37.1548857245208], [127.96810160208956, 37.1555964578599], [127.96832355685275, 37.15614736532201], [127.96831614461088, 37.156200923098844], [127.9668363247096, 37.15709654595014], [127.96553829712421, 37.157516797554614], [127.96465472074836, 37.157665322813116], [127.96358343619636, 37.15768585441396], [127.96037474225791, 37.15896539985756], [127.9597926219069, 37.15941949010499], [127.95963167478571, 37.15965589553535], [127.95690963333222, 37.16095562891692], [127.95504604580292, 37.16145380754448], [127.95084175679392, 37.161747451396366], [127.94741786581507, 37.16261558585955], [127.94542870639958, 37.16255795936346], [127.94383694583905, 37.16195005178343], [127.94265294795758, 37.16187977481819], [127.94067646279163, 37.16304425236105], [127.93929540869165, 37.163912281497126], [127.93734511795593, 37.16398542782586], [127.93662324620769, 37.16376079802237], [127.93557595976081, 37.1634531441964], [127.93468292990185, 37.163271801588806], [127.93403211403296, 37.16333239289486], [127.92776255989244, 37.164210786173314], [127.9263269907377, 37.16552734834759], [127.92648058890846, 37.16661215654624], [127.92730067954817, 37.16978240347572], [127.92822714836295, 37.170478520044895], [127.92897788976587, 37.170901756090096], [127.93101043139296, 37.17342134688633], [127.93171007026794, 37.17478118216106], [127.93241727095045, 37.175321585432634], [127.93362553263374, 37.17580286187197], [127.93330965407691, 37.17930719887384], [127.93304946545327, 37.18098569837713], [127.93259705626022, 37.18237287503514], [127.93400409624147, 37.185273780324565], [127.93504979507239, 37.18562960693403], [127.93586671261193, 37.1868384107763], [127.93625929672862, 37.188766867089875], [127.93448918982705, 37.19037843153237], [127.93296324334845, 37.19307770696782], [127.93216111558871, 37.19522645616353], [127.93197513732714, 37.19610386643897], [127.93092102270253, 37.20113078907864], [127.9317275146094, 37.204980228139505], [127.93199965488213, 37.20558542709005], [127.9323528440029, 37.20582507589771], [127.93257364127275, 37.20597482602863], [127.93247275691297, 37.20698954040593], [127.93065337011562, 37.21056619924018], [127.92956450209293, 37.211685231087266], [127.92729208520883, 37.21744808389445], [127.92709700937581, 37.22015405514866], [127.92350227106405, 37.22131116570104], [127.92246110132638, 37.222147066907], [127.92174607865314, 37.22400701240132], [127.92158334647895, 37.225045283211664], [127.92172424658871, 37.22538230707287], [127.92284183536769, 37.226701526211805], [127.92661817078296, 37.23159722953978], [127.93120481161019, 37.23415762518525], [127.93557047479452, 37.23804968813846], [127.93888116581621, 37.240742961686635], [127.94249954866399, 37.2404222001089], [127.94519120175312, 37.24056211247263], [127.94645580462945, 37.24134801170836], [127.94694342807207, 37.24184417976664], [127.94708869721566, 37.24250638384393], [127.94738154460453, 37.24418329505868], [127.9490823993238, 37.245684226266924], [127.95268360650847, 37.24792363695526], [127.9540909904576, 37.248592017556014], [127.9576506166383, 37.249804739868644], [127.95954489458524, 37.25014279341543], [127.96192294429177, 37.25052109045926], [127.96322527808618, 37.25072845655519], [127.9645475789782, 37.251010254740045], [127.96545969535877, 37.25193902959981], [127.9663476758269, 37.25290768803511], [127.96744149211068, 37.25382821647472], [127.96973771178762, 37.2556995924929], [127.97191483441271, 37.25637836112646], [127.97989775302464, 37.25833427972849], [127.98140837013946, 37.25687653056996]]]]}, "properties": {"name": "\uc81c\ucc9c\uc2dc", "base_year": "2018", "name_eng": "Jecheon-si", "code": "33030"}}, {"type": "Feature", "geometry": {"type": "MultiPolygon", "coordinates": [[[[127.67894795113395, 36.71795138002966], [127.67955200482443, 36.7170793522911], [127.68375640731446, 36.71733504836086], [127.68386584746511, 36.71782086339223], [127.68399403770152, 36.71838988426226], [127.68452725238247, 36.719672677928074], [127.68506776616321, 36.72009575994338], [127.68593248978085, 36.7205028838534], [127.68618196082711, 36.72061965349097], [127.68688629893481, 36.72048685013183], [127.68776810545931, 36.71980942323341], [127.68785133562521, 36.71971371656202], [127.68785813743263, 36.71969676243237], [127.68793667239193, 36.71950098754408], [127.68808226578867, 36.71900069525508], [127.68805373128296, 36.71787700940724], [127.68780094903777, 36.71758660851658], [127.68778503366212, 36.71755389982036], [127.68800042422124, 36.71706260233841], [127.68884351279738, 36.715563650251084], [127.69007115697495, 36.71409792652407], [127.69031695073728, 36.713888218009885], [127.69201910250955, 36.71255444808589], [127.69269169673926, 36.712067060476784], [127.6956741524918, 36.71086455155527], [127.6967041210315, 36.710450901451466], [127.69729891411778, 36.710259672182225], [127.69866838395114, 36.710355477161094], [127.69897564397313, 36.71041186035004], [127.6994046874757, 36.7105438167791], [127.69982136248187, 36.71068965996796], [127.69983565030499, 36.71069691007011], [127.70145276257949, 36.710237231503484], [127.70178225040364, 36.70998309554545], [127.70192649811189, 36.70987182581441], [127.70279014037443, 36.70883812619374], [127.70280872603665, 36.708385500060345], [127.70255219202343, 36.70725924187032], [127.70235243422094, 36.70690393998263], [127.70219963003599, 36.70378043291496], [127.70226898748005, 36.70368395972641], [127.70326895981941, 36.70256508319572], [127.7045128451116, 36.70142378759036], [127.7060083115859, 36.70080891233171], [127.70659658225536, 36.701068587621975], [127.70693073607151, 36.70110339156193], [127.70848479731484, 36.700326424929976], [127.71372656060439, 36.695217656051646], [127.71363791295542, 36.69421989094331], [127.71326236074886, 36.69153353721201], [127.71314187724296, 36.690950647903406], [127.71399131560636, 36.68992261773254], [127.7149944329283, 36.68944546135599], [127.71746450590993, 36.68846279510324], [127.71904748765658, 36.687372809302396], [127.72055495989387, 36.68618300046274], [127.72243858099871, 36.68447554573995], [127.7229363356977, 36.68384137114618], [127.72354006925107, 36.68304051480963], [127.72487422847568, 36.68189977709646], [127.72714811047445, 36.68251346196851], [127.726309620925, 36.68127974858042], [127.72635329610371, 36.6799680164014], [127.72602035794836, 36.67750694705001], [127.7253929805837, 36.675810551841], [127.72497609966202, 36.67524863169259], [127.72362290110826, 36.67421507760981], [127.71967241394616, 36.671261625160916], [127.71648159085534, 36.669644668436064], [127.71348903585732, 36.66845236509543], [127.71348249421715, 36.668449658824485], [127.71322667759736, 36.668343594153654], [127.71312530912344, 36.668274976462826], [127.71298076040334, 36.66815372209112], [127.71291477636046, 36.66809836317875], [127.71285867090324, 36.66804242404322], [127.71273770992823, 36.667919804722665], [127.71263288688318, 36.66780198755917], [127.71255608772667, 36.66770834517392], [127.71251023602478, 36.667632655719274], [127.71246000780458, 36.6675252000765], [127.71027878014375, 36.66276598445812], [127.71077449790731, 36.66207455325453], [127.71147183438181, 36.66118022916916], [127.71223997978271, 36.66041987359224], [127.71229069125746, 36.6572009320264], [127.71223871414446, 36.657169925839526], [127.71222348682723, 36.65716084338171], [127.71206187710877, 36.65706445327184], [127.71200312165878, 36.6570435458575], [127.71122580217701, 36.65676686483404], [127.71098899718635, 36.656624800801666], [127.71090975679604, 36.65657726115217], [127.7105071398485, 36.65612308790402], [127.71019563511877, 36.6555574009232], [127.70936418027333, 36.65403877201186], [127.71267697633769, 36.65032959364337], [127.71300422098312, 36.65057449754409], [127.71375489965074, 36.651035414745216], [127.71382590529042, 36.65106240425192], [127.71467194338477, 36.651383964534666], [127.71552818479005, 36.65162301721903], [127.71910253003331, 36.65197795842667], [127.71986423149276, 36.65190701098785], [127.72011909857218, 36.65186602264367], [127.72301398712035, 36.65138952535832], [127.72337384751283, 36.651295450898616], [127.7247921227143, 36.649581933712376], [127.72462789716771, 36.649372159292504], [127.72424489113975, 36.64888292958619], [127.7242156680099, 36.6488456032308], [127.72419452659466, 36.64881858917709], [127.72468282342997, 36.64706590856743], [127.7256550099649, 36.64492594266578], [127.72585126679928, 36.644679800692984], [127.72712193239178, 36.64393900640339], [127.72757377840439, 36.64371333736459], [127.72813867363661, 36.643590090786645], [127.72980126364017, 36.6431568027314], [127.73146745844822, 36.64232084878058], [127.73228634249388, 36.64152693342518], [127.73317032237297, 36.64059872802957], [127.73477363832383, 36.63965021061194], [127.73482621276023, 36.639678443701655], [127.73637085353313, 36.64050774064204], [127.73810142665201, 36.64127956594306], [127.73896198118159, 36.640051545135506], [127.73893932781336, 36.6396068260834], [127.73815043264463, 36.63755248452991], [127.74003106161678, 36.633155014033704], [127.740988750855, 36.63265661944512], [127.74359832426686, 36.63110498174683], [127.74417772821171, 36.62928691276634], [127.7442463760905, 36.62910529171103], [127.74426443994234, 36.62906534000009], [127.74442908084517, 36.62881171325478], [127.7445083664323, 36.62873941819315], [127.74456628784176, 36.628690146092005], [127.74478544980454, 36.628506347760755], [127.7449001292907, 36.62841967656219], [127.74503203290756, 36.628330140933535], [127.74524606853042, 36.62818642834229], [127.74550647082891, 36.62802725201264], [127.74577230798707, 36.62787623326752], [127.74610660851516, 36.62770192388846], [127.74628020463334, 36.62762571412188], [127.74653524543655, 36.62754764169507], [127.74674824442093, 36.62749535928233], [127.74699694138077, 36.627435117095764], [127.74738100289117, 36.627331094375826], [127.74752742091403, 36.62728750850568], [127.74761633043198, 36.62724864593087], [127.74785095583445, 36.62709901710872], [127.74854365733123, 36.62665417725434], [127.74895373808641, 36.62635889121998], [127.74997631364859, 36.625370962005626], [127.74956950448558, 36.623203090190636], [127.74947656797639, 36.62298627356786], [127.75024629885871, 36.621880345342404], [127.7506686188079, 36.62167903121782], [127.75133714531395, 36.62146448720008], [127.75239072413254, 36.621373960282156], [127.76028094561265, 36.61661689091617], [127.7646283356694, 36.61304759035392], [127.7685248546206, 36.606408457548646], [127.76869227522636, 36.60522954567541], [127.76948993931016, 36.60399193394895], [127.76978231791175, 36.60117229229309], [127.76927587143199, 36.5964695189062], [127.76883544668864, 36.59420613595586], [127.7656242614805, 36.592099900443394], [127.76528517906996, 36.59194244380071], [127.76132101546574, 36.59049463546989], [127.76002512362346, 36.590345358130136], [127.75819976608138, 36.590425389599936], [127.75519878835219, 36.59008343535561], [127.75204104795588, 36.58844637032848], [127.75068093396796, 36.58734870794034], [127.75058913338064, 36.58723837487842], [127.75033558183527, 36.586933607283676], [127.74974435845121, 36.586593678986574], [127.74681972346063, 36.5855665631362], [127.74585660796012, 36.5852500360822], [127.7428894631805, 36.58744264172466], [127.7428146879405, 36.58750118353688], [127.74266752021985, 36.58761640597333], [127.7420470811447, 36.588180045925846], [127.74155399737394, 36.58911262706392], [127.74177399058605, 36.58934631579883], [127.74189931026568, 36.58947942538311], [127.74191941552995, 36.589500784457], [127.74191836201715, 36.59023636340678], [127.74102396841762, 36.591261961592814], [127.74014518581178, 36.59165252915511], [127.73880484777293, 36.59218295184509], [127.73760503434298, 36.592454361669866], [127.73733674555933, 36.592623256316095], [127.73675372194714, 36.59481281572568], [127.7370118875378, 36.59717327172668], [127.73715221368313, 36.59932262172999], [127.73648560165076, 36.60002110630225], [127.73110821217635, 36.60164758830149], [127.72873987769721, 36.60231239077495], [127.72776454315937, 36.601778431572065], [127.72725432716358, 36.60104668048976], [127.7243168111532, 36.60149624046861], [127.72309899340763, 36.6019791934504], [127.72020035126053, 36.60266917281047], [127.71599767709611, 36.60235916472223], [127.71381388925366, 36.60201529603843], [127.71317795234627, 36.60120575624952], [127.71138454610254, 36.59843108494171], [127.71142347023552, 36.597888344009206], [127.711393098612, 36.597382537888876], [127.70966192832847, 36.59605501961092], [127.70883530749234, 36.59575692857742], [127.70778461522568, 36.59549001345421], [127.70669172722064, 36.59529699440186], [127.70597695275728, 36.59525657966314], [127.70557546233283, 36.59514970822231], [127.7043493884239, 36.59419579537812], [127.70369870970146, 36.59326318913915], [127.70341058146465, 36.59279774020869], [127.70320226030856, 36.59162040052041], [127.70242239478493, 36.5911301845698], [127.69780168618134, 36.58908795711699], [127.69691566229815, 36.58886244441158], [127.69667630320755, 36.58881316944025], [127.6946146121472, 36.588486697658794], [127.69368176763177, 36.5886270883604], [127.6933960864756, 36.58886991254236], [127.69325410902897, 36.58926717505286], [127.6928473072557, 36.58924094205318], [127.69265090807075, 36.589256211990154], [127.69213139286741, 36.58929660942078], [127.69210797600377, 36.589298430338815], [127.69190964384944, 36.58934854709816], [127.6891492521608, 36.59065470756315], [127.68913425535305, 36.590671301900684], [127.68902777146845, 36.59078921622], [127.6890198060989, 36.590809807477044], [127.68894087634928, 36.5913724168158], [127.68704361013508, 36.59205852715763], [127.68527732460173, 36.59205544408975], [127.68240336666354, 36.5920043658545], [127.68200723135179, 36.59179947095309], [127.68090026731475, 36.5922331756267], [127.6805310675728, 36.592393138363114], [127.68013803778454, 36.59356209147296], [127.67884015166848, 36.59588025125387], [127.6767380034923, 36.59668208983831], [127.67668789082263, 36.596694476866254], [127.67594619687921, 36.59676634026468], [127.67565425554936, 36.59676708279895], [127.67542123771138, 36.59673395949166], [127.67542760104281, 36.596717468847785], [127.67341202308498, 36.59571766575326], [127.6686171785671, 36.59453784171702], [127.6685974105476, 36.5951572070159], [127.66913074347656, 36.59676533443108], [127.66913597556203, 36.596781099704465], [127.66851188222034, 36.59845161048476], [127.66813177618934, 36.599227646144186], [127.66544649430031, 36.602406914206846], [127.66507872000183, 36.60256098157917], [127.66450119553977, 36.60259770769633], [127.66221725106513, 36.602737514165355], [127.66095859141006, 36.60263829572349], [127.66064208881431, 36.60261051655457], [127.66019385344295, 36.60240960436792], [127.66012155547936, 36.602349368479274], [127.6597617800549, 36.6019071027427], [127.65897113432403, 36.60134870917966], [127.65736883779705, 36.60071003769455], [127.6561034934479, 36.60026469615017], [127.65561431334037, 36.60016976576053], [127.6551503933464, 36.6001583517557], [127.65400732225385, 36.600356670228784], [127.65367260059001, 36.60062225046563], [127.6530642610411, 36.601311088081935], [127.65315715426883, 36.60161898783511], [127.65307218245428, 36.60218647023214], [127.65238130844747, 36.604864147534386], [127.64867895898567, 36.60552615866616], [127.64741605186681, 36.605584160655376], [127.64627938094584, 36.60657196668041], [127.64625253604434, 36.606592068863016], [127.64419352114449, 36.60559766818324], [127.64373355594218, 36.60522860705764], [127.64246427898723, 36.60405246089898], [127.64207272106304, 36.603434639232745], [127.64176204124598, 36.60296970140228], [127.64052279130989, 36.601608993185934], [127.63914213578968, 36.60079692658603], [127.63805532972754, 36.60039415849599], [127.63773139171066, 36.600284816778526], [127.63651528002879, 36.6001434043661], [127.63567270155832, 36.60023461236151], [127.63525693332875, 36.599887359897686], [127.63447693591472, 36.599227009859504], [127.6333304859016, 36.59809211264272], [127.63016561771951, 36.59362311876716], [127.63024669826021, 36.591791964336366], [127.63061859010703, 36.59102738007229], [127.63122451540326, 36.59029347045733], [127.63188427774496, 36.58947388944257], [127.63183007932001, 36.58892655575291], [127.63035887437617, 36.58736285756729], [127.6291613377577, 36.58623845993802], [127.62831203843882, 36.58560122057548], [127.62755245126236, 36.585093509278046], [127.62564137221779, 36.58357564124661], [127.62330507797849, 36.58147885159355], [127.62268284628608, 36.57876440497541], [127.62236879475472, 36.57817809500762], [127.62038351752321, 36.57808630920586], [127.61876885332192, 36.5778101323019], [127.61776223958101, 36.57753532491952], [127.61755836919289, 36.57732992223031], [127.61570896005405, 36.5753426254296], [127.61430434705036, 36.57339599941619], [127.6140320120861, 36.57310099765527], [127.61254670173979, 36.571324851895845], [127.61192968423767, 36.570182627567576], [127.61147550201596, 36.56927743530335], [127.61125565969986, 36.56712904853509], [127.61124511852779, 36.566835210854656], [127.61124364345973, 36.56679400879513], [127.61327591369079, 36.5639524571167], [127.61327696441235, 36.563951081317654], [127.61352800008034, 36.56362325952127], [127.61410081675332, 36.562886729048834], [127.61497182097978, 36.56230477158463], [127.61662329511778, 36.5605367850791], [127.61675799161632, 36.56038372754475], [127.61718896432644, 36.55949584819631], [127.61654549833868, 36.558804739920795], [127.61504436754747, 36.557251793310094], [127.61431866557308, 36.55680049234288], [127.61418561186642, 36.55650917343889], [127.61375546483679, 36.555567333664634], [127.61365791977583, 36.555007785502], [127.61374619838482, 36.55443917750828], [127.612948401107, 36.55227966117187], [127.61238134195733, 36.5514592805606], [127.61235972142111, 36.55142800319164], [127.61165701263862, 36.551477219527854], [127.60884242342593, 36.550337958458115], [127.60860455619726, 36.55018720292893], [127.60609525897762, 36.54899866604664], [127.60358968681075, 36.54790908039906], [127.60209378689163, 36.54816906724899], [127.60151496945888, 36.54840620267271], [127.60143865125409, 36.54843746891886], [127.60049924702619, 36.54851598451038], [127.59896744965498, 36.54832712251571], [127.59363936615196, 36.54522913790933], [127.59184676699964, 36.543527813276874], [127.59089619400852, 36.54328087372237], [127.5895674391607, 36.54331017937583], [127.5887885817971, 36.54378367786593], [127.58788338381036, 36.543825043538504], [127.58085315804757, 36.541960916637315], [127.58030069163733, 36.54134317069746], [127.58013220791211, 36.54071975566274], [127.58010232406797, 36.540350931816185], [127.58019120648234, 36.53972624917879], [127.57810315531917, 36.53749397740341], [127.5747497646371, 36.53707829942835], [127.57184312584138, 36.536029988866794], [127.57112109002246, 36.53568532415762], [127.57076353123675, 36.53547346395572], [127.5698875201509, 36.53481644550042], [127.56959434777765, 36.53457737149431], [127.56956903547751, 36.53454442152062], [127.56950114463464, 36.53445601000984], [127.56933051821152, 36.534115292136924], [127.5693170862026, 36.53376380611634], [127.56931646388422, 36.53374743679422], [127.5687086826192, 36.53287993013086], [127.5685145203861, 36.53273303198286], [127.56624385563359, 36.531133677784275], [127.56506101260511, 36.53059195910386], [127.56502218071088, 36.53057417357376], [127.56532460481327, 36.529531710083404], [127.56645507815685, 36.52831729927965], [127.56798994859544, 36.52620981641019], [127.56920955247101, 36.52199700494199], [127.56942705841908, 36.5213693832403], [127.57092471135248, 36.51852247845233], [127.57094861374831, 36.518507502680215], [127.57143995101337, 36.518199796108135], [127.57265859569016, 36.51589438820636], [127.57317362899474, 36.512511259715644], [127.57321666961683, 36.511592282015386], [127.57282872265785, 36.50813023189848], [127.57271070667117, 36.507532595080015], [127.57232193537845, 36.50673003718016], [127.57160979782624, 36.505547121933034], [127.57041991696545, 36.50354942713473], [127.57020129730432, 36.49931719986149], [127.57119765496661, 36.497160445644084], [127.5724154765194, 36.49508376173799], [127.57456988100382, 36.492444639694035], [127.57679144548521, 36.490478546361516], [127.57122708431314, 36.48650221591141], [127.57032372575694, 36.48619128891908], [127.5672996056012, 36.484282009471215], [127.56701172816018, 36.4840116529437], [127.56677301486465, 36.48371462555211], [127.5667204418078, 36.4835898826227], [127.56658318614278, 36.48326418557652], [127.56664788385315, 36.48291183854876], [127.5670677661479, 36.48165716421701], [127.56707298621879, 36.48164155865053], [127.56628594014641, 36.48119504929984], [127.56469519919574, 36.48067544413808], [127.56273506707136, 36.48023655804057], [127.56242547558432, 36.4796757385539], [127.56236827597411, 36.47859661879986], [127.56074971438005, 36.47567298599997], [127.55969840290298, 36.47383273635732], [127.55862323347912, 36.47206908558532], [127.55862302448863, 36.47206874581381], [127.55817914637959, 36.47223602875839], [127.55617260064241, 36.47182311438319], [127.55558153725994, 36.46722933070859], [127.55463856903715, 36.465197325585706], [127.5536234807155, 36.46192685927862], [127.55312614664105, 36.45953841077135], [127.55320028689945, 36.45922967848238], [127.55318620257111, 36.45914490985916], [127.5526416587313, 36.45792992432561], [127.55193885794107, 36.45652157554389], [127.55148395380465, 36.45576802343544], [127.5509658149077, 36.45515144005212], [127.5508487359432, 36.4551329374896], [127.5504470281506, 36.45511750072827], [127.55027081283271, 36.45508613166238], [127.54920640245136, 36.4545916962201], [127.54687445554408, 36.45093031624804], [127.54541484055719, 36.447506405919015], [127.54483268354838, 36.44625552486349], [127.53952001058163, 36.44475362674197], [127.53940145606796, 36.445018025253454], [127.53927055663429, 36.44499108477657], [127.5371327308838, 36.44429097932953], [127.53203870931428, 36.442376175637406], [127.5305831452655, 36.44182597825008], [127.5286897100102, 36.44097858579902], [127.52565316061974, 36.43899098044308], [127.5197634625093, 36.43504511645108], [127.51923493983541, 36.4345074309496], [127.51754763262255, 36.43193488397567], [127.51730575042029, 36.431559509891876], [127.51718582614984, 36.431352313417264], [127.51684700866481, 36.430766198157414], [127.516645986541, 36.430217353610566], [127.51620645353665, 36.428768944561945], [127.5161859222122, 36.42865765080327], [127.51565653766455, 36.42661701302883], [127.51468206688854, 36.423016592606146], [127.51451350511627, 36.42247568224032], [127.51451283094147, 36.422473522254876], [127.51451260895377, 36.422473524084914], [127.51451255429339, 36.42247352409156], [127.51450909434253, 36.42246960105074], [127.51362088000324, 36.419416530777895], [127.51358950287829, 36.4193079683718], [127.51245576725856, 36.415225524118895], [127.51188152126056, 36.41314152850663], [127.51162670868763, 36.412215834269595], [127.51138361118167, 36.41113717613869], [127.51124828489294, 36.41079559924752], [127.51108029246923, 36.410438665810304], [127.51101706155384, 36.41030629423969], [127.51091411339073, 36.410172976053815], [127.5108759909243, 36.410124421188485], [127.51068577355677, 36.40988557912286], [127.51046555162222, 36.40963925936204], [127.51006404803144, 36.40921602070808], [127.50949699835991, 36.40862029378212], [127.50805827951665, 36.40826622156613], [127.50448027824974, 36.40820615725558], [127.50231133901704, 36.40852701403934], [127.50155457674992, 36.40865381424605], [127.50062685483668, 36.41064812186354], [127.49775774718317, 36.41491578323894], [127.49741823412572, 36.41535848075745], [127.49720867334231, 36.41588117328843], [127.49717713661123, 36.4160452026194], [127.49715841395954, 36.416143285207426], [127.49714157659406, 36.41623430884377], [127.4971199812378, 36.41637294945576], [127.49710194688362, 36.41649495959479], [127.49709128605828, 36.41657189062757], [127.49706191083907, 36.416993865248536], [127.49705750475688, 36.41723296931039], [127.49705198038458, 36.41748757246257], [127.49702504380645, 36.418239021600755], [127.49699244098387, 36.419112993086905], [127.4969449865221, 36.419486884783524], [127.49567245089095, 36.42267069899554], [127.4939614575225, 36.42500274510897], [127.49361721219982, 36.42542319909477], [127.49334673042607, 36.42579913502743], [127.49128422650618, 36.429528245412556], [127.49106216666219, 36.4299597443038], [127.49003483055314, 36.43210249543902], [127.48992221324875, 36.43242793891106], [127.48981603227631, 36.433112961275526], [127.48977510931789, 36.43339502636843], [127.48972147853934, 36.434125179054014], [127.4903300540809, 36.43533276458647], [127.49062943043006, 36.435917004262016], [127.4924294239792, 36.43937135943361], [127.49242965923209, 36.4393731345573], [127.49254354836759, 36.439581059338394], [127.49301770037835, 36.44040619797435], [127.4933850774013, 36.44104506047785], [127.49347453315372, 36.44116466208093], [127.4934970293439, 36.441194699510284], [127.49388736151803, 36.44157664245824], [127.4950428863743, 36.442695489152264], [127.49627820992752, 36.44388919430998], [127.4971423051984, 36.44471775870265], [127.49761031857341, 36.44503206482617], [127.49847978116665, 36.44563109248644], [127.49928555205797, 36.44618926880557], [127.49934262782043, 36.44622958271833], [127.49936940714035, 36.446248620409285], [127.50041557076356, 36.447031353218556], [127.50110240794699, 36.44754719982792], [127.5013242973067, 36.44771438932905], [127.50294383501691, 36.448948930903256], [127.50347612597955, 36.44935700522553], [127.50447192317198, 36.451829842705386], [127.50445953921175, 36.45188142759565], [127.50445580170347, 36.45189693398557], [127.50379734531785, 36.45368510751818], [127.50323810272656, 36.454697587997295], [127.5027901251307, 36.45550459733279], [127.50278788659452, 36.45550854426433], [127.50276442330073, 36.45552018621056], [127.50059091886256, 36.45620347037704], [127.4987488728662, 36.45562709654335], [127.49789850158626, 36.45536001213829], [127.49680238612055, 36.45501396512092], [127.49508278006613, 36.45446772811033], [127.49397549144003, 36.454114654273795], [127.49207284010656, 36.45350322829156], [127.49161887993571, 36.45334936540054], [127.48927701785675, 36.453066930949376], [127.48815388671224, 36.452932963486], [127.48690152471254, 36.45278374096058], [127.48615267954528, 36.45282902122936], [127.48454194642386, 36.45292904435252], [127.48314711008598, 36.45347086470736], [127.48210702353649, 36.45388507987695], [127.47950524624326, 36.456007884368674], [127.47918211674069, 36.456296409473694], [127.47895590143388, 36.45650092052857], [127.47878015359312, 36.45669114914888], [127.47827845533713, 36.457280590700286], [127.47817297653737, 36.457418715792215], [127.47788871328504, 36.457851276611976], [127.47773446705767, 36.4581106924788], [127.47758328588894, 36.458415433790414], [127.47757987427957, 36.458426711229585], [127.47748084758263, 36.45893625532922], [127.4774607318962, 36.45912585668155], [127.47750035329771, 36.459590637273784], [127.47752273540088, 36.45971530256312], [127.47755809660329, 36.45991199942598], [127.47759652847304, 36.460096302683695], [127.4776848780529, 36.460519778096], [127.47782220442386, 36.46091404140018], [127.47795218195266, 36.46118922075932], [127.47810219462502, 36.46146205697296], [127.4794002130073, 36.463746350975654], [127.47971806972882, 36.46421311644824], [127.48010757284561, 36.46465001738949], [127.48043368009559, 36.46492581239426], [127.48049823970173, 36.4649632839953], [127.48053550282, 36.46498510516045], [127.48076487088296, 36.465262413315756], [127.4807815632087, 36.4652826218654], [127.48089993723417, 36.46542605081879], [127.4810771967526, 36.465647525829006], [127.4813399382426, 36.46599341165998], [127.48160642691825, 36.4664093999748], [127.48287422695141, 36.468992839202706], [127.48315370939261, 36.46967376274092], [127.48328565451052, 36.47000722236383], [127.48431287179386, 36.473725086408805], [127.48442881920535, 36.474148723568184], [127.48453639071624, 36.474542252246394], [127.4845036071856, 36.474682350937464], [127.48427583381815, 36.47562412292597], [127.48403267411604, 36.47661749361354], [127.48139260174705, 36.47708209117599], [127.48045281579715, 36.477178811320144], [127.47910301430056, 36.47828456468259], [127.47753587644976, 36.48038951055554], [127.47716363327392, 36.48050139899663], [127.47679589514152, 36.481487641539665], [127.47640568089538, 36.482844746258436], [127.4757808533993, 36.4850805940513], [127.47587404973763, 36.48582866266665], [127.47587741074514, 36.485855643165706], [127.47574926061736, 36.4887751156604], [127.47566873641765, 36.49023187249761], [127.47482319025978, 36.49053966453978], [127.4729329413865, 36.49109907316439], [127.47272927867125, 36.491081752761595], [127.47233846755262, 36.49090300402851], [127.4718863025201, 36.49077314073405], [127.47098869934199, 36.49058239676893], [127.47051171621776, 36.490603710782565], [127.46743742305759, 36.491257469184994], [127.46720528554613, 36.49168053408927], [127.466991339836, 36.49253871857597], [127.46536415702656, 36.49346586271589], [127.46063335944145, 36.49522964151973], [127.45859194415561, 36.49529281685668], [127.45775560342629, 36.49590450755888], [127.45705555921487, 36.497040027794036], [127.45693534237265, 36.49757566719075], [127.45667974943683, 36.49871447366304], [127.45667585135305, 36.49874253022394], [127.45665079806524, 36.49892263019574], [127.45585311306314, 36.49975443515834], [127.45580322679686, 36.49979554397892], [127.45513664604464, 36.50034482228658], [127.45374525352831, 36.50099782982631], [127.45245895281788, 36.50049795856874], [127.44977482204494, 36.500500152061925], [127.44955626619439, 36.50144355862192], [127.44921884630203, 36.504120798836986], [127.44912620646691, 36.5054426012242], [127.44890641742161, 36.50667786445382], [127.44842648061359, 36.507056342275554], [127.44784397200627, 36.50767534602965], [127.44701834854587, 36.508703436138205], [127.44585001245163, 36.511121981704314], [127.44529278555181, 36.51297339731078], [127.44526177033421, 36.51314488313159], [127.44527498116982, 36.5134113820567], [127.44527663186658, 36.51344464607727], [127.44537405492417, 36.51490284519914], [127.44607001993849, 36.51500275690878], [127.45036290959398, 36.516359256167476], [127.45120115469003, 36.516644319808215], [127.45406497333181, 36.51869538117412], [127.45461173188602, 36.519746457811486], [127.45489906990963, 36.52400712095537], [127.45565411972605, 36.525597966921644], [127.45521032959131, 36.53130696807051], [127.45512909777594, 36.53198782493581], [127.45359211899668, 36.537600787621926], [127.45183218387479, 36.54128287067613], [127.44897597926519, 36.5417799397891], [127.44788894075279, 36.54195817655212], [127.44743346816364, 36.54175608835047], [127.44714602583328, 36.542598888916594], [127.44710156343216, 36.54276551195183], [127.4471136757324, 36.544072430558266], [127.44797302372874, 36.547210110463595], [127.44957322555977, 36.548282264206], [127.45374325631688, 36.54802243251859], [127.45457416653655, 36.548404044429205], [127.45569024614814, 36.54878445955768], [127.45697483324447, 36.548975205671375], [127.45898415592067, 36.548358786759984], [127.46102712468723, 36.547166170794235], [127.46581220605971, 36.5443217908902], [127.46607946114628, 36.543540428322025], [127.46621014946089, 36.54256302321605], [127.46621705449797, 36.54255419395682], [127.46645997742588, 36.54245544684842], [127.46726117319253, 36.542444543926436], [127.4683910328841, 36.542520434259444], [127.46940980560197, 36.542632335121944], [127.47060471814515, 36.54277045435276], [127.4707028928356, 36.542790506510826], [127.47079791053821, 36.542827601808014], [127.4754660008232, 36.54519201466465], [127.47725502384291, 36.54619964213889], [127.47743924738936, 36.546342582992715], [127.47965492565373, 36.547666498220984], [127.47974847769069, 36.54767765863249], [127.47982397246243, 36.547677356802055], [127.48248481689347, 36.54747152225998], [127.48262018809041, 36.54745160964285], [127.48273758557127, 36.54743433029165], [127.48285033749576, 36.547365235771395], [127.48376261405929, 36.54623901283641], [127.4838290721237, 36.54610335875112], [127.48384672301493, 36.546033944726304], [127.48387183407338, 36.54570072136511], [127.48392234197814, 36.545507069889354], [127.4839878223915, 36.54542134220371], [127.48426209934614, 36.54513520273747], [127.48440722979917, 36.545004535007884], [127.48474673156814, 36.54484151521351], [127.48480478259698, 36.544820048606404], [127.48499897832434, 36.54489976866517], [127.4853722515531, 36.54525128303632], [127.48591709024353, 36.54645444967011], [127.48634679511844, 36.54743703839958], [127.48589602164199, 36.54761537616875], [127.48520580296461, 36.548239719157465], [127.48442817480358, 36.54917957210812], [127.48394013988076, 36.55025116728552], [127.4842931361429, 36.55081250691848], [127.48444428597787, 36.55120203184192], [127.48413502621388, 36.55195614658085], [127.48146652134348, 36.55477806835733], [127.48028822630921, 36.5547142120093], [127.47982949036744, 36.55601683148008], [127.47970083161135, 36.5565450523442], [127.47953944881573, 36.55723013559953], [127.47955572917432, 36.55766626647897], [127.48073736870974, 36.55979473177857], [127.48097641872063, 36.56011768195432], [127.48167098196056, 36.56048307168179], [127.48169145212081, 36.56049330876518], [127.48179280159259, 36.560802231090186], [127.48179132165195, 36.560860938075386], [127.4817784627176, 36.56136933705591], [127.48095001568977, 36.56182467904407], [127.479819088684, 36.562138011844745], [127.4757924521423, 36.56284591540684], [127.47525569605828, 36.562869019986195], [127.4741085196534, 36.56227202044148], [127.47328631390316, 36.56180626260648], [127.47301275302918, 36.56160488040226], [127.47285186778925, 36.561224751218305], [127.47255284252074, 36.560959052949634], [127.47202343793326, 36.560871614188876], [127.46910020387655, 36.561436998099474], [127.4682582910254, 36.5616752938219], [127.46724459790329, 36.56208060425402], [127.46703714800398, 36.563769111905856], [127.46780262986223, 36.569491892260274], [127.46839402032671, 36.571665199046606], [127.46912563905676, 36.57340374224593], [127.47198029046515, 36.578088768113794], [127.47379931900774, 36.58049509985139], [127.47408046448469, 36.581071172665325], [127.47634992056135, 36.58107609976549], [127.47937838726858, 36.58190333641294], [127.48010855250975, 36.58229512897938], [127.48077997787689, 36.58261145872161], [127.48138224754098, 36.58285967590016], [127.48262906219033, 36.583072697132124], [127.48478613207921, 36.583208935496586], [127.48557955843675, 36.582643645413064], [127.48562020243268, 36.582510330150576], [127.48603414218009, 36.582366720715044], [127.48819952530923, 36.58193561095171], [127.491715206458, 36.58261433760301], [127.4920022653883, 36.58271165859389], [127.49240903040835, 36.5830350843632], [127.49245320820553, 36.583089538149494], [127.49255329080867, 36.583213103093904], [127.49249662504211, 36.58326881082585], [127.492229903053, 36.583509402153624], [127.49217720650061, 36.58355161083522], [127.49184546225027, 36.583922890161816], [127.49130662719564, 36.58465952502437], [127.49131750319656, 36.584665338728186], [127.4930972818283, 36.58553834367412], [127.4931253142995, 36.58555204998736], [127.49891732760194, 36.588371422993454], [127.4985989653419, 36.58910366748104], [127.4988801753874, 36.59099588310536], [127.49849950122079, 36.593676640792886], [127.49773666934828, 36.594146620995474], [127.49678415702738, 36.594068247530764], [127.49694753895359, 36.59526231985132], [127.4971734844874, 36.600044752394176], [127.4972009902483, 36.600752590297816], [127.49721580675205, 36.6061741372567], [127.4971335917976, 36.60832479788408], [127.49706824698815, 36.60927309930213], [127.49702908563327, 36.60961454593959], [127.49700350531522, 36.60973564590322], [127.49688312627016, 36.61027619977876], [127.49682000696842, 36.610504896590676], [127.49656810958246, 36.61112065520717], [127.49650506142532, 36.611273279474474], [127.49641938967909, 36.611457951423375], [127.4964194319197, 36.611511785518324], [127.49647608325796, 36.611968644963994], [127.4965757329128, 36.61235175011722], [127.49672128016681, 36.61259829693766], [127.49724103909818, 36.61301771759173], [127.49743688714643, 36.613118982249254], [127.49744699466554, 36.61486152560709], [127.49496433242531, 36.615625209388675], [127.49403791240724, 36.616274031232855], [127.49379350492949, 36.61878625707304], [127.49390540042886, 36.622380351109996], [127.49175458484541, 36.6244074846769], [127.49121393207099, 36.624656975834185], [127.49036695309385, 36.62505797508612], [127.49023135266894, 36.62514436470144], [127.48958598846433, 36.62556162516388], [127.48943876415998, 36.625659360031875], [127.4893787537962, 36.62570396722053], [127.48918408122145, 36.625858595693835], [127.48872933198932, 36.62622580743286], [127.48858331672953, 36.62637588242231], [127.48712795078654, 36.62728820951327], [127.48459846864715, 36.62876704287444], [127.4835194992215, 36.62919539106915], [127.4833897540104, 36.629405643254316], [127.48250420357179, 36.630926550230555], [127.48240786793073, 36.63122262438379], [127.48227098615729, 36.63181671083598], [127.4822292413648, 36.63208557575881], [127.48218519755302, 36.63256398739923], [127.48220287530818, 36.6327277499996], [127.4822590255877, 36.632983558644575], [127.48235807742066, 36.633276959797406], [127.48248321183974, 36.63352353544246], [127.48258761092846, 36.63370200420419], [127.48268253733065, 36.63377596436544], [127.48318189421462, 36.634033883431044], [127.48399330625912, 36.63456490211938], [127.48455698397818, 36.635449394254394], [127.48458656068843, 36.63616095430413], [127.48461143987122, 36.6365460027371], [127.48461773250514, 36.636593977677464], [127.48461208456227, 36.63761283568807], [127.48459042143715, 36.63791661968733], [127.48456111104986, 36.63828869475093], [127.4843299623148, 36.64057071238748], [127.48422840971205, 36.64137760057093], [127.48417734942794, 36.64169432590978], [127.48413132367078, 36.64197390478001], [127.48410804111253, 36.642108022847715], [127.48409034160844, 36.642204983736505], [127.4840774395529, 36.6422664370858], [127.48397643463466, 36.64266324101678], [127.48394546160401, 36.642776493750155], [127.48379267414344, 36.6433295974908], [127.48364744194419, 36.6438109969429], [127.48353323951677, 36.644120209129994], [127.48277682168849, 36.64483602780772], [127.48812835103783, 36.644929387657264], [127.48820447823098, 36.644939385608346], [127.48817531837278, 36.64522798973913], [127.48814537050185, 36.6455033760237], [127.48807905576484, 36.646338427672994], [127.48823078749687, 36.64638538729991], [127.49337229634386, 36.64725247597171], [127.49762853416242, 36.64692249786458], [127.49860102403278, 36.64682151858651], [127.50094806172191, 36.64724385075299], [127.50509932699595, 36.65011728126471], [127.50570086491004, 36.65001306447891], [127.50608122363717, 36.65002760122549], [127.50774873275238, 36.65190535127495], [127.50842166417192, 36.65254474379871], [127.50956205023977, 36.65324024460042], [127.51048234420797, 36.65304817022479], [127.51115640523818, 36.65299370914346], [127.51293353775053, 36.65294711864014], [127.51298386886748, 36.652956156969594], [127.51302789633893, 36.652964312501574], [127.51308071365439, 36.65297410597154], [127.51318795283666, 36.65299429846863], [127.51432663896996, 36.653245302018426], [127.51844192653458, 36.65487386460795], [127.51926294911809, 36.65525108440312], [127.52168126909272, 36.65643777214758], [127.52421453823743, 36.657866180803126], [127.52439202298902, 36.65800692203849], [127.5247315816903, 36.65862850846164], [127.52477603162976, 36.65916592894844], [127.52484365871003, 36.659540000914035], [127.52498457555134, 36.66019465487696], [127.52830106641088, 36.66262317539559], [127.52949170392533, 36.66288885075835], [127.53036389070448, 36.663014236783305], [127.53158197086205, 36.66329338680994], [127.53379983805213, 36.664635113449144], [127.53291477450685, 36.665581776595936], [127.53270659084912, 36.66593168924023], [127.53321188603705, 36.666559432526974], [127.53598133654843, 36.66915176300524], [127.53694397503658, 36.66953711805003], [127.5371658319088, 36.66939867342977], [127.5375013401104, 36.669056109024034], [127.53868397872661, 36.66926230792934], [127.54046368765829, 36.669252077798674], [127.54103877687291, 36.66904463314568], [127.54224087271638, 36.668638014431316], [127.54256500503135, 36.6685787899184], [127.5431218389078, 36.66868899278235], [127.5435429824308, 36.66918058517153], [127.54463004149096, 36.670294115412865], [127.54810160347223, 36.67310635079072], [127.54862229268154, 36.673493296131994], [127.55135041104847, 36.67312641374115], [127.55889401851725, 36.67399737073935], [127.56310863289097, 36.67407463880019], [127.56425633317421, 36.67414432886355], [127.56580206639757, 36.674259350023654], [127.56698777472526, 36.67436408424115], [127.56745125008798, 36.674637325474315], [127.57129174104944, 36.67747094240813], [127.57373068051929, 36.67980977192429], [127.57439648105216, 36.680378116857455], [127.5791951489135, 36.68419909393903], [127.57969064315176, 36.68436179886821], [127.5815981807116, 36.68463423744028], [127.58588449695527, 36.68343878979024], [127.58685967812158, 36.68534185761982], [127.58948567234094, 36.68726715075514], [127.59125963814658, 36.68949831284824], [127.59350528801117, 36.69270257761534], [127.59402854973794, 36.6929322003753], [127.59457789264756, 36.693173845810335], [127.59759081342698, 36.69641342309017], [127.59839532804344, 36.69738108327856], [127.59964717363145, 36.69805765952521], [127.60056329064531, 36.69845903875329], [127.60496748846434, 36.69865482957813], [127.6120144977726, 36.699646300636445], [127.61342487792159, 36.70065449944989], [127.61423559977116, 36.70181106347468], [127.61467264888283, 36.70259303640251], [127.6147994641318, 36.703123935471886], [127.61485007906988, 36.704629368920855], [127.61679241720869, 36.7067047762176], [127.61732246608003, 36.707244779421686], [127.61793225047401, 36.70744370482674], [127.61904923589083, 36.707191807545236], [127.62028966979909, 36.706162837545165], [127.6216838436714, 36.705341794932366], [127.62300074665339, 36.70462102689124], [127.6230010254358, 36.70462103111065], [127.62414243312261, 36.705408519678585], [127.62416827752138, 36.7057076115627], [127.62496535926405, 36.706300486110464], [127.62736691404652, 36.70746805298794], [127.62939707181472, 36.70729588655349], [127.62981638083419, 36.70726803387906], [127.62981661368885, 36.70726801829987], [127.63289617418326, 36.70790402420724], [127.63311226513352, 36.70823142089785], [127.63332585552155, 36.7088329638409], [127.63374674074424, 36.70892308391804], [127.63521676741689, 36.70875233960331], [127.63824064598506, 36.70796628345683], [127.64121971599504, 36.705657659100375], [127.64131083902937, 36.704040867370914], [127.6417020923447, 36.703525956035634], [127.64239983795704, 36.70261816147589], [127.64775057508702, 36.70128063304095], [127.64939358416764, 36.70162608000406], [127.65118948940442, 36.70201561108653], [127.65483334412895, 36.70439885926535], [127.6590338747355, 36.70987984654959], [127.65886868761991, 36.71026400460672], [127.65908555983744, 36.71125918354706], [127.65970269436505, 36.712460232491885], [127.66049678571649, 36.71330147031068], [127.661247482176, 36.7140823448323], [127.66266160247724, 36.71499301797486], [127.66303312906541, 36.716144463527584], [127.66297520540354, 36.716263099849904], [127.66220647398019, 36.71703545860111], [127.66213030107313, 36.71719528657333], [127.66156338257277, 36.71935963253808], [127.66140951664885, 36.72229489414026], [127.66221931489144, 36.72502725126706], [127.6636897083274, 36.727396902606145], [127.66383385080523, 36.72761877208743], [127.66446776940677, 36.72867434333382], [127.66459986738462, 36.72954433891379], [127.66453885676006, 36.72992039126177], [127.66450499239481, 36.72999313095324], [127.66759668149015, 36.72691957314644], [127.6685160595662, 36.72632478164075], [127.66913093411048, 36.72583061415278], [127.6698842930993, 36.72505882782375], [127.67020377280943, 36.7245244641054], [127.67045520183491, 36.723887173586256], [127.67074519724733, 36.72344442867901], [127.67140780730186, 36.722666559472486], [127.67198116866521, 36.72219134180578], [127.67198990515678, 36.72218410198514], [127.67200136679777, 36.722177629896365], [127.67252850640695, 36.72188003355229], [127.6734720599919, 36.721723067851194], [127.67739841233826, 36.71979152239243], [127.67776780745754, 36.719515418192984], [127.67854620454821, 36.71885967634316], [127.67894401227134, 36.71796028630819], [127.67894795113395, 36.71795138002966]]]]}, "properties": {"name": "\uccad\uc8fc\uc2dc\uc0c1\ub2f9\uad6c", "base_year": "2018", "name_eng": "Cheongjusisangdanggu", "code": "33041"}}, {"type": "Feature", "geometry": {"type": "MultiPolygon", "coordinates": [[[[127.4843299623148, 36.64057071238748], [127.48456111104986, 36.63828869475093], [127.48459042143715, 36.63791661968733], [127.48461208456227, 36.63761283568807], [127.48461773250514, 36.636593977677464], [127.48461143987122, 36.6365460027371], [127.48458656068843, 36.63616095430413], [127.48455698397818, 36.635449394254394], [127.48399330625912, 36.63456490211938], [127.48318189421462, 36.634033883431044], [127.48268253733065, 36.63377596436544], [127.48258761092846, 36.63370200420419], [127.48248321183974, 36.63352353544246], [127.48235807742066, 36.633276959797406], [127.4822590255877, 36.632983558644575], [127.48220287530818, 36.6327277499996], [127.48218519755302, 36.63256398739923], [127.4822292413648, 36.63208557575881], [127.48227098615729, 36.63181671083598], [127.48240786793073, 36.63122262438379], [127.48250420357179, 36.630926550230555], [127.4833897540104, 36.629405643254316], [127.4835194992215, 36.62919539106915], [127.48459846864715, 36.62876704287444], [127.48712795078654, 36.62728820951327], [127.48858331672953, 36.62637588242231], [127.48872933198932, 36.62622580743286], [127.48918408122145, 36.625858595693835], [127.4893787537962, 36.62570396722053], [127.48943876415998, 36.625659360031875], [127.48958598846433, 36.62556162516388], [127.49023135266894, 36.62514436470144], [127.49036695309385, 36.62505797508612], [127.49121393207099, 36.624656975834185], [127.49175458484541, 36.6244074846769], [127.49390540042886, 36.622380351109996], [127.49379350492949, 36.61878625707304], [127.49403791240724, 36.616274031232855], [127.49496433242531, 36.615625209388675], [127.49744699466554, 36.61486152560709], [127.49743688714643, 36.613118982249254], [127.49724103909818, 36.61301771759173], [127.49672128016681, 36.61259829693766], [127.4965757329128, 36.61235175011722], [127.49647608325796, 36.611968644963994], [127.4964194319197, 36.611511785518324], [127.49641938967909, 36.611457951423375], [127.49650506142532, 36.611273279474474], [127.49656810958246, 36.61112065520717], [127.49682000696842, 36.610504896590676], [127.49688312627016, 36.61027619977876], [127.49700350531522, 36.60973564590322], [127.49702908563327, 36.60961454593959], [127.49706824698815, 36.60927309930213], [127.4971335917976, 36.60832479788408], [127.49721580675205, 36.6061741372567], [127.4972009902483, 36.600752590297816], [127.4971734844874, 36.600044752394176], [127.49694753895359, 36.59526231985132], [127.49678415702738, 36.594068247530764], [127.49773666934828, 36.594146620995474], [127.49849950122079, 36.593676640792886], [127.4988801753874, 36.59099588310536], [127.4985989653419, 36.58910366748104], [127.49891732760194, 36.588371422993454], [127.4931253142995, 36.58555204998736], [127.4930972818283, 36.58553834367412], [127.49131750319656, 36.584665338728186], [127.49130662719564, 36.58465952502437], [127.49184546225027, 36.583922890161816], [127.49217720650061, 36.58355161083522], [127.492229903053, 36.583509402153624], [127.49249662504211, 36.58326881082585], [127.49255329080867, 36.583213103093904], [127.49245320820553, 36.583089538149494], [127.49240903040835, 36.5830350843632], [127.4920022653883, 36.58271165859389], [127.491715206458, 36.58261433760301], [127.48819952530923, 36.58193561095171], [127.48603414218009, 36.582366720715044], [127.48562020243268, 36.582510330150576], [127.48557955843675, 36.582643645413064], [127.48478613207921, 36.583208935496586], [127.48262906219033, 36.583072697132124], [127.48138224754098, 36.58285967590016], [127.48077997787689, 36.58261145872161], [127.48010855250975, 36.58229512897938], [127.47937838726858, 36.58190333641294], [127.47634992056135, 36.58107609976549], [127.47408046448469, 36.581071172665325], [127.47379931900774, 36.58049509985139], [127.47198029046515, 36.578088768113794], [127.46912563905676, 36.57340374224593], [127.46839402032671, 36.571665199046606], [127.46780262986223, 36.569491892260274], [127.46703714800398, 36.563769111905856], [127.46724459790329, 36.56208060425402], [127.4682582910254, 36.5616752938219], [127.46910020387655, 36.561436998099474], [127.47202343793326, 36.560871614188876], [127.47255284252074, 36.560959052949634], [127.47285186778925, 36.561224751218305], [127.47301275302918, 36.56160488040226], [127.47328631390316, 36.56180626260648], [127.4741085196534, 36.56227202044148], [127.47525569605828, 36.562869019986195], [127.4757924521423, 36.56284591540684], [127.479819088684, 36.562138011844745], [127.48095001568977, 36.56182467904407], [127.4817784627176, 36.56136933705591], [127.48179132165195, 36.560860938075386], [127.48179280159259, 36.560802231090186], [127.48169145212081, 36.56049330876518], [127.48167098196056, 36.56048307168179], [127.48097641872063, 36.56011768195432], [127.48073736870974, 36.55979473177857], [127.47955572917432, 36.55766626647897], [127.47953944881573, 36.55723013559953], [127.47970083161135, 36.5565450523442], [127.47982949036744, 36.55601683148008], [127.48028822630921, 36.5547142120093], [127.48146652134348, 36.55477806835733], [127.48413502621388, 36.55195614658085], [127.48444428597787, 36.55120203184192], [127.4842931361429, 36.55081250691848], [127.48394013988076, 36.55025116728552], [127.48442817480358, 36.54917957210812], [127.48520580296461, 36.548239719157465], [127.48589602164199, 36.54761537616875], [127.48634679511844, 36.54743703839958], [127.48591709024353, 36.54645444967011], [127.4853722515531, 36.54525128303632], [127.48499897832434, 36.54489976866517], [127.48480478259698, 36.544820048606404], [127.48474673156814, 36.54484151521351], [127.48440722979917, 36.545004535007884], [127.48426209934614, 36.54513520273747], [127.4839878223915, 36.54542134220371], [127.48392234197814, 36.545507069889354], [127.48387183407338, 36.54570072136511], [127.48384672301493, 36.546033944726304], [127.4838290721237, 36.54610335875112], [127.48376261405929, 36.54623901283641], [127.48285033749576, 36.547365235771395], [127.48273758557127, 36.54743433029165], [127.48262018809041, 36.54745160964285], [127.48248481689347, 36.54747152225998], [127.47982397246243, 36.547677356802055], [127.47974847769069, 36.54767765863249], [127.47965492565373, 36.547666498220984], [127.47743924738936, 36.546342582992715], [127.47725502384291, 36.54619964213889], [127.4754660008232, 36.54519201466465], [127.47079791053821, 36.542827601808014], [127.4707028928356, 36.542790506510826], [127.47060471814515, 36.54277045435276], [127.46940980560197, 36.542632335121944], [127.4683910328841, 36.542520434259444], [127.46726117319253, 36.542444543926436], [127.46645997742588, 36.54245544684842], [127.46621705449797, 36.54255419395682], [127.46621014946089, 36.54256302321605], [127.46607946114628, 36.543540428322025], [127.46581220605971, 36.5443217908902], [127.46102712468723, 36.547166170794235], [127.45898415592067, 36.548358786759984], [127.45697483324447, 36.548975205671375], [127.45569024614814, 36.54878445955768], [127.45457416653655, 36.548404044429205], [127.45374325631688, 36.54802243251859], [127.44957322555977, 36.548282264206], [127.44797302372874, 36.547210110463595], [127.4471136757324, 36.544072430558266], [127.44710156343216, 36.54276551195183], [127.44714602583328, 36.542598888916594], [127.44743346816364, 36.54175608835047], [127.44788894075279, 36.54195817655212], [127.44897597926519, 36.5417799397891], [127.45183218387479, 36.54128287067613], [127.45359211899668, 36.537600787621926], [127.45512909777594, 36.53198782493581], [127.45521032959131, 36.53130696807051], [127.45565411972605, 36.525597966921644], [127.45489906990963, 36.52400712095537], [127.45461173188602, 36.519746457811486], [127.45406497333181, 36.51869538117412], [127.45120115469003, 36.516644319808215], [127.45036290959398, 36.516359256167476], [127.44607001993849, 36.51500275690878], [127.44537405492417, 36.51490284519914], [127.44527663186658, 36.51344464607727], [127.44527498116982, 36.5134113820567], [127.44526177033421, 36.51314488313159], [127.44529278555181, 36.51297339731078], [127.44585001245163, 36.511121981704314], [127.44701834854587, 36.508703436138205], [127.44784397200627, 36.50767534602965], [127.44842648061359, 36.507056342275554], [127.44890641742161, 36.50667786445382], [127.44912620646691, 36.5054426012242], [127.44921884630203, 36.504120798836986], [127.44955626619439, 36.50144355862192], [127.44977482204494, 36.500500152061925], [127.45245895281788, 36.50049795856874], [127.45374525352831, 36.50099782982631], [127.45513664604464, 36.50034482228658], [127.45580322679686, 36.49979554397892], [127.45585311306314, 36.49975443515834], [127.45665079806524, 36.49892263019574], [127.45667585135305, 36.49874253022394], [127.45667974943683, 36.49871447366304], [127.45693534237265, 36.49757566719075], [127.45705555921487, 36.497040027794036], [127.45775560342629, 36.49590450755888], [127.45859194415561, 36.49529281685668], [127.46063335944145, 36.49522964151973], [127.46536415702656, 36.49346586271589], [127.466991339836, 36.49253871857597], [127.46720528554613, 36.49168053408927], [127.46743742305759, 36.491257469184994], [127.47051171621776, 36.490603710782565], [127.47098869934199, 36.49058239676893], [127.4718863025201, 36.49077314073405], [127.47233846755262, 36.49090300402851], [127.47272927867125, 36.491081752761595], [127.4729329413865, 36.49109907316439], [127.47482319025978, 36.49053966453978], [127.47566873641765, 36.49023187249761], [127.47574926061736, 36.4887751156604], [127.47587741074514, 36.485855643165706], [127.47587404973763, 36.48582866266665], [127.4757808533993, 36.4850805940513], [127.47640568089538, 36.482844746258436], [127.47679589514152, 36.481487641539665], [127.47716363327392, 36.48050139899663], [127.47753587644976, 36.48038951055554], [127.47910301430056, 36.47828456468259], [127.48045281579715, 36.477178811320144], [127.47986659383095, 36.47706513195889], [127.47612790541062, 36.476331818651985], [127.47497592141109, 36.47594721673568], [127.47461149359255, 36.4758247544734], [127.47420103419552, 36.475674023830635], [127.47242730681097, 36.475021793903736], [127.47179892065188, 36.474697048416296], [127.47125648600301, 36.47436998719522], [127.4707676603558, 36.47402919021547], [127.47028654389713, 36.473663578718075], [127.4701553891885, 36.47354046558267], [127.4668096006635, 36.4701841147416], [127.46603352500858, 36.468820493595516], [127.46378070870315, 36.46451414584958], [127.46368659076765, 36.464136028799814], [127.4636363912276, 36.46381350221266], [127.46358930865709, 36.463399435752336], [127.46358530586714, 36.4632834281749], [127.46358463209694, 36.462874534349154], [127.46358967324971, 36.46231410858495], [127.46351313588555, 36.46031414281088], [127.46351251827943, 36.46029837495235], [127.46258021446091, 36.456161757218595], [127.46255822354887, 36.45612720206298], [127.4625001673118, 36.45606631914744], [127.46155929348265, 36.455093606427475], [127.46096200869225, 36.45448059238392], [127.45956863662157, 36.453289670927475], [127.45857803654921, 36.45244413356368], [127.4584053210258, 36.45229863752067], [127.45653797020485, 36.45125903007818], [127.45476213316127, 36.45027480332809], [127.45404525111692, 36.450058990774096], [127.45255494115456, 36.44961320785804], [127.45133058282602, 36.449253151037766], [127.44716182803215, 36.44919472126142], [127.44410330186088, 36.450398431930275], [127.44392462733498, 36.45048442495726], [127.44297179615157, 36.45094725976849], [127.44241556096462, 36.45127485706631], [127.44241192255106, 36.451278528128555], [127.4420525082361, 36.45164313599926], [127.44196104057573, 36.45174203314674], [127.44177155411883, 36.45195309629706], [127.44170262331473, 36.45203107530591], [127.44160148240393, 36.452145498034945], [127.44147459568698, 36.452299445379374], [127.44070824486343, 36.45298320095055], [127.43916946562815, 36.45433044030767], [127.43750013620502, 36.45571727906942], [127.43743869248233, 36.455765098048545], [127.43586139786045, 36.45644501716789], [127.42744922939049, 36.456869591601695], [127.42618035081273, 36.456591375529165], [127.42470502692674, 36.456267699840964], [127.42470453990416, 36.45617811045735], [127.41818647570886, 36.455099419889976], [127.4170380856711, 36.45491868637883], [127.41697686252874, 36.45490960872329], [127.41629201766196, 36.45480807933465], [127.41628626983628, 36.45480753078231], [127.41615809327398, 36.45479671176545], [127.41570768220213, 36.45475885051926], [127.4149657579085, 36.454706506406225], [127.41416800431182, 36.45470898709375], [127.41301998844061, 36.454808357915724], [127.40745536357589, 36.454805219090474], [127.40208536865157, 36.45604053933652], [127.40188852728721, 36.45623056705529], [127.40143729451854, 36.45670434702252], [127.39993280973138, 36.45890610830113], [127.3996766179879, 36.4618366682239], [127.40139281848884, 36.46266656852537], [127.40138414028502, 36.46554541487805], [127.40137363705841, 36.465937863803006], [127.4013414593683, 36.466295898956254], [127.4012375835157, 36.46670564025227], [127.40104851017699, 36.46734736115917], [127.40147891179437, 36.46952763117868], [127.40163525854196, 36.47030890913891], [127.40203565078033, 36.47230176535246], [127.4022681618219, 36.47277112280805], [127.40263378008181, 36.47350725520994], [127.4027335162452, 36.47370339695072], [127.40283830273434, 36.47390946306711], [127.4033054035498, 36.47484505744098], [127.40331481705334, 36.4748639140967], [127.40343108484183, 36.47509820119447], [127.40416031699792, 36.4765676923459], [127.40416032393568, 36.47656931058359], [127.40416185486777, 36.477236155934285], [127.4041624022813, 36.47750959789889], [127.4041632863454, 36.479834063372586], [127.40416247694118, 36.48098810669602], [127.404144126076, 36.48111425807296], [127.40395589359363, 36.48184521527787], [127.40376925447065, 36.48256945704604], [127.40301412678741, 36.485483562957675], [127.39892240738492, 36.489104663227806], [127.39612055427725, 36.49172147062538], [127.39612424328064, 36.491724773399156], [127.3969998233117, 36.492347242051515], [127.39981534315724, 36.49334983742183], [127.40029554818189, 36.493444051781914], [127.40536815855833, 36.494238400671115], [127.40941393745936, 36.495206931100036], [127.40982635192546, 36.49532080788734], [127.41056225499473, 36.496278409176426], [127.41057469707481, 36.49634340360772], [127.41080358060464, 36.497752279549125], [127.41063338401437, 36.498055918980015], [127.41033382617161, 36.498345132261534], [127.40870125154545, 36.49946766608809], [127.40780799655958, 36.5033036591659], [127.40810083079455, 36.504449341205984], [127.40836440179164, 36.50516919678086], [127.40878517346492, 36.506316907847335], [127.40906631795, 36.507425121769195], [127.40904397210032, 36.50974842831417], [127.40880791082847, 36.509947279627156], [127.40648703261127, 36.51130970702588], [127.40494795084632, 36.51194612803122], [127.40490026167713, 36.512075405383605], [127.40468907697819, 36.51264897646694], [127.40468284705443, 36.51267659035221], [127.40422183745281, 36.51543845653114], [127.4041625936514, 36.516773015168866], [127.40413931948842, 36.516876923229724], [127.4037537082728, 36.51737866333821], [127.40306308715553, 36.517623642773536], [127.40138622392858, 36.518480567200164], [127.40036336999032, 36.5190243624857], [127.39763502186219, 36.52057828259302], [127.39767387577682, 36.521049440626044], [127.39775669326377, 36.52118240040386], [127.39781382693441, 36.521260293402925], [127.3978894063842, 36.521346229257404], [127.40149316725963, 36.52365381008238], [127.4019203610529, 36.52376327066696], [127.40432845977361, 36.52392573039947], [127.40618006194845, 36.52379845763732], [127.40680071040613, 36.52316760604345], [127.40765524540076, 36.52307801820519], [127.40860112993984, 36.52369118376823], [127.40871375926422, 36.52395473596154], [127.40869370695701, 36.52519454873026], [127.40869101616887, 36.525288608915254], [127.40839493405754, 36.52720510466815], [127.40797548632152, 36.527810732878756], [127.40562164942627, 36.53139623074123], [127.40537990390396, 36.53422116094983], [127.40524841728825, 36.53639450749468], [127.40524350162946, 36.53660709297755], [127.40501266324998, 36.537311007177806], [127.40182466994949, 36.54124048065285], [127.4015150422617, 36.541493198705524], [127.40019353929331, 36.54178371940591], [127.40008191812512, 36.541718551181674], [127.39918614916229, 36.54116443107175], [127.39897134716797, 36.5409847113234], [127.39853270959617, 36.540550453669454], [127.3978219169675, 36.54021289933037], [127.39650330652512, 36.540154817340664], [127.39513685243645, 36.54010517636841], [127.39317251119657, 36.54003389388452], [127.3923342295601, 36.54001380799767], [127.38962986611708, 36.54030337173446], [127.38898145183087, 36.54038648430803], [127.38438296453462, 36.54121947179894], [127.38388437651975, 36.541532740634004], [127.38375678453494, 36.54176137140859], [127.38356683194748, 36.54219891525056], [127.3835059584968, 36.5428555819856], [127.38354851076345, 36.543135077791426], [127.38374750422852, 36.54339003196595], [127.3839097182981, 36.54376198785973], [127.38392926441946, 36.54380777483307], [127.38399901377366, 36.5445024538348], [127.38387364347737, 36.545476142778824], [127.3831860340099, 36.54786464016611], [127.38251451499598, 36.54837011040255], [127.38169259378499, 36.548876047923784], [127.38099388447529, 36.548934260998465], [127.37917972070305, 36.54938747249335], [127.37885812450406, 36.5495861619405], [127.3785249198122, 36.54980619367422], [127.37847998331767, 36.55022818652968], [127.37842932765635, 36.55110109828943], [127.37871227544682, 36.552189318455696], [127.3789255397502, 36.55252937394834], [127.37923071380119, 36.552586188288004], [127.37899874486685, 36.553355963707055], [127.37862387835143, 36.55421371761443], [127.37809665899775, 36.55516677003197], [127.37776374121873, 36.5555867509915], [127.37564603968994, 36.55777929558669], [127.3756329932044, 36.55779263874448], [127.37558735509997, 36.5578393109626], [127.37555718881694, 36.557858409514424], [127.37486640557204, 36.5577521143865], [127.37462510579337, 36.55770661414298], [127.37448440261653, 36.557684245704976], [127.37439671764946, 36.557670625317314], [127.37375092218747, 36.557637011140216], [127.37359329962365, 36.55771570819432], [127.37350803538843, 36.557810287087385], [127.37321247211848, 36.558380547515725], [127.37254698336757, 36.55972424260349], [127.3726747853999, 36.55993293608542], [127.37270483696989, 36.559958803622564], [127.37303371709096, 36.56010466507837], [127.37316786225712, 36.5601516827188], [127.37500479968821, 36.560214121069734], [127.37558872715552, 36.56042951994944], [127.37649145433632, 36.56094371103836], [127.3779691044885, 36.56289447873221], [127.37798415441556, 36.56293633315683], [127.37793506424102, 36.562999738307596], [127.3770288938899, 36.56396000830584], [127.37754879493305, 36.56782892999153], [127.37716028250179, 36.56788811459553], [127.37712515500328, 36.567873340544196], [127.37824571854304, 36.56944859147776], [127.38135431340862, 36.5731633348801], [127.38497136292946, 36.576491080550674], [127.38533881229688, 36.57674472007669], [127.38558184022232, 36.57685725607767], [127.38626408553048, 36.57700467964276], [127.38671636266767, 36.57726881902797], [127.38685548198576, 36.57747042166091], [127.38703752348371, 36.57794517262324], [127.3874519333305, 36.5791991472257], [127.387488973013, 36.579430880146155], [127.38757282640285, 36.580839827817165], [127.3875680077666, 36.580902157012886], [127.38756585569577, 36.58095248426731], [127.38757779988019, 36.58106233864373], [127.38760390835772, 36.58118484368532], [127.38774079925645, 36.581601003300335], [127.38779413730062, 36.581759439110606], [127.38807866997547, 36.582595777634], [127.38877578540074, 36.584076113018625], [127.38960135799239, 36.58496473908852], [127.38973006397397, 36.58503941092493], [127.3903924492125, 36.585420630251164], [127.39213901511613, 36.585971215034554], [127.39803983530979, 36.590535356774836], [127.39824362685923, 36.590716357453736], [127.39906972914521, 36.59171009427522], [127.39917232768497, 36.59185622124611], [127.39923268030648, 36.591943015053815], [127.39960903229087, 36.592591852443284], [127.40022532076404, 36.59373020278367], [127.40065448796345, 36.594549812260134], [127.40077971488398, 36.59550788187917], [127.40088787079183, 36.59584857991342], [127.4010162073877, 36.596040784438784], [127.40164908662224, 36.596521622434544], [127.40191175673512, 36.59667291201379], [127.40244654748072, 36.596961171364455], [127.40445144786564, 36.59774697127072], [127.40850754372647, 36.602104672397076], [127.41160576690392, 36.60491368390028], [127.41167779080887, 36.604966550031016], [127.41289871043828, 36.60584514975618], [127.41303158803962, 36.60592207915579], [127.41314083420853, 36.605981609314924], [127.41463775472042, 36.606695630647124], [127.41476389061792, 36.60674217715259], [127.41484993605401, 36.6067662447714], [127.41505899595792, 36.60677353926971], [127.41508399827762, 36.606773417354525], [127.41548377544123, 36.60672685586723], [127.41564357845749, 36.604858620312385], [127.41633028362665, 36.603607374943685], [127.41653620043299, 36.6032883178729], [127.4165808029724, 36.60325631599578], [127.41701605824605, 36.602982873064306], [127.41742700143445, 36.602794637081175], [127.41766664587436, 36.60279226965372], [127.41800571117967, 36.60278691228821], [127.41814482936604, 36.60278392117271], [127.41869744407316, 36.6023739018785], [127.41957536445064, 36.59921791867107], [127.4195909546439, 36.599011044927266], [127.41959400351139, 36.59885703049487], [127.4194905143635, 36.598635417005376], [127.41931810946646, 36.59808096306999], [127.41909456155794, 36.59722663664265], [127.41947582725999, 36.59660449470951], [127.42173583628853, 36.59688063795612], [127.42430481908454, 36.59771095329765], [127.42765141201879, 36.59954681116404], [127.43033919381018, 36.59940026203674], [127.43186354312365, 36.59920392669845], [127.43222407071971, 36.599089965836775], [127.43301342211696, 36.59871996168001], [127.43364200300205, 36.598620795408564], [127.43384284616874, 36.598645281921414], [127.4342287637663, 36.59944260419823], [127.434399333246, 36.59995708895775], [127.43441245771513, 36.60028396243858], [127.43430137063648, 36.60114093355323], [127.43422977746549, 36.60152551687303], [127.43375836177793, 36.60184962389325], [127.43331936405544, 36.60282155924962], [127.43422471438433, 36.60591939286293], [127.4347452493007, 36.6062103685513], [127.43479918729186, 36.606202044749644], [127.43492116248335, 36.606178269379775], [127.43510015466559, 36.606141140338885], [127.43585591961961, 36.60642674978676], [127.4361370969625, 36.60661376335093], [127.4366217891712, 36.60730853063469], [127.43682901449739, 36.60794361840389], [127.43689942446582, 36.60841552547305], [127.43690817968724, 36.60910218995484], [127.43679498488352, 36.60941397670679], [127.43662103596496, 36.60983076324584], [127.4366421902709, 36.610404902386364], [127.43670156763717, 36.61061838887724], [127.43671596308977, 36.610651883715], [127.43761691342021, 36.61143899580098], [127.43780839800219, 36.61143273488962], [127.43795666824677, 36.611450441045406], [127.43815116376518, 36.611496577340084], [127.43838230577451, 36.61160522618179], [127.43983402830214, 36.61228766379381], [127.4400520125814, 36.612423200847346], [127.44073488713867, 36.61293911303123], [127.4412145148502, 36.613349701513116], [127.44479015950965, 36.61642272143996], [127.4448364800268, 36.61683986114162], [127.44485995385169, 36.617093621113064], [127.44487907072094, 36.6173475764825], [127.44489382618139, 36.617601638902805], [127.44491107531817, 36.61790011761038], [127.44492113833128, 36.61815437886902], [127.44492661840079, 36.6184087470795], [127.4449276274448, 36.618663040190995], [127.4449245405116, 36.61902197039337], [127.44492121420306, 36.619182833547335], [127.44491341460606, 36.61934353416183], [127.4449012558312, 36.61950397853266], [127.4448846214768, 36.61966425945925], [127.44486351611447, 36.619824200247706], [127.44483804714827, 36.61998370358334], [127.44480821269734, 36.62014223306965], [127.4447293750351, 36.62050892244025], [127.44472096493948, 36.62054337839601], [127.44469620210647, 36.62063105856387], [127.44466718781689, 36.62071785418213], [127.44463380581097, 36.620803675945155], [127.444596282117, 36.62088834094982], [127.44455450271258, 36.62097176079213], [127.44450868915536, 36.621053751664775], [127.44314182591978, 36.62334714414514], [127.44334421176973, 36.62364773125114], [127.44406489589633, 36.62404867130417], [127.44415752882367, 36.62409960082111], [127.44425094304957, 36.62414980582523], [127.44434468857784, 36.62419983061049], [127.44443899165364, 36.62424922272865], [127.4445345151579, 36.624296896179544], [127.44468895609005, 36.62436480854623], [127.44477005524976, 36.624392620476435], [127.44484296864164, 36.624415869677236], [127.44494767936831, 36.624447739247216], [127.44505283371602, 36.62447870742971], [127.44515865504725, 36.624509224174794], [127.44574014903716, 36.62467268261211], [127.44603674770865, 36.62471230751145], [127.4466297559487, 36.62472000657074], [127.44668532131702, 36.62472033885792], [127.44674143968449, 36.624719949264964], [127.44728895826225, 36.624709701982596], [127.44737905525211, 36.624708014532274], [127.44991856391417, 36.62540373986282], [127.44993733593631, 36.626164362911865], [127.4500093474631, 36.627710330571226], [127.45007032232304, 36.628971945879854], [127.45007844572491, 36.629119608549125], [127.45008784705942, 36.62921779747275], [127.4500951730738, 36.62926651936193], [127.4501065060393, 36.62933180887757], [127.45012030401442, 36.62939735815366], [127.45013465295104, 36.629461915107456], [127.45015168630596, 36.62952646056096], [127.45017016748811, 36.62959028271304], [127.45019055026651, 36.62965391544025], [127.4502375668033, 36.62978007464922], [127.45029407242676, 36.62990340618739], [127.4503243933323, 36.62996519946839], [127.45035660571547, 36.63002518241748], [127.45038213654874, 36.630070684499614], [127.45040775914613, 36.63011266896472], [127.4504369851222, 36.630158877544716], [127.4504650745124, 36.630201934905415], [127.45049484358539, 36.63024552844756], [127.45052527565666, 36.6302878556511], [127.45055749743173, 36.63033008803037], [127.45059016045374, 36.630371505628496], [127.45062360652494, 36.6304128306875], [127.45065816489, 36.63045343229376], [127.45070543272948, 36.63050660153768], [127.45076662175747, 36.63057007884651], [127.45083015987655, 36.63063336958094], [127.45088321541593, 36.63068255020512], [127.4509232306005, 36.63071889530094], [127.45096458161558, 36.6307547838729], [127.45310293488022, 36.63260931931369], [127.45463615203532, 36.63266702921098], [127.4562114896183, 36.63321395475498], [127.4563481952155, 36.6346912635023], [127.45651011413754, 36.636440007607234], [127.45665336489382, 36.63798722875848], [127.4617105970094, 36.63936904644324], [127.46265304323653, 36.638796162519725], [127.46364828276239, 36.63819116683227], [127.46544785607601, 36.63776470063274], [127.46684115811556, 36.637761158831694], [127.46689661679918, 36.6377610318178], [127.46694938672829, 36.63986025986144], [127.46894798726588, 36.63985522991004], [127.46897316639081, 36.64248676526387], [127.47249858064573, 36.642544158761304], [127.47252880717681, 36.64254494643196], [127.47262969563644, 36.642547980654825], [127.47272339055809, 36.642552190500815], [127.47283537656963, 36.64256102912631], [127.47294716014054, 36.64257302284097], [127.472990799885, 36.64257968939875], [127.47309682751523, 36.64259594935583], [127.47313519631886, 36.64260183577661], [127.47322307884127, 36.64261842868799], [127.47330032492206, 36.64263510930084], [127.47331075028025, 36.64263736538007], [127.4733352719395, 36.642643562354365], [127.47346553793672, 36.6426770946842], [127.47347437918044, 36.64267954692266], [127.47351526322613, 36.64269089324828], [127.47368254415264, 36.64274501835187], [127.47376446874698, 36.64277506168887], [127.47384595650765, 36.64280690786796], [127.47389573539876, 36.64282806791106], [127.473978823383, 36.6428654044677], [127.47460900704311, 36.64316492406345], [127.47531920155308, 36.64350246403352], [127.48074025894726, 36.6460787358567], [127.48185538059008, 36.646464863305575], [127.48258056140261, 36.64515158088562], [127.48277682168849, 36.64483602780772], [127.48353323951677, 36.644120209129994], [127.48364744194419, 36.6438109969429], [127.48379267414344, 36.6433295974908], [127.48394546160401, 36.642776493750155], [127.48397643463466, 36.64266324101678], [127.4840774395529, 36.6422664370858], [127.48409034160844, 36.642204983736505], [127.48410804111253, 36.642108022847715], [127.48413132367078, 36.64197390478001], [127.48417734942794, 36.64169432590978], [127.48422840971205, 36.64137760057093], [127.4843299623148, 36.64057071238748]]]]}, "properties": {"name": "\uccad\uc8fc\uc2dc\uc11c\uc6d0\uad6c", "base_year": "2018", "name_eng": "Cheongjusiseowongu", "code": "33042"}}, {"type": "Feature", "geometry": {"type": "MultiPolygon", "coordinates": [[[[127.31048747232856, 36.72428557182188], [127.31137845361555, 36.72403713021534], [127.31148852853414, 36.72400727953833], [127.31241882092611, 36.72378013314279], [127.31340882151211, 36.72383077118109], [127.31629438027608, 36.72429231410187], [127.31654606799688, 36.72433360247658], [127.31684798815205, 36.72438461686458], [127.3171101327432, 36.72445967900048], [127.31726434319484, 36.72452966582526], [127.31801274349175, 36.724908119378355], [127.3186235332281, 36.724298846243066], [127.31883350652586, 36.72418048369591], [127.31890240708765, 36.72415081658633], [127.32019549234822, 36.723672816108596], [127.3247732915789, 36.724116778097425], [127.32667306039984, 36.72362689304113], [127.32700490039483, 36.72342946256676], [127.32956995437151, 36.721991669987325], [127.3300817022456, 36.72174034314912], [127.33100929836189, 36.721422758146865], [127.33830497976624, 36.719128279444966], [127.33947661822025, 36.7188932997572], [127.3403002222503, 36.71881293114982], [127.34124796554367, 36.7187364474707], [127.34751519732575, 36.7188655285259], [127.35219186714845, 36.718006084477224], [127.3588002774819, 36.717385841899976], [127.36303644142447, 36.7173185702006], [127.36339851933862, 36.71688997303478], [127.36367899287929, 36.7166737361567], [127.36848818042263, 36.71448808044045], [127.37027568595896, 36.7137456975698], [127.37209893390406, 36.713087744711615], [127.37229803451594, 36.71303911403287], [127.37467037514119, 36.71251055031305], [127.37473058001927, 36.71250167640259], [127.37483190859133, 36.71249302232982], [127.3748662155866, 36.712493490872404], [127.37490537655991, 36.712495811055746], [127.37680562432922, 36.7127863656513], [127.37697735642396, 36.71281769469617], [127.37770184961789, 36.71300831944713], [127.3777957919439, 36.71303866830367], [127.3784785953167, 36.71329059487568], [127.37856253974672, 36.713327573015405], [127.38021554319029, 36.71413737402244], [127.38027956867226, 36.714172340744966], [127.38086553048245, 36.714522495915205], [127.38094677097807, 36.71457323844901], [127.38124471905232, 36.71477826532605], [127.38134856229856, 36.71490508198707], [127.38139695567536, 36.715011060290145], [127.38144886177564, 36.71513943835606], [127.38154525672917, 36.71526516898305], [127.38161717779829, 36.715314573541235], [127.3870629770661, 36.71764500858465], [127.38708166745947, 36.71765155306115], [127.38773635920265, 36.71777183755025], [127.38825328509617, 36.71783759854471], [127.38856531741418, 36.717849327442394], [127.38864043674721, 36.717852118042885], [127.3904418422953, 36.71783839769085], [127.39111798327629, 36.717822859669546], [127.3911751194967, 36.71781749057018], [127.39348238212094, 36.71757225666854], [127.39361478912349, 36.7175507254489], [127.39385499326437, 36.71749168690766], [127.39417334646306, 36.7174081301139], [127.39465510098778, 36.717275608122776], [127.39548739949277, 36.716788048464075], [127.39753515676186, 36.71558589302547], [127.39792862109557, 36.7153190525332], [127.39844161399981, 36.71493541506492], [127.3986047192889, 36.714801732086194], [127.39938227270858, 36.714063412680176], [127.3994479569324, 36.713995339516686], [127.39957659612718, 36.71384607179871], [127.3996395073755, 36.71360931913656], [127.39972624848453, 36.71331191446355], [127.39978212358973, 36.71319317761794], [127.40014579992081, 36.71247634938794], [127.40021598507082, 36.71234803997906], [127.40798686740295, 36.7095224513375], [127.40800007788175, 36.70954421244725], [127.40801260414182, 36.70956381504873], [127.40803098961652, 36.70959096574471], [127.40804756213073, 36.70961406759066], [127.40806266503303, 36.70963402046854], [127.4080783276358, 36.709653971575726], [127.40810073282003, 36.709679396010685], [127.408125496501, 36.709706436618305], [127.40814980757408, 36.7097319439478], [127.40816983227529, 36.70975188025073], [127.40820649666486, 36.70978563669905], [127.40822797167472, 36.70980430694479], [127.40825292504442, 36.70982476644418], [127.40827551622027, 36.709842712896624], [127.40830068428994, 36.709861369467774], [127.40833236235537, 36.70988342812851], [127.40836313572221, 36.70990368850307], [127.40840378044459, 36.709928690591056], [127.40843487886576, 36.70994687795361], [127.40846641732043, 36.709963981705386], [127.40849940989209, 36.70998062878017], [127.40852712336368, 36.70999378116957], [127.40856100643882, 36.710009253083136], [127.4086371599669, 36.710040081168756], [127.40866889729865, 36.71005204812963], [127.40869872191712, 36.71006221823476], [127.40873224282531, 36.71007309820386], [127.40876676781367, 36.7100832515371], [127.40879983231741, 36.71009232970457], [127.40883502353533, 36.71010140233856], [127.40886650903292, 36.710108502874306], [127.40890326067532, 36.71011621707958], [127.4089357488397, 36.710122052849464], [127.40897730311626, 36.710128218524126], [127.40901191333826, 36.71013278487869], [127.40904505749165, 36.71013636740333], [127.40908973065119, 36.71013972817967], [127.40987719534195, 36.71018154474067], [127.409904511608, 36.71018280232012], [127.40993629840416, 36.71018305361479], [127.40996259368701, 36.71018197140703], [127.40999525774357, 36.71017888624197], [127.41002232225591, 36.71017509860181], [127.41071503919855, 36.71005710744317], [127.41086820085847, 36.709624227402216], [127.41087359040765, 36.7096067260646], [127.4108884199134, 36.70955396079165], [127.41089291442756, 36.709536282161096], [127.41089707281587, 36.70951851689359], [127.4109008956622, 36.709500751374776], [127.41090449503871, 36.709482987889416], [127.41090753414372, 36.70946513539855], [127.41091282871676, 36.70942925265792], [127.41091711392815, 36.70939337301311], [127.41092072962732, 36.709357316245075], [127.41092208917611, 36.70933928972639], [127.41092322320782, 36.70932126413934], [127.41092379891752, 36.70930323868469], [127.41092450350479, 36.70926710215618], [127.41092442425422, 36.70923096669162], [127.41092387863489, 36.709212857313865], [127.41092299952724, 36.70919474768652], [127.41092178419605, 36.70917663945821], [127.41092034734493, 36.70915862295146], [127.41091623935803, 36.709122681451774], [127.41091390444325, 36.70910475781084], [127.41090845488046, 36.70906891269626], [127.41090222206489, 36.70903316053308], [127.41089865696945, 36.70901533005918], [127.41089475896521, 36.70899759122333], [127.41088606431857, 36.70896211617978], [127.41088115833391, 36.70894438209104], [127.41087089834339, 36.70890927452428], [127.41086532234357, 36.70889181174374], [127.4108594108064, 36.70887435091253], [127.4108532750206, 36.708856980149804], [127.41083715283948, 36.70881378154829], [127.41083034714391, 36.70879659405726], [127.41081606447777, 36.70876240069514], [127.41080836325385, 36.70874548709359], [127.41079151095829, 36.70871202360091], [127.41077850733505, 36.70868692749484], [127.41076505784646, 36.708662102863684], [127.41075590463186, 36.70864564375553], [127.41074630565114, 36.70862936643657], [127.41073636840419, 36.70861308941339], [127.41071571913312, 36.70858099146922], [127.41070522657944, 36.70856507772489], [127.41069450977945, 36.708549254048094], [127.4106834595981, 36.70853334373503], [127.41067376290042, 36.70852003919677], [127.41066237677465, 36.708504489026296], [127.41065065627373, 36.70848912072788], [127.41063859945211, 36.70847384406323], [127.41060153785187, 36.708428644499456], [127.41058870206032, 36.70841391031573], [127.4105756414433, 36.70839917706214], [127.41056235910467, 36.70838471490095], [127.41054840480504, 36.70837043545794], [127.41053434096204, 36.70835633640439], [127.41051296681407, 36.70833541292839], [127.4104692117887, 36.70829429205346], [127.4104470552662, 36.70827391434946], [127.4104247892087, 36.70825371538167], [127.40974447219308, 36.70766219767092], [127.40904253482965, 36.70705186329769], [127.40899722186658, 36.70701191981376], [127.40897518001141, 36.706991720192164], [127.40895347275716, 36.70697115877485], [127.40893940867053, 36.70695714976648], [127.4089191493879, 36.70693550220747], [127.40889933793108, 36.70691367286346], [127.40887986017906, 36.7068916616473], [127.40886116678405, 36.70686919819388], [127.40884313668616, 36.706846371547186], [127.40882589289, 36.70682318125151], [127.40880367846196, 36.706791808614206], [127.40879285285202, 36.70677607656598], [127.40877705866163, 36.70675216052744], [127.40876723608308, 36.70673597531044], [127.40875278182625, 36.70671160415954], [127.4087344768274, 36.70667859538741], [127.4087258848476, 36.70666195442415], [127.4087094795644, 36.70662839963134], [127.40869793079358, 36.70660302654224], [127.40868716342737, 36.70657738169031], [127.4086771780436, 36.70655155366228], [127.40866775244264, 36.70652563417532], [127.40866184147619, 36.70650826346566], [127.40865113647877, 36.706473246689804], [127.40864383472777, 36.706446778606086], [127.40863731621575, 36.70642021758478], [127.40863146750328, 36.706393565189614], [127.40862467560406, 36.70635781466368], [127.40862039268413, 36.70633097584304], [127.40861617384503, 36.70629503526299], [127.40861307502998, 36.706259090590315], [127.40861197429852, 36.706241072654564], [127.40861055254535, 36.70620503408007], [127.40861081048229, 36.706168987440954], [127.40861167539215, 36.70614204252589], [127.40861332421824, 36.70611500247344], [127.40861693799646, 36.706079035991344], [127.40862167373211, 36.7060431551046], [127.4086257857194, 36.70601637884884], [127.40863101624713, 36.70598968818577], [127.40863472736908, 36.70597192264362], [127.40864371768745, 36.7059365677334], [127.4086536050258, 36.705901390132546], [127.4086643873329, 36.70586638983923], [127.40867629000523, 36.70583165781313], [127.40868633843337, 36.705805850651], [127.40869739447537, 36.70578031277006], [127.4087133325055, 36.705746554980195], [127.40873005662962, 36.70571315708707], [127.40874789974889, 36.70568002470696], [127.40876175779078, 36.70565537757929], [127.40878195726926, 36.70562322804938], [127.40879761096569, 36.705599294833505], [127.4088139353811, 36.70557563063863], [127.40883071058622, 36.7055521434086], [127.40883648983282, 36.70554446560324], [127.40886061501196, 36.70551410564349], [127.40887307099126, 36.70549910396038], [127.40888574905361, 36.70548410189567], [127.40891189483987, 36.705454906645684], [127.40892536083383, 36.70544044219835], [127.40894606267453, 36.70541910548057], [127.40896008994133, 36.70540500075495], [127.40897434034001, 36.70539116470766], [127.40898892946154, 36.705377507740465], [127.40900630566296, 36.70536176865217], [127.40903415410203, 36.70533734346975], [127.4090575541384, 36.705317979146905], [127.40909767679632, 36.70528657327573], [127.4192309892986, 36.69768776828055], [127.42310386214615, 36.694507165999525], [127.42374890957096, 36.69388201202466], [127.42586834268035, 36.69080888163524], [127.42585893166054, 36.69062355646254], [127.42580693428732, 36.690120016919764], [127.42579665879973, 36.68996856748164], [127.42575479284332, 36.68918286241885], [127.42670374032629, 36.68920588084036], [127.42909852011692, 36.68926876415387], [127.43027543873588, 36.68930084731481], [127.43034204293743, 36.689306013851784], [127.43145662035457, 36.68933425339408], [127.43146045461712, 36.68927945200727], [127.43146231831771, 36.689252592705095], [127.43149860950346, 36.688355039456546], [127.43153518660093, 36.68744919597007], [127.43162063759479, 36.68533387823757], [127.43163528998612, 36.68497130682739], [127.43164414672711, 36.68475338380093], [127.43164936379678, 36.68462549770454], [127.43315008008553, 36.684667672199915], [127.4349421938593, 36.68408712566457], [127.43503833704212, 36.68384040934052], [127.43507491389755, 36.68374603245442], [127.43607341512315, 36.683563220191324], [127.43701710485983, 36.68346879635439], [127.44356374632507, 36.68490061572307], [127.44663820776707, 36.6852742260166], [127.44841027912943, 36.68422837801336], [127.44856215764399, 36.682892334953294], [127.44726399052378, 36.68081592127076], [127.44732394638658, 36.676182280318436], [127.44744077544703, 36.67560481244463], [127.44744630114928, 36.67558937440883], [127.44760382253675, 36.675398945820085], [127.44778225882521, 36.67521990158604], [127.44785709867237, 36.67516361587348], [127.44809032720141, 36.675028708514404], [127.44869499474602, 36.674927082221046], [127.44891585479824, 36.67489020904826], [127.44926648028992, 36.67487234669573], [127.44938381903424, 36.674872246963524], [127.45100091148771, 36.674893125980944], [127.45121706165347, 36.67489668885351], [127.4513914374144, 36.67489957126639], [127.45158858221723, 36.67491106438423], [127.45230596945237, 36.67497195202441], [127.45297460677865, 36.67504606832538], [127.45435918691486, 36.67505812106466], [127.45482659339959, 36.67500998987932], [127.45625946336888, 36.67475522373971], [127.45649805543387, 36.67464296187961], [127.45657079582794, 36.674598141054574], [127.45757709438507, 36.67396675424731], [127.46189733745835, 36.670506331446646], [127.46239709740512, 36.67008298114452], [127.46316029502707, 36.66934126012857], [127.46469846143381, 36.667062952838535], [127.46696790997305, 36.66438713589862], [127.46887605991475, 36.66250400478105], [127.46928559920221, 36.66253138481724], [127.46972959589917, 36.662532371148], [127.46991468226989, 36.66252244405315], [127.47018765330378, 36.662493181665276], [127.47051061103991, 36.66217038307033], [127.47118711710296, 36.661434612002154], [127.47223781859503, 36.66008417198528], [127.47479315281619, 36.65528391355079], [127.48185538086635, 36.64646486404935], [127.48074025943976, 36.64607873679948], [127.4753192017538, 36.64350246498771], [127.47460900703626, 36.64316492503431], [127.47397882352689, 36.64286540548614], [127.47389573547832, 36.64282806849282], [127.4738459568285, 36.64280690892517], [127.47376446887458, 36.642775062388615], [127.4736825440704, 36.64274501935441], [127.47351526363556, 36.642690894098635], [127.4734743792622, 36.64267954750794], [127.47346553795947, 36.642677095363666], [127.47333527231063, 36.642643563307715], [127.47331075065473, 36.64263736607546], [127.4733003252201, 36.64263510999621], [127.47322307937853, 36.642618429485545], [127.47313519634912, 36.64260183676421], [127.47309682762757, 36.6425959499957], [127.47299080006933, 36.64257969035998], [127.47294716050291, 36.6425730237723], [127.47283537695618, 36.64256102972663], [127.47272339090858, 36.64255219110026], [127.47262969587113, 36.642547981257756], [127.47252880723558, 36.64254494717571], [127.47249858109234, 36.64254415942503], [127.46897316632605, 36.642486766056], [127.46894798771774, 36.6398552309541], [127.46694938720654, 36.63986026048821], [127.46689661719437, 36.63776103245864], [127.46684115823436, 36.637761159545526], [127.46544785653876, 36.63776470160462], [127.46364828298053, 36.63819116765707], [127.4626530432994, 36.63879616357953], [127.46171059715647, 36.639369047293556], [127.45665336481696, 36.63798722949427], [127.45651011418309, 36.63644000825943], [127.45634819508736, 36.634691264128904], [127.45621149013247, 36.633213955342185], [127.4546361519337, 36.632667029352504], [127.45310293509279, 36.632609320065434], [127.45096458173201, 36.63075478463429], [127.4509232310014, 36.63071889527804], [127.45088321593036, 36.63068255031609], [127.45083016021404, 36.63063336966542], [127.45076662204872, 36.63057007947945], [127.45070543322106, 36.63050660150162], [127.45065816533749, 36.630453432889794], [127.45062360651364, 36.63041283130798], [127.45059016096067, 36.63037150552288], [127.45055749785548, 36.630330088164186], [127.45052527563601, 36.63028785553646], [127.4504948435024, 36.630245528453514], [127.45046507441263, 36.63020193555579], [127.45043698509049, 36.630158877623764], [127.45040775910782, 36.630112669137084], [127.45038213704895, 36.630070684619376], [127.45035660602235, 36.63002518250459], [127.45032439338374, 36.62996519935995], [127.45029407229318, 36.629903406733874], [127.4502375671179, 36.62978007464037], [127.45019055040848, 36.62965391554402], [127.45017016775579, 36.62959028266192], [127.45015168650761, 36.62952646129157], [127.45013465302594, 36.62946191586882], [127.45012030453607, 36.62939735891171], [127.45010650626206, 36.62933180901482], [127.45009517297447, 36.62926651930712], [127.45008784722974, 36.6292177976452], [127.45007844599095, 36.62911960930441], [127.45007032256451, 36.62897194578293], [127.45000934754684, 36.62771033119175], [127.44993733634482, 36.62616436291538], [127.44991856418721, 36.625403739934946], [127.44737905575556, 36.62470801464588], [127.44728895873193, 36.62470970200024], [127.44674144019422, 36.6247199497994], [127.44668532138864, 36.62472033957703], [127.44662975601315, 36.62472000657147], [127.44603674758527, 36.62471230749537], [127.44574014903021, 36.62467268320793], [127.44515865544913, 36.624509224266355], [127.44505283385978, 36.624478708074015], [127.44494767960498, 36.624447739805305], [127.44484296910318, 36.62441587036924], [127.44477005556601, 36.62439262121063], [127.44468895651065, 36.6243648084362], [127.44453451521531, 36.624296896903054], [127.44443899164062, 36.62424922267477], [127.44434468859211, 36.62419983056542], [127.44425094314352, 36.624149805875284], [127.4441575290203, 36.62409960079022], [127.44406489578384, 36.62404867134267], [127.44334421196639, 36.62364773118416], [127.44314182610935, 36.62334714485023], [127.44450868957324, 36.621053752270484], [127.44455450298007, 36.620971760937344], [127.44459628247088, 36.62088834095773], [127.44463380608032, 36.62080367656048], [127.44466718775207, 36.620717854739205], [127.44469620211044, 36.62063105917027], [127.44472096514693, 36.62054337849805], [127.44472937543115, 36.62050892300457], [127.44480821310476, 36.62014223304413], [127.4448380474749, 36.619983703477665], [127.44486351657432, 36.61982420016939], [127.44488462141193, 36.61966426014925], [127.44490125614536, 36.61950397911103], [127.44491341453289, 36.61934353422852], [127.44492121407154, 36.61918283421882], [127.44492454073225, 36.61902197036865], [127.44492762737225, 36.61866304089332], [127.44492661850448, 36.61840874720791], [127.44492113883155, 36.61815437881449], [127.44491107564315, 36.61790011833753], [127.44489382649115, 36.61760163949175], [127.44487907066922, 36.617347577102954], [127.4448599539577, 36.617093621079476], [127.44483648043092, 36.61683986110905], [127.44479015946446, 36.61642272207364], [127.4412145153634, 36.61334970165581], [127.44073488720315, 36.61293911303196], [127.44005201257147, 36.61242320097834], [127.43983402820706, 36.61228766392564], [127.438382305734, 36.611605226333005], [127.43815116396446, 36.611496578075126], [127.43795666818554, 36.61145044117285], [127.4378083983981, 36.61143273551911], [127.4376169136696, 36.61143899667779], [127.43671596348626, 36.61065188363668], [127.43670156809044, 36.61061838880247], [127.43664219047128, 36.61040490310203], [127.4366210364248, 36.60983076314114], [127.43679498504899, 36.60941397737051], [127.4369081800739, 36.60910218989765], [127.43689942476507, 36.608415525451896], [127.43682901437396, 36.60794361846967], [127.43662178908764, 36.60730853137837], [127.43613709744673, 36.606613764081715], [127.4358559199111, 36.60642674991967], [127.43510015507786, 36.606141140946384], [127.43492116284108, 36.60617826993795], [127.43479918765756, 36.60620204488702], [127.43474524919488, 36.60621036846039], [127.43422471482447, 36.60591939281633], [127.4333193639567, 36.6028215597829], [127.43375836204224, 36.60184962383335], [127.43422977792395, 36.601525517048294], [127.43430137067466, 36.60114093362174], [127.43441245781459, 36.60028396235746], [127.4343993332509, 36.599957089665395], [127.4342287637734, 36.5994426048689], [127.43384284644833, 36.59864528184482], [127.43364200354803, 36.59862079536467], [127.4330134224046, 36.59871996239838], [127.4322240712614, 36.59908996571893], [127.4318635429884, 36.59920392659344], [127.4303391940745, 36.59940026196629], [127.42765141198439, 36.59954681178627], [127.42430481922581, 36.5977109540001], [127.42173583616731, 36.59688063800429], [127.41947582775032, 36.59660449460931], [127.41909456178824, 36.59722663674212], [127.4193181097175, 36.598080963169465], [127.41949051463368, 36.59863541761373], [127.41959400372001, 36.59885703046401], [127.4195909545969, 36.599011045001], [127.41957536459262, 36.599217918668344], [127.41869744456054, 36.602373902589996], [127.41814482962924, 36.60278392116831], [127.41800571125715, 36.60278691234884], [127.41766664593132, 36.602792269518], [127.41742700148806, 36.60279463699828], [127.41701605815797, 36.60298287376837], [127.4165808032512, 36.60325631670538], [127.41653620045591, 36.60328831788507], [127.41633028410637, 36.603607375640216], [127.41564357837287, 36.604858620847416], [127.41548377582575, 36.60672685577136], [127.41508399851571, 36.606773417358916], [127.41505899593874, 36.606773539850565], [127.41484993617246, 36.60676624532946], [127.41476389106347, 36.60674217713512], [127.41463775497267, 36.606695630645355], [127.4131408346829, 36.605981609898784], [127.41303158800955, 36.60592207969878], [127.41289871088499, 36.6058451497035], [127.4116777913058, 36.604966549958135], [127.41160576697084, 36.604913684590365], [127.40850754361172, 36.60210467251303], [127.40445144790857, 36.59774697190622], [127.40244654766614, 36.59696117153523], [127.4019117567975, 36.59667291276374], [127.40164908653398, 36.59652162232248], [127.40101620762995, 36.59604078455414], [127.40088787129606, 36.59584858008534], [127.40077971524659, 36.595507881811514], [127.4006544884265, 36.59454981218815], [127.40022532109798, 36.59373020292287], [127.39960903260013, 36.59259185308956], [127.39923268034785, 36.59194301514963], [127.39917232806926, 36.59185622125859], [127.39906972956318, 36.59171009442331], [127.39824362693676, 36.59071635746508], [127.39803983527072, 36.59053535743931], [127.3921390153289, 36.58597121513494], [127.39039244952589, 36.58542063020021], [127.38973006422269, 36.58503941107904], [127.38960135831579, 36.58496473891432], [127.38877578583227, 36.58407611278995], [127.38807867022668, 36.58259577756275], [127.38779413730482, 36.58175943924512], [127.38774079953724, 36.58160100315781], [127.38760390847008, 36.5811848437548], [127.38757780041229, 36.581062338328884], [127.38756585595152, 36.580952484067524], [127.38756800773261, 36.58090215714032], [127.38757282675672, 36.58083982768614], [127.38748897301674, 36.57943087984401], [127.38745193321053, 36.57919914717699], [127.38703752381998, 36.57794517258199], [127.38685548244895, 36.57747042141908], [127.38671636269105, 36.577268818735526], [127.38626408590035, 36.57700467977323], [127.3855818404006, 36.57685725585052], [127.38533881233563, 36.57674471971999], [127.38497136293282, 36.57649108051705], [127.38135431384778, 36.57316333466467], [127.37824571878194, 36.56944859157994], [127.37712515498575, 36.56787334060123], [127.37706336705688, 36.56788481592084], [127.37624383998184, 36.56762083764273], [127.37594443873043, 36.56754982324807], [127.37089022579391, 36.566512891676076], [127.36507831164094, 36.564248466883804], [127.36251743982868, 36.5644535068013], [127.36248814919459, 36.564446871828316], [127.36230548303448, 36.564375059761424], [127.3618907020764, 36.564154512700284], [127.36159432030784, 36.563958150355276], [127.36147682375675, 36.56384270731715], [127.36094132651124, 36.56307853695127], [127.36085410556511, 36.56291392968518], [127.3608402078303, 36.562885135510435], [127.36077084393084, 36.56270782698513], [127.36071827420871, 36.56254633259348], [127.36050261134278, 36.562296690947306], [127.36048424365516, 36.56227690438429], [127.36008636523088, 36.56220847889478], [127.3576450567717, 36.561811338039284], [127.35665771554639, 36.56169488260977], [127.35625988597214, 36.56168453185631], [127.35311936721845, 36.562227688044885], [127.352455964026, 36.562156800089426], [127.35194789985707, 36.56214304768211], [127.35100137934856, 36.56221166672932], [127.35026510192472, 36.56289046768408], [127.34947609561186, 36.56352165696333], [127.34899496663867, 36.56381338950207], [127.34712793049982, 36.56445339647933], [127.34444211575074, 36.56435855784664], [127.34262470750852, 36.564148472651674], [127.34101254049435, 36.56364444448162], [127.3389135393048, 36.56272450247612], [127.33823837280721, 36.56234904971563], [127.33808518568061, 36.56234327393532], [127.33781059167697, 36.56243128859665], [127.3370167804349, 36.56283938768237], [127.33515455275857, 36.56809613615983], [127.33533404323192, 36.56843608480425], [127.33546421697127, 36.56858193743002], [127.33575233612765, 36.56890475511234], [127.33606720126457, 36.569330784791624], [127.33620739807418, 36.569520495955224], [127.33655021234702, 36.56998607023532], [127.33576446667618, 36.57106398999157], [127.33182076612566, 36.57452247541485], [127.33124479040104, 36.57492327367795], [127.33096833427106, 36.575053829338955], [127.32942389901605, 36.575313371162764], [127.32804566439789, 36.57577659017074], [127.32788265183711, 36.57583715982702], [127.32734364802145, 36.57603790093128], [127.32658586969296, 36.57652432138896], [127.32545492726909, 36.5777123754072], [127.32206277967497, 36.581494304475335], [127.32144027369453, 36.58377798201058], [127.3207644598226, 36.583764070801124], [127.31897440357456, 36.583717893382534], [127.31621292230305, 36.58330400405277], [127.31320590478359, 36.58287209945039], [127.31288592734644, 36.58285890479111], [127.31273738856007, 36.5828537959052], [127.308506488996, 36.58290189475586], [127.30619480476742, 36.58297944770583], [127.30614128085662, 36.58298148457936], [127.30576774537595, 36.58299570424843], [127.30521236316211, 36.583093307651986], [127.30509342709522, 36.58311539445183], [127.3040482067238, 36.583337564253064], [127.30387043919802, 36.58339669010456], [127.30341546180655, 36.58365898368914], [127.2998209193706, 36.585953247531656], [127.29956171104935, 36.58632701213587], [127.29945904879112, 36.586575594970896], [127.29944904749645, 36.58688266454812], [127.299597397105, 36.587302734120016], [127.29984573907174, 36.58767275868857], [127.299864715167, 36.58769661019759], [127.2999837815358, 36.58774076552631], [127.30000065401372, 36.58774721232152], [127.30049544541352, 36.58793635315684], [127.30143013553483, 36.58834307512838], [127.30179344932297, 36.588545503019105], [127.30216722011816, 36.588792308694345], [127.30353105143651, 36.58983283342082], [127.30376455346592, 36.59004744075762], [127.30410441586085, 36.59037819698936], [127.30436121890227, 36.59065486823029], [127.30458340203249, 36.59098246959848], [127.30484332285013, 36.59138980567719], [127.30493742054747, 36.591705162945836], [127.30497925779974, 36.59201015405552], [127.30500046197882, 36.59228799970117], [127.30499064812194, 36.59254767593103], [127.30496224302283, 36.59263646913107], [127.30479829123497, 36.59314977259453], [127.30467853028418, 36.59359344458329], [127.30460244055244, 36.59395966172121], [127.30459115992105, 36.59434660066821], [127.30463540689996, 36.59536229963229], [127.30470358395524, 36.59581239633118], [127.3048025693313, 36.59623888447235], [127.30492228436722, 36.59657166313445], [127.30494738287557, 36.5966414314645], [127.3051234251565, 36.59686767230753], [127.30543640377705, 36.597387780740725], [127.30557001528487, 36.59763441371036], [127.3061252473032, 36.59871432106299], [127.30647939718015, 36.599644908239085], [127.30655037478948, 36.59983729755103], [127.30662054900836, 36.60035419054489], [127.30663189037189, 36.60061767823898], [127.30660158658603, 36.60093821585879], [127.30653405490963, 36.60138419846485], [127.30646320813942, 36.60178718645011], [127.30640948559336, 36.60203777440563], [127.30636681791076, 36.602137719312125], [127.30629392300953, 36.60230812194457], [127.30619523421896, 36.60253836555025], [127.30618464861898, 36.60256305159957], [127.30572171348126, 36.603378309929866], [127.30549232079078, 36.60369889545805], [127.30545114693628, 36.60375589731294], [127.3049487403876, 36.60436505551644], [127.30453027298206, 36.60468533668364], [127.30409575049227, 36.60499032045797], [127.3036086900941, 36.6053720511175], [127.30327326095569, 36.605641174667696], [127.30325392695313, 36.605656688476735], [127.30077483923294, 36.60772674010352], [127.30158956554995, 36.609295740795886], [127.30200012545954, 36.611442301559116], [127.30196972689544, 36.61182110516545], [127.30193005421052, 36.612244367487826], [127.30180732812492, 36.6128137400503], [127.30179218744442, 36.61281461669834], [127.30165573361937, 36.61282250283028], [127.30117243644037, 36.612832128184245], [127.30071184669315, 36.61291208775294], [127.3006369501087, 36.612992212169665], [127.30049509983687, 36.61323509314566], [127.30035114836642, 36.61348677083195], [127.30014182453472, 36.61389725560685], [127.30010493009968, 36.61408101631365], [127.30005128893046, 36.61436012280409], [127.30009245743817, 36.61478883352571], [127.30016220306892, 36.61533797845311], [127.30026521838782, 36.616455401186926], [127.30017576533191, 36.61679066696153], [127.30011539469693, 36.61700384046108], [127.30006160980506, 36.61719374852269], [127.29978773782571, 36.61765028961427], [127.29960716197715, 36.61794416684617], [127.29951417999129, 36.618058327652996], [127.29933083681247, 36.61828012330681], [127.29888307828014, 36.61866137381155], [127.29832436753905, 36.61873220830795], [127.29640912354043, 36.618975006638124], [127.29611109672778, 36.61936323777319], [127.2959129916289, 36.61969992086771], [127.29577248804321, 36.62018353598557], [127.29575940384068, 36.62053841385982], [127.29581656489476, 36.62097122085612], [127.29596091602912, 36.62141982680479], [127.2962005309383, 36.622007563008], [127.29626124226307, 36.622482424974464], [127.2963591112972, 36.62338775652828], [127.2963431062745, 36.62381395738287], [127.29630254751224, 36.624240210320565], [127.29613577787566, 36.62442726553597], [127.29582740123642, 36.62457186422744], [127.29549415989749, 36.62456635606353], [127.29519858611182, 36.62456137006002], [127.29501225354994, 36.62452289992977], [127.29465888508345, 36.624451020612135], [127.29449473952045, 36.62443479027486], [127.29393679102226, 36.624385472362476], [127.29321424553993, 36.62452873984056], [127.29281595905334, 36.62460860726191], [127.29251275391324, 36.62467324735102], [127.29235958272223, 36.62474797424258], [127.29223867224839, 36.62480878077809], [127.29218257425653, 36.624836995077615], [127.29212623272501, 36.62490097888385], [127.29201159163328, 36.62503680579486], [127.29175946283297, 36.62562298299819], [127.2917030844142, 36.625769336628224], [127.29151498505827, 36.62627948422661], [127.2914632335303, 36.626423491384365], [127.29141120588912, 36.62657033337131], [127.29123032596607, 36.62737376711488], [127.29117432217717, 36.62762686859332], [127.29106711400662, 36.6282155032892], [127.29073798383394, 36.63013667321498], [127.29071089151977, 36.63054018272013], [127.29070582314891, 36.63061697936715], [127.2906989422159, 36.63096592278721], [127.29070017444558, 36.63106791838804], [127.29076906201843, 36.63150618498584], [127.29083009556808, 36.63181071692851], [127.29087364401514, 36.63200775102684], [127.29088424486045, 36.63203531030536], [127.29110923927863, 36.632559236896505], [127.29124970534313, 36.63271827070607], [127.29136672868388, 36.632832969772906], [127.29152006474432, 36.633027231167226], [127.2917168991112, 36.63342559152321], [127.29182915612607, 36.63367355191293], [127.29220512811085, 36.634911766840155], [127.29220850006668, 36.63492829502579], [127.29226141483639, 36.63518905872973], [127.29223212503642, 36.635419540227055], [127.2921589456716, 36.635640196176176], [127.29203475197839, 36.635832531839505], [127.29171951234684, 36.63613676995589], [127.29140803846363, 36.636437381195336], [127.29117790610532, 36.63661735436968], [127.2910494132945, 36.636686811277], [127.29078370397144, 36.636810955492614], [127.29056078121977, 36.63689190372073], [127.29026287262481, 36.63694266764547], [127.28999345989051, 36.636940327216415], [127.2894757037116, 36.63693417358409], [127.28921189687445, 36.63689428646449], [127.28868174741679, 36.63678709683177], [127.28722987368715, 36.63612685337797], [127.28706608793928, 36.63595035407155], [127.28704519748409, 36.63592762965767], [127.28699715904247, 36.635875363288676], [127.2860092183135, 36.63471137265773], [127.2849436598441, 36.63411346917207], [127.283413923692, 36.63449544962436], [127.28228182072047, 36.634600940153675], [127.28166132331442, 36.63452253364464], [127.28113563786009, 36.63444663329174], [127.28082573685376, 36.634389290869635], [127.2799693642957, 36.633971857434034], [127.2796109945363, 36.63367082344291], [127.27947814305426, 36.63350318226661], [127.27939744896743, 36.63351802334383], [127.27935109631485, 36.63354082102012], [127.27932105045689, 36.63355560782357], [127.27916434161577, 36.63368401293234], [127.27902427697884, 36.63384676929347], [127.27736026678359, 36.63659050190555], [127.27583858990725, 36.63942824451527], [127.27565045692062, 36.639803673346336], [127.27648991246868, 36.64133289892497], [127.27700910478701, 36.641866608711744], [127.27710618672604, 36.641846755449194], [127.27858452200029, 36.64134438261286], [127.27858920772118, 36.64134110645328], [127.27899885064123, 36.641054460911505], [127.27951574595336, 36.640696887103495], [127.2798865701123, 36.64080330213816], [127.28005814038355, 36.64088532476039], [127.28277801547328, 36.64229380520957], [127.28220632694432, 36.643203731184165], [127.28161959078996, 36.64514288765765], [127.28406227284556, 36.64941340454463], [127.28440248404469, 36.64999247158872], [127.28614944766827, 36.651672306334866], [127.28868824135657, 36.65889821560042], [127.28915995521716, 36.65932227345085], [127.29293929182735, 36.65983513493176], [127.29675232964053, 36.66078234203133], [127.29974560660366, 36.66218998188603], [127.30123841410983, 36.66405769614278], [127.3023190343298, 36.66574646222955], [127.30295777541089, 36.66638840987603], [127.30389474878676, 36.667064319089796], [127.3046449286543, 36.6674192577184], [127.30509046867992, 36.66756985193493], [127.30573362989055, 36.67025722394976], [127.30597540686261, 36.67133071707017], [127.306090545623, 36.67223819975019], [127.3060918623966, 36.6722486033782], [127.30598724712964, 36.67248987078155], [127.30623302576718, 36.67547148702522], [127.30679270269528, 36.676564853564834], [127.30753004768394, 36.67831601926769], [127.30762518196235, 36.682022472651695], [127.30414734093976, 36.68502559524495], [127.30305778826103, 36.68546248081258], [127.30232504971177, 36.685642945583396], [127.30182909849381, 36.68573650744248], [127.29956719030523, 36.6859309677908], [127.29865083955367, 36.68584575127463], [127.29762234017662, 36.68577097796414], [127.29666146011354, 36.685770209816596], [127.29213707217463, 36.68708970330237], [127.28953760351799, 36.68819097007904], [127.28952952231643, 36.68825655361731], [127.28950427781399, 36.688555804962036], [127.28885954711154, 36.68950176338511], [127.28860129632022, 36.689641248806154], [127.28746479485315, 36.69020457997831], [127.28695192784731, 36.69042226662941], [127.28566863738483, 36.69066667388682], [127.2852900690544, 36.690671453376645], [127.28543303414519, 36.691018462691424], [127.2865313830671, 36.692407509694945], [127.28948732918667, 36.695409287176155], [127.29158525009096, 36.6970346511492], [127.29201455052612, 36.69728254824622], [127.29243160104389, 36.69710862168684], [127.29289338437613, 36.69701963420865], [127.29330585160663, 36.69702256177304], [127.29460624422272, 36.697178757202764], [127.29634267468522, 36.6977356969631], [127.3013208878898, 36.69997718563231], [127.30292531597107, 36.700916208520674], [127.3071248102787, 36.70370093989078], [127.30760420332432, 36.70403734763151], [127.30774759506417, 36.704169892662534], [127.30839798720312, 36.70480547944445], [127.3076492575709, 36.706621462912956], [127.3074265298285, 36.70707710106131], [127.30701711535173, 36.70759376142116], [127.30657485005838, 36.70794351063056], [127.30654472811267, 36.707959250344295], [127.30622338300181, 36.708127174187936], [127.30610066712887, 36.7082696940484], [127.30620916559629, 36.70864450618512], [127.30631163398374, 36.708998210630845], [127.30789380116146, 36.71307367272998], [127.30801090621749, 36.71525717032081], [127.30789704019587, 36.71565141317084], [127.30791470874674, 36.716138257729206], [127.30798734986435, 36.718132914922066], [127.30801809276133, 36.718342624546075], [127.30801898911027, 36.718348532628866], [127.30809527458459, 36.718664853020215], [127.30938821280192, 36.72180472058154], [127.31072010718232, 36.72381807017175], [127.31048747232856, 36.72428557182188]]]]}, "properties": {"name": "\uccad\uc8fc\uc2dc\ud765\ub355\uad6c", "base_year": "2018", "name_eng": "Cheongjusiheungdeokgu", "code": "33043"}}, {"type": "Feature", "geometry": {"type": "MultiPolygon", "coordinates": [[[[127.57689979842607, 36.766822227925225], [127.57760687361574, 36.76672632571166], [127.57762246331296, 36.76673228693345], [127.57783106925943, 36.76681197204105], [127.57807791965426, 36.766903401389314], [127.57823859049337, 36.76695174758962], [127.57831808872317, 36.766975663787285], [127.57833489761897, 36.766978322899824], [127.57861181248194, 36.76702206387858], [127.57866412418434, 36.767030324705246], [127.5787250310554, 36.76703190257327], [127.57879299495018, 36.76703366234277], [127.57881468719273, 36.76703326124094], [127.57892349348522, 36.767031229300734], [127.57897828012536, 36.76702175446921], [127.579067597728, 36.76699569290992], [127.57907491680162, 36.76699355695136], [127.58200890197763, 36.76505054289452], [127.58408723185667, 36.7619283948621], [127.58647981519469, 36.761373394544826], [127.58879679658209, 36.76071636862402], [127.58892324601241, 36.76060702935161], [127.58906594381845, 36.76018248192316], [127.5883884018378, 36.75727318579607], [127.58809196636443, 36.756662052797104], [127.58805326050174, 36.75658226173103], [127.5874461527103, 36.755989174288636], [127.58732049880103, 36.75586641740726], [127.58717758269762, 36.75542130925698], [127.5883641059168, 36.75441889164969], [127.58960588045966, 36.75368264557953], [127.58996729945365, 36.75353570205567], [127.5899846506701, 36.75351759262356], [127.59031272528813, 36.75312048636737], [127.59055260195849, 36.751752501540366], [127.59064656024701, 36.750940579240094], [127.59075844521583, 36.749849256197486], [127.59042421004841, 36.74929956052326], [127.5901811146145, 36.7486305415256], [127.59020332296598, 36.74857980016746], [127.59046361150429, 36.747985155241544], [127.59081760547087, 36.74759870377257], [127.59255873385253, 36.746435291823985], [127.59598788804622, 36.7446457013972], [127.59662240582543, 36.74452820717128], [127.59829630784607, 36.744218819941764], [127.59947923358085, 36.74483265903829], [127.60113857653447, 36.74558184904179], [127.60316684788175, 36.74582104415313], [127.60359501663653, 36.74581124540383], [127.60402726145395, 36.74566024164791], [127.60432789623678, 36.74542641459575], [127.60607156771653, 36.743431365185955], [127.6066493492801, 36.74204755497156], [127.60727947675315, 36.7398818337139], [127.60829819070948, 36.737034825134536], [127.60869888243296, 36.73631897118076], [127.60974487085745, 36.73563335322368], [127.60985879497025, 36.735582336883965], [127.61055683792243, 36.7352632822971], [127.61033731286875, 36.73225939317751], [127.60956331486186, 36.73020798138786], [127.61064778774224, 36.729670389008156], [127.61136146132466, 36.72924610003525], [127.61140217952448, 36.72921937260632], [127.61381452957352, 36.72648335856787], [127.61420226841042, 36.72572305951954], [127.61444809335094, 36.725091815115114], [127.61487394373178, 36.723508878833094], [127.61532496007877, 36.721700860574416], [127.6156218406628, 36.720484084578416], [127.61568727551145, 36.719713320743196], [127.61718829146221, 36.717823837798434], [127.61799738978638, 36.717352183701706], [127.6186097564433, 36.71685705266239], [127.61885103067708, 36.7163270161963], [127.61885518463515, 36.71622504501853], [127.61891450376595, 36.71476858970813], [127.61816143275253, 36.708570702090405], [127.61793225047401, 36.70744370482674], [127.61732246608003, 36.707244779421686], [127.61679241720869, 36.7067047762176], [127.61485007906988, 36.704629368920855], [127.6147994641318, 36.703123935471886], [127.61467264888283, 36.70259303640251], [127.61423559977116, 36.70181106347468], [127.61342487792159, 36.70065449944989], [127.6120144977726, 36.699646300636445], [127.60496748846434, 36.69865482957813], [127.60056329064531, 36.69845903875329], [127.59964717363145, 36.69805765952521], [127.59839532804344, 36.69738108327856], [127.59759081342698, 36.69641342309017], [127.59457789264756, 36.693173845810335], [127.59402854973794, 36.6929322003753], [127.59350528801117, 36.69270257761534], [127.59125963814658, 36.68949831284824], [127.58948567234094, 36.68726715075514], [127.58685967812158, 36.68534185761982], [127.58588449695527, 36.68343878979024], [127.5815981807116, 36.68463423744028], [127.57969064315176, 36.68436179886821], [127.5791951489135, 36.68419909393903], [127.57439648105216, 36.680378116857455], [127.57373068051929, 36.67980977192429], [127.57129174104944, 36.67747094240813], [127.56745125008798, 36.674637325474315], [127.56698777472526, 36.67436408424115], [127.56580206639757, 36.674259350023654], [127.56425633317421, 36.67414432886355], [127.56310863289097, 36.67407463880019], [127.55889401851725, 36.67399737073935], [127.55135041104847, 36.67312641374115], [127.54862229268154, 36.673493296131994], [127.54810160347223, 36.67310635079072], [127.54463004149096, 36.670294115412865], [127.5435429824308, 36.66918058517153], [127.5431218389078, 36.66868899278235], [127.54256500503135, 36.6685787899184], [127.54224087271638, 36.668638014431316], [127.54103877687291, 36.66904463314568], [127.54046368765829, 36.669252077798674], [127.53868397872661, 36.66926230792934], [127.5375013401104, 36.669056109024034], [127.5371658319088, 36.66939867342977], [127.53694397503658, 36.66953711805003], [127.53598133654843, 36.66915176300524], [127.53321188603705, 36.666559432526974], [127.53270659084912, 36.66593168924023], [127.53291477450685, 36.665581776595936], [127.53379983805213, 36.664635113449144], [127.53158197086205, 36.66329338680994], [127.53036389070448, 36.663014236783305], [127.52949170392533, 36.66288885075835], [127.52830106641088, 36.66262317539559], [127.52498457555134, 36.66019465487696], [127.52484365871003, 36.659540000914035], [127.52477603162976, 36.65916592894844], [127.5247315816903, 36.65862850846164], [127.52439202298902, 36.65800692203849], [127.52421453823743, 36.657866180803126], [127.52168126909272, 36.65643777214758], [127.51926294911809, 36.65525108440312], [127.51844192653458, 36.65487386460795], [127.51432663896996, 36.653245302018426], [127.51318795283666, 36.65299429846863], [127.51308071365439, 36.65297410597154], [127.51302789633893, 36.652964312501574], [127.51298386886748, 36.652956156969594], [127.51293353775053, 36.65294711864014], [127.51115640523818, 36.65299370914346], [127.51048234420797, 36.65304817022479], [127.50956205023977, 36.65324024460042], [127.50842166417192, 36.65254474379871], [127.50774873275238, 36.65190535127495], [127.50608122363717, 36.65002760122549], [127.50570086491004, 36.65001306447891], [127.50509932699595, 36.65011728126471], [127.50094806172191, 36.64724385075299], [127.49860102403278, 36.64682151858651], [127.49762853416242, 36.64692249786458], [127.49337229634386, 36.64725247597171], [127.48823078749687, 36.64638538729991], [127.48807905576484, 36.646338427672994], [127.48814537050185, 36.6455033760237], [127.48817531837278, 36.64522798973913], [127.48820447823098, 36.644939385608346], [127.48812835103783, 36.644929387657264], [127.48277682168849, 36.64483602780772], [127.48258056140261, 36.64515158088562], [127.48185538059008, 36.646464863305575], [127.47479315234447, 36.655283912557806], [127.47223781825222, 36.6600841710971], [127.47118711688914, 36.66143461093528], [127.47051061075615, 36.6621703820677], [127.47018765316747, 36.66249318085196], [127.46991468212049, 36.66252244323016], [127.46972959580869, 36.66253237046676], [127.46928559929205, 36.6625313841519], [127.46887605984728, 36.66250400403114], [127.46696790990786, 36.66438713495503], [127.46469846042874, 36.667062952091875], [127.46316029470277, 36.66934125949126], [127.46239709699343, 36.67008298045524], [127.46189733709447, 36.67050633131905], [127.45757709400252, 36.67396675425792], [127.45657079567044, 36.67459814119114], [127.45649805500253, 36.67464296118238], [127.45625946311125, 36.67475522317372], [127.45482659312844, 36.67500998999648], [127.45435918641762, 36.67505812095019], [127.45297460636216, 36.67504606840639], [127.45230596929866, 36.67497195135368], [127.45158858172861, 36.674911064478415], [127.45139143704823, 36.67489957128138], [127.45121706171066, 36.67489668822514], [127.45100091115103, 36.674893126037325], [127.44938381890562, 36.67487224636941], [127.44926648037554, 36.67487234608761], [127.44891585434912, 36.674890208918825], [127.44869499454211, 36.67492708146931], [127.44809032711218, 36.675028707897404], [127.44785709862792, 36.67516361528996], [127.44778225852146, 36.67521990142233], [127.447603822047, 36.67539894594594], [127.44744630083339, 36.6755893744564], [127.44744077510748, 36.67560481187419], [127.44732394614275, 36.676182280450554], [127.44726399011161, 36.6808159214028], [127.44856215777398, 36.68289233503717], [127.44841027865607, 36.68422837811018], [127.44663820750677, 36.685274226181285], [127.44356374643328, 36.68490061568016], [127.43701710487072, 36.683468796366896], [127.43607341516771, 36.68356322048997], [127.43507491395088, 36.6837460326976], [127.43503833713146, 36.683840409661194], [127.43494219357927, 36.68408712586707], [127.43315008010723, 36.684667672348894], [127.43164936344243, 36.68462549786474], [127.43164414630172, 36.68475338394875], [127.43163529009632, 36.6849713070266], [127.43162063765496, 36.68533387815063], [127.4315351866258, 36.6874491962379], [127.43149860934822, 36.68835503945841], [127.43146231839212, 36.68925259259175], [127.43146045432934, 36.68927945231541], [127.43145662001997, 36.68933425348915], [127.43034204273954, 36.68930601386594], [127.4302754387906, 36.6893008472085], [127.4290985198961, 36.68926876415128], [127.4267037399674, 36.68920588116429], [127.42575479265425, 36.68918286237489], [127.42579665841808, 36.68996856760571], [127.42580693424995, 36.69012001709511], [127.42585893144923, 36.690623556789205], [127.42586834215098, 36.69080888190008], [127.42374890908104, 36.69388201217331], [127.42310386214727, 36.69450716594777], [127.4192309888035, 36.69768776810961], [127.40909767684998, 36.705286573163264], [127.40905755400492, 36.705317979190994], [127.40903415411097, 36.70533734329387], [127.40900630569695, 36.705361768548485], [127.4089889289803, 36.70537750785736], [127.40897434025867, 36.7053911650564], [127.40896008943805, 36.705405001006525], [127.40894606221386, 36.70541910576917], [127.40892536039276, 36.705440442565305], [127.40891189476783, 36.705454906545434], [127.40888574914209, 36.705484101942574], [127.4088730710614, 36.705499103807426], [127.40886061465528, 36.70551410584059], [127.40883648960308, 36.70554446569216], [127.4088307101419, 36.7055521437421], [127.40881393549235, 36.705575630868665], [127.40879761070084, 36.70559929502893], [127.40878195733887, 36.70562322834453], [127.40876175765038, 36.705655377935905], [127.40874789925564, 36.70568002479744], [127.40873005624812, 36.70571315700773], [127.40871333250861, 36.70574655511067], [127.40869739428749, 36.70578031260547], [127.40868633827063, 36.705805850474974], [127.40867628956686, 36.705831657759276], [127.4086643874342, 36.7058663901485], [127.40865360457408, 36.70590139023537], [127.40864371717467, 36.70593656769974], [127.40863472747633, 36.70597192254351], [127.40863101624075, 36.705989688010746], [127.40862578521424, 36.70601637883893], [127.40862167368489, 36.70604315526585], [127.40861693783104, 36.70607903623525], [127.40861332371378, 36.706115002805134], [127.40861167499082, 36.706142042553054], [127.40861081010189, 36.70616898734488], [127.40861055245684, 36.706205034018566], [127.40861197422814, 36.706241072966336], [127.40861307473871, 36.70625909093626], [127.4086161737932, 36.70629503561351], [127.40862039246225, 36.706330975740926], [127.40862467565123, 36.70635781450192], [127.4086314674089, 36.70639356548816], [127.40863731603709, 36.70642021794048], [127.40864383430309, 36.706446778954565], [127.40865113640972, 36.706473246814944], [127.40866184097223, 36.70650826338445], [127.40866775210476, 36.70652563416996], [127.40867717765532, 36.70655155375019], [127.40868716312542, 36.70657738180734], [127.40869793030699, 36.70660302655965], [127.40870947930522, 36.70662839966125], [127.40872588446449, 36.706661954777054], [127.40873447683587, 36.70667859560681], [127.40875278152458, 36.70671160407057], [127.40876723601548, 36.70673597513625], [127.40877705827647, 36.70675216075269], [127.4087928523773, 36.70677607668904], [127.40880367835796, 36.70679180872259], [127.40882589248649, 36.70682318126545], [127.40884313625406, 36.706846371706376], [127.40886116419124, 36.70686919854421], [127.40887985985862, 36.70689166168948], [127.40889933756144, 36.706913672883594], [127.40891914913526, 36.70693550222947], [127.40893940878088, 36.706957149814286], [127.40895347253836, 36.70697115886378], [127.4089751800276, 36.7069917203561], [127.408997221601, 36.70701191970193], [127.4090425346581, 36.70705186316834], [127.4097444722599, 36.7076621975523], [127.41042478906532, 36.70825371547154], [127.41044705530511, 36.708273914714134], [127.4104692116254, 36.70829429236427], [127.4105129662987, 36.70833541323631], [127.4105343405157, 36.70835633658734], [127.41054840471301, 36.708370435594496], [127.41056235898228, 36.708384714814756], [127.41057564126244, 36.70839917743194], [127.41058870154639, 36.70841391032696], [127.41060153790609, 36.708428644855346], [127.41063859928988, 36.7084738443899], [127.41065065577368, 36.7084891210226], [127.41066237626472, 36.70850448935359], [127.41067376289783, 36.70852003953325], [127.41068345700236, 36.70853334373942], [127.41069450957471, 36.70854925426117], [127.4107052263604, 36.70856507798725], [127.41071571911863, 36.708580991693005], [127.41073636844366, 36.70861308929562], [127.41074630545282, 36.70862936678258], [127.4107559043352, 36.70864564401519], [127.4107650573947, 36.70866210301318], [127.41077850692399, 36.7086869274234], [127.41079151053056, 36.708712023746905], [127.41080836275977, 36.70874548694814], [127.41081606426087, 36.70876240100681], [127.41083034720923, 36.708796594287264], [127.41083715269056, 36.70881378172532], [127.41085327490545, 36.708856980431605], [127.41085941063866, 36.70887435127001], [127.41086532234203, 36.708891812089014], [127.41087089815316, 36.708909274459174], [127.41088115833459, 36.70894438243455], [127.41088606429189, 36.70896211655143], [127.41089475880015, 36.70899759116], [127.41089865707782, 36.7090153299309], [127.41090222159706, 36.70903316040349], [127.41090845481818, 36.709068912629476], [127.41091390418494, 36.70910475802299], [127.41091623923242, 36.70912268132948], [127.41092034715778, 36.709158623079155], [127.41092178414354, 36.709176639468026], [127.41092299933374, 36.709194747642535], [127.41092387862825, 36.70921285736862], [127.41092442426823, 36.70923096684499], [127.41092450348296, 36.70926710210352], [127.41092379894167, 36.709303238578364], [127.41092322278995, 36.709321264278294], [127.41092208905273, 36.709339289560965], [127.41092072914373, 36.7093573164773], [127.41091711359985, 36.70939337324544], [127.41091282870562, 36.709429252820954], [127.41090753387815, 36.709465135246234], [127.41090449468668, 36.709482987819776], [127.41090089577013, 36.709500751628575], [127.41089707291951, 36.709518517072574], [127.41089291417154, 36.70953628226496], [127.41088841962599, 36.70955396066309], [127.41087359046433, 36.70960672620568], [127.41086820039175, 36.70962422724095], [127.41071503921935, 36.71005710738174], [127.41002232228948, 36.710175098880214], [127.40999525787903, 36.710178886301236], [127.40996259373472, 36.710181971730336], [127.40993629832559, 36.71018305345646], [127.40990451140911, 36.71018280222946], [127.40987719535943, 36.71018154471356], [127.40908973023129, 36.71013972819361], [127.40904505745642, 36.71013636758484], [127.40901191074234, 36.71013278498868], [127.4089773029138, 36.710128218645636], [127.4089357483582, 36.71012205315036], [127.40890326043665, 36.7101162173111], [127.40886650882925, 36.71010850310674], [127.40883502338988, 36.71010140232894], [127.40879983196949, 36.71009232985677], [127.4087667679194, 36.71008325179266], [127.40873224287252, 36.710073098027124], [127.4086987219092, 36.71006221842333], [127.40866889723381, 36.71005204841148], [127.40863716007512, 36.710040081162866], [127.40856100597071, 36.71000925314898], [127.40852712325444, 36.709993781045526], [127.40849940936296, 36.7099806286919], [127.40846641707438, 36.70996398171681], [127.40843487865915, 36.70994687789552], [127.40840378044976, 36.70992869081749], [127.40836313518439, 36.70990368835492], [127.40833236193335, 36.70988342808874], [127.40830068391257, 36.70986136955305], [127.40827551603226, 36.70984271282711], [127.40825292476973, 36.70982476665016], [127.40822797179149, 36.70980430710616], [127.40820649659015, 36.70978563698529], [127.40816983218093, 36.709751880483246], [127.40814980734986, 36.70973194398039], [127.4081254964026, 36.70970643658407], [127.40810073271689, 36.70967939630569], [127.40807832735597, 36.70965397150438], [127.40806266476419, 36.70963402032501], [127.4080475620091, 36.70961406777297], [127.4080309895505, 36.709590966091696], [127.40801260361116, 36.709563815331094], [127.40800007790654, 36.70954421273796], [127.40798686731529, 36.709522451454696], [127.40021598468553, 36.71234804026327], [127.40014579973699, 36.71247634945575], [127.39978212328857, 36.71319317794799], [127.39972624795327, 36.71331191431891], [127.39963950705962, 36.713609319026425], [127.39957659584923, 36.7138460719448], [127.3994479565583, 36.713995339596664], [127.39938227250585, 36.714063413003274], [127.39860471936228, 36.71480173196142], [127.3984416138633, 36.71493541489947], [127.3979286211351, 36.71531905239167], [127.3975351563626, 36.71558589312478], [127.39548739933807, 36.71678804882594], [127.39465510063081, 36.71727560843692], [127.3941733460143, 36.71740813040332], [127.39385499330808, 36.71749168690963], [127.39361478882837, 36.717550725315874], [127.39348238225499, 36.717572256984], [127.39117511908088, 36.71781749075485], [127.39111798293455, 36.717822860040044], [127.3904418420085, 36.717838397886204], [127.38864043652163, 36.717852118261185], [127.38856531720333, 36.7178493272804], [127.38825328474516, 36.717837598524305], [127.38773635881905, 36.7177718373828], [127.3870816675096, 36.717651553173184], [127.38706297692485, 36.71764500868768], [127.38161717747901, 36.71531457349972], [127.38154525651692, 36.71526516905081], [127.38144886130091, 36.71513943843589], [127.38139695518115, 36.71501106023789], [127.3813485620929, 36.714905082028416], [127.38124471864285, 36.714778265640106], [127.38094677064727, 36.71457323880893], [127.38086553004189, 36.714522495833066], [127.38027956817052, 36.714172340612585], [127.38021554312864, 36.71413737427874], [127.37856253988082, 36.71332757326134], [127.37847859542003, 36.713290595186734], [127.37779579176018, 36.71303866829046], [127.37770184972565, 36.713008319749385], [127.37697735654476, 36.712817695045096], [127.37680562441551, 36.71278636569734], [127.3749053762372, 36.7124958111304], [127.37486621529439, 36.71249349101577], [127.37483190858927, 36.71249302223578], [127.37473058002709, 36.71250167629274], [127.37467037526483, 36.71251055025701], [127.3722980345637, 36.7130391142435], [127.37209893342603, 36.713087744805485], [127.37027568607395, 36.71374569745125], [127.3684881799811, 36.71448808028959], [127.36367899298557, 36.71667373602319], [127.36339851888283, 36.7168899729015], [127.36303644091291, 36.71731857007078], [127.35880027743102, 36.71738584219854], [127.3521918667837, 36.718006084778025], [127.347515197011, 36.718865528423564], [127.3412479654926, 36.718736447829116], [127.34030022230343, 36.71881293135607], [127.33947661778394, 36.718893299738305], [127.33830497961787, 36.71912827978477], [127.33100929838129, 36.72142275827648], [127.33008170233734, 36.721740343185516], [127.3295699541262, 36.72199167012977], [127.32700489994764, 36.723429462513465], [127.32667306033794, 36.72362689332557], [127.32477329170472, 36.72411677806874], [127.32019549235808, 36.72367281608502], [127.3189024070004, 36.724150816464004], [127.31883350601547, 36.72418048401224], [127.31862353312829, 36.72429884636018], [127.31801274298785, 36.724908119261556], [127.31853108202229, 36.725396719567705], [127.31977154754883, 36.72679689330189], [127.31987555720616, 36.726948957880886], [127.31992539118933, 36.7270307725699], [127.32021649523288, 36.72751011563912], [127.32022302339978, 36.72752108122392], [127.32024608921158, 36.72756044326166], [127.32027166132268, 36.72760993634049], [127.3203240003222, 36.72771144212648], [127.32045363318241, 36.72796285583752], [127.32077879462736, 36.72846660870819], [127.32082453094063, 36.72853521371237], [127.32087999588552, 36.72861839950115], [127.32088809513203, 36.72863048795529], [127.32121602205132, 36.72908579624952], [127.3222494950668, 36.73048565214708], [127.32237449103175, 36.730637377994746], [127.32243546316167, 36.73070282376244], [127.32546392877867, 36.733670542961555], [127.32830309735932, 36.73455516117104], [127.3284612677157, 36.7345628913816], [127.3285622151484, 36.73455965627614], [127.32860521111031, 36.73455827763346], [127.32939912671013, 36.7344541513186], [127.32944736774937, 36.73444360099808], [127.32965119658583, 36.73437067182333], [127.33006495163508, 36.73405301303458], [127.33239502302001, 36.732018489012724], [127.33689575728384, 36.7293450777581], [127.33755012627725, 36.729303809413615], [127.3376078896404, 36.72931378291682], [127.33838642377061, 36.72946843005847], [127.33920284300346, 36.729725185600195], [127.34253028074764, 36.733785624464446], [127.34316963200413, 36.73524246545066], [127.34316620763994, 36.73569529258666], [127.34289707001278, 36.73622772078247], [127.34246286030667, 36.73701461752475], [127.3416581273002, 36.738079104786394], [127.34001915369501, 36.73939855357043], [127.33751523324668, 36.741568594193275], [127.33752954573762, 36.74180313046397], [127.33749893978808, 36.7429267839721], [127.33748714289192, 36.7430307329637], [127.3374536676234, 36.7432575124826], [127.33738044406336, 36.74339710232977], [127.33705060809761, 36.74394742984503], [127.33606680117418, 36.74522414490866], [127.33460447061526, 36.74634590173854], [127.33339965959513, 36.7467392877135], [127.33364805350116, 36.74867541257672], [127.33427579266484, 36.749521269132025], [127.335323283896, 36.75129211462608], [127.33548362794645, 36.75195622300755], [127.33534700325494, 36.75240716868155], [127.33550795399205, 36.75264184627489], [127.33554875569241, 36.75265074257819], [127.34392022658922, 36.753706024581874], [127.34556720226362, 36.753613983284325], [127.34653313479556, 36.75347630055713], [127.34843878582822, 36.75332292408623], [127.35225261933884, 36.75408190381662], [127.35300256993533, 36.754350869525865], [127.35356063517499, 36.75455732211317], [127.35378738486862, 36.7546684414527], [127.3553430091047, 36.755983102244215], [127.35617373003, 36.757409733629096], [127.35661560208983, 36.75851958726795], [127.35881944168094, 36.76057540893486], [127.36418449730911, 36.76140592979287], [127.36854973259047, 36.76134833474652], [127.36986952035885, 36.76010551411706], [127.36989701747035, 36.76007333254643], [127.37015386013357, 36.7597737650286], [127.3714629014873, 36.758563623887476], [127.37204506492111, 36.75804987640021], [127.37220420081616, 36.75795645044981], [127.37230186916716, 36.75792657932309], [127.3748171257828, 36.75797306038814], [127.37486108361396, 36.75798023912939], [127.37516536807509, 36.75819443468049], [127.37549792692553, 36.758428515013826], [127.37566748106315, 36.75853498750726], [127.37799541139083, 36.758986651131416], [127.37923583090341, 36.75908465245447], [127.38259505681559, 36.75866393703132], [127.38302921345282, 36.758915424751365], [127.38501699515058, 36.75964258952308], [127.38525948756875, 36.75959928397652], [127.38559323870281, 36.7595396353598], [127.3863711948142, 36.75928537945097], [127.38774533882457, 36.756281088664615], [127.38865502279393, 36.7534891969531], [127.38892644751877, 36.753322455060186], [127.38927376348165, 36.75311379044227], [127.38992805112147, 36.75288440646904], [127.39110347853608, 36.752633605398344], [127.39250873414473, 36.75250791503173], [127.39419887803639, 36.75160208090908], [127.39462605167508, 36.7511701207957], [127.39471188471371, 36.750983976165294], [127.39470677751038, 36.75081096132838], [127.39470468306916, 36.75074014097536], [127.39462643008896, 36.750608305916124], [127.39455204227983, 36.75048298291684], [127.39456122515776, 36.7498155655229], [127.39490743097743, 36.7491889983746], [127.39514421470464, 36.7488226994536], [127.3960207664389, 36.747933050759734], [127.39906830117877, 36.746930285304714], [127.40189696179287, 36.746176540734844], [127.40443929096064, 36.746017312787465], [127.40443879236915, 36.74602191895617], [127.4047572174304, 36.74729298858224], [127.40559772132511, 36.75026209762867], [127.40784135605706, 36.75186519583699], [127.40843385058838, 36.75220587011065], [127.40883393962717, 36.752259406110625], [127.40922038981955, 36.75224738733337], [127.40957827793918, 36.75226165079661], [127.41073258213777, 36.75295857688237], [127.41131386095795, 36.75350789757025], [127.41161855090566, 36.75422298716048], [127.41149132152974, 36.755074412545355], [127.4113037256889, 36.75536762883769], [127.4110423611869, 36.755772062950946], [127.41087469195752, 36.75600771050493], [127.41091295525057, 36.75606229851624], [127.41205442039212, 36.75711403496091], [127.41220773358823, 36.75725092426612], [127.412312041292, 36.75732068735459], [127.41242116542891, 36.75737578321762], [127.41248477736796, 36.75739279947179], [127.41251196219618, 36.75740007096442], [127.41255732476249, 36.757412203967746], [127.4128021669968, 36.75742092967159], [127.4134672432758, 36.75734766515165], [127.41405986262379, 36.75724283248202], [127.4143200137972, 36.757168146802066], [127.41461630199241, 36.75704519061907], [127.4148316646951, 36.75694053533386], [127.41496504565124, 36.75685136801572], [127.41515026393176, 36.75660798352983], [127.4156983351159, 36.75664662647698], [127.41585047562388, 36.75666215487937], [127.4159471390284, 36.75667589323835], [127.41648220102962, 36.756768924078074], [127.41656944310188, 36.75678636400572], [127.41859983085092, 36.75725572298469], [127.41875282494412, 36.75729855768307], [127.4189067533964, 36.757354336265564], [127.41898689064335, 36.757385315210016], [127.41969848903824, 36.7576621876062], [127.41977646377654, 36.7576014741695], [127.4198526915711, 36.757567870601406], [127.41992085637435, 36.75754374151754], [127.41999269052239, 36.757526931270135], [127.42001459164949, 36.75752426679692], [127.42003554247013, 36.75752184147462], [127.421438369536, 36.75764162341366], [127.42231316419371, 36.75799548581249], [127.4224271427666, 36.75822004480048], [127.42253976079141, 36.7584456881667], [127.42446058524483, 36.75875921001201], [127.42693652470405, 36.75760364582372], [127.42707484830906, 36.756826626346424], [127.42699604593923, 36.756476565884846], [127.42645164889021, 36.75616387869874], [127.42564698921117, 36.75619218991189], [127.42503129037915, 36.75592608699762], [127.42477801337756, 36.75481788930313], [127.4251810193081, 36.75351542886763], [127.42710646946159, 36.75081269283493], [127.42958135006748, 36.750855681885156], [127.43569821224719, 36.751529182539315], [127.43614910917874, 36.752126638168676], [127.4373842788705, 36.752914173373235], [127.43808450853054, 36.75329742553291], [127.43912417964188, 36.75323696959932], [127.44043734132424, 36.75259256722526], [127.44112004943476, 36.75216543756768], [127.44135706583087, 36.75189404669942], [127.44168867561451, 36.75150430127293], [127.4417757973126, 36.75130711619573], [127.4417662929037, 36.75104342123589], [127.44172425824576, 36.75025887621439], [127.4424270970921, 36.74939558342214], [127.44412520052637, 36.74912689512838], [127.44748807055127, 36.74897011752793], [127.4485107978457, 36.749011444802775], [127.44938536335412, 36.74910648271973], [127.45094459061377, 36.749415910972644], [127.45094767041371, 36.74970937133838], [127.45092849533827, 36.749781478301166], [127.45085899984848, 36.74999998842755], [127.45081421552634, 36.75011478793922], [127.45039885763917, 36.75112596520181], [127.44944746128685, 36.75372840952717], [127.44908098054624, 36.755363924174375], [127.44987600195661, 36.75695056714921], [127.44989143507831, 36.75906338597894], [127.45094616187768, 36.7610035927212], [127.45217067426977, 36.76192819753123], [127.45304115782666, 36.76238004464094], [127.45365726760397, 36.76258968174801], [127.4544676417313, 36.762978932311235], [127.45692111635606, 36.76465642162266], [127.45843914582912, 36.76578517105813], [127.45889281076937, 36.76635205933673], [127.45922495836713, 36.767377004880096], [127.46039069626423, 36.76991494953388], [127.46174355641288, 36.7702599100423], [127.46459569065193, 36.76985646571301], [127.46828502829922, 36.76931069688974], [127.47041254063406, 36.768820071071254], [127.47376936806513, 36.770375790838415], [127.47676181955485, 36.7725782235748], [127.48060372563869, 36.77548399655907], [127.48179580495209, 36.77599728405099], [127.48353242907258, 36.77621338316229], [127.48526153655375, 36.77593920755079], [127.48779652310188, 36.775428129918716], [127.4878187426799, 36.77541327945886], [127.48832277042615, 36.775076395703906], [127.48918498706603, 36.77450010873652], [127.49044578807386, 36.77380268958371], [127.49131275869944, 36.774126718159636], [127.49422012365918, 36.776833322149216], [127.49463215960556, 36.77750792920812], [127.49593921925478, 36.779122412161065], [127.49710674808419, 36.78000718957427], [127.49978884321725, 36.77988614005784], [127.50070916182383, 36.77984304936012], [127.50169165392685, 36.77977776353573], [127.50498219620543, 36.77948437405762], [127.50499757616153, 36.77948258668606], [127.50509588578413, 36.779448558989046], [127.50528491123468, 36.77934952174308], [127.50554707167366, 36.779199197609636], [127.50564138278307, 36.779143112318195], [127.5058670553762, 36.77899393046849], [127.5069830265188, 36.77819878582831], [127.50737775008444, 36.77790647800859], [127.50807620108289, 36.7773833291028], [127.50835697607964, 36.77716623589005], [127.50847111652709, 36.77707735301614], [127.50854348507886, 36.777018580563514], [127.50865107155211, 36.77690903613483], [127.50868581089738, 36.77686703920365], [127.50874020193733, 36.776749125645914], [127.51017339305972, 36.772895427414554], [127.51023339990341, 36.77269392761871], [127.51028761117651, 36.77242773645362], [127.51030143598813, 36.77233841325256], [127.51030245453076, 36.772329652605144], [127.50957388953962, 36.77016583510786], [127.50948503463192, 36.76990274228217], [127.50935300713746, 36.76953463780409], [127.5092985625994, 36.76945650015381], [127.50916790064235, 36.76926898122579], [127.50873914153459, 36.76884835496879], [127.50845360795452, 36.768587785313436], [127.50792113816728, 36.768124137630714], [127.507605139513, 36.767855939622244], [127.50760078376263, 36.767852243839684], [127.50760695571664, 36.76751433872872], [127.5076074572396, 36.76748700587381], [127.5076077570476, 36.76747075670775], [127.50765052489, 36.76730953988888], [127.50768378958907, 36.76724852839427], [127.50773935418265, 36.76718690964777], [127.50789622875779, 36.767112947462465], [127.5086193172506, 36.76684813306824], [127.50902012270191, 36.7668082453897], [127.50929185878944, 36.76684004846958], [127.51690973729707, 36.7687157683006], [127.5253390132807, 36.76980341038216], [127.52560409767295, 36.76983302487468], [127.53008294123813, 36.77039688961732], [127.53047613789397, 36.77045365837469], [127.53182370937468, 36.77075684575173], [127.5320903443455, 36.770820400433934], [127.53212668499619, 36.770829177330235], [127.53234981492801, 36.770894465893946], [127.5328361609724, 36.771045436556946], [127.53380396984818, 36.771503150440715], [127.53763615953244, 36.77291915233705], [127.54331817190193, 36.77415401090249], [127.54966883870557, 36.77547453866273], [127.55018795045933, 36.77561515855393], [127.55086029746127, 36.77580728065565], [127.55180301443204, 36.77608673200072], [127.55219055846862, 36.776339580137595], [127.55295360843958, 36.77668224766954], [127.55407063544028, 36.77716547675856], [127.55439240661195, 36.777302939597824], [127.55489985542559, 36.77751256396987], [127.55535605542767, 36.77769407674335], [127.55707405333203, 36.778123033989644], [127.55979085299458, 36.77855942231165], [127.56109633477327, 36.77861910655702], [127.56303517665353, 36.779396356747654], [127.56479904162244, 36.78026337115143], [127.56598606998486, 36.77873743961968], [127.56658512860007, 36.77741639490688], [127.56726697378204, 36.77557974187544], [127.56747595204044, 36.77489403947343], [127.56761724575469, 36.77441459792151], [127.56764757509836, 36.77423907210066], [127.56765406379466, 36.77403555453754], [127.56765635801817, 36.77396329352802], [127.56764674676448, 36.773932729001146], [127.56760595213068, 36.773803013397234], [127.57013584494965, 36.771481551805735], [127.57504827978585, 36.76738131432887], [127.57536982263447, 36.767216930267764], [127.57550755923387, 36.7671520419805], [127.57569702263216, 36.7670662811635], [127.57586009118869, 36.76701897680704], [127.57606119542311, 36.76696127280464], [127.57689979842607, 36.766822227925225]]]]}, "properties": {"name": "\uccad\uc8fc\uc2dc\uccad\uc6d0\uad6c", "base_year": "2018", "name_eng": "Cheongjusicheongwongu", "code": "33044"}}, {"type": "Feature", "geometry": {"type": "MultiPolygon", "coordinates": [[[[127.79314744260735, 36.60855948631629], [127.79336996413203, 36.60806494880891], [127.79369745185586, 36.607644566456514], [127.79496825706089, 36.60618337723476], [127.79640473007088, 36.60513527558392], [127.7972523532297, 36.60437400989777], [127.79849864995556, 36.602083711698185], [127.79846686850631, 36.60207742309947], [127.79809964877367, 36.601496889161716], [127.79761798672853, 36.60071600471346], [127.79742505335608, 36.60029872488193], [127.79723587017503, 36.59955772734718], [127.79615213411726, 36.595264536752225], [127.7965880168709, 36.59266066946881], [127.797537332934, 36.59170832654799], [127.79855204740906, 36.59080136053818], [127.79942585756253, 36.58953452590821], [127.79957556002445, 36.58855119094525], [127.79887199460785, 36.58786397886908], [127.79848180523656, 36.58727453313932], [127.79847590774523, 36.58644225676951], [127.80160494832207, 36.584485460550084], [127.80242989796652, 36.584471540873906], [127.80297981419926, 36.584285467108806], [127.80325688527998, 36.58415902729012], [127.80414425999693, 36.583472074401165], [127.80438765367211, 36.58315021351596], [127.8046825685283, 36.5825261909141], [127.8048994538605, 36.58164152181535], [127.80489661922708, 36.581386569645424], [127.80808795219116, 36.5801523528551], [127.80923825596756, 36.57990380405086], [127.80995905953021, 36.57985079064788], [127.81314215732593, 36.579188222000994], [127.81620322936378, 36.57808141238652], [127.81674750411202, 36.5773017980864], [127.81669656699718, 36.57666992197541], [127.81680644740212, 36.57590492983377], [127.81818355330087, 36.574676979080536], [127.8192573957667, 36.574285597067735], [127.82155113211651, 36.57309730598772], [127.82361962075237, 36.57177225357487], [127.82447119559845, 36.57090747916348], [127.82448963235842, 36.57091124595089], [127.8273641992376, 36.57152211993716], [127.82911615071318, 36.5732608240363], [127.8301604860032, 36.5742753135368], [127.83420624738278, 36.573124094743], [127.83541075065477, 36.57219530432775], [127.83605023250192, 36.571142402653805], [127.83610945438608, 36.57051848985292], [127.83707284230758, 36.57010054541647], [127.84014996316424, 36.57013895243878], [127.84261876180011, 36.57053517059002], [127.84295968714844, 36.569823616219296], [127.84325756171809, 36.56898057784405], [127.84482730732894, 36.56910912066199], [127.84856283613892, 36.57058456812955], [127.84888732687521, 36.570910852932876], [127.85236289583537, 36.57115331431211], [127.85743613011847, 36.56955243259461], [127.86042274711065, 36.5679507000733], [127.86035866442495, 36.5665811385742], [127.86022394284109, 36.56592080122944], [127.86173008425615, 36.565347358852854], [127.86456333366668, 36.56401366545248], [127.86602014192945, 36.56180715412181], [127.86646794773783, 36.56042134842458], [127.86907604099554, 36.5598095292367], [127.87032170977261, 36.55915370064823], [127.87128361551694, 36.556822964908484], [127.87280762415907, 36.552975977307575], [127.87298859688171, 36.551327645202676], [127.87237508667423, 36.54872984372902], [127.8719814809876, 36.54803270077064], [127.87097865416189, 36.54553633289688], [127.87047577780261, 36.54282465236975], [127.87129150294699, 36.542307564119945], [127.87291003129978, 36.54183634465969], [127.87388278988568, 36.54131569411354], [127.87441459308438, 36.540861470009965], [127.87512278939236, 36.540010796445934], [127.87523280218257, 36.539001169726305], [127.87545110457057, 36.53790204819329], [127.87609180247235, 36.53701518897364], [127.87674853171649, 36.53647499903237], [127.87901063617309, 36.534706824527134], [127.87962113363646, 36.5346624930325], [127.8806773569528, 36.53495786075629], [127.88334177504096, 36.53489702086172], [127.88476519057647, 36.53462409885367], [127.88872388901913, 36.533688086224515], [127.89050261529411, 36.53250234516363], [127.89160016589518, 36.53165616388006], [127.89213979481275, 36.530979196542575], [127.89297143225537, 36.530516475649165], [127.89355532998951, 36.53036489460954], [127.89452055820131, 36.530283745069966], [127.89497311613458, 36.5305479053944], [127.89635417475027, 36.53119578652816], [127.89895921579777, 36.53027919233208], [127.90196441502486, 36.52841231557468], [127.90246327086497, 36.52806962072799], [127.90260371244854, 36.52745345274031], [127.90204233150597, 36.52699600809202], [127.90144792371336, 36.526396899805306], [127.90118974969702, 36.52583090088242], [127.90090791378141, 36.525014849198634], [127.90103549832789, 36.52344066371426], [127.90151007557326, 36.51976435192461], [127.90209114876366, 36.51850395406939], [127.90339207477, 36.51727336435965], [127.90310129655813, 36.51577651762927], [127.90276427227802, 36.514386193319595], [127.90254441132774, 36.51323721419328], [127.9031822598849, 36.51101148264126], [127.90401019256072, 36.50984762227529], [127.9042161839252, 36.50960945750554], [127.90623374639466, 36.50728496553817], [127.9062680587336, 36.50719945305083], [127.90633632638371, 36.50694413345907], [127.9061089842438, 36.506140882178954], [127.90475994911296, 36.504201173458526], [127.90462511958127, 36.50401720588692], [127.90075268814192, 36.50066286622467], [127.89760696552457, 36.498479672401366], [127.89632174695237, 36.498516145242434], [127.89565170184171, 36.498457466547485], [127.8948609938546, 36.49835549978669], [127.89315070086947, 36.49653971477025], [127.89285035768897, 36.496006082409245], [127.8887147045145, 36.49313673089421], [127.88801534406882, 36.49294790257952], [127.88619594291109, 36.49300339592672], [127.88545918960128, 36.493317904111635], [127.8809982145538, 36.4933243721103], [127.88046639351828, 36.493270563831814], [127.87974953953744, 36.491293330585655], [127.87872852218572, 36.489491424567305], [127.8775472707692, 36.488994365841464], [127.87609469018305, 36.48836807939586], [127.87552319757933, 36.48567017145742], [127.87527773710784, 36.48316543006184], [127.87560828422731, 36.483116466378014], [127.87634334686224, 36.482902801708214], [127.87738219764584, 36.482433203661465], [127.8806186149822, 36.480627197782134], [127.88187349184508, 36.47749089149279], [127.88238176197926, 36.47587158815419], [127.88191464033812, 36.475339112078515], [127.88142814877003, 36.47489336514162], [127.88100248745428, 36.4745424743124], [127.88054806398965, 36.472839596454065], [127.8802186173117, 36.471230749465214], [127.88021491828292, 36.47068317416082], [127.88021781122757, 36.47065592649556], [127.88058579273896, 36.46958239665898], [127.8807790894301, 36.469137418433625], [127.88081622050021, 36.468518150208894], [127.88044006509426, 36.468259920099456], [127.88030029880917, 36.46817127034688], [127.87895920345404, 36.467407025566686], [127.8783678946797, 36.467076649896434], [127.87836733508466, 36.46707633704072], [127.87860171632424, 36.46658533108651], [127.87906362039475, 36.465752584927685], [127.88022713763284, 36.46487383233137], [127.8817122626893, 36.46244847320614], [127.88196125435822, 36.46183892793548], [127.88070505693106, 36.46051702714837], [127.87897770297226, 36.457743318106516], [127.87882643114263, 36.45598787616142], [127.87879096757217, 36.45513288096734], [127.87922317566941, 36.45488504028176], [127.87968324321588, 36.45406865241038], [127.87831943579411, 36.45048935843052], [127.87778454841285, 36.449724710344995], [127.8773821888316, 36.449393123581444], [127.8759904238278, 36.44897010172789], [127.87540630065637, 36.44897231608808], [127.87477139118934, 36.448818201047594], [127.87392032790787, 36.44729494460316], [127.87341727704138, 36.445386922198644], [127.87349504535017, 36.445237216560116], [127.87375775554489, 36.444731663965776], [127.87355198073261, 36.443499793606144], [127.8731465254639, 36.44238603958547], [127.87298609895566, 36.442089807675856], [127.87260858739346, 36.441666194793], [127.87214999923187, 36.44086256688631], [127.87355132822259, 36.43757742760857], [127.87449994887578, 36.43471932469212], [127.87494202458556, 36.432508620214215], [127.87547224880649, 36.42967031177832], [127.87533632138043, 36.42845806062324], [127.87495196576512, 36.42708925095812], [127.87486166821412, 36.42706755983683], [127.87380341913953, 36.426152356872485], [127.87307695992648, 36.42451414014924], [127.8729943158793, 36.42428223320879], [127.8736788462938, 36.423848577182106], [127.87777660943969, 36.42394238076705], [127.878258678262, 36.42424495773955], [127.87851399511601, 36.42436830569069], [127.88110706960762, 36.42447771792471], [127.88197274372205, 36.424411684545944], [127.88272360772493, 36.42435229297324], [127.88278603177407, 36.423943384980085], [127.88271036921574, 36.42217364451806], [127.88262715233263, 36.42171501709411], [127.88259471130026, 36.421546961431325], [127.88227797046729, 36.4208635679837], [127.87907311976028, 36.41661351646682], [127.8783828206425, 36.416279760394126], [127.87749847920043, 36.41585907031462], [127.87713970444683, 36.41574693536094], [127.87707049449483, 36.41571955912113], [127.87568959213002, 36.414351553767204], [127.87565129593892, 36.414140023862046], [127.87551055758695, 36.41330873377291], [127.87469130650496, 36.41123224835572], [127.87381276616979, 36.41032174070028], [127.87322393730169, 36.409554622410724], [127.87326181563564, 36.408505388981155], [127.87326543759518, 36.40845537626577], [127.87330976661784, 36.4080086960124], [127.87357912769652, 36.407150857459975], [127.87366791072952, 36.40657237165434], [127.87329957652861, 36.40619081889161], [127.87300959927937, 36.40589043268396], [127.87216118813119, 36.40506327125535], [127.87093012440452, 36.40433128962019], [127.86951476898047, 36.40364429368604], [127.86733542626669, 36.40313354418697], [127.86661237056057, 36.40311691499399], [127.86462886523294, 36.40325711665493], [127.86386560851825, 36.4030425467651], [127.86391356695869, 36.39977849100977], [127.86460012849236, 36.3985478153887], [127.86508791689864, 36.39764036724511], [127.86558785692971, 36.39663934526528], [127.86631172698348, 36.39475796641074], [127.86630724351083, 36.39474973477387], [127.86604922584628, 36.39444838004263], [127.86581624327233, 36.394262934328204], [127.86568061638101, 36.394183255063844], [127.86527920332604, 36.394057839207704], [127.8649733341088, 36.39400909906432], [127.86457023437099, 36.39400107322524], [127.86394110128593, 36.39392472288798], [127.86300651175516, 36.39356275039836], [127.86298562362173, 36.393497250138886], [127.86290464592177, 36.39296795210832], [127.86464201156052, 36.39146653788657], [127.86555329688464, 36.39152308389453], [127.87002508863108, 36.39157802272928], [127.87481868766235, 36.39103862512759], [127.87572240239028, 36.3905932114168], [127.87735420220751, 36.388571677002396], [127.87815447684902, 36.38686929864195], [127.87841894339513, 36.38615079978849], [127.87825116804073, 36.38562472840303], [127.87831110797306, 36.38536891506112], [127.87920114347796, 36.383355795331454], [127.88168965588638, 36.38213720783752], [127.8821970380466, 36.382052257066356], [127.8830102573196, 36.38127799255114], [127.88394579237512, 36.380257739722815], [127.88416671783658, 36.380013129259744], [127.8839422300157, 36.379311181446354], [127.88393794768471, 36.379297793949725], [127.88334193148782, 36.37834279937822], [127.88313195183254, 36.37735904494103], [127.8833719739441, 36.376708739519486], [127.88365225011854, 36.37572013977252], [127.88357411981258, 36.37536776194753], [127.88344110031989, 36.37493361009656], [127.88309649074665, 36.37417025543111], [127.88226376727785, 36.37325077551974], [127.88201941767477, 36.37303885144459], [127.87989879828181, 36.37145465170248], [127.87890797989039, 36.37129826129127], [127.87499104003517, 36.37080954633789], [127.87390879697033, 36.371184497837106], [127.8731136317217, 36.37154853179199], [127.87191401864733, 36.37213326946434], [127.86797483287386, 36.37313905557203], [127.86122037498588, 36.3739352433482], [127.85754933899483, 36.37310561823264], [127.85635253559494, 36.37241002014763], [127.85210860639735, 36.37140572017295], [127.84390735480801, 36.371590243331], [127.84266623608066, 36.37166583580611], [127.84180456400519, 36.371767177156386], [127.84035980829073, 36.37222861468663], [127.83939106025935, 36.37255052523668], [127.83893451380347, 36.37273977303499], [127.83710780776123, 36.37283538963348], [127.83624903931324, 36.370055086245245], [127.83590763113696, 36.36929304056533], [127.83566691662948, 36.36914398582839], [127.83493895362416, 36.36897447143937], [127.83263648766058, 36.36914687658338], [127.83158699557504, 36.370378620092865], [127.83167060885526, 36.370631287210756], [127.8317940558193, 36.37101652508783], [127.83186674539982, 36.37177910646117], [127.83198988910411, 36.373247996439076], [127.8316341530867, 36.373980377866715], [127.83089668497054, 36.37428032728501], [127.83045176225762, 36.37429617445965], [127.82794389176209, 36.375161958852445], [127.82573936588066, 36.3762856949725], [127.82438750605213, 36.376997282558854], [127.82438661996733, 36.3774494561324], [127.82411385577159, 36.3784519087919], [127.82399065254955, 36.37868208071118], [127.82317659509043, 36.379563673400526], [127.82280231952926, 36.37991778510356], [127.81855568072206, 36.38164809324886], [127.81671235297782, 36.38185420590132], [127.81120652692731, 36.382077341638755], [127.8044548346685, 36.38233371229734], [127.80061639630341, 36.38245224137411], [127.79741378396118, 36.38355787074704], [127.79475522635317, 36.38467522005917], [127.79461597998143, 36.384971478181726], [127.79403243277243, 36.38625545440193], [127.79371671259946, 36.38656727880053], [127.79363839812272, 36.386644620888895], [127.79186310409304, 36.387803391335424], [127.78983271480028, 36.38856273022515], [127.78912640684288, 36.38819185574546], [127.78887590612224, 36.38809011986241], [127.78850352401847, 36.38794184778878], [127.7874519036659, 36.38752591156834], [127.78655687032219, 36.38723476378803], [127.78645977375561, 36.38721369076023], [127.78558907200056, 36.38704310151287], [127.78338581140198, 36.38707989982357], [127.78273186962245, 36.38730913334061], [127.78231377990241, 36.387521462198386], [127.78205510265, 36.38787999887378], [127.78138456227771, 36.38887419381298], [127.77880074923556, 36.38880674341685], [127.77796957450029, 36.3885504473605], [127.77741085742134, 36.388264071694756], [127.77734403506378, 36.38785061088192], [127.77711770588166, 36.38752531772878], [127.7758302385179, 36.38731030341243], [127.77079098695656, 36.387479080775535], [127.77038834386086, 36.38785670291323], [127.76981463310268, 36.38814977770563], [127.76543823303511, 36.39068466179084], [127.76501961712148, 36.39121912999336], [127.76320697439658, 36.3927886671027], [127.76239805908433, 36.393468500128826], [127.76033653518259, 36.39104508252206], [127.75905871759461, 36.3908590239163], [127.75691460904162, 36.39058988646275], [127.75689521624393, 36.39059879114135], [127.75638153037286, 36.39083465486126], [127.75525975226691, 36.39108680631806], [127.75485606831333, 36.3909030335204], [127.74806066794488, 36.386681485520576], [127.74804919243006, 36.38639156804828], [127.74795021672287, 36.38604021600319], [127.74777512104089, 36.385975445325045], [127.74670489477366, 36.385826851011714], [127.74385238986835, 36.38680320833166], [127.74243855929885, 36.387685764798995], [127.74198398476743, 36.38811586426113], [127.74126340679055, 36.38866642872447], [127.74029242287082, 36.38939264449976], [127.73737361111988, 36.39141572238971], [127.73680737776378, 36.39180646004139], [127.73672253178948, 36.3918650078937], [127.73644726955882, 36.39194241330179], [127.7358230921483, 36.39184980399523], [127.73480987089961, 36.392511063237755], [127.73253397290694, 36.39164093577632], [127.73144880834478, 36.39023004068565], [127.7302568199757, 36.389879626709345], [127.72791185742106, 36.39075739975996], [127.72728621652199, 36.391985950940516], [127.72710410720033, 36.3925996571693], [127.72258010639698, 36.394038123570844], [127.72074140400609, 36.39496204508199], [127.71903854702964, 36.39586517839401], [127.71842041006808, 36.39629333035461], [127.71750422604, 36.39732527011139], [127.71686680400697, 36.398374526466746], [127.71691313092883, 36.39878924457313], [127.71695580613137, 36.399043877874945], [127.71673397447297, 36.39937524302752], [127.71261666977124, 36.40268671517868], [127.71099559876116, 36.40355549960628], [127.70820677931796, 36.40652534271079], [127.70800310695199, 36.40681752689244], [127.70799390418047, 36.406830729617866], [127.7079914742366, 36.40724047617425], [127.70830868198028, 36.409177414429536], [127.7085773459302, 36.40983157767508], [127.70891748610087, 36.41051255926392], [127.70947338907283, 36.41120866424399], [127.71012003542491, 36.4120392333489], [127.71023163120634, 36.41239231424199], [127.71043028463187, 36.41346216282231], [127.7100718085277, 36.41377915082509], [127.70739296847837, 36.41369267413437], [127.70699156219864, 36.41366253284607], [127.70659885065363, 36.413628588738774], [127.70491468136062, 36.41407082880065], [127.70415446698323, 36.4148432312541], [127.70372845709068, 36.41461500892628], [127.70053927392458, 36.413833395676875], [127.70012069625824, 36.413835163480144], [127.69683911026557, 36.41474356342938], [127.6946233829691, 36.415869739077536], [127.68922130765579, 36.41766477421265], [127.68758847367653, 36.41807998970467], [127.6861706188767, 36.41840204981612], [127.68466281404777, 36.417916677831684], [127.68385407140444, 36.41743044686948], [127.68359900663064, 36.41744771054306], [127.68224465111889, 36.41799782079496], [127.68132379627592, 36.41854486281549], [127.68082627304503, 36.41903942393037], [127.68008799405321, 36.419923858507644], [127.68059493660695, 36.42051229208622], [127.68036663850619, 36.42153872289542], [127.67975215723185, 36.42321437726375], [127.67870411296194, 36.424598835650414], [127.67853619966195, 36.42588124216311], [127.67846088524293, 36.4270099911968], [127.67847274615626, 36.42709969720479], [127.67848027833219, 36.42715661747882], [127.67875427305759, 36.42819542298485], [127.67884401331773, 36.42845679495437], [127.67909153785781, 36.42891885841318], [127.67951923226975, 36.4296927668533], [127.68042920003464, 36.43486881088336], [127.68050885690499, 36.436018277573496], [127.68032841714546, 36.43629926239433], [127.67980926673185, 36.436527679227254], [127.67582900667756, 36.438275338076835], [127.67174305813725, 36.44106372041241], [127.66799279026776, 36.443886729804184], [127.66581969007183, 36.44500137240276], [127.66523894730378, 36.44504771284807], [127.66457996581616, 36.44492562886872], [127.66397678602503, 36.444517208411284], [127.66203444139954, 36.44256107548286], [127.66198023469943, 36.4424886879487], [127.66188627995355, 36.44230675481101], [127.66173466917871, 36.4417022964908], [127.66066703730547, 36.440666411686706], [127.65776991605958, 36.43806492001021], [127.65766228976473, 36.43799165353032], [127.65537010216354, 36.43793483325776], [127.65399386941186, 36.43866270913694], [127.65338167456613, 36.43930429914342], [127.65142874807307, 36.44148288275314], [127.65097416380976, 36.442242785652766], [127.64958350017113, 36.442883936836466], [127.64824304739176, 36.44248782558274], [127.64732713886181, 36.44439345144156], [127.64694739940984, 36.44482244653699], [127.64567231818296, 36.44518945922418], [127.64474383404668, 36.44528865394689], [127.64373223069764, 36.44506975864836], [127.64195026340818, 36.44331082190595], [127.64136232678392, 36.44255592025737], [127.64011129314221, 36.4402884139928], [127.63986306204556, 36.43938574713176], [127.63990554752641, 36.43897466220191], [127.64004318689048, 36.43861453086447], [127.63995748083767, 36.43815851438591], [127.63964844282367, 36.43686070723396], [127.63922540062838, 36.43602849892106], [127.63761428290343, 36.43564301460563], [127.63679743194646, 36.436355970117056], [127.63586062917783, 36.43714527077959], [127.63493233528877, 36.43790442353433], [127.63243170603857, 36.43912140533424], [127.63125109774711, 36.439546256609034], [127.62869735662055, 36.434645068519806], [127.62835336865334, 36.433840574300056], [127.62760430160051, 36.43050490319545], [127.62778592556779, 36.43012860375988], [127.62803052724175, 36.42945157933119], [127.62811787727279, 36.42889248268959], [127.62807979637638, 36.4286360169045], [127.62685427609546, 36.42677974419172], [127.62342985056864, 36.422566859141746], [127.62318350099977, 36.42258054182878], [127.62272648384129, 36.42252788797167], [127.62258726498557, 36.4224895735136], [127.62243894216792, 36.42240697245193], [127.62003759110888, 36.42044251425547], [127.61992775354636, 36.41991516442986], [127.6204680007804, 36.41978510404659], [127.62057937191595, 36.41968449082392], [127.62078551122845, 36.41890884723763], [127.62087378001235, 36.41848973370464], [127.62079458599126, 36.41816580281945], [127.61986332947131, 36.417710288107266], [127.61930049592044, 36.41775314795957], [127.61809143051511, 36.41762389196003], [127.61800404697264, 36.41760809517552], [127.6173929288068, 36.417430144837], [127.61733764866217, 36.417355382928015], [127.61733085742271, 36.41725202818698], [127.61738021313026, 36.41423918809006], [127.61749724940141, 36.41212011611209], [127.61750080440814, 36.41198184200078], [127.61677558439544, 36.40918623949053], [127.61580102253926, 36.40736223750376], [127.61408999180372, 36.405092565022166], [127.61338065227892, 36.40421159555751], [127.61245569395797, 36.40350536805797], [127.61223895297799, 36.40335365912677], [127.61182133149964, 36.40319604819297], [127.61038125282592, 36.40304505669872], [127.60985017570177, 36.40300619263241], [127.6088260417107, 36.40311817295281], [127.60793608024856, 36.40323468243019], [127.60531864168998, 36.40378794071427], [127.6040923141471, 36.40469551264144], [127.60381506024899, 36.40659979833072], [127.60440592894545, 36.40784106672112], [127.60461219410871, 36.40795592716], [127.60467242704857, 36.40802540957496], [127.60471358065153, 36.40817731595897], [127.60465536259792, 36.4083387638185], [127.60445396426566, 36.408565175166856], [127.6028301895847, 36.409535647672456], [127.6024970019049, 36.40953566634809], [127.6022990168582, 36.40941133992499], [127.60219119434784, 36.409287741119954], [127.60212961155028, 36.40914891186186], [127.60206740386435, 36.40900712247079], [127.60170669694564, 36.40778886861191], [127.60169637061946, 36.407558044529075], [127.60164652935882, 36.40737011563501], [127.60142906919926, 36.40717978596864], [127.60117108099318, 36.40713541229788], [127.60097977854298, 36.40716915629318], [127.59886720204446, 36.40778340524002], [127.59873297383949, 36.407877841824536], [127.59845742049957, 36.40820875231159], [127.59858346451803, 36.40854261198163], [127.59904140505995, 36.40933678593239], [127.59908859870013, 36.41030780148535], [127.59907881486149, 36.410565992156116], [127.59902199749571, 36.41106655091512], [127.59892291941229, 36.411442142715295], [127.59883545874364, 36.411767238110606], [127.59863280064565, 36.411958890126975], [127.59830176615341, 36.41200296220245], [127.5980806333374, 36.411954152082245], [127.59784907101496, 36.4118315335718], [127.59783601014782, 36.411816460743324], [127.59749317895178, 36.41142078380662], [127.59726834002873, 36.41116644845657], [127.59692438981227, 36.410822452877326], [127.59670096432419, 36.41069774928122], [127.59649972168677, 36.41069848363893], [127.59397900588651, 36.41105767100717], [127.59069332388644, 36.41173884690942], [127.59029943316358, 36.41185551604189], [127.58804258827946, 36.41289575510599], [127.58794533380807, 36.41299471939354], [127.58786796235599, 36.413894248936664], [127.58788248730924, 36.41411331944272], [127.58810364703805, 36.41449036539585], [127.58849467767962, 36.41491150616956], [127.58852302549582, 36.415017388959804], [127.58841601921907, 36.41512623259452], [127.58522781540331, 36.41711472232596], [127.58405691780945, 36.417802791248484], [127.5833786807584, 36.41735664013282], [127.58258589989316, 36.41561300663191], [127.58189184880735, 36.41370863681088], [127.58173017180161, 36.41158262354154], [127.58159095608556, 36.411003868445796], [127.58112594919922, 36.409576828963125], [127.58102960756783, 36.409352107199915], [127.58076262976546, 36.40884443141208], [127.58052505838259, 36.40847065059818], [127.57985488627101, 36.40784597433109], [127.5782807349796, 36.40653360600186], [127.57491812792166, 36.40402116362143], [127.57279901288013, 36.40246324249894], [127.56958837359556, 36.40040293788537], [127.56845514055222, 36.39947054581808], [127.56830695617425, 36.399368238942536], [127.56595568817208, 36.39800199736852], [127.56581131190612, 36.39792005903637], [127.56559774092514, 36.397830025811885], [127.56179262314193, 36.3969067076511], [127.55814207022435, 36.39656768297659], [127.557227802759, 36.39600575454975], [127.55595907150409, 36.39510765825405], [127.55574685437689, 36.39483179051619], [127.55527255435192, 36.394210597472785], [127.55525210347551, 36.394182674682426], [127.55510136988354, 36.393976757133835], [127.55496407917516, 36.3934263738534], [127.55480161958926, 36.39280798560608], [127.55407913477973, 36.39281288117651], [127.55402535995049, 36.39310699073016], [127.553734698954, 36.39469700648424], [127.55368651186272, 36.39496060173973], [127.5540241652815, 36.39487095414539], [127.55402431245028, 36.39487091441131], [127.5550802458789, 36.395186782452626], [127.55915952291637, 36.397816922681095], [127.55967899208213, 36.3982188891373], [127.5591921851404, 36.39914654040999], [127.55878010356635, 36.39985614928749], [127.55877986151563, 36.39985607818542], [127.55854565488539, 36.399787431425196], [127.5581651726374, 36.399675947924386], [127.55794101506014, 36.399648002044316], [127.5571111961004, 36.39954514183068], [127.55711093068264, 36.399545138351456], [127.55632033194318, 36.399665116684346], [127.55552571848902, 36.399882549270416], [127.55503716617284, 36.40010559672004], [127.55451037043834, 36.4004127366722], [127.55319893218262, 36.4012171698113], [127.55261381674316, 36.402839138326314], [127.55191683278778, 36.404827703012195], [127.55185322968977, 36.40502314877962], [127.55169973096605, 36.40548626618339], [127.55166325776105, 36.405526138745], [127.55010065477083, 36.40711823106994], [127.54862285390034, 36.40794421319335], [127.54664724471293, 36.408772127693496], [127.54607086341053, 36.408646113430855], [127.54607058569269, 36.4086461081288], [127.54557394191329, 36.40881874385008], [127.54410203660306, 36.410605219718896], [127.54288955837357, 36.412078196151874], [127.54183884542081, 36.41568756773081], [127.54185971247016, 36.41585756583374], [127.5422804575652, 36.419279192294596], [127.54153477953275, 36.419653167451365], [127.53961815227412, 36.420614161935994], [127.53479261673792, 36.41932977039498], [127.53012353451324, 36.41912639379192], [127.52938113293384, 36.419219769137385], [127.5270312217329, 36.42117944563151], [127.52431937652878, 36.42343183950905], [127.52391656161112, 36.42343247260822], [127.52391628719037, 36.42343247266319], [127.52322395235586, 36.42310207308901], [127.52094990010517, 36.421580307930746], [127.51728640917617, 36.42167447067572], [127.51646140327355, 36.42232630289978], [127.51614276169127, 36.42248763113494], [127.51451288671738, 36.4224735222481], [127.51451283094147, 36.422473522254876], [127.51451350511627, 36.42247568224032], [127.51468206688854, 36.423016592606146], [127.51565653766455, 36.42661701302883], [127.5161859222122, 36.42865765080327], [127.51620645353665, 36.428768944561945], [127.516645986541, 36.430217353610566], [127.51684700866481, 36.430766198157414], [127.51718582614984, 36.431352313417264], [127.51730575042029, 36.431559509891876], [127.51754763262255, 36.43193488397567], [127.51923493983541, 36.4345074309496], [127.5197634625093, 36.43504511645108], [127.52565316061974, 36.43899098044308], [127.5286897100102, 36.44097858579902], [127.5305831452655, 36.44182597825008], [127.53203870931428, 36.442376175637406], [127.5371327308838, 36.44429097932953], [127.53927055663429, 36.44499108477657], [127.53940145606796, 36.445018025253454], [127.53952001058163, 36.44475362674197], [127.54483268354838, 36.44625552486349], [127.54541484055719, 36.447506405919015], [127.54687445554408, 36.45093031624804], [127.54920640245136, 36.4545916962201], [127.55027081283271, 36.45508613166238], [127.5504470281506, 36.45511750072827], [127.5508487359432, 36.4551329374896], [127.5509658149077, 36.45515144005212], [127.55148395380465, 36.45576802343544], [127.55193885794107, 36.45652157554389], [127.5526416587313, 36.45792992432561], [127.55318620257111, 36.45914490985916], [127.55320028689945, 36.45922967848238], [127.55312614664105, 36.45953841077135], [127.5536234807155, 36.46192685927862], [127.55463856903715, 36.465197325585706], [127.55558153725994, 36.46722933070859], [127.55617260064241, 36.47182311438319], [127.55817914637959, 36.47223602875839], [127.55862302448863, 36.47206874581381], [127.55862323347912, 36.47206908558532], [127.55969840290298, 36.47383273635732], [127.56074971438005, 36.47567298599997], [127.56236827597411, 36.47859661879986], [127.56242547558432, 36.4796757385539], [127.56273506707136, 36.48023655804057], [127.56469519919574, 36.48067544413808], [127.56628594014641, 36.48119504929984], [127.56707298621879, 36.48164155865053], [127.5670677661479, 36.48165716421701], [127.56664788385315, 36.48291183854876], [127.56658318614278, 36.48326418557652], [127.5667204418078, 36.4835898826227], [127.56677301486465, 36.48371462555211], [127.56701172816018, 36.4840116529437], [127.5672996056012, 36.484282009471215], [127.57032372575694, 36.48619128891908], [127.57122708431314, 36.48650221591141], [127.57679144548521, 36.490478546361516], [127.57456988100382, 36.492444639694035], [127.5724154765194, 36.49508376173799], [127.57119765496661, 36.497160445644084], [127.57020129730432, 36.49931719986149], [127.57041991696545, 36.50354942713473], [127.57160979782624, 36.505547121933034], [127.57232193537845, 36.50673003718016], [127.57271070667117, 36.507532595080015], [127.57282872265785, 36.50813023189848], [127.57321666961683, 36.511592282015386], [127.57317362899474, 36.512511259715644], [127.57265859569016, 36.51589438820636], [127.57143995101337, 36.518199796108135], [127.57094861374831, 36.518507502680215], [127.57092471135248, 36.51852247845233], [127.56942705841908, 36.5213693832403], [127.56920955247101, 36.52199700494199], [127.56798994859544, 36.52620981641019], [127.56645507815685, 36.52831729927965], [127.56532460481327, 36.529531710083404], [127.56502218071088, 36.53057417357376], [127.56506101260511, 36.53059195910386], [127.56624385563359, 36.531133677784275], [127.5685145203861, 36.53273303198286], [127.5687086826192, 36.53287993013086], [127.56931646388422, 36.53374743679422], [127.5693170862026, 36.53376380611634], [127.56933051821152, 36.534115292136924], [127.56950114463464, 36.53445601000984], [127.56956903547751, 36.53454442152062], [127.56959434777765, 36.53457737149431], [127.5698875201509, 36.53481644550042], [127.57076353123675, 36.53547346395572], [127.57112109002246, 36.53568532415762], [127.57184312584138, 36.536029988866794], [127.5747497646371, 36.53707829942835], [127.57810315531917, 36.53749397740341], [127.58019120648234, 36.53972624917879], [127.58010232406797, 36.540350931816185], [127.58013220791211, 36.54071975566274], [127.58030069163733, 36.54134317069746], [127.58085315804757, 36.541960916637315], [127.58788338381036, 36.543825043538504], [127.5887885817971, 36.54378367786593], [127.5895674391607, 36.54331017937583], [127.59089619400852, 36.54328087372237], [127.59184676699964, 36.543527813276874], [127.59363936615196, 36.54522913790933], [127.59896744965498, 36.54832712251571], [127.60049924702619, 36.54851598451038], [127.60143865125409, 36.54843746891886], [127.60151496945888, 36.54840620267271], [127.60209378689163, 36.54816906724899], [127.60358968681075, 36.54790908039906], [127.60609525897762, 36.54899866604664], [127.60860455619726, 36.55018720292893], [127.60884242342593, 36.550337958458115], [127.61165701263862, 36.551477219527854], [127.61235972142111, 36.55142800319164], [127.61238134195733, 36.5514592805606], [127.612948401107, 36.55227966117187], [127.61374619838482, 36.55443917750828], [127.61365791977583, 36.555007785502], [127.61375546483679, 36.555567333664634], [127.61418561186642, 36.55650917343889], [127.61431866557308, 36.55680049234288], [127.61504436754747, 36.557251793310094], [127.61654549833868, 36.558804739920795], [127.61718896432644, 36.55949584819631], [127.61675799161632, 36.56038372754475], [127.61662329511778, 36.5605367850791], [127.61497182097978, 36.56230477158463], [127.61410081675332, 36.562886729048834], [127.61352800008034, 36.56362325952127], [127.61327696441235, 36.563951081317654], [127.61327591369079, 36.5639524571167], [127.61124364345973, 36.56679400879513], [127.61124511852779, 36.566835210854656], [127.61125565969986, 36.56712904853509], [127.61147550201596, 36.56927743530335], [127.61192968423767, 36.570182627567576], [127.61254670173979, 36.571324851895845], [127.6140320120861, 36.57310099765527], [127.61430434705036, 36.57339599941619], [127.61570896005405, 36.5753426254296], [127.61755836919289, 36.57732992223031], [127.61776223958101, 36.57753532491952], [127.61876885332192, 36.5778101323019], [127.62038351752321, 36.57808630920586], [127.62236879475472, 36.57817809500762], [127.62268284628608, 36.57876440497541], [127.62330507797849, 36.58147885159355], [127.62564137221779, 36.58357564124661], [127.62755245126236, 36.585093509278046], [127.62831203843882, 36.58560122057548], [127.6291613377577, 36.58623845993802], [127.63035887437617, 36.58736285756729], [127.63183007932001, 36.58892655575291], [127.63188427774496, 36.58947388944257], [127.63122451540326, 36.59029347045733], [127.63061859010703, 36.59102738007229], [127.63024669826021, 36.591791964336366], [127.63016561771951, 36.59362311876716], [127.6333304859016, 36.59809211264272], [127.63447693591472, 36.599227009859504], [127.63525693332875, 36.599887359897686], [127.63567270155832, 36.60023461236151], [127.63651528002879, 36.6001434043661], [127.63773139171066, 36.600284816778526], [127.63805532972754, 36.60039415849599], [127.63914213578968, 36.60079692658603], [127.64052279130989, 36.601608993185934], [127.64176204124598, 36.60296970140228], [127.64207272106304, 36.603434639232745], [127.64246427898723, 36.60405246089898], [127.64373355594218, 36.60522860705764], [127.64419352114449, 36.60559766818324], [127.64625253604434, 36.606592068863016], [127.64627938094584, 36.60657196668041], [127.64741605186681, 36.605584160655376], [127.64867895898567, 36.60552615866616], [127.65238130844747, 36.604864147534386], [127.65307218245428, 36.60218647023214], [127.65315715426883, 36.60161898783511], [127.6530642610411, 36.601311088081935], [127.65367260059001, 36.60062225046563], [127.65400732225385, 36.600356670228784], [127.6551503933464, 36.6001583517557], [127.65561431334037, 36.60016976576053], [127.6561034934479, 36.60026469615017], [127.65736883779705, 36.60071003769455], [127.65897113432403, 36.60134870917966], [127.6597617800549, 36.6019071027427], [127.66012155547936, 36.602349368479274], [127.66019385344295, 36.60240960436792], [127.66064208881431, 36.60261051655457], [127.66095859141006, 36.60263829572349], [127.66221725106513, 36.602737514165355], [127.66450119553977, 36.60259770769633], [127.66507872000183, 36.60256098157917], [127.66544649430031, 36.602406914206846], [127.66813177618934, 36.599227646144186], [127.66851188222034, 36.59845161048476], [127.66913597556203, 36.596781099704465], [127.66913074347656, 36.59676533443108], [127.6685974105476, 36.5951572070159], [127.6686171785671, 36.59453784171702], [127.67341202308498, 36.59571766575326], [127.67542760104281, 36.596717468847785], [127.67542123771138, 36.59673395949166], [127.67565425554936, 36.59676708279895], [127.67594619687921, 36.59676634026468], [127.67668789082263, 36.596694476866254], [127.6767380034923, 36.59668208983831], [127.67884015166848, 36.59588025125387], [127.68013803778454, 36.59356209147296], [127.6805310675728, 36.592393138363114], [127.68090026731475, 36.5922331756267], [127.68200723135179, 36.59179947095309], [127.68240336666354, 36.5920043658545], [127.68527732460173, 36.59205544408975], [127.68704361013508, 36.59205852715763], [127.68894087634928, 36.5913724168158], [127.6890198060989, 36.590809807477044], [127.68902777146845, 36.59078921622], [127.68913425535305, 36.590671301900684], [127.6891492521608, 36.59065470756315], [127.69190964384944, 36.58934854709816], [127.69210797600377, 36.589298430338815], [127.69213139286741, 36.58929660942078], [127.69265090807075, 36.589256211990154], [127.6928473072557, 36.58924094205318], [127.69325410902897, 36.58926717505286], [127.6933960864756, 36.58886991254236], [127.69368176763177, 36.5886270883604], [127.6946146121472, 36.588486697658794], [127.69667630320755, 36.58881316944025], [127.69691566229815, 36.58886244441158], [127.69780168618134, 36.58908795711699], [127.70242239478493, 36.5911301845698], [127.70320226030856, 36.59162040052041], [127.70341058146465, 36.59279774020869], [127.70369870970146, 36.59326318913915], [127.7043493884239, 36.59419579537812], [127.70557546233283, 36.59514970822231], [127.70597695275728, 36.59525657966314], [127.70669172722064, 36.59529699440186], [127.70778461522568, 36.59549001345421], [127.70883530749234, 36.59575692857742], [127.70966192832847, 36.59605501961092], [127.711393098612, 36.597382537888876], [127.71142347023552, 36.597888344009206], [127.71138454610254, 36.59843108494171], [127.71317795234627, 36.60120575624952], [127.71381388925366, 36.60201529603843], [127.71599767709611, 36.60235916472223], [127.72020035126053, 36.60266917281047], [127.72309899340763, 36.6019791934504], [127.7243168111532, 36.60149624046861], [127.72725432716358, 36.60104668048976], [127.72776454315937, 36.601778431572065], [127.72873987769721, 36.60231239077495], [127.73110821217635, 36.60164758830149], [127.73648560165076, 36.60002110630225], [127.73715221368313, 36.59932262172999], [127.7370118875378, 36.59717327172668], [127.73675372194714, 36.59481281572568], [127.73733674555933, 36.592623256316095], [127.73760503434298, 36.592454361669866], [127.73880484777293, 36.59218295184509], [127.74014518581178, 36.59165252915511], [127.74102396841762, 36.591261961592814], [127.74191836201715, 36.59023636340678], [127.74191941552995, 36.589500784457], [127.74189931026568, 36.58947942538311], [127.74177399058605, 36.58934631579883], [127.74155399737394, 36.58911262706392], [127.7420470811447, 36.588180045925846], [127.74266752021985, 36.58761640597333], [127.7428146879405, 36.58750118353688], [127.7428894631805, 36.58744264172466], [127.74585660796012, 36.5852500360822], [127.74681972346063, 36.5855665631362], [127.74974435845121, 36.586593678986574], [127.75033558183527, 36.586933607283676], [127.75058913338064, 36.58723837487842], [127.75068093396796, 36.58734870794034], [127.75204104795588, 36.58844637032848], [127.75519878835219, 36.59008343535561], [127.75819976608138, 36.590425389599936], [127.76002512362346, 36.590345358130136], [127.76132101546574, 36.59049463546989], [127.76528517906996, 36.59194244380071], [127.7656242614805, 36.592099900443394], [127.76883544668864, 36.59420613595586], [127.76927587143199, 36.5964695189062], [127.76978231791175, 36.60117229229309], [127.76948993931016, 36.60399193394895], [127.77073493627712, 36.6049092877967], [127.77668800539149, 36.60805190643515], [127.77747809621648, 36.60830848332515], [127.77754877626155, 36.608312430472004], [127.77783510038414, 36.60832509105002], [127.77930263111385, 36.608282461632704], [127.78082280128824, 36.60847064702926], [127.78101806222023, 36.60852484284323], [127.78143276709687, 36.6087493255648], [127.78249204202932, 36.61026685045678], [127.784566691567, 36.61268510883334], [127.78589946697026, 36.61355147261975], [127.78626250812488, 36.613773918441105], [127.7888964128875, 36.61237349390156], [127.79181386320988, 36.61033207441687], [127.79314744260735, 36.60855948631629]]]]}, "properties": {"name": "\ubcf4\uc740\uad70", "base_year": "2018", "name_eng": "Boeun-gun", "code": "33320"}}, {"type": "Feature", "geometry": {"type": "MultiPolygon", "coordinates": [[[[127.64732713886181, 36.44439345144156], [127.64824304739176, 36.44248782558274], [127.64958350017113, 36.442883936836466], [127.65097416380976, 36.442242785652766], [127.65142874807307, 36.44148288275314], [127.65338167456613, 36.43930429914342], [127.65399386941186, 36.43866270913694], [127.65537010216354, 36.43793483325776], [127.65766228976473, 36.43799165353032], [127.65776991605958, 36.43806492001021], [127.66066703730547, 36.440666411686706], [127.66173466917871, 36.4417022964908], [127.66188627995355, 36.44230675481101], [127.66198023469943, 36.4424886879487], [127.66203444139954, 36.44256107548286], [127.66397678602503, 36.444517208411284], [127.66457996581616, 36.44492562886872], [127.66523894730378, 36.44504771284807], [127.66581969007183, 36.44500137240276], [127.66799279026776, 36.443886729804184], [127.67174305813725, 36.44106372041241], [127.67582900667756, 36.438275338076835], [127.67980926673185, 36.436527679227254], [127.68032841714546, 36.43629926239433], [127.68050885690499, 36.436018277573496], [127.68042920003464, 36.43486881088336], [127.67951923226975, 36.4296927668533], [127.67909153785781, 36.42891885841318], [127.67884401331773, 36.42845679495437], [127.67875427305759, 36.42819542298485], [127.67848027833219, 36.42715661747882], [127.67847274615626, 36.42709969720479], [127.67846088524293, 36.4270099911968], [127.67853619966195, 36.42588124216311], [127.67870411296194, 36.424598835650414], [127.67975215723185, 36.42321437726375], [127.68036663850619, 36.42153872289542], [127.68059493660695, 36.42051229208622], [127.68008799405321, 36.419923858507644], [127.68082627304503, 36.41903942393037], [127.68132379627592, 36.41854486281549], [127.68224465111889, 36.41799782079496], [127.68359900663064, 36.41744771054306], [127.68385407140444, 36.41743044686948], [127.68466281404777, 36.417916677831684], [127.6861706188767, 36.41840204981612], [127.68758847367653, 36.41807998970467], [127.68922130765579, 36.41766477421265], [127.6946233829691, 36.415869739077536], [127.69683911026557, 36.41474356342938], [127.70012069625824, 36.413835163480144], [127.70053927392458, 36.413833395676875], [127.70372845709068, 36.41461500892628], [127.70415446698323, 36.4148432312541], [127.70491468136062, 36.41407082880065], [127.70659885065363, 36.413628588738774], [127.70699156219864, 36.41366253284607], [127.70739296847837, 36.41369267413437], [127.7100718085277, 36.41377915082509], [127.71043028463187, 36.41346216282231], [127.71023163120634, 36.41239231424199], [127.71012003542491, 36.4120392333489], [127.70947338907283, 36.41120866424399], [127.70891748610087, 36.41051255926392], [127.7085773459302, 36.40983157767508], [127.70830868198028, 36.409177414429536], [127.7079914742366, 36.40724047617425], [127.70799390418047, 36.406830729617866], [127.70800310695199, 36.40681752689244], [127.70820677931796, 36.40652534271079], [127.71099559876116, 36.40355549960628], [127.71261666977124, 36.40268671517868], [127.71673397447297, 36.39937524302752], [127.71695580613137, 36.399043877874945], [127.71691313092883, 36.39878924457313], [127.71686680400697, 36.398374526466746], [127.71750422604, 36.39732527011139], [127.71842041006808, 36.39629333035461], [127.71903854702964, 36.39586517839401], [127.72074140400609, 36.39496204508199], [127.72258010639698, 36.394038123570844], [127.72710410720033, 36.3925996571693], [127.72728621652199, 36.391985950940516], [127.72791185742106, 36.39075739975996], [127.7302568199757, 36.389879626709345], [127.73144880834478, 36.39023004068565], [127.73253397290694, 36.39164093577632], [127.73480987089961, 36.392511063237755], [127.7358230921483, 36.39184980399523], [127.73644726955882, 36.39194241330179], [127.73672253178948, 36.3918650078937], [127.73680737776378, 36.39180646004139], [127.73737361111988, 36.39141572238971], [127.74029242287082, 36.38939264449976], [127.74126340679055, 36.38866642872447], [127.74198398476743, 36.38811586426113], [127.74243855929885, 36.387685764798995], [127.74385238986835, 36.38680320833166], [127.74670489477366, 36.385826851011714], [127.74777512104089, 36.385975445325045], [127.74795021672287, 36.38604021600319], [127.74804919243006, 36.38639156804828], [127.74806066794488, 36.386681485520576], [127.75485606831333, 36.3909030335204], [127.75525975226691, 36.39108680631806], [127.75638153037286, 36.39083465486126], [127.75689521624393, 36.39059879114135], [127.75691460904162, 36.39058988646275], [127.75905871759461, 36.3908590239163], [127.76033653518259, 36.39104508252206], [127.76239805908433, 36.393468500128826], [127.76320697439658, 36.3927886671027], [127.76501961712148, 36.39121912999336], [127.76543823303511, 36.39068466179084], [127.76981463310268, 36.38814977770563], [127.77038834386086, 36.38785670291323], [127.77079098695656, 36.387479080775535], [127.7758302385179, 36.38731030341243], [127.77711770588166, 36.38752531772878], [127.77734403506378, 36.38785061088192], [127.77741085742134, 36.388264071694756], [127.77796957450029, 36.3885504473605], [127.77880074923556, 36.38880674341685], [127.78138456227771, 36.38887419381298], [127.78205510265, 36.38787999887378], [127.78231377990241, 36.387521462198386], [127.78273186962245, 36.38730913334061], [127.78338581140198, 36.38707989982357], [127.78558907200056, 36.38704310151287], [127.78645977375561, 36.38721369076023], [127.78655687032219, 36.38723476378803], [127.7874519036659, 36.38752591156834], [127.78850352401847, 36.38794184778878], [127.78887590612224, 36.38809011986241], [127.78912640684288, 36.38819185574546], [127.78983271480028, 36.38856273022515], [127.79186310409304, 36.387803391335424], [127.79363839812272, 36.386644620888895], [127.79371671259946, 36.38656727880053], [127.79403243277243, 36.38625545440193], [127.79461597998143, 36.384971478181726], [127.79475522635317, 36.38467522005917], [127.79741378396118, 36.38355787074704], [127.80061639630341, 36.38245224137411], [127.8044548346685, 36.38233371229734], [127.81120652692731, 36.382077341638755], [127.81671235297782, 36.38185420590132], [127.81855568072206, 36.38164809324886], [127.82280231952926, 36.37991778510356], [127.82317659509043, 36.379563673400526], [127.82399065254955, 36.37868208071118], [127.82411385577159, 36.3784519087919], [127.82438661996733, 36.3774494561324], [127.82438750605213, 36.376997282558854], [127.82573936588066, 36.3762856949725], [127.82794389176209, 36.375161958852445], [127.83045176225762, 36.37429617445965], [127.83089668497054, 36.37428032728501], [127.8316341530867, 36.373980377866715], [127.83198988910411, 36.373247996439076], [127.83186674539982, 36.37177910646117], [127.8317940558193, 36.37101652508783], [127.83167060885526, 36.370631287210756], [127.83158699557504, 36.370378620092865], [127.83263648766058, 36.36914687658338], [127.83493895362416, 36.36897447143937], [127.83566691662948, 36.36914398582839], [127.83590763113696, 36.36929304056533], [127.83624903931324, 36.370055086245245], [127.83710780776123, 36.37283538963348], [127.83893451380347, 36.37273977303499], [127.83939106025935, 36.37255052523668], [127.84035980829073, 36.37222861468663], [127.84180456400519, 36.371767177156386], [127.84266623608066, 36.37166583580611], [127.84390735480801, 36.371590243331], [127.85210860639735, 36.37140572017295], [127.85635253559494, 36.37241002014763], [127.85754933899483, 36.37310561823264], [127.86122037498588, 36.3739352433482], [127.86797483287386, 36.37313905557203], [127.87191401864733, 36.37213326946434], [127.8731136317217, 36.37154853179199], [127.87390879697033, 36.371184497837106], [127.87499104003517, 36.37080954633789], [127.87890797989039, 36.37129826129127], [127.87989879828181, 36.37145465170248], [127.88367100412253, 36.370637773796865], [127.88522262354476, 36.36889307910231], [127.88552841976089, 36.36753591342249], [127.8855853178497, 36.36666097964901], [127.88539312228082, 36.36639831156851], [127.88540554592184, 36.36602698593065], [127.88585944687215, 36.364877852970636], [127.88653197923747, 36.36360851184847], [127.88733941902159, 36.36330036006732], [127.8883261638229, 36.3627627785578], [127.89023219108272, 36.36122854044683], [127.89026934626902, 36.361182761822135], [127.89123477450751, 36.35971000899338], [127.89125968450254, 36.35966403484691], [127.8908796119755, 36.35892633565006], [127.89050897789099, 36.3565713474905], [127.88952925619452, 36.35630786609612], [127.88563974111374, 36.35470440860405], [127.88516377702594, 36.35372394602526], [127.88505181620094, 36.352456672890185], [127.88527521646273, 36.35073539353524], [127.88550592308302, 36.35016147850786], [127.88511709033276, 36.34910894181169], [127.88260665049631, 36.34591549416869], [127.88133578220435, 36.3450655075491], [127.87932715314088, 36.34495242860657], [127.87812403923223, 36.34529884514552], [127.8770634525083, 36.34568314680353], [127.87545382434438, 36.34559069287879], [127.87362972059273, 36.34510782850823], [127.87014931240368, 36.3434866082078], [127.87010549256505, 36.34332409944745], [127.87032181811969, 36.343002992404706], [127.87068184052794, 36.342267408430956], [127.87070792077058, 36.34174840185553], [127.87062693322144, 36.34144492786926], [127.86998981856826, 36.339871789146024], [127.86977876930175, 36.339547576907826], [127.86780282914314, 36.33733952104305], [127.86576412846343, 36.33557786059896], [127.86430534868812, 36.335364221383784], [127.86152325371326, 36.335077794114575], [127.86035434095484, 36.33368530522754], [127.85670067740583, 36.33127752552541], [127.85586585572338, 36.330996784695635], [127.85460084878115, 36.330636611066474], [127.85449447567973, 36.33064440577933], [127.85256372153472, 36.32963226959409], [127.85122535324436, 36.32672708976244], [127.85122384943803, 36.32648683556434], [127.85124241630487, 36.32525294217401], [127.85124978514291, 36.325138998288], [127.85119979751892, 36.3231252643674], [127.85084317266836, 36.32124317790691], [127.85082546321628, 36.321187443437346], [127.85070506291858, 36.320812008352874], [127.85039179918323, 36.32025380393908], [127.84885344319135, 36.318962605725126], [127.84661470431972, 36.31804349395172], [127.84591458293305, 36.318233887347695], [127.8458761399395, 36.3182025681464], [127.84577219951568, 36.31811787872875], [127.84519237334064, 36.316438076615206], [127.84446924625765, 36.316514755235396], [127.84422893322778, 36.31660120303559], [127.84051655702737, 36.31565490200347], [127.83643301826588, 36.31347847709491], [127.83530635797169, 36.31274504352918], [127.8352786190153, 36.31267284826665], [127.83227507438762, 36.31134638483556], [127.82870494517022, 36.3100865663299], [127.82809982772119, 36.3101284094726], [127.82780957496348, 36.31019543577994], [127.82583181173027, 36.31030709934334], [127.82503308593438, 36.31009070347146], [127.82257310956363, 36.30768722688948], [127.82279784750315, 36.30714677771761], [127.8230942081692, 36.306735967671536], [127.82316404377544, 36.30643708752964], [127.82146194814449, 36.305440625331464], [127.82098117855418, 36.30516742123496], [127.82096802332683, 36.305174297469975], [127.82051992400937, 36.30551958114978], [127.82036174808312, 36.305694145553105], [127.81972702496158, 36.30701076909699], [127.8192711879919, 36.308601080777585], [127.81904542392957, 36.30944402360058], [127.81744844456964, 36.31035076944692], [127.81346540899538, 36.30827602981224], [127.81152028681906, 36.30858101990445], [127.80952364303842, 36.308881513896516], [127.80831219853764, 36.30881155609687], [127.80774508420227, 36.30813245979539], [127.80705962975645, 36.30728690338506], [127.80687388406868, 36.3068951617097], [127.80515040595803, 36.30499548165059], [127.80350665390274, 36.304074369063414], [127.80194105214696, 36.303703417726815], [127.80091244007919, 36.30100033642161], [127.8003191981133, 36.29819555946696], [127.79958288457144, 36.29829042182829], [127.79749474789838, 36.297733514657565], [127.79668695192728, 36.29748917713355], [127.79497001208588, 36.2968311062297], [127.79530639970008, 36.296258792149786], [127.79482123258327, 36.291192282055206], [127.7947612717764, 36.29094088837692], [127.79444646566064, 36.29050265118868], [127.79399519363, 36.290560696970225], [127.79287649922914, 36.29080024348532], [127.79205685329937, 36.29100563185104], [127.78906822765161, 36.290973050287484], [127.7887516374724, 36.29083600743935], [127.78776032867283, 36.28902345816194], [127.77960627436435, 36.28941677016604], [127.77874134227692, 36.28963868867915], [127.77851635285462, 36.28981815839382], [127.77822744758465, 36.289804256548706], [127.77757838028951, 36.28987588649422], [127.77680237142867, 36.29020306648468], [127.77642342899003, 36.290511105715446], [127.7762121762001, 36.29102484661718], [127.7760294150525, 36.2916370875016], [127.77582651712689, 36.29188733839025], [127.7743290873486, 36.29173919707388], [127.7701635586497, 36.29026511271449], [127.76935642745524, 36.28971869074234], [127.76922071129854, 36.28752555385512], [127.7674818324758, 36.28573166353781], [127.76645261645453, 36.285681470436124], [127.76581469953891, 36.28523771636129], [127.76451125692734, 36.284298381122184], [127.76424361164295, 36.28405845949537], [127.76416398357391, 36.283980856114724], [127.76187304765635, 36.2801090529303], [127.76159646328243, 36.27885761168806], [127.76188175200663, 36.27695234466085], [127.76260478975051, 36.27580496323024], [127.7618333540012, 36.272489260010346], [127.76166554904563, 36.27187794146823], [127.76163027092716, 36.27175782392459], [127.76091797330322, 36.27106408430494], [127.76070320851457, 36.270862991143176], [127.76038530912375, 36.27061381888091], [127.75581820822177, 36.26792380251451], [127.75393252569685, 36.268596863889265], [127.75317662509305, 36.2689253508095], [127.75248840774755, 36.26937181401668], [127.75239760051372, 36.26943117628624], [127.74879650763764, 36.27001836208982], [127.74310172304001, 36.270828829182044], [127.74221727579359, 36.27092183898936], [127.74135345255881, 36.271217100593574], [127.74093671538971, 36.27157041846318], [127.74084676188338, 36.27163193847126], [127.74071259032839, 36.27171322376643], [127.74003307883511, 36.27211572827021], [127.73758292661145, 36.2727696940216], [127.73594184038195, 36.2727939056654], [127.732250162695, 36.275574161269674], [127.73103176165857, 36.2763667933609], [127.73065066555783, 36.276301583243644], [127.72915617077727, 36.27624647119675], [127.72905339862486, 36.27617893187793], [127.7273312695515, 36.274793383446514], [127.72502001156755, 36.272625606983254], [127.72271968268322, 36.27017966199068], [127.72168426752359, 36.26946924081486], [127.72108534876706, 36.26935032493254], [127.72018438532324, 36.26945759925284], [127.71808935517124, 36.26932879518064], [127.71473966807855, 36.268848121010244], [127.71432854175691, 36.268743253362], [127.71400326661055, 36.26862676838451], [127.71397140753605, 36.26860506191969], [127.71381370318225, 36.268477268569846], [127.71282113201298, 36.267365098185785], [127.71205857579199, 36.26598938644417], [127.71329939256397, 36.26488912792362], [127.71467114931131, 36.26313444124093], [127.71386268242858, 36.26306044395793], [127.71241464501811, 36.26313965626153], [127.71064821390537, 36.26321763973778], [127.70981035723352, 36.2632524139281], [127.70849463212592, 36.26304907400923], [127.70792054891335, 36.26293826092169], [127.70657850808341, 36.26266983728513], [127.70597367194762, 36.26229755985754], [127.70459979624027, 36.26124388708327], [127.70226720207545, 36.2607482098011], [127.70177169145134, 36.26078196690673], [127.70029624389711, 36.25890161428965], [127.69982427352349, 36.25818492194421], [127.69942342238706, 36.257462722306734], [127.69936302613247, 36.25638351948416], [127.69838895184827, 36.253873421301705], [127.69692992876972, 36.251617635994485], [127.69636122161093, 36.25090007666923], [127.69596817806286, 36.25055463405445], [127.69568874818286, 36.250599763530424], [127.69528255566992, 36.25114525501239], [127.69423051999621, 36.25040455073217], [127.69384182946708, 36.24991949541571], [127.69338252899674, 36.24887270460425], [127.69290212105264, 36.245430983965434], [127.69237892566422, 36.24260344670202], [127.69126966702672, 36.23860024576879], [127.68742506691261, 36.235158216459666], [127.68643702890657, 36.23509008775891], [127.6847312151863, 36.23306732838501], [127.68304341246073, 36.22951201870425], [127.68049283258678, 36.225703280766425], [127.6725335717879, 36.22222197217716], [127.67164039436625, 36.22244241136845], [127.67010645992765, 36.22332649381704], [127.66998562027416, 36.223414348510346], [127.66975723382706, 36.223437316293605], [127.6660925481304, 36.22373561102426], [127.66384801670098, 36.223286492134974], [127.66375046569813, 36.223303576790755], [127.66327371396156, 36.22343265180531], [127.66203897438699, 36.224305917389124], [127.65852464907692, 36.226898643652234], [127.65760342876013, 36.22776655455508], [127.65726504751896, 36.22822509902616], [127.65614000667888, 36.22934850202781], [127.6561304852718, 36.229340378785366], [127.65580642117051, 36.22904666492197], [127.65543668832922, 36.22853973942239], [127.65493786906535, 36.22768357172306], [127.65464911008844, 36.2272445722418], [127.65391459542323, 36.22647345193094], [127.65358783686084, 36.22624825477089], [127.65070205895537, 36.22515642651519], [127.65067599795455, 36.225147007383995], [127.65057908038078, 36.22498874610953], [127.6501302174836, 36.22144187689247], [127.65029764130766, 36.21979833344044], [127.65094330538768, 36.21901252854074], [127.65230372273646, 36.217890308489714], [127.65227815578896, 36.21568833116671], [127.65141515523923, 36.21404139691084], [127.65083549734486, 36.21328781424394], [127.65015911417834, 36.21261937541874], [127.65009623138212, 36.212555118878726], [127.64961087922366, 36.21197189253215], [127.64932754162761, 36.210916993791166], [127.64845072139451, 36.20710097577772], [127.64965673430149, 36.20357375942169], [127.6508828854622, 36.20141742957973], [127.6527050612135, 36.199077267807546], [127.65302898685609, 36.19745818512167], [127.65291752243805, 36.19408083652492], [127.65369724945089, 36.19381859884701], [127.65399407085619, 36.19364093557491], [127.65438302266914, 36.19199398873768], [127.65415739495143, 36.1899260532939], [127.65408133834468, 36.18957610695591], [127.65377898490853, 36.188820286551575], [127.65319345246198, 36.18803780449314], [127.65141682492299, 36.18576066985172], [127.65120348468673, 36.185680388235895], [127.65001171029373, 36.18528234620741], [127.64999920421175, 36.18527825073924], [127.65020565270768, 36.18413778544499], [127.65065485183352, 36.18292666696046], [127.65114579034997, 36.18250613389757], [127.65275785651089, 36.1807764789369], [127.65402843882522, 36.1793827118291], [127.65503381469318, 36.178229480865], [127.65501285360517, 36.17763664503387], [127.65506821454038, 36.177278528766706], [127.65455271000984, 36.17624211227994], [127.6520096453231, 36.17198194158564], [127.64971137644267, 36.170709560964596], [127.6460992921502, 36.171312011233596], [127.6455746937411, 36.171411911014275], [127.64385788208163, 36.17217263182492], [127.64058677690608, 36.174773237207894], [127.63834870341479, 36.1768100069068], [127.63302121542074, 36.180400875973476], [127.63248609763416, 36.18006634085308], [127.63172365409476, 36.17975728489444], [127.62902180188279, 36.17868514853815], [127.62712279605927, 36.17796871416531], [127.62617233018084, 36.178376466920575], [127.62531338416842, 36.1787891218506], [127.6250064794743, 36.179320849590574], [127.6245878825706, 36.18037595663831], [127.62392020440883, 36.18101884626607], [127.62081480697455, 36.18182960393928], [127.62030908768685, 36.18180598730966], [127.61866711076185, 36.18173847599765], [127.61473308786235, 36.18339302474379], [127.61320731764211, 36.183601462470925], [127.61166780001795, 36.183258198156004], [127.61119732679434, 36.18321620295977], [127.60992944540821, 36.18385218834016], [127.60990394280178, 36.18386537462192], [127.60905575509138, 36.18470025043342], [127.60893927094726, 36.18512021759938], [127.60889467874352, 36.18543214230142], [127.60825136575744, 36.18568380826323], [127.60675124041903, 36.1853449512558], [127.60044384042669, 36.18465269839325], [127.59770647061413, 36.18487727473205], [127.5970187840703, 36.18686851699697], [127.5962556112403, 36.1881424234103], [127.59470680549826, 36.19020958983124], [127.59343282919265, 36.19171102365973], [127.59297622218402, 36.19223145693598], [127.59246548000107, 36.19514030258096], [127.59245808061284, 36.19519666329868], [127.59246183749303, 36.19534956575585], [127.59566827276473, 36.19908261456607], [127.59641091878049, 36.199465587281445], [127.59733620432293, 36.200268106587], [127.59763979615192, 36.20069156003874], [127.59776122399354, 36.20089653331523], [127.59900414503694, 36.20334577743935], [127.599529037162, 36.20456058986794], [127.59958087444964, 36.204773802495836], [127.59965781526542, 36.20509080106879], [127.5995072709819, 36.20640389953995], [127.5989276206384, 36.20953164394851], [127.59797444460366, 36.21070258112097], [127.59731997068583, 36.21298019766314], [127.59796476164387, 36.21432734960548], [127.59808708039019, 36.214829147887684], [127.59802031051909, 36.21708890596675], [127.59777893527774, 36.21750014143165], [127.59551177785379, 36.21899724125445], [127.59268424871387, 36.22081444642985], [127.59110953543825, 36.22165580752308], [127.59066023333844, 36.222571589771505], [127.59032306384931, 36.22439898486616], [127.58772614091518, 36.22525490175915], [127.58630725471565, 36.227577876008056], [127.58523262188633, 36.2296493592965], [127.58480570138312, 36.230247345159306], [127.58358227871109, 36.231296128988184], [127.57954880356398, 36.23279643683539], [127.57587192306161, 36.232266682326006], [127.57484237546015, 36.23201393401188], [127.57026952332936, 36.23351896678667], [127.56903950781931, 36.23259807670564], [127.56861140091969, 36.23249816965626], [127.5677240506542, 36.232294528842665], [127.56698913024397, 36.23196907397808], [127.56608356001803, 36.23029321804075], [127.56569700021674, 36.229441169515745], [127.56514520106003, 36.22874085384702], [127.56431142888019, 36.22805030707349], [127.56385131447627, 36.227747754681786], [127.562673598931, 36.22795435943018], [127.56254725374723, 36.2281495528461], [127.56253988528695, 36.22821266949285], [127.5625231770782, 36.22835496780589], [127.56231518634793, 36.22860433054284], [127.56157879362789, 36.22896684579519], [127.56022194070003, 36.2287684413376], [127.55825333558968, 36.22753849910848], [127.55437136389259, 36.22618641987962], [127.55282931158983, 36.225862639106644], [127.54899621228498, 36.2254383765376], [127.54786704178657, 36.22532835275156], [127.54775123493543, 36.22531874781755], [127.54709240006318, 36.22529358761877], [127.54644297010641, 36.22527007901346], [127.54533119655302, 36.22551366609489], [127.54533114550709, 36.225513906830834], [127.54498383787313, 36.227152857068894], [127.54508748298724, 36.228343635455744], [127.5450946664361, 36.228426119167914], [127.54525415181266, 36.22854339517141], [127.54608750381239, 36.22929687665852], [127.54712270242965, 36.2314828717391], [127.54722347798774, 36.231702078632225], [127.54728966213304, 36.231848493683025], [127.54747287211912, 36.232301631399736], [127.54986145678525, 36.23842436200557], [127.54960285305434, 36.238977808128254], [127.54943688911906, 36.23933171318919], [127.54908038579089, 36.23972986815814], [127.54536566540361, 36.24058067784647], [127.54041187606214, 36.241815739010384], [127.53791797648735, 36.24277769087259], [127.53508890697863, 36.24732383958688], [127.53527636242808, 36.247868774776855], [127.53567949742073, 36.248636644684254], [127.53637365856926, 36.24996531317593], [127.53681104455791, 36.25085720742844], [127.53659401831538, 36.25099983534254], [127.53624268799793, 36.2512306478998], [127.53257275550396, 36.25088933648224], [127.531377980047, 36.249687623908294], [127.53044478968451, 36.2487060895244], [127.52844903299058, 36.248410182230195], [127.5277382533755, 36.24849610704438], [127.52694934338531, 36.24833567229489], [127.52384706008655, 36.24648973467085], [127.52381150413666, 36.246366040889], [127.5235167813734, 36.2453407670679], [127.52189511619098, 36.24384905307138], [127.51812955540507, 36.24064112775768], [127.51748718079708, 36.24054645519119], [127.51656403617693, 36.24052395654988], [127.51573240023563, 36.24054021299951], [127.51536610621791, 36.2406389433545], [127.51474310893134, 36.241220621368164], [127.51130976695502, 36.239965488048746], [127.51032914017102, 36.2392523765152], [127.50981271436223, 36.23903547259096], [127.50949335995348, 36.2389210860919], [127.50918219508549, 36.23886270291739], [127.50868730519039, 36.23877665366991], [127.50234498406071, 36.23773490855744], [127.49992980066605, 36.2381986851108], [127.49934055259466, 36.23828027165255], [127.49923149650049, 36.238295369401634], [127.49625466452164, 36.23834516943126], [127.49451938954046, 36.23822476159851], [127.49257720170571, 36.23795395040168], [127.49264605521208, 36.23948595573598], [127.49291466134268, 36.239828148469705], [127.49314012115232, 36.240025202570166], [127.49325655905614, 36.24052036477607], [127.49321511241894, 36.24106265864607], [127.49270788152951, 36.24306113836687], [127.49248786413614, 36.24381903275836], [127.49231822880614, 36.244379587963685], [127.49176114669275, 36.245166736810944], [127.49176091519583, 36.24516668360311], [127.49106377595409, 36.245005416155855], [127.49106349770675, 36.245005413430405], [127.49027027210461, 36.24500076983315], [127.48941348031656, 36.246011616085134], [127.48760757656163, 36.25143928759067], [127.48793715650994, 36.2518826165877], [127.48798793436075, 36.25194155463715], [127.48854005429506, 36.25258196625831], [127.4900974194378, 36.25459622145777], [127.4899837334598, 36.25733542342497], [127.48981122089566, 36.25783064955358], [127.48978568023455, 36.25789074506635], [127.48974438889316, 36.2579875018798], [127.48893670755226, 36.258355753181135], [127.48770661295181, 36.25817548427455], [127.48749059298883, 36.258245915733546], [127.4863139867286, 36.259216366266386], [127.48616929624012, 36.2595762973745], [127.48610849775504, 36.259727770543144], [127.48604835500996, 36.26124847336164], [127.48831611561249, 36.2671884454017], [127.48833020356491, 36.26721711800081], [127.48867432512831, 36.26730273380885], [127.48912641601613, 36.26746901512376], [127.48987011692083, 36.26775126683989], [127.49025512615836, 36.26837037971828], [127.48976102191382, 36.26952759008528], [127.4892145694891, 36.27107590543868], [127.48880176549267, 36.2723389474585], [127.48875348175262, 36.2727106001635], [127.4890782259089, 36.273004979283556], [127.48934260597879, 36.273238486484566], [127.48943575364385, 36.27331104814331], [127.48955959231115, 36.27339924534383], [127.48966926444767, 36.273419641689344], [127.48980445337669, 36.27345739050288], [127.48989107243654, 36.27348942463019], [127.49003910477076, 36.27355218154429], [127.49063807487879, 36.27388794848029], [127.4906976291244, 36.27392910541994], [127.4926222357808, 36.275472646040534], [127.49678096327874, 36.27923001549902], [127.4985284270471, 36.281321376657495], [127.49880955795182, 36.28281446417594], [127.49836730549298, 36.28391545549396], [127.4976320395909, 36.28565636971018], [127.49464454381342, 36.29134442829101], [127.49268312583344, 36.29499747333281], [127.49229017797136, 36.295607378679335], [127.49184153008761, 36.29615527660453], [127.49171758075217, 36.29622281399182], [127.49140545816434, 36.296434733678865], [127.49119732441496, 36.29658793870856], [127.49117725512687, 36.29702312515628], [127.49160792329734, 36.299297668010745], [127.49240757441464, 36.299947695170985], [127.49433626530106, 36.30087419607349], [127.49433654263323, 36.300874196086625], [127.4974263374773, 36.30157644058051], [127.49742661592575, 36.30157644058651], [127.49897684535979, 36.30567287089093], [127.49895854894919, 36.305777428697695], [127.4988568170758, 36.30633122631495], [127.49881929253137, 36.306530766511734], [127.49877411840698, 36.3067599053388], [127.49819400941556, 36.307923421469], [127.49709329779994, 36.30850248653956], [127.49456811487016, 36.31199004080603], [127.49579593421662, 36.3129604860211], [127.4969191952377, 36.31439376284589], [127.4976845079233, 36.315676169257934], [127.49782766695958, 36.31641256072552], [127.49684242325175, 36.31862225179518], [127.49597570842599, 36.31988241161118], [127.49691537276117, 36.320087763078604], [127.49804255952371, 36.3203368191277], [127.49876532502383, 36.32049772049309], [127.49997303826966, 36.320768104129726], [127.5027233994477, 36.325148948657855], [127.50276214700224, 36.32522257246979], [127.50295937962991, 36.325615727153604], [127.50286007134846, 36.32638382266468], [127.50274106174103, 36.32654878387508], [127.50201960905083, 36.32750170163305], [127.5016093575098, 36.32917479664143], [127.50092033409932, 36.332925407410016], [127.50115091961192, 36.333851518402874], [127.50156618685934, 36.336225481516614], [127.50108505558049, 36.33702699970184], [127.50070893888356, 36.33754223645045], [127.500541393456, 36.337769074678256], [127.50055498691954, 36.339026991746096], [127.50055860816124, 36.33929422627432], [127.5008415711386, 36.339698569440905], [127.50100962693196, 36.33982346251771], [127.50134153231683, 36.34006989516301], [127.50217857008117, 36.34039110804322], [127.50383624745187, 36.34085443599934], [127.5080713486786, 36.34324070256359], [127.50805679979628, 36.344057445206126], [127.50802641702005, 36.34452617900929], [127.50794392816324, 36.34484954253668], [127.50741898759836, 36.3453890844547], [127.50743079870296, 36.3460043592586], [127.50743772349645, 36.34629467614495], [127.50827329705261, 36.346604290123175], [127.50915482363297, 36.34678327661098], [127.50977963959944, 36.346720955796975], [127.51030224205668, 36.3466260840826], [127.51042260367169, 36.34647856422625], [127.51058370938148, 36.34628046953801], [127.51196631641261, 36.346115767977224], [127.5121012096431, 36.346228084745334], [127.51223389250136, 36.3463421361524], [127.51577616260089, 36.348678353715265], [127.51936903406953, 36.35035287445448], [127.52044198128058, 36.35142904876614], [127.52239551889865, 36.3543248364278], [127.52291544090679, 36.35551970858996], [127.52305448542201, 36.355983199983285], [127.52309311662208, 36.35634630875379], [127.52295030157354, 36.3566491006473], [127.52287040883981, 36.35680602639537], [127.52276331785295, 36.3569059005734], [127.52264336043476, 36.35700780555887], [127.52254417572706, 36.35709216252662], [127.52200176593215, 36.3578816299092], [127.52204340931682, 36.35799184095461], [127.52209356133623, 36.35812455195615], [127.52358153186441, 36.36040391196802], [127.52448913913318, 36.36338419284929], [127.52408909376953, 36.365912016542346], [127.52427928440561, 36.366288544633015], [127.52496982744388, 36.36741281079889], [127.52545496068531, 36.36773764288284], [127.52579365232847, 36.36787696347967], [127.5259845320695, 36.368013832513675], [127.52651866303474, 36.36946235447454], [127.5265782767082, 36.37006755489567], [127.52589230021212, 36.37375490775338], [127.5257643375716, 36.37754428495955], [127.5253916037189, 36.38046426971409], [127.52508713264889, 36.38213949857601], [127.52480467629518, 36.38380225517791], [127.52458284524977, 36.38645600277102], [127.5248693001363, 36.38731198255594], [127.52493451261645, 36.38750656368547], [127.52512293303221, 36.387628444313215], [127.52566877958527, 36.38732226944514], [127.52630095471446, 36.387465657343576], [127.52679979952147, 36.38765862029256], [127.52852096570737, 36.38898249754283], [127.52905948481788, 36.39009643042752], [127.53014735691933, 36.3911932843359], [127.53077065453327, 36.39130029450338], [127.53151324950089, 36.390922510847105], [127.53151351265664, 36.390922510777685], [127.53177152201445, 36.39091603972423], [127.53275395089962, 36.391360819088156], [127.53342360975175, 36.39174758874459], [127.53666135980207, 36.394677381323916], [127.53922112091759, 36.39789954875574], [127.54311378859744, 36.39700988377701], [127.54361232774647, 36.396100956023], [127.54465989726638, 36.39615859709064], [127.54687403196192, 36.39642560359423], [127.54812338675673, 36.396755573220446], [127.55263707445665, 36.395239480766584], [127.55368651186272, 36.39496060173973], [127.553734698954, 36.39469700648424], [127.55402535995049, 36.39310699073016], [127.55407913477973, 36.39281288117651], [127.55480161958926, 36.39280798560608], [127.55496407917516, 36.3934263738534], [127.55510136988354, 36.393976757133835], [127.55525210347551, 36.394182674682426], [127.55527255435192, 36.394210597472785], [127.55574685437689, 36.39483179051619], [127.55595907150409, 36.39510765825405], [127.557227802759, 36.39600575454975], [127.55814207022435, 36.39656768297659], [127.56179262314193, 36.3969067076511], [127.56559774092514, 36.397830025811885], [127.56581131190612, 36.39792005903637], [127.56595568817208, 36.39800199736852], [127.56830695617425, 36.399368238942536], [127.56845514055222, 36.39947054581808], [127.56958837359556, 36.40040293788537], [127.57279901288013, 36.40246324249894], [127.57491812792166, 36.40402116362143], [127.5782807349796, 36.40653360600186], [127.57985488627101, 36.40784597433109], [127.58052505838259, 36.40847065059818], [127.58076262976546, 36.40884443141208], [127.58102960756783, 36.409352107199915], [127.58112594919922, 36.409576828963125], [127.58159095608556, 36.411003868445796], [127.58173017180161, 36.41158262354154], [127.58189184880735, 36.41370863681088], [127.58258589989316, 36.41561300663191], [127.5833786807584, 36.41735664013282], [127.58405691780945, 36.417802791248484], [127.58522781540331, 36.41711472232596], [127.58841601921907, 36.41512623259452], [127.58852302549582, 36.415017388959804], [127.58849467767962, 36.41491150616956], [127.58810364703805, 36.41449036539585], [127.58788248730924, 36.41411331944272], [127.58786796235599, 36.413894248936664], [127.58794533380807, 36.41299471939354], [127.58804258827946, 36.41289575510599], [127.59029943316358, 36.41185551604189], [127.59069332388644, 36.41173884690942], [127.59397900588651, 36.41105767100717], [127.59649972168677, 36.41069848363893], [127.59670096432419, 36.41069774928122], [127.59692438981227, 36.410822452877326], [127.59726834002873, 36.41116644845657], [127.59749317895178, 36.41142078380662], [127.59783601014782, 36.411816460743324], [127.59784907101496, 36.4118315335718], [127.5980806333374, 36.411954152082245], [127.59830176615341, 36.41200296220245], [127.59863280064565, 36.411958890126975], [127.59883545874364, 36.411767238110606], [127.59892291941229, 36.411442142715295], [127.59902199749571, 36.41106655091512], [127.59907881486149, 36.410565992156116], [127.59908859870013, 36.41030780148535], [127.59904140505995, 36.40933678593239], [127.59858346451803, 36.40854261198163], [127.59845742049957, 36.40820875231159], [127.59873297383949, 36.407877841824536], [127.59886720204446, 36.40778340524002], [127.60097977854298, 36.40716915629318], [127.60117108099318, 36.40713541229788], [127.60142906919926, 36.40717978596864], [127.60164652935882, 36.40737011563501], [127.60169637061946, 36.407558044529075], [127.60170669694564, 36.40778886861191], [127.60206740386435, 36.40900712247079], [127.60212961155028, 36.40914891186186], [127.60219119434784, 36.409287741119954], [127.6022990168582, 36.40941133992499], [127.6024970019049, 36.40953566634809], [127.6028301895847, 36.409535647672456], [127.60445396426566, 36.408565175166856], [127.60465536259792, 36.4083387638185], [127.60471358065153, 36.40817731595897], [127.60467242704857, 36.40802540957496], [127.60461219410871, 36.40795592716], [127.60440592894545, 36.40784106672112], [127.60381506024899, 36.40659979833072], [127.6040923141471, 36.40469551264144], [127.60531864168998, 36.40378794071427], [127.60793608024856, 36.40323468243019], [127.6088260417107, 36.40311817295281], [127.60985017570177, 36.40300619263241], [127.61038125282592, 36.40304505669872], [127.61182133149964, 36.40319604819297], [127.61223895297799, 36.40335365912677], [127.61245569395797, 36.40350536805797], [127.61338065227892, 36.40421159555751], [127.61408999180372, 36.405092565022166], [127.61580102253926, 36.40736223750376], [127.61677558439544, 36.40918623949053], [127.61750080440814, 36.41198184200078], [127.61749724940141, 36.41212011611209], [127.61738021313026, 36.41423918809006], [127.61733085742271, 36.41725202818698], [127.61733764866217, 36.417355382928015], [127.6173929288068, 36.417430144837], [127.61800404697264, 36.41760809517552], [127.61809143051511, 36.41762389196003], [127.61930049592044, 36.41775314795957], [127.61986332947131, 36.417710288107266], [127.62079458599126, 36.41816580281945], [127.62087378001235, 36.41848973370464], [127.62078551122845, 36.41890884723763], [127.62057937191595, 36.41968449082392], [127.6204680007804, 36.41978510404659], [127.61992775354636, 36.41991516442986], [127.62003759110888, 36.42044251425547], [127.62243894216792, 36.42240697245193], [127.62258726498557, 36.4224895735136], [127.62272648384129, 36.42252788797167], [127.62318350099977, 36.42258054182878], [127.62342985056864, 36.422566859141746], [127.62685427609546, 36.42677974419172], [127.62807979637638, 36.4286360169045], [127.62811787727279, 36.42889248268959], [127.62803052724175, 36.42945157933119], [127.62778592556779, 36.43012860375988], [127.62760430160051, 36.43050490319545], [127.62835336865334, 36.433840574300056], [127.62869735662055, 36.434645068519806], [127.63125109774711, 36.439546256609034], [127.63243170603857, 36.43912140533424], [127.63493233528877, 36.43790442353433], [127.63586062917783, 36.43714527077959], [127.63679743194646, 36.436355970117056], [127.63761428290343, 36.43564301460563], [127.63922540062838, 36.43602849892106], [127.63964844282367, 36.43686070723396], [127.63995748083767, 36.43815851438591], [127.64004318689048, 36.43861453086447], [127.63990554752641, 36.43897466220191], [127.63986306204556, 36.43938574713176], [127.64011129314221, 36.4402884139928], [127.64136232678392, 36.44255592025737], [127.64195026340818, 36.44331082190595], [127.64373223069764, 36.44506975864836], [127.64474383404668, 36.44528865394689], [127.64567231818296, 36.44518945922418], [127.64694739940984, 36.44482244653699], [127.64732713886181, 36.44439345144156]]]]}, "properties": {"name": "\uc625\ucc9c\uad70", "base_year": "2018", "name_eng": "Okcheon-gun", "code": "33330"}}, {"type": "Feature", "geometry": {"type": "MultiPolygon", "coordinates": [[[[127.84441913331362, 36.315469648356654], [127.84147817305889, 36.31000161768076], [127.84148364361597, 36.309793071301414], [127.84153350995614, 36.308312480198474], [127.84155940280691, 36.30823571178386], [127.84157007270039, 36.30820893984992], [127.8432821904725, 36.306141045458865], [127.8432923949101, 36.306133138108436], [127.84382783710441, 36.305749599580885], [127.84390625419094, 36.30571254413819], [127.84446836524492, 36.30542114822626], [127.84516369786802, 36.3043814515875], [127.84686221018148, 36.30076326402595], [127.84693239425275, 36.29971517216169], [127.84625079639524, 36.29761886121704], [127.84580938880269, 36.296796204267416], [127.84558668128206, 36.29482796262217], [127.84564986130783, 36.29368890307798], [127.84621852030932, 36.29248169918753], [127.84678829530255, 36.29137209367016], [127.84750900676596, 36.29053880151291], [127.84803035086783, 36.290054369010804], [127.84821111794989, 36.28989473787203], [127.84918102564748, 36.28879790545821], [127.85005359890337, 36.28390363170989], [127.8502894975798, 36.28225606001576], [127.85087669526204, 36.277973465316556], [127.85139975004724, 36.27546471283015], [127.85211948949733, 36.27392410647977], [127.85376977270711, 36.27453925618931], [127.86086183718342, 36.27706025027261], [127.86183028070297, 36.276780716844186], [127.86522674710515, 36.27591175184597], [127.86609397752417, 36.276291614006695], [127.86738797329893, 36.27660134836739], [127.87045097304707, 36.27657524593381], [127.87235926459154, 36.2763533378559], [127.87642603694567, 36.27579354077877], [127.8778973151652, 36.275380939809075], [127.8797103808593, 36.2748457093643], [127.88145989458953, 36.274190193320635], [127.88263554985332, 36.273749667204804], [127.88584537340907, 36.2802002203072], [127.88630388197926, 36.2816678812004], [127.8881261687623, 36.28619907412294], [127.88871406960857, 36.28735980247317], [127.8899146398473, 36.28923549319602], [127.8921011782705, 36.29192764772989], [127.89356789761433, 36.292648636822626], [127.89476857932347, 36.293709479252826], [127.89612763895221, 36.295068430357766], [127.89711490597695, 36.29634201509407], [127.8984622364228, 36.29757677020577], [127.90156884711885, 36.30004508140728], [127.90288260730493, 36.301000128017705], [127.90336658587478, 36.30130563021785], [127.90427570444517, 36.301452980244264], [127.90428681199539, 36.30145396121186], [127.90429293064958, 36.30144706890388], [127.90453908714699, 36.30115306943108], [127.90521006481615, 36.299910947166694], [127.90563475251534, 36.29859691212467], [127.90636986678942, 36.29268966656407], [127.9055710864562, 36.291222211668554], [127.90638285408384, 36.288684973948975], [127.90712027116378, 36.286493379429444], [127.90810924226986, 36.285509546313726], [127.90969100725626, 36.28436416524697], [127.91152999880396, 36.283194567607495], [127.91266991185101, 36.28294425800583], [127.91295822849266, 36.28283761459262], [127.91531626840992, 36.28191982749955], [127.92123831218835, 36.27956634144129], [127.92143484042487, 36.27943173021124], [127.92353446701252, 36.27870844775081], [127.92647861981678, 36.278680752599946], [127.93090725300395, 36.27801330365111], [127.93265937720166, 36.276742202181055], [127.93377716608961, 36.27591700042324], [127.93399373526215, 36.274303211650256], [127.93438779639408, 36.27255893166416], [127.93468068675504, 36.27225446696043], [127.93793113046617, 36.2690602684294], [127.93958388863709, 36.26809770274495], [127.94280293014944, 36.26672951169971], [127.94394611352955, 36.26692955021574], [127.94490095237659, 36.26722659548029], [127.94735882300124, 36.26723733528529], [127.94787219222945, 36.266268370728014], [127.94816189933684, 36.26229302514835], [127.9482510957002, 36.25871362950761], [127.94834241786594, 36.25748355859854], [127.94925124555381, 36.25664672594095], [127.9505134604594, 36.25668960599658], [127.95257174909275, 36.25681767572097], [127.95309109983617, 36.257138142576665], [127.95460760058313, 36.25721509998741], [127.95541131598208, 36.25674038572637], [127.95673080783128, 36.25545746462347], [127.95793757647563, 36.25411652327026], [127.95987717818872, 36.252531743524194], [127.96016741993263, 36.25237120521561], [127.96087898493211, 36.25227095794329], [127.9624788628065, 36.25206464183133], [127.9626341931202, 36.25217605451359], [127.96290985161258, 36.25230430106302], [127.96481559002822, 36.253183835262426], [127.96493529390685, 36.25307775356628], [127.9655344301311, 36.25224993811231], [127.96650839760278, 36.251450091861564], [127.96758707258469, 36.25067001748129], [127.96811503067877, 36.25032935508309], [127.96827680276053, 36.25031672569122], [127.9683401892196, 36.25032468688888], [127.97056216192543, 36.250401037417326], [127.97461300501614, 36.252949652294824], [127.97832387436131, 36.254587678630195], [127.97869619004813, 36.25573626344535], [127.97863658731293, 36.25607514967573], [127.97796371450809, 36.25730740691145], [127.97794681669326, 36.25733304556642], [127.97735880783166, 36.258197565808146], [127.9772662459895, 36.25828177718371], [127.97671867164463, 36.25928670500025], [127.97765472924505, 36.26062194984851], [127.9778650523665, 36.260809010264275], [127.98119086753931, 36.26364799784621], [127.98201044687848, 36.26342312870652], [127.98293221415675, 36.26314180518914], [127.98393457883132, 36.26284264585758], [127.98410984017549, 36.262850034242256], [127.99052820049164, 36.263378274619576], [127.99097093271696, 36.263594467481155], [127.99171729020635, 36.264147539014616], [127.99180777291346, 36.26464755664286], [127.99173650202961, 36.26498706511903], [127.99185761522064, 36.265239725887085], [127.99316260861404, 36.26654951775609], [127.9940669283555, 36.26726420452929], [127.99437029748522, 36.26742331561437], [127.99440806032783, 36.267441241019895], [127.99587318527263, 36.26788577800116], [127.99676537709766, 36.26808229217293], [127.99782147082045, 36.26815791302735], [127.99901789025276, 36.267752364221074], [128.0004777734912, 36.26643841064665], [128.00076273323936, 36.26655558514393], [128.00123215416372, 36.266812441227124], [128.00324738533283, 36.26808234436094], [128.00421992133886, 36.26898452658046], [128.00552997916108, 36.26991495872116], [128.00828646449435, 36.271707062336176], [128.00907089892746, 36.2720084527209], [128.00995350141986, 36.27214054247718], [128.01031668970518, 36.27215193427102], [128.0107777142476, 36.272054256536194], [128.01416092117688, 36.27009691389746], [128.01560374237175, 36.26830255698612], [128.0171377699135, 36.26780729427342], [128.0190343269886, 36.26729440963922], [128.02021745483503, 36.26729850274112], [128.02106842992706, 36.267311661007746], [128.02287882746393, 36.26753913285585], [128.0239423912735, 36.26780588984799], [128.02622489311392, 36.26789600883024], [128.02671821300163, 36.2661866075857], [128.02691599655648, 36.26535409566394], [128.0281373444254, 36.264759032999514], [128.02897258473266, 36.26498578727711], [128.02979962532154, 36.26465646032889], [128.03000607311557, 36.26452185222826], [128.03022343204177, 36.264300618895], [128.0311389025014, 36.26312289774412], [128.03318240871258, 36.26152990845192], [128.03962821853813, 36.25921820959745], [128.0426283882739, 36.25853052203907], [128.0435968126218, 36.25839618906474], [128.04735243013974, 36.25655105930218], [128.04684655605593, 36.254777929600024], [128.0463420047153, 36.25397519256773], [128.04572687119855, 36.25211920628276], [128.0426778574988, 36.25230478395527], [128.04161064495764, 36.252186491503174], [128.04026227554527, 36.25202501855244], [128.03944079859656, 36.25098147401667], [128.03900562384467, 36.25033135550148], [128.03767775059958, 36.24766477587191], [128.03576580611647, 36.24369600633946], [128.03565502155143, 36.243466889452996], [128.03397973137416, 36.242330704772684], [128.03271395059227, 36.24164070406188], [128.03226401976042, 36.24152771771299], [128.03104745371638, 36.24092991236089], [128.02990214361085, 36.24001298616171], [128.03011874245135, 36.239696003842866], [128.03171961014198, 36.23699766233789], [128.03211589013705, 36.23614941981368], [128.03312534947375, 36.23371494280603], [128.03337657024588, 36.23341680280726], [128.03401267613202, 36.23302016462998], [128.03440158843728, 36.23285798148254], [128.03476030575325, 36.23288388132763], [128.03480294840716, 36.23287535317732], [128.0350109432088, 36.232833007912134], [128.03529955296827, 36.23262916435977], [128.0393388798859, 36.228676729205574], [128.0404646358729, 36.22467993886954], [128.03994533981205, 36.22351943216137], [128.03912626440794, 36.2228971367164], [128.0390188625091, 36.22273839960863], [128.03899865425018, 36.222181836573476], [128.03950605608676, 36.22133880177843], [128.04222475043557, 36.21754895091739], [128.04757949240783, 36.21613983892913], [128.0481543599959, 36.21627448093285], [128.0486645452709, 36.21643306920147], [128.0494431592748, 36.216601694688], [128.0497876363824, 36.21660741343872], [128.05009118002505, 36.21646281778411], [128.05029602216226, 36.21590146447706], [128.05030404422223, 36.21538294983851], [128.05031455991244, 36.21468644032413], [128.05017224481824, 36.2129281932703], [128.04984592702272, 36.21149484221828], [128.04947669362562, 36.21114268525173], [128.04942617066496, 36.21097557690598], [128.0493527282265, 36.210732349738045], [128.04948148886237, 36.210224597096925], [128.05053665471385, 36.20661835531182], [128.05079104974322, 36.20599630677008], [128.05182635216798, 36.20509874281883], [128.05626553043106, 36.20208421819723], [128.05814614425216, 36.201245015340305], [128.05800763543093, 36.201097294838355], [128.05737939373148, 36.200809405348174], [128.05481292465493, 36.20045917114589], [128.05345386934826, 36.200473665479755], [128.05330264426902, 36.20059664361753], [128.05317203619978, 36.20070311302616], [128.05290363443, 36.200820929234524], [128.04868705537493, 36.198951958037775], [128.04796404309724, 36.198614441962484], [128.04753845814858, 36.198304447337904], [128.04704441793794, 36.197575168725784], [128.0463164275697, 36.1967296501998], [128.0454226125714, 36.19626941437175], [128.04078249983021, 36.19463139683439], [128.04002431009803, 36.19443888730544], [128.0386336725765, 36.1941580605293], [128.03839816741788, 36.19431977521418], [128.03667232669525, 36.19654986442362], [128.03344110751124, 36.200066072195895], [128.03327583319034, 36.20018070725355], [128.03102221343107, 36.20161013977327], [128.02720018797336, 36.204621822854435], [128.02668153916287, 36.205191180506965], [128.0240475363136, 36.20664935493565], [128.02038700114974, 36.20786954607262], [128.01992981197566, 36.208011701203134], [128.01682583304603, 36.20869423426316], [128.01628408185894, 36.20871994774964], [128.01408109209808, 36.208727905641105], [128.0114519442197, 36.20894133603662], [128.0097480182622, 36.20936206997696], [128.00848667310407, 36.208660498251255], [128.00781989808667, 36.20812287951703], [128.00679813425768, 36.20754091881003], [128.00636756040083, 36.20732065812317], [128.0060146018948, 36.20727265582261], [128.00004703706327, 36.20692889659735], [128.0000172970291, 36.2069404091183], [127.99970540602959, 36.20706129020958], [127.99951881904403, 36.207143670539054], [127.99877546304319, 36.207465837609355], [127.99845403017791, 36.2073012330621], [127.99572115100544, 36.205193016451204], [127.99498538257461, 36.20449341085651], [127.99475314863044, 36.20420753856891], [127.99410556747301, 36.202455367127016], [127.99303853569047, 36.20003278752398], [127.99251774079956, 36.199870955482915], [127.99203427121545, 36.199775262004714], [127.9909206343474, 36.19966056324975], [127.99055237559953, 36.19963600541413], [127.9903475547322, 36.19962248662837], [127.98971583827736, 36.19959081896014], [127.9892103258788, 36.19956570254824], [127.98409954277224, 36.20050104142286], [127.97801752903003, 36.19811121453501], [127.97801613323522, 36.198110661039635], [127.97855364433079, 36.19707698434737], [127.9799055613804, 36.19593443124668], [127.97990659074608, 36.195933570355976], [127.9808569759831, 36.19619642915062], [127.98119833811565, 36.195875979192095], [127.97875668831632, 36.19323076134058], [127.97738327603614, 36.19233066949016], [127.9761674248807, 36.18841603136948], [127.97533188279829, 36.18771063307738], [127.97724750651041, 36.185307237521556], [127.97887507943236, 36.18363414118437], [127.97969664949449, 36.18276906970693], [127.98032327040916, 36.18128604702178], [127.98084981256312, 36.17999589960805], [127.981338491085, 36.17912623007421], [127.98278106224413, 36.17820564132704], [127.98322157220348, 36.178181756029616], [127.98395813562705, 36.178168398344226], [127.98413356542103, 36.17816977181326], [127.98406942028603, 36.17700976746383], [127.98360646344223, 36.17581839804818], [127.98248386462822, 36.17256005591448], [127.98236233170122, 36.17217270371096], [127.98259751311484, 36.17055911469208], [127.98295199392206, 36.16988004307021], [127.98703486278622, 36.16664428931158], [127.98730591482952, 36.16646295054055], [127.9898435845935, 36.165155062258115], [127.9904622973402, 36.1607998713279], [127.9905185369321, 36.159415836364325], [127.9904997090575, 36.159244213140205], [127.99047260585779, 36.15899464742059], [127.99048049602871, 36.158876307319424], [127.99100262609323, 36.15842000648254], [127.99328408409924, 36.15777876396578], [127.99482417980458, 36.157472834099345], [127.99603532059983, 36.15677621075136], [127.99633632592337, 36.156550388346155], [127.99673346374438, 36.15621027950697], [127.99719533691626, 36.155470586958735], [127.99719738774235, 36.15546719429], [127.99619410141509, 36.15427428681656], [127.99360637103686, 36.152708457322724], [127.99107236193328, 36.151561849300606], [127.99077096119053, 36.15142381937459], [127.98772424184952, 36.147759527369104], [127.98748204238483, 36.14738360118794], [127.98750736193513, 36.14707671274684], [127.98785283651003, 36.145383336879085], [127.98798117298465, 36.144985486019806], [127.98917115037462, 36.14396749726364], [127.9879127644633, 36.14165680361029], [127.98728669940974, 36.14087400646646], [127.98725843077247, 36.140307352199606], [127.9873653786231, 36.13961425462004], [127.98759909132737, 36.13931325787039], [127.98785164280221, 36.13888200309389], [127.98797054938112, 36.13831385837123], [127.98868966179087, 36.13394149769643], [127.98878775621274, 36.13332057210708], [127.98886213162014, 36.13282825242029], [127.98885337863427, 36.13265625906213], [127.98846011079604, 36.13035984239543], [127.98778402739971, 36.12881849436119], [127.98686211382906, 36.12804854548001], [127.98597974929294, 36.12794090433641], [127.98407022993847, 36.12769665023193], [127.98090225471165, 36.12534688664087], [127.97710501782312, 36.12309905183243], [127.97642293179976, 36.12273343504802], [127.97606410873951, 36.122600896097055], [127.97297549368454, 36.12186730936584], [127.97153455417936, 36.121860117350685], [127.97015993038175, 36.12188250609199], [127.9677231111967, 36.1192110680908], [127.96679581961484, 36.11806053951238], [127.96652393950156, 36.11683207322738], [127.96661376388472, 36.116104818520384], [127.96605295009404, 36.114279350542944], [127.96520087499343, 36.11282884393073], [127.9654944159477, 36.110664517920746], [127.9655445907265, 36.11039686018543], [127.96557097690258, 36.11025612362408], [127.96576444768976, 36.10978595560342], [127.96795457901358, 36.107281918704025], [127.96897777917171, 36.104347942615526], [127.9686866068412, 36.10312892837735], [127.96790574357576, 36.101850207783336], [127.96665093783028, 36.1002627215052], [127.96488717781152, 36.09862298024003], [127.96503773633293, 36.09719903278872], [127.96463038904392, 36.095552602843945], [127.96227193071684, 36.09510067024453], [127.96224096749003, 36.09509472180313], [127.95971299814425, 36.094511741283775], [127.95858067160022, 36.09089778845665], [127.95847459026825, 36.09016108342149], [127.95847194067014, 36.09014250854252], [127.95872586429785, 36.0875335540459], [127.95934813189902, 36.08600361829899], [127.95944497001678, 36.08597834763643], [127.96083462380913, 36.0856163301149], [127.96169421929132, 36.08297942293728], [127.96186618609431, 36.07677851829427], [127.96182260149145, 36.07582051473708], [127.9611838989172, 36.07250395495796], [127.96087429153964, 36.07033899392149], [127.95775162067216, 36.0692263134044], [127.95660654263517, 36.06853505104425], [127.95459843118891, 36.067266016929274], [127.95347638899848, 36.066322498351056], [127.95290096094925, 36.06571961387848], [127.95197101262292, 36.06470922739345], [127.95222161717685, 36.063743260738455], [127.95191789183545, 36.062945869071434], [127.95079946819695, 36.06099719551581], [127.94989002931536, 36.05972359392574], [127.94744921666938, 36.05768508898166], [127.94518380507121, 36.056789929610595], [127.94384344789786, 36.05624682202195], [127.94154359617653, 36.05472385864116], [127.94085701358912, 36.05412065095166], [127.93935288542211, 36.052980609955895], [127.93824631997902, 36.052227474675256], [127.93687924620002, 36.05140905792809], [127.93629479716076, 36.051079055478624], [127.93517140360844, 36.05109879719861], [127.9341708714923, 36.05097957750095], [127.9334610814845, 36.05081217868244], [127.93268148756982, 36.05040031530066], [127.93268120304465, 36.05040020627151], [127.93017777340361, 36.04943941720787], [127.92970500370348, 36.04957993950236], [127.9285606389147, 36.05011627377073], [127.92802862442191, 36.05055745969658], [127.92810327285221, 36.05080189063522], [127.92771675347295, 36.05123040203463], [127.92564096592376, 36.05239937537573], [127.92058207463504, 36.05409700396514], [127.91958655703945, 36.05369488476697], [127.91848240708552, 36.05382217411695], [127.91708047871361, 36.05399256791482], [127.91670671035833, 36.05430013760439], [127.91466287285684, 36.052793283649336], [127.91309711285462, 36.05129599231359], [127.91179475906156, 36.050472574101754], [127.91075128721648, 36.05071705381436], [127.91042874124422, 36.05065473036615], [127.90941456037935, 36.05000820824938], [127.90919998060731, 36.04980425679721], [127.90909303273678, 36.04970255737278], [127.90611555706585, 36.04667904903631], [127.90351153454026, 36.04342313636008], [127.90334910405223, 36.041980217185966], [127.90328879166739, 36.04055425540518], [127.9030252388015, 36.03936526367598], [127.90269388713834, 36.03910387386507], [127.89950784034974, 36.0382691111161], [127.89752866289106, 36.03802651206138], [127.89383849052881, 36.03764568400242], [127.88996220275169, 36.03572594133529], [127.88854459395905, 36.03484594060827], [127.88751794826698, 36.034692156640105], [127.88681249867413, 36.035108820176845], [127.88619759529222, 36.03571547176854], [127.88483652923249, 36.03588940840069], [127.88344295646596, 36.03233940713012], [127.88339861540925, 36.031285053517614], [127.88336659047035, 36.02940799936008], [127.88345872514374, 36.02806229839348], [127.88163287838375, 36.02621109015524], [127.88058906817758, 36.02525136955058], [127.8773091351519, 36.02340991118798], [127.87678791734713, 36.02270684058005], [127.87677397654082, 36.02251177245872], [127.87483744646653, 36.02282582197743], [127.86773917129564, 36.023770052772534], [127.86614734253627, 36.024290714885645], [127.86432430599439, 36.025704910443906], [127.86407665306575, 36.02648961213146], [127.86362378553096, 36.02784972115343], [127.86302159859352, 36.02861640338966], [127.86059537341187, 36.031458477731434], [127.86034713104749, 36.031586702583056], [127.86003907768445, 36.03173056672278], [127.85934992025007, 36.03202866538722], [127.85814422046936, 36.03243042990736], [127.85566396123833, 36.03292800869657], [127.85358977967543, 36.036911388145036], [127.85319736080187, 36.03807896606872], [127.85298578523722, 36.03871693487921], [127.85280793641816, 36.03910627709055], [127.85215923458476, 36.039144676065405], [127.85101532080829, 36.0392110744992], [127.85021097241213, 36.039253386363846], [127.84897717079626, 36.03931195851786], [127.8485513264261, 36.03972171222585], [127.84631283497181, 36.03919079661563], [127.84532719819174, 36.038881473180126], [127.84320167544602, 36.03800620575688], [127.84307085053219, 36.037735640038996], [127.84195877894186, 36.03688167536659], [127.83908684604603, 36.03587723361568], [127.83850042739523, 36.03629474064517], [127.83703720568965, 36.036196802959445], [127.83619496419668, 36.03612860946838], [127.83345927628774, 36.03577305974027], [127.83101045241757, 36.0353912471876], [127.83045135813887, 36.03524360409958], [127.83039572376394, 36.035228776486896], [127.82395676334143, 36.03184717202793], [127.81979296998344, 36.029796720163674], [127.81911908440911, 36.029271296878335], [127.81910812570847, 36.029251094290665], [127.81895291726963, 36.028960670429846], [127.81894761951689, 36.02895056864493], [127.81603810588788, 36.02818041401368], [127.81109074400524, 36.02737439979787], [127.80550038585001, 36.02595713717119], [127.80463996880175, 36.02599782553556], [127.80349727028542, 36.026306526568966], [127.80107606580005, 36.02659164712129], [127.80073493332921, 36.02655927963563], [127.79944095257243, 36.026066046266024], [127.79804854047823, 36.025437706461005], [127.79726590819553, 36.02500863445679], [127.79519673222913, 36.02212556533461], [127.79230058868482, 36.019938736073286], [127.79081414582777, 36.01879837308007], [127.79036899247517, 36.01834252912086], [127.79009134055565, 36.017856869516564], [127.79008183147036, 36.01766824796285], [127.79001220312502, 36.017255552349695], [127.78988684967577, 36.016955600756624], [127.78988613980212, 36.016954488143625], [127.78862032737644, 36.015297837931854], [127.78843063117682, 36.0151148949532], [127.78788952475759, 36.01469769146854], [127.78761896156574, 36.01450402303288], [127.78672520224502, 36.014947238167736], [127.78637691969747, 36.0151311630898], [127.7858016326483, 36.01546133232642], [127.78461483189312, 36.01603403233621], [127.78416940172859, 36.01621041129336], [127.78361995499152, 36.01642043366948], [127.78286387605462, 36.01652252094802], [127.78226626215015, 36.016524159471665], [127.78220421152393, 36.0165242840286], [127.78153398514871, 36.01650892521481], [127.77998238112981, 36.01633398184012], [127.77913053138256, 36.016179545282505], [127.77865709259805, 36.0160826451947], [127.77864249746261, 36.016079638773135], [127.7752741828789, 36.01537876279429], [127.7740893972268, 36.01481526579263], [127.77342233269216, 36.014483304962056], [127.7726845715484, 36.014116304828995], [127.77174339088711, 36.01368386603044], [127.77090898279666, 36.01332225256979], [127.76981890246665, 36.01286794284421], [127.76883342846243, 36.01254785565218], [127.76790914132876, 36.01235212050665], [127.76688647565322, 36.012270776130244], [127.76607214996028, 36.01222612299602], [127.76505269463591, 36.01229767609899], [127.7642678035511, 36.012429965710986], [127.76348902076813, 36.01265654818815], [127.76221198280308, 36.013085975184396], [127.76155600695782, 36.013324724050825], [127.76134156474316, 36.01344577138481], [127.76107264267637, 36.013597579087566], [127.76065240729888, 36.01383962697811], [127.75992583880408, 36.01438156418262], [127.75963916108864, 36.01466978628158], [127.75935882326469, 36.01497064946348], [127.75928382563261, 36.01521162796106], [127.75928166614499, 36.01523867645503], [127.75925837223198, 36.01559451942883], [127.75928891604082, 36.0159241118002], [127.76036103845338, 36.01774529476702], [127.76069344758417, 36.01818807305669], [127.76090478129596, 36.01835811855771], [127.7611487823628, 36.01878660814363], [127.76126514418777, 36.018991740727856], [127.76264473904904, 36.02157423199414], [127.76260940818504, 36.02186508421504], [127.76259363972154, 36.021991631637135], [127.76256717015677, 36.022195695370726], [127.76254827900586, 36.02232170318308], [127.7624457913694, 36.022948967589755], [127.76230887815576, 36.023780354146574], [127.7622725095207, 36.02400053140896], [127.76225338286764, 36.024103164623995], [127.76225239753205, 36.02410795646418], [127.76172006054796, 36.02499197546434], [127.76160501298934, 36.0251788569034], [127.76112608415299, 36.02534326833408], [127.76085171224481, 36.02543653241277], [127.76076392038757, 36.02546496288834], [127.76005936698286, 36.025601788733496], [127.75976017527802, 36.025602554377166], [127.75874030843437, 36.02543158041753], [127.75824312175908, 36.02528404693243], [127.75808431159204, 36.02520759866419], [127.7576823740819, 36.025013844599926], [127.75714056416736, 36.02476660921243], [127.75662150825647, 36.024578373268945], [127.75622464760251, 36.02444288031847], [127.75584617813512, 36.02435120292833], [127.7543070533248, 36.02399869213164], [127.7538582947828, 36.024056147329205], [127.75162128297069, 36.02568105670016], [127.75150389537063, 36.02580514690537], [127.7507418911567, 36.02661478895795], [127.75058369088867, 36.02682277480261], [127.75043577786957, 36.02701915048919], [127.75032149441732, 36.027179826465044], [127.74994951825505, 36.02769667100379], [127.74969423615772, 36.02805114636402], [127.74947470210714, 36.028264018915955], [127.74882689526714, 36.02887044755367], [127.74826291145989, 36.029359481231005], [127.74825326017297, 36.02936545364682], [127.7477772222566, 36.02965962190807], [127.7477612924331, 36.02966112628403], [127.74730505475549, 36.02970113938942], [127.74415467292049, 36.028870463501], [127.74403888372237, 36.02879767797308], [127.74390425508362, 36.02871289756063], [127.74358647766975, 36.02846984627723], [127.74351835877685, 36.028267787201926], [127.7435961805163, 36.02795131792683], [127.74355806212778, 36.02736239399122], [127.7434063344009, 36.02693160396846], [127.7433554104115, 36.02678829354854], [127.74299904080145, 36.02609009460398], [127.74252954551095, 36.02530472476463], [127.74245923463207, 36.025237568645835], [127.74223367526669, 36.02502971269942], [127.7418178456718, 36.024902733730364], [127.74148546424868, 36.02480142672917], [127.7413782094279, 36.02482546452337], [127.7406260918976, 36.02499457211142], [127.74035688649738, 36.025124372433865], [127.73996660592358, 36.02532053571385], [127.73959085249652, 36.02558729676994], [127.73944904304365, 36.025734614690656], [127.73932545055818, 36.026013899168206], [127.73924532475199, 36.02638107371781], [127.73910502193523, 36.026877028817346], [127.73875263931541, 36.027457659252896], [127.73773335665346, 36.029135926998755], [127.73731531915277, 36.02981692534964], [127.7368016915771, 36.0304728881014], [127.73642417613105, 36.0308511639122], [127.73582864819963, 36.031426515739206], [127.73555426558438, 36.031673493108386], [127.73483525825542, 36.032319429790554], [127.73423525651239, 36.03237576443209], [127.73413514331325, 36.032385107335436], [127.73337730362009, 36.03239592681683], [127.7327227712525, 36.03240470586133], [127.73151400069405, 36.03239376672948], [127.73082603149594, 36.032311492552275], [127.73048917352587, 36.03217780212113], [127.73009658437849, 36.03197910353768], [127.72661565263648, 36.03172984356725], [127.7250401927807, 36.03241610744953], [127.72116629657917, 36.03177169612479], [127.72114480152686, 36.031772659145894], [127.71918250429749, 36.03186412154718], [127.71915749031884, 36.03189637161643], [127.71887123354196, 36.032408669724255], [127.71873134105464, 36.03265903075755], [127.71868742304972, 36.03274800779936], [127.7185548476607, 36.033040563802246], [127.71847121480499, 36.03326129144928], [127.71829999795153, 36.03353605528394], [127.71802297068014, 36.0339207205534], [127.71779155135721, 36.034133605104856], [127.71734088872942, 36.034449743884075], [127.71702010261089, 36.03459641843464], [127.71665824895084, 36.03472671886074], [127.71437227782489, 36.035462409459264], [127.71405509580075, 36.035547943956416], [127.71339165198948, 36.03572621204095], [127.71247458583619, 36.035886264307734], [127.71163942502659, 36.035900783560656], [127.7109330031593, 36.03581090658544], [127.70721606874793, 36.03512173004545], [127.7036165641263, 36.03441373432219], [127.70316160207953, 36.034643391675765], [127.70192551078098, 36.035271031759734], [127.70021527343191, 36.03659085365658], [127.69845138584843, 36.03950130107336], [127.69646121398955, 36.04110262653135], [127.69501887306917, 36.04590818513958], [127.69502503999769, 36.04597883051852], [127.69527038491691, 36.04876494059102], [127.69603920668462, 36.05038095523294], [127.69588580550622, 36.05431557961584], [127.69529310876898, 36.05629376301882], [127.69502156395072, 36.05791693225652], [127.69504210943896, 36.05875548752254], [127.69314281112561, 36.057922712627466], [127.69274525963874, 36.057914589208906], [127.6907360479316, 36.05803457949912], [127.69071118027985, 36.05808598415417], [127.69043931110706, 36.05864825499694], [127.68968646253184, 36.06077519015125], [127.6890154997733, 36.06267155544115], [127.68808985649925, 36.06274473031289], [127.68580160982816, 36.06228046041762], [127.68554676043166, 36.06219094717241], [127.68487919832654, 36.06172473495815], [127.68413091864043, 36.0611682711032], [127.68391208697089, 36.060990971802106], [127.68376552620089, 36.0605876728666], [127.68214168156332, 36.05926933059487], [127.68084047605299, 36.05823779860413], [127.67800461520024, 36.05674431832419], [127.67434806675443, 36.05471833464403], [127.66977609779664, 36.05137454274501], [127.6712978750156, 36.049245416961426], [127.67181456465899, 36.048483825933346], [127.67162587098768, 36.046781041309885], [127.67176654010112, 36.04324783132596], [127.67269984454765, 36.04195395460355], [127.67272700009508, 36.04189161938115], [127.6727357339032, 36.04163009598444], [127.66905902054418, 36.0386552502106], [127.66441318590331, 36.03751058831004], [127.66089836779281, 36.038194046252244], [127.66022890937349, 36.03854131101576], [127.65942158117456, 36.039634793690425], [127.65924086901796, 36.040504877921094], [127.65791599318702, 36.046907299698], [127.65538676205803, 36.05198925594609], [127.65510801868736, 36.05355323426791], [127.65524721538233, 36.05392422065193], [127.6552498018088, 36.05394307883623], [127.65525756111926, 36.054001045606825], [127.65521927643172, 36.054173051215365], [127.65521190998827, 36.054205759175474], [127.65487506614072, 36.055035294371], [127.65442685505415, 36.05590289097727], [127.65382908061454, 36.0564893832073], [127.65297272804112, 36.056990548228235], [127.65265272562958, 36.05711084919409], [127.65159457347525, 36.057473134007076], [127.65127263669147, 36.05750585333142], [127.65097754380847, 36.057408609405876], [127.6507676523709, 36.057337929330636], [127.65058003380648, 36.057277546436055], [127.65010654485981, 36.057438946888965], [127.6500863410971, 36.05744919425467], [127.6490504678525, 36.05799270315916], [127.64890620134705, 36.05816414226792], [127.64866964612595, 36.058968614818575], [127.64864250197542, 36.05935937731222], [127.64874013070747, 36.0602271033594], [127.64853700206798, 36.061915700001805], [127.64842810108077, 36.06255219291686], [127.64840274876872, 36.06261175394559], [127.64809131950138, 36.06312711832572], [127.64553623265287, 36.06581349121519], [127.64455041256755, 36.066813771673715], [127.6435002352067, 36.06738969001515], [127.64013033095392, 36.068249187841126], [127.63970321857491, 36.06834440326458], [127.63822820831113, 36.06859528352243], [127.63820316354793, 36.06822897044709], [127.63768335878328, 36.06949064388428], [127.63609902524693, 36.07140029459168], [127.63471301664136, 36.0728951684289], [127.63419947375264, 36.073615464852736], [127.63413469547335, 36.07486171594455], [127.63445174539255, 36.07598456638884], [127.6346634818196, 36.07673397959911], [127.63292725184924, 36.08136825901812], [127.63214695668168, 36.082364532867764], [127.63111846292378, 36.08284560316918], [127.6302126519829, 36.08350738633949], [127.62979228800197, 36.08382979878102], [127.62826930754058, 36.085441624436534], [127.62813551550174, 36.08598388979326], [127.62776851574056, 36.08656285278413], [127.62333596448576, 36.09069117201394], [127.62185618418796, 36.09096836223841], [127.62001034369966, 36.091092237621254], [127.61924199401716, 36.09069911524593], [127.61894745041924, 36.09097098916756], [127.61861696176261, 36.09130416565356], [127.61727469179536, 36.09357814605035], [127.61734001233609, 36.09545709085884], [127.6173479613729, 36.09547478504584], [127.61742565103954, 36.095647586687775], [127.6175712495489, 36.095963667504435], [127.61769631205529, 36.09616591474288], [127.61736061475222, 36.09754185008843], [127.61703528805738, 36.10230155610697], [127.61692314690617, 36.104876457783284], [127.6175201908193, 36.105558576877655], [127.61822309833104, 36.10630971295255], [127.61898731873373, 36.10711008950448], [127.61906235079925, 36.107717725285745], [127.61909578456104, 36.10888516833339], [127.61632136113303, 36.11155429933061], [127.6154545934774, 36.11162746638866], [127.61478354696199, 36.11145094224573], [127.6133522255227, 36.11158612235558], [127.6130755825389, 36.11180748090063], [127.61247215705804, 36.11305701964638], [127.6123734775288, 36.11342307517242], [127.61234705926222, 36.11355275718907], [127.61219030297578, 36.11408384605376], [127.61155768559672, 36.115220609311045], [127.61073462990858, 36.116122819480935], [127.61006976545707, 36.11853414981341], [127.60892190009426, 36.11855856210891], [127.60552936399492, 36.11820256775296], [127.60320499681798, 36.12061425805783], [127.59897022325868, 36.12352349614211], [127.59256106144971, 36.1300988053195], [127.5902648976862, 36.13289958689079], [127.59022955231171, 36.13295523718357], [127.59022064777847, 36.13297077271122], [127.59006474692757, 36.1332455564519], [127.58948065396388, 36.134296908369826], [127.58943705009978, 36.13445511090423], [127.5894382518339, 36.13452297731819], [127.5894435144198, 36.13473924269342], [127.58946407911077, 36.13502977576472], [127.5894723331612, 36.13513646884627], [127.58949956342249, 36.13517941742651], [127.58967086736959, 36.135293197726455], [127.58981095210265, 36.135385729687584], [127.58992818568055, 36.13546288134407], [127.59006809499978, 36.135555133592476], [127.59013401143382, 36.135618457195235], [127.5902690277227, 36.13577606046693], [127.59085834458214, 36.13709622527605], [127.59090424703619, 36.13729172908149], [127.59111699556475, 36.13948790299739], [127.590964120881, 36.1401682126607], [127.59068770440625, 36.140556516836895], [127.59062763022277, 36.140624969921], [127.59060135592014, 36.14073295348023], [127.59054375414337, 36.14097008362334], [127.59053460791321, 36.14104701257174], [127.59052660700718, 36.1411146420827], [127.5904228968443, 36.14312677426616], [127.59043970665985, 36.143330874414886], [127.59094903239394, 36.144833921706486], [127.5935144506795, 36.15019123309353], [127.59502207292448, 36.152619804458695], [127.5959078850114, 36.15348956167206], [127.5962126556013, 36.15374911752804], [127.59646134112617, 36.15391685099832], [127.59707626415819, 36.15404530943361], [127.59766910466745, 36.15416908557076], [127.59849817555343, 36.15489915314208], [127.59867860844547, 36.15513284287972], [127.6005518765701, 36.15795575157777], [127.60061240894825, 36.15805966249443], [127.6010284979882, 36.15877485420917], [127.60166451317083, 36.16002404134051], [127.6012035859428, 36.16117649202404], [127.60127718678852, 36.16495660730086], [127.60131324662068, 36.16570159013002], [127.60147641567619, 36.16701454381949], [127.60147835900325, 36.16904642556416], [127.59963195419083, 36.17228923520994], [127.59862744161752, 36.17379922632926], [127.59841114464095, 36.173905071645464], [127.59831449325243, 36.17393906989665], [127.597953620087, 36.17396508380757], [127.59714451407076, 36.17401614421606], [127.59714017550066, 36.17401644543407], [127.59636121423925, 36.17433404828169], [127.59485306792915, 36.17553813668247], [127.59332124645304, 36.176972405205326], [127.59306102863748, 36.17737721361396], [127.59398694363888, 36.17816797765691], [127.59476908946725, 36.17932634913458], [127.59491409797657, 36.179623581880236], [127.59466012857874, 36.18102450221509], [127.5965945039725, 36.183617070642235], [127.59770647071588, 36.18487727531288], [127.60044384094992, 36.184652698196295], [127.6067512408727, 36.18534495100429], [127.60825136565505, 36.18568380803246], [127.60889467894403, 36.18543214198588], [127.60893927115796, 36.18512021758229], [127.60905575512515, 36.18470025050277], [127.60990394282304, 36.183865374279236], [127.60992944542781, 36.183852188349654], [127.61119732728834, 36.183216202837635], [127.61166779995813, 36.183258198070476], [127.61320731784862, 36.18360146255772], [127.61473308790004, 36.183393024514665], [127.61866711083762, 36.18173847582131], [127.62030908776781, 36.18180598697924], [127.6208148069603, 36.18182960383786], [127.62392020451045, 36.181018845961155], [127.62458788272649, 36.18037595632278], [127.62500647973128, 36.17932084932336], [127.62531338455078, 36.17878912189053], [127.62617233049966, 36.17837646662335], [127.6271227960979, 36.1779687138631], [127.62902180178017, 36.17868514819911], [127.63172365404432, 36.179757284604655], [127.63248609781988, 36.18006634083332], [127.63302121534275, 36.180400876079915], [127.63834870375432, 36.17681000668348], [127.64058677701132, 36.17477323713716], [127.64385788256973, 36.172172631508964], [127.64557469411298, 36.171411910699334], [127.6460992926041, 36.171312011228466], [127.64971137634107, 36.17070956062909], [127.65200964546017, 36.171981941698874], [127.65455270997901, 36.176242112068486], [127.65506821463427, 36.17727852845561], [127.65501285359848, 36.177636644930686], [127.65503381612461, 36.178229480906985], [127.65402843888944, 36.17938271189662], [127.6527578578445, 36.18077647892268], [127.65114579031858, 36.18250613450669], [127.6506548517209, 36.18292666711714], [127.65020565409381, 36.18413778559891], [127.64999920411555, 36.185278250385245], [127.650011710647, 36.18528234634589], [127.65120348581341, 36.18568038787947], [127.65141682630872, 36.185760669777586], [127.65319345279777, 36.18803780456473], [127.6537789850491, 36.18882028622546], [127.65408133831983, 36.18957610700332], [127.65415739597783, 36.189926053835634], [127.65438302311362, 36.19199398885403], [127.65399407230382, 36.19364093543464], [127.65369724989414, 36.19381859887355], [127.65291752357638, 36.19408083651713], [127.65302898710365, 36.19745818505602], [127.6527050612507, 36.19907726794202], [127.65088288679198, 36.20141742963158], [127.64965673457321, 36.20357376005684], [127.64845072284464, 36.207100975659536], [127.64932754299136, 36.21091699392311], [127.64961087926056, 36.21197189248702], [127.65009623192228, 36.21255511954261], [127.65015911443253, 36.21261937595971], [127.65083549848336, 36.21328781418246], [127.65141515547279, 36.214041396873384], [127.65227815686784, 36.21568833169869], [127.65230372413482, 36.217890309036264], [127.65094330589542, 36.21901252870632], [127.65029764164113, 36.21979833336765], [127.65013021743916, 36.221441876922285], [127.65057908091427, 36.224988746643106], [127.65067599849003, 36.225147007259004], [127.65070206033846, 36.22515642639705], [127.65358783819418, 36.226248254775165], [127.65391459663174, 36.22647345200317], [127.65464910995499, 36.227244572882746], [127.6549378702631, 36.22768357238253], [127.6554366895061, 36.228539739967424], [127.65580642249857, 36.22904666551963], [127.65613048668035, 36.229340378879314], [127.65614000794302, 36.22934850216509], [127.65726504758995, 36.22822509973023], [127.65760342980275, 36.22776655425066], [127.65852464939236, 36.226898643786335], [127.66203897425795, 36.224305918049446], [127.66327371392744, 36.223432651580666], [127.66375046584065, 36.223303576855535], [127.66384801668508, 36.22328649230826], [127.66609254800467, 36.2237356111669], [127.66975723497687, 36.223437316864946], [127.66998562156202, 36.22341434911144], [127.67010646007108, 36.223326493797295], [127.67164039424286, 36.222442412066634], [127.67253357296164, 36.2222219727775], [127.68049283268388, 36.225703280930745], [127.6830434123791, 36.22951201863728], [127.68473121553293, 36.23306732835613], [127.68643702877479, 36.23509008763127], [127.68742506699876, 36.23515821657821], [127.69126966727755, 36.23860024566256], [127.69237892620484, 36.24260344687619], [127.69290212243858, 36.24543098400176], [127.69338252939575, 36.24887270463864], [127.69384182941081, 36.24991949595181], [127.69423052141411, 36.25040455134951], [127.69528255685734, 36.251145255176674], [127.69568874926145, 36.250599763633254], [127.69596817940842, 36.25055463400276], [127.69636122194166, 36.25090007677593], [127.69692992979846, 36.25161763616607], [127.69838895287305, 36.25387342116954], [127.69936302754935, 36.25638351964714], [127.69942342268307, 36.25746272285368], [127.69982427368, 36.25818492192175], [127.70029624396255, 36.258901613939834], [127.70177169150172, 36.260781967464645], [127.70226720203878, 36.260748209905756], [127.70459979624265, 36.261243886729154], [127.70597367193689, 36.262297559896105], [127.70657850816325, 36.2626698370471], [127.7079205502594, 36.26293826097992], [127.70849463227086, 36.26304907371475], [127.70981035835219, 36.263252413914515], [127.71064821516896, 36.26321763984455], [127.71241464639354, 36.26313965631614], [127.71386268239506, 36.263060444015046], [127.71467114962478, 36.26313444137137], [127.71329939260511, 36.264889127853806], [127.71205857695915, 36.26598938706086], [127.71282113188153, 36.26736509822282], [127.71381370368304, 36.268477269205306], [127.71397140883771, 36.268605061594954], [127.71400326681197, 36.26862676807495], [127.71432854183107, 36.2687432542201], [127.71473966858024, 36.268848121173804], [127.71808935626404, 36.26932879522074], [127.72018438529142, 36.26945759991303], [127.72108535013959, 36.26935032469211], [127.72168426745785, 36.26946924177094], [127.7227196826986, 36.270179662798704], [127.72502001186932, 36.272625607936895], [127.72733127055602, 36.27479338338191], [127.72905340012736, 36.276178932908486], [127.72915617118935, 36.276246471179945], [127.73065066683817, 36.276301583790364], [127.73103176157697, 36.27636679333534], [127.7322501640361, 36.27557416139984], [127.73594184066694, 36.27279390569283], [127.73758292799036, 36.2727696940891], [127.74003307992805, 36.27211572798433], [127.74071259167195, 36.27171322436664], [127.74084676350836, 36.27163193901632], [127.74093671672894, 36.271570418359936], [127.74135345295318, 36.271217100476385], [127.74221727626197, 36.27092183995757], [127.74310172416794, 36.27082883001598], [127.74879650769512, 36.270018362723434], [127.75239760047268, 36.26943117635922], [127.7524884093201, 36.26937181379395], [127.75317662637478, 36.26892535177331], [127.7539325271005, 36.26859686489243], [127.7558182095611, 36.26792380347201], [127.7603853103973, 36.27061381897745], [127.76070320983055, 36.27086299093148], [127.76091797459104, 36.27106408444281], [127.76163027212887, 36.27175782399398], [127.7616655505737, 36.27187794126838], [127.76183335404531, 36.27248925986393], [127.76260478966454, 36.27580496286928], [127.76188175249433, 36.27695234482072], [127.76159646335427, 36.278857611700936], [127.76187304883726, 36.28010905291608], [127.76416398381082, 36.2839808570279], [127.76424361165817, 36.28405845948283], [127.7645112572719, 36.28429838106754], [127.76581469983182, 36.28523771742402], [127.76645261787138, 36.28568147135372], [127.76748183359067, 36.28573166359589], [127.76922071163806, 36.28752555485432], [127.76935642752608, 36.28971869141111], [127.77016356006546, 36.290265112643326], [127.77432908725758, 36.29173919685645], [127.7758265171683, 36.291887338405814], [127.77602941621755, 36.29163708757181], [127.77621217733511, 36.2910248465052], [127.77642342903611, 36.29051110582433], [127.77680237289123, 36.290203066430934], [127.77757838160973, 36.28987588616434], [127.77822744787149, 36.28980425738426], [127.77851635331365, 36.28981815902294], [127.77874134388368, 36.28963868881081], [127.77960627556102, 36.28941677088149], [127.78776032876388, 36.28902345896273], [127.788751637403, 36.290836008075885], [127.78906822913662, 36.290973050420185], [127.79205685364325, 36.291005632488336], [127.79287649975944, 36.29080024423749], [127.79399519497234, 36.29056069705039], [127.79444646580419, 36.29050265175338], [127.79476127216674, 36.290940888351116], [127.7948212338389, 36.29119228278531], [127.79530639979771, 36.29625879207013], [127.79497001237627, 36.29683110708985], [127.79668695220191, 36.297489177837896], [127.79749474914574, 36.29773351432237], [127.79958288582961, 36.2982904217642], [127.8003191985516, 36.298195560309125], [127.80091244052421, 36.30100033645465], [127.80194105354788, 36.30370341826632], [127.80350665388669, 36.304074368844056], [127.80515040760338, 36.30499548181967], [127.80687388394998, 36.3068951625066], [127.80705963102858, 36.3072869040701], [127.80774508555133, 36.30813245984456], [127.80831219896993, 36.30881155593271], [127.80952364314967, 36.308881513684746], [127.81152028836075, 36.308581019703915], [127.81346540952082, 36.30827602954129], [127.81744844448157, 36.310350769993725], [127.81904542430813, 36.309444023327345], [127.81927118787328, 36.30860108155689], [127.81972702642958, 36.30701076977433], [127.82036174802244, 36.305694145332104], [127.820519924112, 36.30551958096531], [127.82096802337067, 36.30517429754275], [127.82098117852881, 36.30516742140653], [127.82146194836817, 36.30544062629298], [127.82316404496224, 36.306437088069465], [127.82309420967586, 36.306735967691935], [127.82279784894259, 36.30714677752778], [127.82257311077328, 36.30768722689659], [127.82503308625017, 36.31009070328113], [127.82583181274187, 36.31030709931839], [127.82780957617422, 36.310195436559134], [127.82809982797512, 36.31012840958265], [127.82870494653567, 36.31008656690439], [127.83227507572242, 36.31134638560819], [127.83527862027746, 36.31267284908613], [127.83530635926002, 36.31274504436266], [127.83643301953387, 36.313478477239954], [127.84051655826553, 36.31565490202793], [127.84422893313585, 36.3166012036502], [127.84446924617453, 36.31651475488504], [127.84519237386755, 36.316438077681454], [127.84441913331362, 36.315469648356654]]]]}, "properties": {"name": "\uc601\ub3d9\uad70", "base_year": "2018", "name_eng": "Yeongdong-gun", "code": "33340"}}, {"type": "Feature", "geometry": {"type": "MultiPolygon", "coordinates": [[[[127.44122798283875, 37.01211365066512], [127.44138403845312, 37.01189681679272], [127.44456445381556, 37.012002126018444], [127.44708882749545, 37.010885490360586], [127.44820210207186, 37.010378907216975], [127.4490398023177, 37.00984434014097], [127.44900648731827, 37.00974432172768], [127.44860929359673, 37.00871631242486], [127.4485387660959, 37.00845526946071], [127.44833098356854, 37.007685160524154], [127.44829421361005, 37.00754770890496], [127.44856616548867, 37.005363534203724], [127.44911113846796, 37.00435259081469], [127.44855348812997, 37.00255963038581], [127.4476784839737, 37.00097071944427], [127.4475530592182, 37.00067226851393], [127.44793919576922, 36.99851415515074], [127.4481271914205, 36.997646496545364], [127.44837169377222, 36.99732514487022], [127.44853403243407, 36.99713064243695], [127.4486498821612, 36.99709150506568], [127.44867633384463, 36.997073834694895], [127.4494127599286, 36.996403412947494], [127.44974704218873, 36.99606652325831], [127.4504226807974, 36.99530531203502], [127.4504868316692, 36.99512080158465], [127.45009263213933, 36.99388369256411], [127.44871977721243, 36.993914300100485], [127.44812593484603, 36.989876320683024], [127.44813758905244, 36.98853753283285], [127.44813898498285, 36.98846100800574], [127.44814144037188, 36.9884261808636], [127.44814339192267, 36.988398574072654], [127.4482169014519, 36.987506958355105], [127.44823468561444, 36.98742032645045], [127.44871134838834, 36.985576267160454], [127.44880791108734, 36.985365082226195], [127.44916141640827, 36.98458584464767], [127.45032247890163, 36.981906445278135], [127.45032929942636, 36.98136355247335], [127.45026305672705, 36.98120911429834], [127.45016865285733, 36.981101469132376], [127.4498717468102, 36.980821798592764], [127.44916019385147, 36.98039769208077], [127.44905115166623, 36.98036122151464], [127.44892039620909, 36.97981489992799], [127.44925118834888, 36.97726401771213], [127.44926253794459, 36.977187130992725], [127.44930525480176, 36.9769751741272], [127.44940212822003, 36.97665247600323], [127.45014023011677, 36.97567278610343], [127.4504415719049, 36.97531672186709], [127.45053252285739, 36.975218226269014], [127.45059897868173, 36.97515396456601], [127.45063178991634, 36.97513370828399], [127.4507376502154, 36.97506920506678], [127.45094149663016, 36.97496813633536], [127.45097046097774, 36.97495450039689], [127.451408223593, 36.9747676824571], [127.452024105011, 36.97515047264325], [127.4520532764909, 36.975164653366036], [127.45233671647102, 36.97530199110967], [127.45236869266233, 36.975312159640076], [127.45245363312235, 36.97533904237288], [127.45287432292699, 36.97520396605701], [127.45298125609163, 36.97512758921268], [127.45309113403106, 36.975049031933516], [127.45327900714464, 36.97488227707395], [127.45342921390707, 36.97474208359648], [127.45371593375184, 36.97437394028755], [127.45388640672766, 36.974126171847935], [127.45399363581922, 36.97394594571185], [127.45399385245511, 36.9739033506286], [127.45393896934178, 36.97377195789044], [127.45391575065543, 36.97371637107396], [127.45389867739515, 36.97367603190878], [127.4538374693629, 36.973529578893334], [127.45371524405586, 36.973086086113746], [127.45370544955675, 36.97282978468437], [127.45399836300848, 36.96982113621455], [127.45505516072595, 36.96816514176904], [127.45514429457198, 36.96805629320681], [127.45550031866708, 36.9678309985179], [127.45613010516128, 36.967370382094316], [127.45624125062999, 36.96722687294101], [127.45711465733528, 36.965567780852844], [127.4571352322565, 36.96544553388334], [127.45727827475162, 36.96391519849104], [127.45727352396696, 36.96387711960123], [127.45726623082203, 36.96382530713098], [127.45724009268267, 36.96378855288105], [127.45502629954541, 36.960751573085645], [127.45499649481029, 36.96072238369652], [127.45497727550918, 36.960705921363214], [127.4549315131734, 36.96066870301106], [127.45491130428627, 36.96066171451914], [127.45328382564712, 36.960548193349204], [127.45307501095023, 36.96098216945976], [127.45296229780597, 36.96157924453928], [127.45032116270879, 36.96301820426926], [127.44838065153908, 36.96322876983073], [127.44640200310344, 36.96136199374346], [127.4458345888837, 36.960055630650444], [127.44541344871553, 36.958963366565975], [127.44534812188151, 36.95875663243158], [127.44569123743848, 36.95697617873175], [127.44676701107808, 36.95142716937897], [127.44701904000945, 36.95060979464798], [127.44728255919469, 36.94990797770258], [127.44780931426612, 36.94980380797233], [127.45044089997509, 36.94823993767881], [127.45680549140233, 36.94728131422897], [127.45817942556647, 36.94738787070831], [127.45818016203266, 36.94739253507468], [127.4582174904925, 36.94748658937499], [127.45822483937252, 36.94750461016082], [127.45824244482058, 36.94751819400577], [127.4594979858879, 36.94809851593841], [127.45951269368426, 36.948104227137065], [127.4634675536789, 36.94842145183879], [127.46348875377292, 36.94842205331589], [127.46380159187095, 36.94758898314464], [127.4640062853901, 36.94702753517111], [127.46402164006588, 36.946938070812536], [127.46404304234885, 36.94680870104521], [127.46401631075219, 36.946630275957176], [127.46392260077914, 36.94509564050228], [127.46508930199853, 36.942390803575975], [127.46650719718377, 36.93924347874072], [127.46658300648141, 36.93912063396402], [127.46742233510923, 36.938443663765426], [127.46946414026088, 36.936914070095305], [127.47061519356564, 36.936155065116814], [127.47279336396089, 36.93582144435797], [127.47291805015706, 36.935821288956824], [127.47324573253132, 36.93584776136106], [127.47337722251613, 36.93586443172365], [127.47369779838475, 36.93593240597278], [127.47406491057937, 36.936025686091874], [127.47452936956822, 36.93614272304209], [127.4749307971811, 36.936235366001426], [127.4758991141748, 36.93637333363763], [127.47604963583757, 36.93638133653219], [127.47614849459454, 36.936381825180874], [127.476381263116, 36.93637200078951], [127.47654592030916, 36.93635923459353], [127.47805325207918, 36.93597747261275], [127.47822626582384, 36.93593089574494], [127.47832137767197, 36.93586851098013], [127.47860545475977, 36.93560036227111], [127.47877739639699, 36.93544712992076], [127.47889220104788, 36.93534552059084], [127.47914856619268, 36.93512863125341], [127.48030330019341, 36.93420742269562], [127.48057759783866, 36.93398888715028], [127.480646356765, 36.93394520494641], [127.48123194948772, 36.93370820054609], [127.48256108309887, 36.934641208641914], [127.48265589937257, 36.9347802373797], [127.48282304666601, 36.93511041878104], [127.48276470118185, 36.93611577715738], [127.48267395668249, 36.93648478441782], [127.48321601484301, 36.93707415262571], [127.48342315156899, 36.93724069622391], [127.48613933180783, 36.93868427136567], [127.48625905371934, 36.93870101082285], [127.48964721058199, 36.93894150677626], [127.49059277859992, 36.93898272591173], [127.49280748745322, 36.93876376827906], [127.49851146126908, 36.934917974341126], [127.4999180662211, 36.93319929496521], [127.50471503647071, 36.93305983134317], [127.50487157595454, 36.933036542293706], [127.50498626383597, 36.933005219248585], [127.50504599174097, 36.9329733575682], [127.50687321551365, 36.931895237772125], [127.50728461108405, 36.93153895708153], [127.50744877193537, 36.93138567998979], [127.50767691189085, 36.93116410443654], [127.51036115183949, 36.930536795483675], [127.51143083172336, 36.93064343306444], [127.51142846390118, 36.93063811471647], [127.51137863224535, 36.93037755976187], [127.51140782558052, 36.93002147918681], [127.51145653144282, 36.92976818766145], [127.51157505971157, 36.929357571226404], [127.51163159938466, 36.92917486807496], [127.51164757200053, 36.929137789717004], [127.51167817246625, 36.92908137914499], [127.51367125975001, 36.92554935071744], [127.51727249583757, 36.92354659628666], [127.51935513717504, 36.922880388687545], [127.52117636499537, 36.91952667458917], [127.52299098513697, 36.91609932090202], [127.52321360574703, 36.91551585904379], [127.52467942970233, 36.91318160748974], [127.52748758909689, 36.911022069763284], [127.52939576185165, 36.9111549509811], [127.53145852302804, 36.91237706704873], [127.53189591248531, 36.9123125350636], [127.53262099207392, 36.91220553724852], [127.53381779527402, 36.911985633987385], [127.53386867391227, 36.91196008574328], [127.53567771828632, 36.91105016703587], [127.53548374392834, 36.910801499764325], [127.53513922909983, 36.91035983797868], [127.535625987674, 36.90995558895018], [127.54038956053884, 36.906639555952], [127.54040937725561, 36.906617569886116], [127.54042953305802, 36.90659576218998], [127.5404496911416, 36.90657404463528], [127.54046984949944, 36.90655286795127], [127.54074545530992, 36.906301658440455], [127.54080236352773, 36.906256886970546], [127.54082669198495, 36.90623803365078], [127.54085135962309, 36.90621953989076], [127.54087625184907, 36.90620122543829], [127.5409013709074, 36.90618308939097], [127.54092671460225, 36.90616522369808], [127.54095239972237, 36.90614771576054], [127.54097830708956, 36.90613020774076], [127.5410042167864, 36.9061128800059], [127.54103035097378, 36.90609554948346], [127.5410568243914, 36.90607866956659], [127.54111044957737, 36.90604562704023], [127.54113737679451, 36.906029375263934], [127.54119201714884, 36.90599722929894], [127.54121962262087, 36.905981514537224], [127.54124734043029, 36.90596598002149], [127.54127517067435, 36.905950806043094], [127.54130356679987, 36.90593589959421], [127.54133207526269, 36.90592117248941], [127.54136036160341, 36.905906717695146], [127.54138920923745, 36.90589234833702], [127.54141805700736, 36.90587825031043], [127.54144713156347, 36.90586424234342], [127.54147643539329, 36.90585077245919], [127.5415354922722, 36.90582428324055], [127.54156513536346, 36.905811353188646], [127.54159489079349, 36.90579860247998], [127.54162487545136, 36.90578630241216], [127.54163763117391, 36.90578119749746], [127.54165497249699, 36.90577427093161], [127.54168283403031, 36.90576324084525], [127.5416851840786, 36.905762329548935], [127.54375135274724, 36.90462611822249], [127.54597008957816, 36.903432134773446], [127.54632908955897, 36.902703568877385], [127.54606553638655, 36.90205053817009], [127.54599913898763, 36.90190562570495], [127.5459965492675, 36.901888443118544], [127.54597872732286, 36.901657173796096], [127.54601104270728, 36.90146638395412], [127.54608814414821, 36.90132128064955], [127.54629723748245, 36.90097417411313], [127.54992674973138, 36.89930747337859], [127.5502096163347, 36.89919627289696], [127.55027010461768, 36.89918440576566], [127.55221855412476, 36.89897041203065], [127.55306675848712, 36.89888660627323], [127.55368711785172, 36.896020670451676], [127.55185533899612, 36.893917578178794], [127.55258053094832, 36.893031763451795], [127.55521349095916, 36.8913241608977], [127.55563407614073, 36.890464451983476], [127.5556127491436, 36.89040703538894], [127.5551053166786, 36.88965339375276], [127.5548405836351, 36.88867900761392], [127.55515939078035, 36.88761993317015], [127.55565200169174, 36.88616044517779], [127.55751175078785, 36.88571971921211], [127.5605781705485, 36.88490989403639], [127.5609195121523, 36.883951481544536], [127.5614252133831, 36.88281110798587], [127.56266480371393, 36.88222778364854], [127.56438851909755, 36.882359571658014], [127.56667440743486, 36.88269902902492], [127.56665471292393, 36.882874247962256], [127.56662862432958, 36.88291278200447], [127.56638775422515, 36.883230423850364], [127.56699980698359, 36.88600495923028], [127.56708436236508, 36.88607965339018], [127.56767458950397, 36.885954313251254], [127.56825145244994, 36.885822707298416], [127.56855900327676, 36.88571640315826], [127.5687630224995, 36.88554575244818], [127.56895991503302, 36.885377914469224], [127.56914834023833, 36.885189617939176], [127.56917523432877, 36.8851613036464], [127.57100093837552, 36.88256721373871], [127.57112727020329, 36.88236121753464], [127.57119153840242, 36.882244326308594], [127.57187278175037, 36.88091895639025], [127.57195320916163, 36.880723523281915], [127.57205625489573, 36.88033544501016], [127.57208050378776, 36.88014378690921], [127.57208412751686, 36.88009997731191], [127.57195965443164, 36.87885740663463], [127.57191469575409, 36.87872594851874], [127.57194748692277, 36.87856633577692], [127.57228669952136, 36.87740354589826], [127.5734420043375, 36.877669587212644], [127.57509853971258, 36.87915282957262], [127.57590793597006, 36.87998871797376], [127.57775602847053, 36.8797774791438], [127.57830092229393, 36.87944054647213], [127.57884638701398, 36.87886023082059], [127.5790547925765, 36.87862820770839], [127.57978988679965, 36.87802008649869], [127.58075885835304, 36.87742782816873], [127.58134075979382, 36.877117856860366], [127.58153690638403, 36.87720443221999], [127.58345442595721, 36.876244974753995], [127.58383606761733, 36.875858309075326], [127.58504425263047, 36.8745911214679], [127.58515966517614, 36.87108269640528], [127.58514579335396, 36.870788083213725], [127.58511214989022, 36.8701779921512], [127.58254144381412, 36.86750114230928], [127.58174365835296, 36.8669365296029], [127.58128978167875, 36.866619498873995], [127.58030772102177, 36.86647789397382], [127.57950275516359, 36.86643503690004], [127.57929129236295, 36.86646769392958], [127.57876081904266, 36.8665545762653], [127.57854326486954, 36.86656340041588], [127.57795308218684, 36.86654719842867], [127.57790754675085, 36.86654349893191], [127.57662983083542, 36.86465889946739], [127.57687012218054, 36.864411586493084], [127.57779150153225, 36.86337532813939], [127.57790164018752, 36.86324394882719], [127.57782352858062, 36.86252381982469], [127.57625903290472, 36.85950110580932], [127.57553622229126, 36.858385135459024], [127.57554926440028, 36.858283520424315], [127.57562266193133, 36.85775319996732], [127.5780195087498, 36.8535917997508], [127.57828388567292, 36.85335473264919], [127.57827829510228, 36.85376419255763], [127.57846773674763, 36.853369121413415], [127.57856303441018, 36.85307390258147], [127.57857123292558, 36.85303853358886], [127.57862797027217, 36.852625253644305], [127.5786053154363, 36.852350017954834], [127.57858766648319, 36.85228135330043], [127.57852710345014, 36.852155583936], [127.57849220020826, 36.85210668987828], [127.57839172065178, 36.85198075477881], [127.57824897223584, 36.85183136515341], [127.57635570218658, 36.85068240492104], [127.57527915515604, 36.85090066652172], [127.57378604188659, 36.85087583788447], [127.57325088439404, 36.85076594125948], [127.57153377388642, 36.85006477142436], [127.57189035379808, 36.84941033927212], [127.57272179755417, 36.848363962000654], [127.57275471681275, 36.848327654252586], [127.57338452188694, 36.847222066314416], [127.57230071227141, 36.84523461168784], [127.57170202864951, 36.844363762910916], [127.57167791628812, 36.84430261655817], [127.57159584886523, 36.84399583566621], [127.57157173367001, 36.84388690435248], [127.57223073550138, 36.84218349826685], [127.57267421670873, 36.84130784600083], [127.57014513114734, 36.83969269572618], [127.56950921205875, 36.83937848962032], [127.56867692224051, 36.83854099275374], [127.56887060586156, 36.8371822998501], [127.5693152455422, 36.836580664304506], [127.56986039850132, 36.835010606794164], [127.57020290333675, 36.83360982308943], [127.57008551065898, 36.83247814862818], [127.56995952768294, 36.83134983956262], [127.56955525039162, 36.830627647108905], [127.56922984887619, 36.82998238279721], [127.5698958729437, 36.82931540662222], [127.57140352144887, 36.82790001243078], [127.57201971147636, 36.8278030375867], [127.57368572931172, 36.82836732256052], [127.57591946631733, 36.828983675852896], [127.57834015215542, 36.829610233666514], [127.57922436238997, 36.828226467504614], [127.5768554570908, 36.826462605218545], [127.57626629802654, 36.82492640316745], [127.57528461284643, 36.82320528869774], [127.57370865949858, 36.821398374758516], [127.57209807435066, 36.81998736622026], [127.57073748585852, 36.81964103802025], [127.56427789335676, 36.81815394902352], [127.56313877270438, 36.818015438965865], [127.56132468326484, 36.818439461040384], [127.55965418350054, 36.81862184349222], [127.55566316750779, 36.817425810830805], [127.55318038229385, 36.81500207170267], [127.5500339775051, 36.81286014253997], [127.54919213418061, 36.812707970203924], [127.54787301477316, 36.8127635091121], [127.54483006411822, 36.813508919212964], [127.5431701029805, 36.81271521635168], [127.5419812887237, 36.81201120152589], [127.53732716278333, 36.80859148053696], [127.5406568192744, 36.80451833917954], [127.54185564131022, 36.80332192322741], [127.54813842620422, 36.798354361785115], [127.54952379027881, 36.798013030599584], [127.54979741812777, 36.798030010095005], [127.55031085150567, 36.798517312725544], [127.55089335581204, 36.79888293693203], [127.55413076987402, 36.79975406712289], [127.55424437957251, 36.799734860857825], [127.55462787726589, 36.799570718155955], [127.55490519992807, 36.799402644170904], [127.55518808450654, 36.7992202533598], [127.55526311149762, 36.79913473180098], [127.55533391857607, 36.79905166957351], [127.55539085563129, 36.79897595536257], [127.55658156478366, 36.797105769357046], [127.55676650991973, 36.79673987761557], [127.55934438631951, 36.79076781855608], [127.56135746560763, 36.787263436695454], [127.56250809306074, 36.78409293454935], [127.56437753443439, 36.782979375845464], [127.56447929463441, 36.78290835655505], [127.5646178973552, 36.78276817397278], [127.56468156645731, 36.78267085209683], [127.56479904162244, 36.78026337115143], [127.56303517665353, 36.779396356747654], [127.56109633477327, 36.77861910655702], [127.55979085299458, 36.77855942231165], [127.55707405333203, 36.778123033989644], [127.55535605542767, 36.77769407674335], [127.55489985542559, 36.77751256396987], [127.55439240661195, 36.777302939597824], [127.55407063544028, 36.77716547675856], [127.55295360843958, 36.77668224766954], [127.55219055846862, 36.776339580137595], [127.55180301443204, 36.77608673200072], [127.55086029746127, 36.77580728065565], [127.55018795045933, 36.77561515855393], [127.54966883870557, 36.77547453866273], [127.54331817190193, 36.77415401090249], [127.53763615953244, 36.77291915233705], [127.53380396984818, 36.771503150440715], [127.5328361609724, 36.771045436556946], [127.53234981492801, 36.770894465893946], [127.53212668499619, 36.770829177330235], [127.5320903443455, 36.770820400433934], [127.53182370937468, 36.77075684575173], [127.53047613789397, 36.77045365837469], [127.53008294123813, 36.77039688961732], [127.52560409767295, 36.76983302487468], [127.5253390132807, 36.76980341038216], [127.51690973729707, 36.7687157683006], [127.50929185878944, 36.76684004846958], [127.50902012270191, 36.7668082453897], [127.5086193172506, 36.76684813306824], [127.50789622875779, 36.767112947462465], [127.50773935418265, 36.76718690964777], [127.50768378958907, 36.76724852839427], [127.50765052489, 36.76730953988888], [127.5076077570476, 36.76747075670775], [127.5076074572396, 36.76748700587381], [127.50760695571664, 36.76751433872872], [127.50760078376263, 36.767852243839684], [127.507605139513, 36.767855939622244], [127.50792113816728, 36.768124137630714], [127.50845360795452, 36.768587785313436], [127.50873914153459, 36.76884835496879], [127.50916790064235, 36.76926898122579], [127.5092985625994, 36.76945650015381], [127.50935300713746, 36.76953463780409], [127.50948503463192, 36.76990274228217], [127.50957388953962, 36.77016583510786], [127.51030245453076, 36.772329652605144], [127.51030143598813, 36.77233841325256], [127.51028761117651, 36.77242773645362], [127.51023339990341, 36.77269392761871], [127.51017339305972, 36.772895427414554], [127.50874020193733, 36.776749125645914], [127.50868581089738, 36.77686703920365], [127.50865107155211, 36.77690903613483], [127.50854348507886, 36.777018580563514], [127.50847111652709, 36.77707735301614], [127.50835697607964, 36.77716623589005], [127.50807620108289, 36.7773833291028], [127.50737775008444, 36.77790647800859], [127.5069830265188, 36.77819878582831], [127.5058670553762, 36.77899393046849], [127.50564138278307, 36.779143112318195], [127.50554707167366, 36.779199197609636], [127.50528491123468, 36.77934952174308], [127.50509588578413, 36.779448558989046], [127.50499757616153, 36.77948258668606], [127.50498219620543, 36.77948437405762], [127.50169165392685, 36.77977776353573], [127.50070916182383, 36.77984304936012], [127.49978884321725, 36.77988614005784], [127.49710674808419, 36.78000718957427], [127.49593921925478, 36.779122412161065], [127.49463215960556, 36.77750792920812], [127.49422012365918, 36.776833322149216], [127.49131275869944, 36.774126718159636], [127.49044578807386, 36.77380268958371], [127.48918498706603, 36.77450010873652], [127.48832277042615, 36.775076395703906], [127.4878187426799, 36.77541327945886], [127.48779652310188, 36.775428129918716], [127.48526153655375, 36.77593920755079], [127.48353242907258, 36.77621338316229], [127.48179580495209, 36.77599728405099], [127.48060372563869, 36.77548399655907], [127.47676181955485, 36.7725782235748], [127.47376936806513, 36.770375790838415], [127.47041254063406, 36.768820071071254], [127.46828502829922, 36.76931069688974], [127.46459569065193, 36.76985646571301], [127.46174355641288, 36.7702599100423], [127.46039069626423, 36.76991494953388], [127.45922495836713, 36.767377004880096], [127.45889281076937, 36.76635205933673], [127.45843914582912, 36.76578517105813], [127.45692111635606, 36.76465642162266], [127.4544676417313, 36.762978932311235], [127.45365726760397, 36.76258968174801], [127.45304115782666, 36.76238004464094], [127.45217067426977, 36.76192819753123], [127.45094616187768, 36.7610035927212], [127.44989143507831, 36.75906338597894], [127.44987600195661, 36.75695056714921], [127.44908098054624, 36.755363924174375], [127.44944746128685, 36.75372840952717], [127.45039885763917, 36.75112596520181], [127.45081421552634, 36.75011478793922], [127.45085899984848, 36.74999998842755], [127.45092849533827, 36.749781478301166], [127.45094767041371, 36.74970937133838], [127.45094459061377, 36.749415910972644], [127.44938536335412, 36.74910648271973], [127.4485107978457, 36.749011444802775], [127.44748807055127, 36.74897011752793], [127.44412520052637, 36.74912689512838], [127.4424270970921, 36.74939558342214], [127.44172425824576, 36.75025887621439], [127.4417662929037, 36.75104342123589], [127.4417757973126, 36.75130711619573], [127.44168867561451, 36.75150430127293], [127.44135706583087, 36.75189404669942], [127.44112004943476, 36.75216543756768], [127.44043734132424, 36.75259256722526], [127.43912417964188, 36.75323696959932], [127.43808450853054, 36.75329742553291], [127.4373842788705, 36.752914173373235], [127.43614910917874, 36.752126638168676], [127.43569821224719, 36.751529182539315], [127.42958135006748, 36.750855681885156], [127.42710646946159, 36.75081269283493], [127.4251810193081, 36.75351542886763], [127.42477801337756, 36.75481788930313], [127.42503129037915, 36.75592608699762], [127.42564698921117, 36.75619218991189], [127.42645164889021, 36.75616387869874], [127.42699604593923, 36.756476565884846], [127.42707484830906, 36.756826626346424], [127.42693652470405, 36.75760364582372], [127.42446058524483, 36.75875921001201], [127.42253976079141, 36.7584456881667], [127.4224271427666, 36.75822004480048], [127.42231316419371, 36.75799548581249], [127.421438369536, 36.75764162341366], [127.42003554247013, 36.75752184147462], [127.42001459164949, 36.75752426679692], [127.41999269052239, 36.757526931270135], [127.41992085637435, 36.75754374151754], [127.4198526915711, 36.757567870601406], [127.41977646377654, 36.7576014741695], [127.41969848903824, 36.7576621876062], [127.41973261058767, 36.757698641221005], [127.41989070862125, 36.757876899957466], [127.42015105338349, 36.758353569971106], [127.42016234387846, 36.758434063436454], [127.42039508093733, 36.7603990674397], [127.42041706472503, 36.76083771123719], [127.42037905824729, 36.76092908316897], [127.42031721820027, 36.76101209323528], [127.41979739894, 36.76154190740062], [127.41973558895923, 36.7615992899316], [127.41952923184542, 36.76178389423642], [127.41467868882864, 36.768625027410984], [127.41405585561272, 36.769610238718194], [127.41391136267383, 36.76984981193098], [127.4138916657574, 36.77002840564398], [127.41389833098127, 36.770162422331275], [127.41390879946692, 36.770320366983135], [127.41397936195524, 36.7705208976246], [127.41404011265783, 36.77068992350323], [127.41427697265476, 36.77086510544959], [127.41435127345314, 36.77101239548213], [127.41433119727, 36.77115383005848], [127.41426135198954, 36.77134639482945], [127.4142508316002, 36.77137515880175], [127.41407298594865, 36.771695100046614], [127.41307813839911, 36.7730589327194], [127.41304492855497, 36.773101011041426], [127.41295016977098, 36.77321650931506], [127.41285078838766, 36.77325570850755], [127.41266468880984, 36.77331154475447], [127.40696394675145, 36.7740162205567], [127.40535267628634, 36.77422332780551], [127.40326265248592, 36.775073783940634], [127.4026440985784, 36.77540702770153], [127.40198043056513, 36.77591416918585], [127.40124265835438, 36.77718635920905], [127.40127195731543, 36.77723272122117], [127.40179024805478, 36.778049009806146], [127.40155640565166, 36.77878954877927], [127.3998180253877, 36.780856375712375], [127.39746307211514, 36.78214492914612], [127.39746286596754, 36.78214488209169], [127.39642949867313, 36.781910419944175], [127.39642942017052, 36.781910459540754], [127.39617652181181, 36.78203852989981], [127.39572703260515, 36.78231373228883], [127.39549717887334, 36.78247753785505], [127.39523605163822, 36.78320294372005], [127.39498277065636, 36.78409475558279], [127.39659031380155, 36.78994883310685], [127.39673852986995, 36.790278937584226], [127.39730983663571, 36.79114800635135], [127.39777280031767, 36.79147452247898], [127.40012879653018, 36.79366589631436], [127.40171751057092, 36.795148503475424], [127.40102717514496, 36.7984099958363], [127.40078711917586, 36.79909224890803], [127.39876562759231, 36.79903064801695], [127.39748797625002, 36.79967267359379], [127.39568003257196, 36.801499467079985], [127.39321018892032, 36.80401859550032], [127.39200727723271, 36.805868110917885], [127.39179526660963, 36.80625317940894], [127.39160838792954, 36.8065874877852], [127.39041848759422, 36.80749586346959], [127.38936457248636, 36.80794422179623], [127.38936430793038, 36.80794420802805], [127.38897661471489, 36.80792014524056], [127.38897633782327, 36.80792013416441], [127.38846987131322, 36.808146778859665], [127.38846979053362, 36.80814682115307], [127.38786603016896, 36.80847370487368], [127.38626864396765, 36.80963650697151], [127.38466958616544, 36.81110567595907], [127.38467231908372, 36.811125373951775], [127.38470644417313, 36.81136828049933], [127.38419359621386, 36.81186695199088], [127.38229457636486, 36.81363693857328], [127.382156988951, 36.813752556568105], [127.3814903142784, 36.81408270227289], [127.37410957452555, 36.81598235459133], [127.37095447099232, 36.81670543867941], [127.36951876861632, 36.816255722335725], [127.36951849168845, 36.81625571662303], [127.36898507779179, 36.81632916609128], [127.36889338300996, 36.81634184788122], [127.36856631235985, 36.8163879143562], [127.36661372303777, 36.81696949173778], [127.36562611405998, 36.81838640569187], [127.36504615431743, 36.818911664630214], [127.36397205828418, 36.81974278494039], [127.36354251392952, 36.81967348902791], [127.35810968365666, 36.82246323354114], [127.35715049324398, 36.8235598635317], [127.35740718070375, 36.8244559667268], [127.3579895684253, 36.82530614661236], [127.35799215287219, 36.82530991423247], [127.35808305454172, 36.8254426170936], [127.35762783822017, 36.826682143092654], [127.35722531758597, 36.8275039132881], [127.35605418544337, 36.828653489715684], [127.35567274853874, 36.828848650438665], [127.3545288347407, 36.829432169515876], [127.3544450617156, 36.82947489574273], [127.35173518114573, 36.83066109220729], [127.3510254453457, 36.830810455423986], [127.35102517958452, 36.83081044787926], [127.35053938470462, 36.830789349653884], [127.34867596522453, 36.83047661009559], [127.34817995447145, 36.83036204126706], [127.34763183613632, 36.829800452203074], [127.34673122267859, 36.82937025542468], [127.34636873777247, 36.82930597810443], [127.34514636791744, 36.829575908263685], [127.3423082936845, 36.83040322788009], [127.33935909298071, 36.83122826332306], [127.337767798572, 36.83049584811107], [127.33665327871454, 36.82976262694744], [127.33660054566997, 36.82972794894403], [127.33453827217181, 36.83066656736117], [127.33398785537472, 36.83121187495257], [127.33355448051151, 36.83196661861229], [127.33409880376863, 36.83236045341635], [127.33500162531794, 36.83443861094026], [127.33534234062101, 36.835616685866206], [127.33560682899771, 36.83742714579171], [127.33464263884728, 36.837810844008295], [127.33418001875881, 36.838092046809166], [127.33403733084333, 36.83843148333272], [127.33409004026912, 36.83931891536168], [127.33461920168064, 36.84214180054181], [127.33567852432073, 36.84432370418148], [127.33613017488896, 36.844533344112705], [127.3366573491715, 36.8450666049654], [127.3368005176274, 36.845640928716236], [127.33665146504075, 36.84825509033033], [127.33662068404878, 36.84862941111699], [127.33646334218858, 36.84882415730053], [127.33623321740822, 36.849123851630225], [127.33628222149068, 36.85216490556326], [127.33633058234797, 36.85284903306994], [127.33691862471535, 36.85369123103457], [127.33692437079023, 36.85369946027095], [127.33654243350595, 36.85462359989827], [127.33649470577292, 36.85468681072513], [127.3347961035455, 36.856180921126935], [127.33264623178503, 36.85697398018597], [127.32957755839581, 36.857510473125785], [127.3263335212584, 36.85777843989325], [127.32451473864862, 36.85689981485871], [127.32307493441792, 36.85724664970585], [127.32092442156612, 36.85792488885282], [127.31991772186664, 36.85847133956907], [127.31873610644114, 36.85906977831164], [127.31660678753349, 36.859186120981164], [127.31660651045522, 36.8591861151449], [127.3153564112459, 36.858984423737056], [127.31528024861227, 36.858828059309594], [127.31519739078362, 36.858657909162346], [127.31483425351952, 36.85824999536364], [127.31272969870507, 36.85746658649251], [127.31200314523886, 36.85778323877875], [127.30917222790293, 36.85928724692624], [127.30875403912569, 36.85978026460364], [127.30729663981386, 36.859702930738415], [127.30716776687767, 36.8613097404565], [127.30680554414124, 36.86187104291153], [127.30609765355904, 36.862797605976624], [127.305779030256, 36.86335371983447], [127.30578805572264, 36.86337594480997], [127.3093932346666, 36.867425794494785], [127.31052903901691, 36.86854330095529], [127.31128407187788, 36.870135141766674], [127.31129321380708, 36.87048823704717], [127.31079914650643, 36.87108142438336], [127.31033638381153, 36.871877840772974], [127.30985740525988, 36.87343599890499], [127.30968157994529, 36.87735141500927], [127.30959842496402, 36.878594856888085], [127.30930261468586, 36.881701005074746], [127.30788411780662, 36.88538675430101], [127.30781560335286, 36.88543508521738], [127.30772954041707, 36.88547951413297], [127.30557834311054, 36.88550897143081], [127.30557816134895, 36.88550895671008], [127.30388131914934, 36.886108572827204], [127.30320970084523, 36.886651500991725], [127.2992701161975, 36.88979778681371], [127.2987317008687, 36.88984699085116], [127.29860817828082, 36.88979917015463], [127.29837741559508, 36.88970991669302], [127.29721724027493, 36.88964636120157], [127.29598557687649, 36.889751921339894], [127.29458544628605, 36.890315175092084], [127.2934186202847, 36.89120112354745], [127.29319554043344, 36.891401027731504], [127.29302813788247, 36.89158645010395], [127.29247635638704, 36.89196146594121], [127.29150528973811, 36.89218489250736], [127.29094799466904, 36.89218793566582], [127.29058804304194, 36.8921969817081], [127.28782886864117, 36.89377887947625], [127.288029389186, 36.89377501763133], [127.28857944149142, 36.893863799545514], [127.28901727403395, 36.8939438375008], [127.28960128945975, 36.894113631266414], [127.29029766514996, 36.89432820118068], [127.28994137783884, 36.895049933931155], [127.29018583082735, 36.89740118375254], [127.29032157600173, 36.89769821362423], [127.29053576694871, 36.897968018823946], [127.29112063339326, 36.8983540624272], [127.29187355684849, 36.89867661686067], [127.29236881685956, 36.89909891704929], [127.29375344683885, 36.90031198748594], [127.29617470842226, 36.90265784465905], [127.2973690677927, 36.90396145316626], [127.29853634011207, 36.90695014872222], [127.29999520428053, 36.909875021873255], [127.3015172398679, 36.911709403151306], [127.30260454026484, 36.914265739042904], [127.30320581789218, 36.915922205310785], [127.3033647714632, 36.9163903665386], [127.30234785544874, 36.917483257905566], [127.30057163020231, 36.919560231833046], [127.29844041209168, 36.92272838426799], [127.29537911162738, 36.92925083397174], [127.29521265421887, 36.929746842454854], [127.29496924702244, 36.930666544503985], [127.29563385402479, 36.93128665193675], [127.29552983112227, 36.93050296609715], [127.29641486466788, 36.93006825295306], [127.30019477829147, 36.92940101801417], [127.30899432808538, 36.92938757594474], [127.31062455320834, 36.93006816757608], [127.31330066381715, 36.93124159109248], [127.3148100132856, 36.93253517845645], [127.31521788612143, 36.93346221591957], [127.31545493068718, 36.93378597937249], [127.31600789290816, 36.93450538166846], [127.31621082469157, 36.934721104025684], [127.32024320781267, 36.935368141419424], [127.32423030332042, 36.93590703510612], [127.32681216148137, 36.93593603512293], [127.33032138397404, 36.93757535058168], [127.3307722463746, 36.938006620739095], [127.33191072683395, 36.939102777692675], [127.3323961789911, 36.93974119351921], [127.3329813125129, 36.94018784933759], [127.33389286442855, 36.94059303633766], [127.33653586666857, 36.9417299866999], [127.34060573800201, 36.94311511043487], [127.3425145101559, 36.945713770212855], [127.34239371760447, 36.9463178358416], [127.34484332547993, 36.94932038292486], [127.34963056101064, 36.95279362044841], [127.3505289470373, 36.95283603737594], [127.35103421437593, 36.95284356203515], [127.35135964574488, 36.95280655605837], [127.35311109065026, 36.95280138854287], [127.35399746262024, 36.95267260979014], [127.35517232188857, 36.951804082087094], [127.35563104840989, 36.951460304943524], [127.35570934585843, 36.95139700115385], [127.35573059522189, 36.95113562011022], [127.35578439349071, 36.950630855620304], [127.35665322774432, 36.94915049285568], [127.3576119308246, 36.947687874298175], [127.35789377828802, 36.947792058942014], [127.35870631384702, 36.94809260554271], [127.35874778302518, 36.948107970510286], [127.35952566284472, 36.94879946250635], [127.3617630762615, 36.949495533755446], [127.36988192330554, 36.949867102216416], [127.37108336474878, 36.94989941246789], [127.37201523290558, 36.94990551989369], [127.37242795960128, 36.94935457403791], [127.37306595699259, 36.94895610548243], [127.3746807054744, 36.94856357928522], [127.37565790321244, 36.94865962289391], [127.37565175270196, 36.94899003219629], [127.37564901332635, 36.949137222612926], [127.37578743634195, 36.94989369309258], [127.37667664976364, 36.95035944709119], [127.37747787644801, 36.95119491625126], [127.3782120234617, 36.952084655925006], [127.37873837992908, 36.95409238646234], [127.3786724802364, 36.95438995159367], [127.37850504637753, 36.95458872036394], [127.37829922567187, 36.95611219313986], [127.37872345004864, 36.95789497832749], [127.37961460219556, 36.95873014528722], [127.3821321596786, 36.95921768993383], [127.38349158202713, 36.95937552299361], [127.38383996471295, 36.959437478311905], [127.38481776594735, 36.95962355227579], [127.38505509421697, 36.95992915065713], [127.38519082760033, 36.96012694890205], [127.38577035169396, 36.96149471120803], [127.38643008615666, 36.9631775852136], [127.38687173651279, 36.96391502981359], [127.38726751119202, 36.96446340543494], [127.38827948144807, 36.96473043594745], [127.3918884390314, 36.965592668972285], [127.39303404145532, 36.96563395074234], [127.39649798173261, 36.96452625661183], [127.39746552895195, 36.96464553278489], [127.3980270500213, 36.96486048072016], [127.40153405278599, 36.96767809227002], [127.39965888071046, 36.96986499318448], [127.39763802527214, 36.97213344794334], [127.39634125285959, 36.97328213168994], [127.3962768493192, 36.97385903371138], [127.39667377590571, 36.974605608025534], [127.39396929899952, 36.97720065432321], [127.3928948808583, 36.97793407000128], [127.3893792198766, 36.980081145038405], [127.3882924367557, 36.980607318007365], [127.38759746277545, 36.98087990188645], [127.38671109663707, 36.981062994812014], [127.38609509423705, 36.98140739934579], [127.38523792316568, 36.9829329864773], [127.38497189120145, 36.98363668184839], [127.38503080809798, 36.98418614615933], [127.385505714617, 36.98481536108855], [127.38672643887196, 36.986334219703565], [127.38855549170253, 36.98819348887105], [127.39092917922703, 36.9911052016664], [127.39131389460464, 36.99165358820221], [127.39219919168985, 36.99343479717113], [127.3918416586306, 36.993814424072085], [127.3917855908724, 36.99383262900629], [127.39168513650662, 36.99395910906382], [127.39191403719379, 36.994787341231806], [127.39254160803146, 36.996686529731434], [127.39270053493429, 36.99701039610663], [127.39310712503614, 36.99743255892017], [127.39421289742376, 36.998375029082354], [127.3955113910097, 36.99874657843664], [127.39582083357544, 36.99865804208868], [127.39666249249821, 36.99848403852192], [127.39730254514932, 36.9984278472809], [127.40254018285786, 36.998914856933645], [127.40683973341243, 36.9983235742044], [127.40795308491248, 36.99854503396316], [127.40852577880732, 36.99899220110243], [127.41134333154321, 37.00018233952343], [127.41317338370811, 36.99996875590219], [127.41495965402538, 36.99997155810518], [127.4185654952162, 37.00195931744491], [127.41920013580402, 37.00296628275548], [127.42035045739883, 37.003764175849014], [127.42123908478433, 37.00395928021581], [127.42180022343972, 37.003849161474314], [127.42798266476524, 37.002421443552244], [127.42882398866813, 37.002193150519886], [127.43303925207668, 37.00458375202454], [127.43418714246374, 37.00492198050801], [127.43534585718203, 37.00518807488859], [127.43593394600809, 37.0053115064144], [127.43618949546078, 37.00536519694211], [127.43653911137751, 37.0055981943975], [127.43716242888989, 37.00654202830525], [127.43706486142884, 37.0071641183748], [127.43699935232681, 37.00749775948053], [127.43693384153502, 37.00783138971288], [127.43695698046255, 37.00794844248146], [127.43700294345226, 37.008128492886634], [127.43704861066817, 37.00825447374533], [127.43709391187275, 37.00831738322872], [127.4387226825672, 37.01021264961374], [127.44060881920231, 37.01190869820735], [127.44083467678354, 37.01210609318234], [127.44122798283875, 37.01211365066512]]]]}, "properties": {"name": "\uc9c4\ucc9c\uad70", "base_year": "2018", "name_eng": "Jincheon-gun", "code": "33350"}}, {"type": "Feature", "geometry": {"type": "MultiPolygon", "coordinates": [[[[127.8077127543697, 36.94109523556597], [127.80944268575003, 36.9395826583649], [127.80947331993987, 36.9395934220702], [127.81105040329896, 36.940151199375634], [127.81435579815364, 36.940735990373284], [127.81789180360776, 36.94096770245878], [127.81902936761048, 36.941159236091565], [127.82022309003382, 36.94145089349194], [127.82013199055383, 36.94201806236936], [127.82030679458859, 36.94245443087039], [127.82047712168946, 36.94263600884367], [127.82048244478807, 36.94264160238618], [127.82156656719991, 36.943441128086775], [127.82405954288929, 36.942802159551775], [127.82569452631019, 36.94223921327943], [127.82572031763075, 36.94222326535058], [127.82581196357806, 36.94216602535169], [127.8262081613064, 36.94078071784795], [127.82803815627504, 36.94038194848518], [127.83159617269297, 36.94018283421508], [127.83200907565318, 36.940087870620424], [127.8329389006994, 36.939850475715545], [127.83311504840653, 36.93785367560376], [127.832302606845, 36.9369456347635], [127.83207709269605, 36.93659438513152], [127.83196527983907, 36.93614914329624], [127.83192898930326, 36.93597228317611], [127.83180749543115, 36.93537843375228], [127.83253847785711, 36.93398850105199], [127.83567823052182, 36.93006857409663], [127.83767965031967, 36.93010771939767], [127.83985231028792, 36.9300262311555], [127.84234174584756, 36.928352378434475], [127.84300073311782, 36.92770992273272], [127.84316075309094, 36.926601616948645], [127.84182126278945, 36.92330449490303], [127.840534362219, 36.920667567083335], [127.84046072564716, 36.920571789890154], [127.83996234070223, 36.91983193362139], [127.84175637255456, 36.91815764517421], [127.84209193521764, 36.91776922129264], [127.84209494405226, 36.91740426920575], [127.84025760149372, 36.916051022103105], [127.83852238418525, 36.91460073121611], [127.8381135153711, 36.91421755180253], [127.83793016547901, 36.913675681746504], [127.83792617748814, 36.91366387866441], [127.83915408534476, 36.91259450569047], [127.84146872541017, 36.911211088749376], [127.84605680098457, 36.90924549680726], [127.84838250680843, 36.909233166591314], [127.85093701126685, 36.90901416498115], [127.85504822764273, 36.90724226394928], [127.856867104209, 36.9059958635303], [127.85749438946353, 36.905556581283626], [127.85833335146268, 36.904920916989845], [127.85905285509185, 36.902853980181796], [127.85931451727866, 36.90192343970857], [127.85947781234213, 36.900819305887566], [127.85986110766841, 36.89979298424801], [127.86398544454109, 36.89622644490845], [127.86475126274448, 36.896456566952686], [127.86613548516297, 36.896806371733675], [127.86786027170652, 36.89707566677266], [127.86901401847119, 36.89691632167915], [127.86927777901094, 36.89686426903261], [127.87024051122258, 36.89655566685252], [127.87219921423868, 36.895596053101556], [127.87408657267338, 36.8955793960902], [127.8785564653867, 36.89572754604801], [127.88150750234557, 36.89584594084976], [127.88246705020254, 36.892110416035386], [127.88300100099579, 36.89030918517176], [127.88434636917893, 36.890399092719896], [127.89184489990197, 36.89139879139615], [127.89211774844658, 36.891438142129815], [127.89265374326882, 36.89152676001624], [127.89306102176074, 36.891640564255084], [127.89334494441658, 36.8917282592446], [127.89392396628352, 36.89195931183561], [127.89461685781765, 36.892244693586385], [127.8948569117623, 36.89235778303522], [127.89538288182379, 36.892637941942006], [127.89595402303311, 36.89294366373885], [127.89944003611078, 36.89587059739314], [127.8997222780598, 36.896110901302784], [127.90006850310881, 36.89642703384682], [127.90050936536066, 36.897129626290784], [127.90067735020904, 36.897402610173636], [127.90317141792166, 36.89355420910448], [127.90345775460065, 36.89158096257212], [127.90357750943467, 36.89049624826991], [127.90357506725393, 36.88930573858475], [127.90358701900078, 36.887938008064914], [127.90449178374992, 36.88722380372238], [127.90814080411116, 36.88617190903597], [127.91003106392063, 36.88650972279191], [127.91369787523269, 36.88566729961973], [127.91376227153947, 36.88559979271183], [127.91387323136571, 36.8851143403412], [127.91415966856611, 36.88458895857459], [127.91570374193498, 36.88288168966083], [127.91747538919242, 36.88109886697063], [127.91772791665548, 36.88105355771383], [127.91935668467653, 36.881192478531645], [127.91979842405985, 36.881316909741415], [127.92155417595377, 36.881814113366076], [127.92290153654235, 36.88227757745969], [127.9242972035396, 36.882908753109994], [127.92921928818754, 36.88612551087749], [127.93224097554247, 36.88757258079185], [127.93627940686258, 36.88801534218527], [127.94446309095864, 36.888139346466296], [127.9448290832435, 36.88814122760138], [127.94502741121174, 36.88813486445421], [127.94535329784223, 36.88812439372822], [127.94561154330444, 36.88811586330184], [127.9459461126535, 36.888098844495495], [127.94609356700812, 36.888060503054575], [127.94920337650899, 36.88718874748815], [127.94926833330378, 36.887169360481835], [127.94984844253862, 36.886995783506094], [127.9499624415498, 36.8869450364306], [127.95069140871995, 36.88662046893894], [127.95094436296192, 36.88646751901225], [127.95116086037845, 36.88631486201518], [127.95126288252645, 36.88623154461557], [127.95139120329404, 36.886063534939346], [127.95145777221781, 36.88597627566906], [127.95156227481979, 36.885809877039506], [127.9515983629645, 36.88575215151055], [127.95176079986774, 36.88545180835417], [127.95185765347935, 36.88514890002583], [127.95188874172045, 36.884914085932984], [127.9518942570407, 36.884736373330405], [127.95189449233148, 36.88472736061401], [127.94994473532634, 36.88301994254552], [127.9494473885909, 36.882881434121195], [127.94941045811362, 36.88287130443781], [127.94863403017025, 36.881195335833446], [127.9484210503265, 36.8799862342404], [127.9478823462425, 36.87748895846292], [127.9469206550052, 36.87635789989618], [127.94576527020888, 36.8758900827782], [127.94573780289764, 36.87587903661571], [127.94545557020017, 36.875616592557485], [127.94513669855117, 36.874910386423544], [127.94545195429325, 36.8735281346813], [127.94545960671493, 36.87349512087657], [127.94650802461106, 36.872367232298814], [127.94729538854683, 36.87249668536214], [127.94768669329251, 36.872567067853495], [127.94842326054186, 36.87278364824951], [127.94992185399964, 36.872269637141216], [127.9523333396008, 36.87056088105815], [127.95482647176026, 36.86894518843751], [127.95668062562295, 36.86842795776999], [127.95969076297901, 36.86596270121649], [127.9606363846762, 36.86513089037853], [127.96127482532954, 36.86408895164179], [127.96196491902434, 36.86261070874359], [127.9626858342434, 36.8616373578212], [127.96342149602681, 36.861227902879676], [127.96525495667537, 36.860756050764344], [127.9656183684263, 36.86073001077151], [127.96753006771918, 36.860101488436705], [127.96937394396743, 36.859348459773344], [127.96929504786073, 36.859260685540626], [127.96807630619462, 36.85742483242241], [127.96804261128932, 36.85511050664495], [127.96791479805931, 36.854059556290615], [127.96715168491826, 36.85150054605881], [127.96690228183932, 36.85094814031275], [127.96820691124216, 36.84948654251625], [127.97074772453253, 36.84509513841998], [127.97224590321214, 36.84318927183732], [127.97342452106896, 36.84244669011415], [127.97434369849294, 36.84207846294804], [127.97473685115348, 36.84119924466331], [127.97535823773894, 36.83975470674552], [127.97649441769076, 36.83691718195283], [127.97561369504027, 36.83484294437717], [127.9734768489014, 36.83082929553382], [127.97235081510777, 36.829066210208175], [127.97159233043168, 36.828056737670785], [127.9716105878173, 36.827227320681985], [127.97169549335315, 36.82635118963238], [127.97238841249683, 36.825470931632005], [127.97303980037711, 36.825075620575994], [127.97370276519806, 36.82476496739994], [127.97600034790943, 36.82370599386331], [127.97691857833449, 36.823502484048326], [127.97808103548715, 36.82352729096747], [127.9792966350286, 36.82365527979472], [127.98184638356297, 36.823428166210206], [127.98184952913797, 36.82342786139002], [127.98238413802217, 36.821982870512315], [127.9831000260978, 36.81786866803392], [127.98242328362494, 36.81601385802028], [127.9846301483872, 36.81608683919629], [127.98528808093427, 36.81610449029619], [127.98664307392175, 36.81572158300437], [127.98836034455061, 36.815051817137075], [127.99005700806566, 36.813980100896046], [127.99149920081753, 36.813003113986696], [127.99173014988408, 36.81287982724038], [127.99258576553999, 36.812668553298806], [127.99397733943071, 36.81273916908365], [127.9954312850877, 36.812894004564015], [127.99779476702336, 36.81294462531058], [128.0023718286493, 36.81043557905216], [128.00694390795482, 36.80890603449071], [128.00977453610156, 36.80739079801199], [128.01056160883854, 36.80708733660532], [128.01157727156235, 36.80679158060475], [128.01157952389343, 36.80679092637061], [128.011584767423, 36.806789463278164], [128.01749984619335, 36.808055759788786], [128.0181631695564, 36.80827339154748], [128.02112739101722, 36.810275400114094], [128.02302645790715, 36.813120267100864], [128.02342294941408, 36.8141789882352], [128.0236954295127, 36.815286081903025], [128.02346152692806, 36.81623758625022], [128.02253500530136, 36.81796319581198], [128.02292125605138, 36.819672176618845], [128.02382792395608, 36.82295692097409], [128.02383497728488, 36.82301373681913], [128.0238381281791, 36.82303990311554], [128.0238582127462, 36.823206705373146], [128.02383343693023, 36.823477525405984], [128.0230166593011, 36.824769118345365], [128.02359900237278, 36.82554832487764], [128.02361107783787, 36.82556032150184], [128.02404196170244, 36.82598687397992], [128.02749120638313, 36.82521576070707], [128.02768585957375, 36.825156069619], [128.0285167596427, 36.82490082359558], [128.03022515176067, 36.82533377493896], [128.031936615504, 36.82526263829047], [128.03306158442027, 36.82520528948866], [128.0341248967544, 36.82509581606824], [128.03546616218765, 36.82494872142715], [128.0363813407771, 36.824607647614926], [128.0390147656952, 36.821405079626324], [128.0422302194399, 36.82059531070413], [128.04523166488977, 36.82154327566058], [128.0452922269497, 36.82177307990367], [128.04636729584445, 36.8220688723716], [128.0472481955661, 36.82222613022048], [128.04896684520716, 36.82148086471853], [128.04981477732113, 36.820659333275024], [128.05049731084222, 36.81967820020703], [128.05147676197296, 36.81900109345488], [128.05216911375868, 36.81879251200193], [128.05252210576572, 36.818686337400614], [128.0537374107972, 36.818815532555426], [128.054319414834, 36.81896328243486], [128.05466243206246, 36.81905035037652], [128.05526342834702, 36.81879526152552], [128.05556132252437, 36.81860565189266], [128.0555679269632, 36.81860136705344], [128.05562758142563, 36.81853354203955], [128.05725555670332, 36.81729253489656], [128.05923681558167, 36.8163934336704], [128.05928097110788, 36.81511891846946], [128.05925867528921, 36.81359128201834], [128.05864155075685, 36.81314906740852], [128.05768634841974, 36.81175276324253], [128.05751038719384, 36.81137016062249], [128.05690497189556, 36.809558620428966], [128.05683022029493, 36.809126792581466], [128.0572757300429, 36.80872507865829], [128.0577391450231, 36.80831156010467], [128.05794958360357, 36.80701256786688], [128.0572450136127, 36.8067848559345], [128.05500712906385, 36.80609670258194], [128.05410703821843, 36.80562495022258], [128.0540759011869, 36.80560748706415], [128.05397496890353, 36.80520413808394], [128.05405545084108, 36.80504789792212], [128.05462966116792, 36.80433940478978], [128.0551108132001, 36.802792115636784], [128.05605342789758, 36.79874342205819], [128.05612724706089, 36.79841860305688], [128.05555835516836, 36.79443366690787], [128.05497794653493, 36.792662677312], [128.0547559859932, 36.79257976947382], [128.05419110936097, 36.79232773688616], [128.05324319467726, 36.79168417659239], [128.0511970968198, 36.78884347546878], [128.05050890308522, 36.787242854706875], [128.05006114347276, 36.7855997046012], [128.04876515814908, 36.78362488400233], [128.04831218791898, 36.78321925681686], [128.04670564195436, 36.78296873330772], [128.0455646237207, 36.782441215449865], [128.04563186762456, 36.7813042153267], [128.04620746916413, 36.780064864359225], [128.04629928446374, 36.77995976466204], [128.04666467099045, 36.779336183606766], [128.04690775891504, 36.7786070486679], [128.0458738703412, 36.776946504733715], [128.0446797202387, 36.774596497792885], [128.04485397274132, 36.77397777580313], [128.04480490224674, 36.771051164283904], [128.04378924637072, 36.76980569907291], [128.04257221905326, 36.768947183775275], [128.04162741597023, 36.768431160477206], [128.04005870684753, 36.765684972858914], [128.03866260587952, 36.76322819371972], [128.03809931249853, 36.76226861611094], [128.03735687346588, 36.76103549119283], [128.03579358195026, 36.75902294963696], [128.0347978735709, 36.75829832337013], [128.0334840783469, 36.75676876408377], [128.0323670561588, 36.755170434280885], [128.03229811620784, 36.75439925462423], [128.03249539990924, 36.75359906259555], [128.03261764870456, 36.749376659309014], [128.03232468976108, 36.74757585584792], [128.03438214381225, 36.745562325101986], [128.04235374604662, 36.740679321989816], [128.04250521963803, 36.74059676810775], [128.0432934017218, 36.740198127222534], [128.0445050584203, 36.73964317463463], [128.04727871052296, 36.73844327055323], [128.05071983899347, 36.73670911698691], [128.05207301794772, 36.73516409491144], [128.052704377128, 36.733599104936964], [128.0529172619718, 36.73322924390918], [128.05391171957885, 36.731898863409214], [128.05454358485892, 36.73133016188943], [128.05556456386594, 36.73041946641242], [128.0561041836931, 36.73029999746998], [128.05699944216607, 36.73090827545283], [128.05725105823495, 36.73107992596687], [128.05733188287257, 36.73102523204385], [128.0579817900051, 36.73053509023797], [128.05845974588036, 36.73016334790917], [128.05864735508533, 36.72990140486194], [128.05999690735922, 36.72787381147141], [128.06017330731814, 36.72759065477679], [128.06064246487878, 36.72688480628422], [128.06176975824067, 36.72617775623677], [128.0620011734951, 36.72603329905175], [128.06567751922395, 36.72379699085783], [128.06740732289666, 36.72265573911451], [128.0679879687847, 36.72223411230398], [128.0717201381907, 36.71473586044932], [128.0724864401019, 36.71287295420592], [128.0726689649189, 36.71219952730117], [128.07272380038668, 36.71188626097828], [128.07234792174037, 36.71096519301895], [128.0709770909706, 36.70840232120671], [128.07038380098888, 36.70770461508863], [128.0668954321956, 36.70829832431235], [128.058699211012, 36.70895245462417], [128.05661640143478, 36.708835585751416], [128.0552804183888, 36.708585137089024], [128.05388599403804, 36.70823982526001], [128.05310640576585, 36.707916975248615], [128.05216707192295, 36.70776149615091], [128.05059138323344, 36.707729984762835], [128.0496949376663, 36.70775543294063], [128.04946762035814, 36.70786046214378], [128.04902871162426, 36.708006533017326], [128.04798032470273, 36.70856589796875], [128.04645630477825, 36.7094016370191], [128.04569215169678, 36.71022072594979], [128.0455739869886, 36.710467574929616], [128.0456043306976, 36.71072111368418], [128.0442282205605, 36.7117582144977], [128.04341109744792, 36.712316504196224], [128.04318943711343, 36.712419615110676], [128.04086909128077, 36.713283595998774], [128.03676510416503, 36.7149263399215], [128.03588909552724, 36.71543706174677], [128.03472785896201, 36.7161294844306], [128.03308697607469, 36.71722808577997], [128.0329206158062, 36.717423422125684], [128.03190956701465, 36.71877943871892], [128.0308631712171, 36.71929154645492], [128.02880575785443, 36.71946119660259], [128.02648549256153, 36.719221996052696], [128.02563220907257, 36.71932917977755], [128.02093005855843, 36.72192507222964], [128.01968609333684, 36.723352166723814], [128.01938714621642, 36.723702389032404], [128.01954580484323, 36.725021260140025], [128.01726824755795, 36.727609233305365], [128.01484218749516, 36.730191320473544], [128.01411757153843, 36.730174662695624], [128.0112708834591, 36.72960875156515], [128.00936206265013, 36.72837402874448], [128.00650534839667, 36.72544795086213], [128.00597513370772, 36.724038707532685], [128.00609616498895, 36.72302098854345], [128.00193910563013, 36.717256806573545], [127.99933610528761, 36.71739690243315], [127.99915726241368, 36.717462830143354], [127.99779398339822, 36.718102750930605], [127.99758412990873, 36.71823670333144], [127.99743958374474, 36.718320949123246], [127.99505870104626, 36.718092281273826], [127.99346458082859, 36.717525621088214], [127.99016662848582, 36.71721831889359], [127.98684825784389, 36.71754933348643], [127.98346137242534, 36.71882648303103], [127.98025281368666, 36.7200800213079], [127.97766964384539, 36.72218700156894], [127.9731457834365, 36.72619599379995], [127.97266860192063, 36.726890362819276], [127.97192538533174, 36.7286180150335], [127.97183992552922, 36.72936850217455], [127.97173998746565, 36.72954334551617], [127.9707405934398, 36.73088561906317], [127.97072201317049, 36.730905023782924], [127.97011224432575, 36.731235961158816], [127.96926973941949, 36.73141591923063], [127.96823873778551, 36.73128644071668], [127.96660419920757, 36.73185429969844], [127.96315755028817, 36.73338587074966], [127.96249102851849, 36.734219463088394], [127.96166178063672, 36.73570853678923], [127.96055498394877, 36.73718856158555], [127.96004606742626, 36.73711389827396], [127.9584554375439, 36.73684485757512], [127.95697268824819, 36.73558962132864], [127.9568512458775, 36.73495458736337], [127.95650010185152, 36.73329763601582], [127.95398790686491, 36.72359031352874], [127.95360550395071, 36.722677069844046], [127.95329155082267, 36.72234761220177], [127.95144969225085, 36.720615280303306], [127.95125246972395, 36.72070996839816], [127.95095721243749, 36.72065874758446], [127.94918362122567, 36.719875687280215], [127.94914526111646, 36.719721933577624], [127.94886248737414, 36.71401440669186], [127.94962981579545, 36.712637461010026], [127.9495283665016, 36.70805016516837], [127.94775174540749, 36.70683420911319], [127.9464795207283, 36.70621246428186], [127.94460591263713, 36.70603731785003], [127.94330296817095, 36.70672182491643], [127.94290029418194, 36.706885727964014], [127.93808726102267, 36.706879160746425], [127.93356917343536, 36.70648737030857], [127.93252238313201, 36.70448339743274], [127.93098228192255, 36.70191245886656], [127.93086216106569, 36.7013573632074], [127.93090169520536, 36.70099981895157], [127.93108971539614, 36.69972859796028], [127.93139334037211, 36.69886679268156], [127.93165761794978, 36.69756046981567], [127.93181346883246, 36.69557054367957], [127.93158729962146, 36.69442146219744], [127.93058953111498, 36.69257210692148], [127.92891921282693, 36.69083859715082], [127.92794602992355, 36.6905489330768], [127.92657222192749, 36.69030740097384], [127.92645697760761, 36.69033070243733], [127.92620755714638, 36.6903974271851], [127.92597198750556, 36.69053724457034], [127.92562264094673, 36.690868205782806], [127.92530451773838, 36.691150821503676], [127.92515833184505, 36.69122814810932], [127.92260752203771, 36.692125180521415], [127.9174649115597, 36.693207218010066], [127.91476736066231, 36.69334610027431], [127.91452151212061, 36.69310476407289], [127.91449492654593, 36.693083971072504], [127.91435335048226, 36.6930121541065], [127.91420473017945, 36.69295847587243], [127.91376549980868, 36.69283842546544], [127.91340978681005, 36.69276641919066], [127.91271749385186, 36.69264805643397], [127.91225031544522, 36.6926297755557], [127.90738846947372, 36.692589979547385], [127.90681936334832, 36.692653054968794], [127.90661093218952, 36.69270472237534], [127.90249192486725, 36.693322624736815], [127.89753923806403, 36.69344576153923], [127.89389004686885, 36.694382490634645], [127.88775806284542, 36.69150466590554], [127.88751283240494, 36.6913529367996], [127.88729910595167, 36.69116846017438], [127.88729198368326, 36.69116205576039], [127.88187335941208, 36.68574893712924], [127.8820910830673, 36.68381328026814], [127.88209246485833, 36.68376316948149], [127.88207044825513, 36.68357026458447], [127.88202228804502, 36.683486469185], [127.88197667623359, 36.683446302887425], [127.88193131013718, 36.68342050906559], [127.87874576098478, 36.682636163206354], [127.8757446308207, 36.683073079603915], [127.87466650372468, 36.68259684848119], [127.87429289755063, 36.68196095607104], [127.87726305650543, 36.67973346647705], [127.87884927164134, 36.679075680863335], [127.87925343299439, 36.67893998281571], [127.88000995863722, 36.678709390506924], [127.88053265659491, 36.67873496247528], [127.88104039672022, 36.67896180791717], [127.882923985889, 36.679429235368666], [127.88501397545443, 36.67944229666757], [127.88580794354263, 36.679298568740016], [127.88658441385216, 36.67908025651456], [127.8876223508307, 36.67863149621423], [127.88833734110162, 36.6791048285137], [127.88964540730733, 36.68057173328274], [127.89032441812601, 36.681460256474665], [127.89145020107952, 36.68243059960023], [127.89166958188851, 36.68243954214522], [127.89473806712007, 36.68113891404448], [127.89517274493487, 36.68108790508071], [127.89715906766055, 36.681289009841876], [127.89894879192445, 36.68224370560694], [127.89924770899715, 36.682237460738875], [127.90036723124679, 36.682204558746726], [127.9065576341049, 36.67993072869605], [127.90856800917776, 36.67948278213016], [127.91257735995711, 36.67790060186712], [127.91296921137143, 36.677670637799075], [127.91585894626056, 36.671835683207306], [127.91770939728737, 36.6678544643213], [127.9231913283354, 36.66812476426573], [127.92776796923967, 36.66895436483086], [127.9295719522013, 36.66876507728578], [127.92983463585738, 36.66660385320778], [127.93221054844192, 36.66452433130197], [127.93227438616856, 36.661405330437624], [127.93201654962427, 36.660889537174086], [127.93188412156462, 36.66064688636875], [127.93159620404587, 36.65963393721185], [127.93162493538583, 36.656517176174994], [127.93163707273696, 36.65539950903341], [127.93407327197875, 36.653323606952476], [127.93656926095403, 36.65297384869885], [127.93908244668187, 36.652747608478556], [127.93902237167184, 36.652316215438184], [127.93870525764885, 36.64876773169868], [127.93890119476156, 36.64802273361528], [127.93920943903377, 36.64706147220014], [127.93899911887706, 36.64598962880773], [127.93834821803202, 36.645717444790016], [127.93764393084304, 36.645449373009846], [127.93572702249755, 36.64418176615216], [127.93456629205198, 36.64166667773442], [127.9343122171904, 36.641085982812854], [127.93372551458502, 36.636862571898305], [127.93380697387703, 36.63608224965575], [127.93421312402248, 36.635612674570396], [127.93503953832298, 36.63514650435499], [127.93521785409267, 36.63493579309024], [127.93595660181845, 36.63300174316279], [127.93540313022415, 36.63245977128781], [127.93459862690341, 36.631433979010204], [127.93284735822539, 36.628744502899536], [127.93194595823763, 36.62522709199982], [127.93208336176573, 36.62281625669015], [127.93288206213394, 36.6204077759442], [127.9323773129006, 36.618743100860016], [127.92948726241069, 36.617485363959034], [127.9275521298963, 36.616932969616315], [127.9264448341336, 36.61678543606015], [127.92509619199312, 36.61643638605626], [127.92440573628087, 36.61600599843499], [127.92422376401349, 36.615832973568224], [127.92408912264368, 36.61545039893552], [127.92396826975218, 36.612770037009305], [127.92423885381868, 36.609834481159815], [127.92489143150833, 36.6078404450351], [127.92524168623758, 36.60281420461733], [127.92394707545792, 36.6020163537342], [127.92234666863612, 36.60174242795182], [127.9205975968646, 36.60137696079271], [127.91996218802066, 36.601118324681096], [127.9189527626165, 36.60289822199284], [127.9187220646627, 36.60343153397119], [127.918489815729, 36.606846354585244], [127.91880295853305, 36.60868126019257], [127.91815607245346, 36.6094032262222], [127.91717203711626, 36.60998435327066], [127.91391751264396, 36.612224686696536], [127.91281818480547, 36.61326212722273], [127.91180245498342, 36.6145386876247], [127.91138143144941, 36.61531894313741], [127.91110145828115, 36.616808157865265], [127.90863448489681, 36.62217478183415], [127.90849468648513, 36.62276046941113], [127.90836967316724, 36.623546673986255], [127.9085652196054, 36.62391303587801], [127.90717998514012, 36.6258126951404], [127.9030419321047, 36.62751761078515], [127.90269345568939, 36.627554434117194], [127.9022397126902, 36.62759185165519], [127.90209766535052, 36.62759470385337], [127.9018159393864, 36.6275995180931], [127.90161581056037, 36.62758342327481], [127.90149208422447, 36.62754974579369], [127.90125738663491, 36.62743619464579], [127.90106573043171, 36.627301981973936], [127.90086541567203, 36.627125408106835], [127.9007879797136, 36.62704571337474], [127.89818184375095, 36.6266165474059], [127.89778588905106, 36.626635142608436], [127.8972746295992, 36.62673707282831], [127.89685572551352, 36.6268380820629], [127.89628866350132, 36.626994961435294], [127.89048876516578, 36.62876614720227], [127.89016855536639, 36.628869739293194], [127.88991404872144, 36.629059047663716], [127.88965316240858, 36.629349056920304], [127.8893361695987, 36.629724665433294], [127.88914889112615, 36.63002483804147], [127.88876830823561, 36.630730810113015], [127.88866497236206, 36.630982600710226], [127.88860209896721, 36.631257975718], [127.88789842253081, 36.63463923127846], [127.88788555766472, 36.63489915000419], [127.88795555192507, 36.63516087596454], [127.88810411736628, 36.63546585556845], [127.88877759324734, 36.63614241670965], [127.88889452368839, 36.63625647229802], [127.88906188724083, 36.63649871032456], [127.88921458481595, 36.636757837693885], [127.88926845359615, 36.63693031185613], [127.88940004671772, 36.63809492139947], [127.88933997618108, 36.63926756555541], [127.8893184438687, 36.63954659712908], [127.88923994629921, 36.63984258978001], [127.88895369851835, 36.64040779354845], [127.88871884765278, 36.640641494693305], [127.88749234885168, 36.641425495136], [127.88720737845475, 36.64151114568949], [127.88692041249962, 36.64159739702748], [127.88646718932019, 36.64180215992404], [127.88587594834961, 36.642071788813276], [127.8855867262516, 36.642219176183914], [127.88492649165981, 36.64278494540745], [127.88235414971227, 36.6465031755777], [127.88222644812386, 36.64701790755278], [127.8821741643314, 36.64734248396883], [127.88187004474892, 36.64956407399135], [127.88136155513976, 36.651882697046354], [127.88021777856068, 36.65487084572062], [127.8800230471808, 36.65666313254264], [127.88001638112301, 36.65675378775149], [127.8799373337431, 36.656756842652214], [127.87974226682815, 36.65676435660002], [127.87965833359276, 36.65676724929892], [127.87956569308393, 36.65676418920547], [127.87640592280852, 36.65639835838876], [127.87631080981446, 36.65638603445972], [127.87603228031581, 36.6563076136671], [127.87575420298457, 36.65619825347416], [127.87393601545034, 36.65504552495165], [127.87360967788572, 36.654217751626675], [127.87360133199813, 36.65341892782634], [127.87343532365033, 36.65219505343984], [127.87302659422674, 36.651401933617194], [127.87233075608651, 36.650246917771526], [127.86990160002831, 36.64726667815491], [127.86540944062193, 36.641285830082815], [127.86352858144126, 36.640696123549134], [127.86328078303816, 36.639756585033595], [127.86329136551295, 36.638801760393854], [127.86307354692016, 36.637679330408886], [127.86197395477569, 36.636101584067156], [127.8612896609835, 36.63556482615372], [127.86062638934696, 36.635365375428535], [127.85657722855284, 36.63446545939744], [127.85376187299643, 36.63466836945002], [127.85302938978863, 36.634805887015446], [127.85137266124384, 36.63476899326901], [127.84890875928755, 36.634627120289686], [127.84725817580815, 36.63414421842942], [127.84675317455762, 36.63398888167162], [127.84814183895968, 36.63290744938979], [127.84895116949724, 36.63246671583912], [127.8496332328161, 36.632086128394235], [127.85056185950795, 36.631254915783586], [127.85059751504399, 36.62915255690796], [127.84894180321653, 36.62635770320538], [127.84822769179652, 36.62575972854547], [127.84784291135318, 36.62493563472219], [127.84797623715058, 36.623897292689755], [127.84981065331867, 36.61957998505213], [127.8503808022689, 36.618865006653955], [127.85118721047223, 36.61835252119299], [127.85251677087852, 36.61811062194534], [127.85300669087593, 36.61802679646831], [127.85379965045951, 36.618209310873716], [127.85502984053788, 36.61781641298891], [127.85572846269291, 36.61757815550075], [127.85679009868771, 36.61603374945048], [127.85830351952283, 36.61353284414091], [127.85618480951993, 36.612340632532245], [127.85519152674568, 36.611877042021575], [127.85335840005804, 36.612682968750214], [127.85161170592477, 36.61324810013544], [127.85019823744167, 36.61318021295111], [127.84979914151519, 36.613121166947145], [127.84911367293086, 36.61282487719752], [127.84351839585125, 36.60996676624755], [127.84229612625683, 36.60927229158793], [127.84069685413706, 36.608294874794225], [127.83907185905335, 36.60884587118072], [127.83765725174155, 36.60937265548154], [127.83678628867548, 36.61021750481097], [127.83587816161477, 36.610846801613036], [127.83524170919296, 36.61117954976101], [127.83216135174304, 36.6126034708285], [127.8299355496927, 36.612622760189026], [127.82901126138437, 36.6117766098249], [127.82664957474614, 36.61141845645776], [127.82448306425331, 36.6121903870359], [127.82399161424307, 36.61236530578884], [127.82099780210588, 36.61330699161032], [127.82122447529385, 36.6121963486709], [127.82130295127716, 36.611430336340035], [127.8211652923797, 36.61115406836476], [127.82086063540434, 36.61054265111788], [127.82025185577356, 36.6098533679399], [127.81911606522135, 36.60899295439249], [127.81810742107115, 36.60836988139554], [127.81431308412999, 36.607440034287876], [127.81381945688258, 36.607489273284855], [127.81299472491469, 36.607681341112574], [127.81191187098624, 36.60740631126648], [127.80834894293342, 36.60579592869152], [127.80795862287505, 36.60503438508755], [127.80648465682965, 36.603653260086986], [127.80318986182863, 36.6021381551226], [127.80198206675881, 36.601854696137636], [127.79918238123287, 36.60238224176326], [127.79849864995556, 36.602083711698185], [127.7972523532297, 36.60437400989777], [127.79640473007088, 36.60513527558392], [127.79496825706089, 36.60618337723476], [127.79369745185586, 36.607644566456514], [127.79336996413203, 36.60806494880891], [127.79314744260735, 36.60855948631629], [127.79181386320988, 36.61033207441687], [127.7888964128875, 36.61237349390156], [127.78626250812488, 36.613773918441105], [127.78589946697026, 36.61355147261975], [127.784566691567, 36.61268510883334], [127.78249204202932, 36.61026685045678], [127.78143276709687, 36.6087493255648], [127.78101806222023, 36.60852484284323], [127.78082280128824, 36.60847064702926], [127.77930263111385, 36.608282461632704], [127.77783510038414, 36.60832509105002], [127.77754877626155, 36.608312430472004], [127.77747809621648, 36.60830848332515], [127.77668800539149, 36.60805190643515], [127.77073493627712, 36.6049092877967], [127.76948993931016, 36.60399193394895], [127.76869227522636, 36.60522954567541], [127.7685248546206, 36.606408457548646], [127.7646283356694, 36.61304759035392], [127.76028094561265, 36.61661689091617], [127.75239072413254, 36.621373960282156], [127.75133714531395, 36.62146448720008], [127.7506686188079, 36.62167903121782], [127.75024629885871, 36.621880345342404], [127.74947656797639, 36.62298627356786], [127.74956950448558, 36.623203090190636], [127.74997631364859, 36.625370962005626], [127.74895373808641, 36.62635889121998], [127.74854365733123, 36.62665417725434], [127.74785095583445, 36.62709901710872], [127.74761633043198, 36.62724864593087], [127.74752742091403, 36.62728750850568], [127.74738100289117, 36.627331094375826], [127.74699694138077, 36.627435117095764], [127.74674824442093, 36.62749535928233], [127.74653524543655, 36.62754764169507], [127.74628020463334, 36.62762571412188], [127.74610660851516, 36.62770192388846], [127.74577230798707, 36.62787623326752], [127.74550647082891, 36.62802725201264], [127.74524606853042, 36.62818642834229], [127.74503203290756, 36.628330140933535], [127.7449001292907, 36.62841967656219], [127.74478544980454, 36.628506347760755], [127.74456628784176, 36.628690146092005], [127.7445083664323, 36.62873941819315], [127.74442908084517, 36.62881171325478], [127.74426443994234, 36.62906534000009], [127.7442463760905, 36.62910529171103], [127.74417772821171, 36.62928691276634], [127.74359832426686, 36.63110498174683], [127.740988750855, 36.63265661944512], [127.74003106161678, 36.633155014033704], [127.73815043264463, 36.63755248452991], [127.73893932781336, 36.6396068260834], [127.73896198118159, 36.640051545135506], [127.73810142665201, 36.64127956594306], [127.73637085353313, 36.64050774064204], [127.73482621276023, 36.639678443701655], [127.73477363832383, 36.63965021061194], [127.73317032237297, 36.64059872802957], [127.73228634249388, 36.64152693342518], [127.73146745844822, 36.64232084878058], [127.72980126364017, 36.6431568027314], [127.72813867363661, 36.643590090786645], [127.72757377840439, 36.64371333736459], [127.72712193239178, 36.64393900640339], [127.72585126679928, 36.644679800692984], [127.7256550099649, 36.64492594266578], [127.72468282342997, 36.64706590856743], [127.72419452659466, 36.64881858917709], [127.7242156680099, 36.6488456032308], [127.72424489113975, 36.64888292958619], [127.72462789716771, 36.649372159292504], [127.7247921227143, 36.649581933712376], [127.72337384751283, 36.651295450898616], [127.72301398712035, 36.65138952535832], [127.72011909857218, 36.65186602264367], [127.71986423149276, 36.65190701098785], [127.71910253003331, 36.65197795842667], [127.71552818479005, 36.65162301721903], [127.71467194338477, 36.651383964534666], [127.71382590529042, 36.65106240425192], [127.71375489965074, 36.651035414745216], [127.71300422098312, 36.65057449754409], [127.71267697633769, 36.65032959364337], [127.70936418027333, 36.65403877201186], [127.71019563511877, 36.6555574009232], [127.7105071398485, 36.65612308790402], [127.71090975679604, 36.65657726115217], [127.71098899718635, 36.656624800801666], [127.71122580217701, 36.65676686483404], [127.71200312165878, 36.6570435458575], [127.71206187710877, 36.65706445327184], [127.71222348682723, 36.65716084338171], [127.71223871414446, 36.657169925839526], [127.71229069125746, 36.6572009320264], [127.71223997978271, 36.66041987359224], [127.71147183438181, 36.66118022916916], [127.71077449790731, 36.66207455325453], [127.71027878014375, 36.66276598445812], [127.71246000780458, 36.6675252000765], [127.71251023602478, 36.667632655719274], [127.71255608772667, 36.66770834517392], [127.71263288688318, 36.66780198755917], [127.71273770992823, 36.667919804722665], [127.71285867090324, 36.66804242404322], [127.71291477636046, 36.66809836317875], [127.71298076040334, 36.66815372209112], [127.71312530912344, 36.668274976462826], [127.71322667759736, 36.668343594153654], [127.71348249421715, 36.668449658824485], [127.71348903585732, 36.66845236509543], [127.71648159085534, 36.669644668436064], [127.71967241394616, 36.671261625160916], [127.72362290110826, 36.67421507760981], [127.72497609966202, 36.67524863169259], [127.7253929805837, 36.675810551841], [127.72602035794836, 36.67750694705001], [127.72635329610371, 36.6799680164014], [127.726309620925, 36.68127974858042], [127.72714811047445, 36.68251346196851], [127.72487422847568, 36.68189977709646], [127.72354006925107, 36.68304051480963], [127.7229363356977, 36.68384137114618], [127.72243858099871, 36.68447554573995], [127.72055495989387, 36.68618300046274], [127.71904748765658, 36.687372809302396], [127.71746450590993, 36.68846279510324], [127.7149944329283, 36.68944546135599], [127.71399131560636, 36.68992261773254], [127.71314187724296, 36.690950647903406], [127.71326236074886, 36.69153353721201], [127.71363791295542, 36.69421989094331], [127.71372656060439, 36.695217656051646], [127.70848479731484, 36.700326424929976], [127.70693073607151, 36.70110339156193], [127.70659658225536, 36.701068587621975], [127.7060083115859, 36.70080891233171], [127.7045128451116, 36.70142378759036], [127.70326895981941, 36.70256508319572], [127.70226898748005, 36.70368395972641], [127.70219963003599, 36.70378043291496], [127.70235243422094, 36.70690393998263], [127.70255219202343, 36.70725924187032], [127.70280872603665, 36.708385500060345], [127.70279014037443, 36.70883812619374], [127.70192649811189, 36.70987182581441], [127.70178225040364, 36.70998309554545], [127.70145276257949, 36.710237231503484], [127.69983565030499, 36.71069691007011], [127.69982136248187, 36.71068965996796], [127.6994046874757, 36.7105438167791], [127.69897564397313, 36.71041186035004], [127.69866838395114, 36.710355477161094], [127.69729891411778, 36.710259672182225], [127.6967041210315, 36.710450901451466], [127.6956741524918, 36.71086455155527], [127.69269169673926, 36.712067060476784], [127.69201910250955, 36.71255444808589], [127.69031695073728, 36.713888218009885], [127.69007115697495, 36.71409792652407], [127.68884351279738, 36.715563650251084], [127.68800042422124, 36.71706260233841], [127.68778503366212, 36.71755389982036], [127.68780094903777, 36.71758660851658], [127.68805373128296, 36.71787700940724], [127.68808226578867, 36.71900069525508], [127.68793667239193, 36.71950098754408], [127.68785813743263, 36.71969676243237], [127.68785133562521, 36.71971371656202], [127.68776810545931, 36.71980942323341], [127.68688629893481, 36.72048685013183], [127.68618196082711, 36.72061965349097], [127.68593248978085, 36.7205028838534], [127.68506776616321, 36.72009575994338], [127.68452725238247, 36.719672677928074], [127.68399403770152, 36.71838988426226], [127.68386584746511, 36.71782086339223], [127.68375640731446, 36.71733504836086], [127.67955200482443, 36.7170793522911], [127.67894795113395, 36.71795138002966], [127.67894401227134, 36.71796028630819], [127.67854620454821, 36.71885967634316], [127.67776780745754, 36.719515418192984], [127.67739841233826, 36.71979152239243], [127.6734720599919, 36.721723067851194], [127.67252850640695, 36.72188003355229], [127.67200136679777, 36.722177629896365], [127.67198990515678, 36.72218410198514], [127.67198116866521, 36.72219134180578], [127.67140780730186, 36.722666559472486], [127.67074519724733, 36.72344442867901], [127.67045520183491, 36.723887173586256], [127.67020377280943, 36.7245244641054], [127.6698842930993, 36.72505882782375], [127.66913093411048, 36.72583061415278], [127.6685160595662, 36.72632478164075], [127.66759668149015, 36.72691957314644], [127.66450499239481, 36.72999313095324], [127.66450495896375, 36.72999320942847], [127.66445016275146, 36.73012113075869], [127.66410970302783, 36.730697772653315], [127.66344482290934, 36.731535467321784], [127.66222867528367, 36.732367017214656], [127.66206494964008, 36.73245345896655], [127.661558318949, 36.732181878358546], [127.65969134637317, 36.732077199949025], [127.65865037350157, 36.732188606336805], [127.6568102667386, 36.73258095151957], [127.65626613782803, 36.73289197102521], [127.65431894548237, 36.73436686252225], [127.65112384716225, 36.734376332570044], [127.65104958133794, 36.73399555590521], [127.65000375189021, 36.73266086422662], [127.64135464019898, 36.73175794294561], [127.63967394010056, 36.73196394718573], [127.63910707576802, 36.73241846445232], [127.63894827329655, 36.73254843283577], [127.63867163315182, 36.7329606177467], [127.63860712505016, 36.73359431808172], [127.6384835081876, 36.73675086766522], [127.63858034068261, 36.737176415018745], [127.63601837508058, 36.74130729134647], [127.63613874206712, 36.74220004230074], [127.63643996466345, 36.7435924454257], [127.63642754539933, 36.74519912436077], [127.63549281956435, 36.746631610494354], [127.63536932879265, 36.746942312955824], [127.63500972625738, 36.74868564226421], [127.63526959410906, 36.74934561123877], [127.63553208633007, 36.75014551335889], [127.6356246945131, 36.750532512464304], [127.63567495467309, 36.75091949846179], [127.6356901062961, 36.75103666819138], [127.6357214814743, 36.75162828909823], [127.63553251936895, 36.752087207232854], [127.63510742960662, 36.752168442507816], [127.6346427526102, 36.75221291634207], [127.63414255164119, 36.75210383155539], [127.63239702414569, 36.75321267126078], [127.62902245053242, 36.756357640552395], [127.62417103298655, 36.76048904682294], [127.62410845344401, 36.76105717443678], [127.62409228182477, 36.7617861828286], [127.62408356007836, 36.76242506886596], [127.62549098980648, 36.76574363432417], [127.62554684484783, 36.76586096135236], [127.6270420541809, 36.76773665214582], [127.62822452428581, 36.770181869965306], [127.62869800034481, 36.77248557475419], [127.62752048797601, 36.77639191149252], [127.627476431992, 36.77643468508073], [127.62723824683971, 36.77662400489249], [127.62655265828639, 36.77690694874159], [127.62603318986356, 36.777118647581666], [127.62539181387551, 36.776860741374094], [127.62497662258791, 36.77689882662336], [127.62473776134635, 36.77697503931191], [127.6208258202216, 36.77859429942413], [127.62047950136385, 36.77935312914241], [127.6204583050911, 36.78018602148256], [127.62093922083986, 36.78786801916371], [127.6236480477032, 36.78910417307437], [127.624753939622, 36.78921180559893], [127.62548428344839, 36.789317684506905], [127.62598878351541, 36.7898208752615], [127.62618659441469, 36.79021027104691], [127.62628845913801, 36.790442245679905], [127.62626026554298, 36.79048169707724], [127.62534330459692, 36.79141575301089], [127.62714800995987, 36.79188681756421], [127.62737886062969, 36.79232041483093], [127.62738280516078, 36.79241669523266], [127.62735781749716, 36.79321006675426], [127.63200961855843, 36.79374786156182], [127.63227264658339, 36.79372880607985], [127.63421354189097, 36.79362299125167], [127.63607574479799, 36.79427352698018], [127.63808403478149, 36.79554907629532], [127.63811835544323, 36.7955764015706], [127.6396636076186, 36.797550115169074], [127.64055993916472, 36.79893938739833], [127.64156117090313, 36.7999349943586], [127.64161773893647, 36.79995485316769], [127.64193822563286, 36.800743959159185], [127.64167806852863, 36.80129997302242], [127.64013001847384, 36.80344480580127], [127.63898390180562, 36.803905535423304], [127.63761745393181, 36.80432864279793], [127.63551511928362, 36.80539140239212], [127.63401384596835, 36.80729587596337], [127.63398056795764, 36.80755258404672], [127.63421990171149, 36.80826450459979], [127.6345931067675, 36.8086368655833], [127.63498296034084, 36.80880993533597], [127.63542825460421, 36.81115518775533], [127.63508587341109, 36.812537164216025], [127.63507981435595, 36.81256057147675], [127.63498624795716, 36.812837920540694], [127.63497714813005, 36.81285294306144], [127.634964335988, 36.8128621228555], [127.6328423011357, 36.814212613790005], [127.6316756300169, 36.814890779546815], [127.63132285951436, 36.815006428040306], [127.63132001219387, 36.81500737322119], [127.63052539285732, 36.81578415262388], [127.63009688412428, 36.81623644901459], [127.62983956605296, 36.81868693854167], [127.62998214266294, 36.822633805191245], [127.63044236343073, 36.825649499508856], [127.63054815640464, 36.82680857665055], [127.63042006575195, 36.827148790846046], [127.63031535265341, 36.828754155087026], [127.63081036669713, 36.83020732102386], [127.63089989800814, 36.830408925081116], [127.63101431406453, 36.830509961812915], [127.63167665380529, 36.83049802850627], [127.63228881383701, 36.83094221716103], [127.63256925912499, 36.831299504531586], [127.63266321666475, 36.83146324694119], [127.63283210133464, 36.83185376448752], [127.63398964099054, 36.83475600907038], [127.6356052286625, 36.83669575755738], [127.63595686489097, 36.83705704529515], [127.63858546839485, 36.841114349814475], [127.63918412982882, 36.843585003823584], [127.63870244979313, 36.844300037145764], [127.6382135965438, 36.844625326220736], [127.63733393016483, 36.84589606562152], [127.63753681568538, 36.84694586000768], [127.63780272527138, 36.84873804206389], [127.63811712939558, 36.84974248903221], [127.6406332713172, 36.8536975255504], [127.64202011514463, 36.8557489896127], [127.64444311657269, 36.85796132752639], [127.64512328499187, 36.858392977193866], [127.64806573298277, 36.8595374208406], [127.65239659149532, 36.860866235527304], [127.65349148031147, 36.860931942458755], [127.65540250422212, 36.86080413162832], [127.65645456987858, 36.860722802537296], [127.65721471341055, 36.86061553689058], [127.66115635462165, 36.859835181883874], [127.66139348257175, 36.85978503627567], [127.66564265451014, 36.85807446864672], [127.66826987847615, 36.85682323411943], [127.66848817908098, 36.85668274729469], [127.66869847482266, 36.85629772595774], [127.67153366709657, 36.85433087699027], [127.67475902321605, 36.853129987605406], [127.67603213521875, 36.85194631752576], [127.67608550985871, 36.85169524376759], [127.67595478588117, 36.85129452728431], [127.6760635223913, 36.85090011983746], [127.67606493709437, 36.850895327360085], [127.67632642248512, 36.850870044949176], [127.67783414017767, 36.85095095730987], [127.67777388833828, 36.85156510512752], [127.67809854034459, 36.85198459336094], [127.67872933145091, 36.85260998215735], [127.67950954150716, 36.852794590178895], [127.68034426725538, 36.85303214440828], [127.68102743198249, 36.853583424896826], [127.6829415345808, 36.855452002832926], [127.68610659924698, 36.85936076833356], [127.68651567530678, 36.85987254664726], [127.68655546384954, 36.85998479026184], [127.68664026114743, 36.86024983868328], [127.68715605661365, 36.86248646080259], [127.68690482279705, 36.86300320843166], [127.68627493316116, 36.86370771653696], [127.68595956330452, 36.8647206327382], [127.68574712788987, 36.865828244368565], [127.68571929089576, 36.86645044629081], [127.6857844083647, 36.86726980763768], [127.68588216809661, 36.86848544721498], [127.68620910686228, 36.86892968775996], [127.68770799581579, 36.87058483088871], [127.68848454151593, 36.870878536610675], [127.68977005669771, 36.87154523995961], [127.69024764808461, 36.872335890721764], [127.69184367534085, 36.87667051195063], [127.69214898620656, 36.87787011557231], [127.69205209749654, 36.87876433846713], [127.69397148711403, 36.88005224963968], [127.69750558163707, 36.88047490787429], [127.69822452579248, 36.88028222550331], [127.70106954845936, 36.878303766527424], [127.70554071611028, 36.87662352810528], [127.70690772448957, 36.87615092647745], [127.7077241718078, 36.87592451222181], [127.70812043415422, 36.87765952076661], [127.70814319641424, 36.87800247737341], [127.70856063339386, 36.878379346323], [127.71142738918742, 36.87877835470697], [127.7116676148579, 36.87880380799639], [127.71312795195502, 36.878910572147255], [127.71448950894104, 36.87878722782361], [127.71506322564483, 36.878218055041145], [127.71514309886581, 36.877963777256284], [127.71535816873315, 36.87747080575532], [127.71623558458612, 36.87716097818743], [127.71683468128256, 36.8772451385871], [127.71719533774356, 36.87758977697468], [127.71964883873011, 36.87746817799991], [127.7203166865985, 36.87755848142802], [127.72274087944919, 36.878125581813684], [127.72279371270915, 36.87814257084757], [127.72312476082797, 36.87831175591109], [127.7237439307192, 36.8786379045622], [127.72376194747972, 36.87924102814555], [127.7240254118265, 36.879669727411255], [127.72485870320335, 36.87999399153988], [127.72522194372684, 36.88006661397062], [127.72878161359404, 36.879141528622846], [127.73016487296222, 36.878603748695696], [127.73038202021588, 36.878524644060406], [127.73134387051658, 36.87853656429818], [127.7318921519702, 36.878651723585854], [127.73239146599224, 36.879035035845135], [127.73328468577206, 36.87942568472388], [127.73484265552369, 36.879935171477676], [127.7352365129519, 36.87993733668484], [127.73703120325682, 36.87899726191229], [127.73751164959262, 36.87865038573958], [127.74348220472248, 36.87744063903822], [127.74432285065134, 36.87780396242439], [127.7454257102064, 36.878030026919724], [127.74762392499657, 36.87622987908942], [127.74777139301573, 36.87579077913343], [127.74794323458018, 36.87523556700211], [127.74788251528022, 36.87470224501989], [127.74792870454492, 36.874418898324016], [127.74881035604129, 36.87382668715448], [127.74992726001943, 36.873417031669916], [127.75053616091256, 36.87332334190639], [127.7543479705169, 36.87349209735857], [127.75544550591572, 36.8735436624602], [127.75645085947711, 36.873626821420245], [127.7586001241913, 36.87383878594397], [127.75981855602478, 36.87475490684579], [127.76085050528718, 36.87591484465005], [127.76091659856169, 36.87674506784367], [127.76121866950152, 36.876910416080285], [127.76246705172463, 36.87748807717198], [127.76398804437692, 36.87700901654178], [127.76489040465921, 36.87661372468428], [127.76505169788788, 36.87605596138106], [127.76666891176248, 36.87476841696605], [127.76668895134485, 36.874775093279794], [127.76817653360955, 36.8752666884454], [127.76841141712617, 36.875366624018035], [127.76921155544564, 36.87570875873725], [127.76993508517455, 36.87612538916139], [127.7703139308302, 36.87678163935991], [127.77078977314471, 36.87755695192583], [127.77280644820152, 36.8779541379049], [127.77366334643698, 36.877909368335686], [127.77480820956474, 36.87787988287701], [127.77763963670101, 36.878550089873094], [127.77852150339723, 36.878780334021386], [127.7796125829911, 36.87926662016967], [127.78053236958154, 36.87958347499208], [127.78338009391045, 36.8803791064984], [127.78446695160683, 36.880089691147695], [127.7856859116387, 36.88008283492461], [127.78774326796129, 36.88063432872505], [127.78882516690558, 36.88262209950514], [127.78935266836169, 36.88553431026763], [127.78935309379692, 36.885544154946665], [127.78893236948826, 36.885787881550286], [127.78863741857745, 36.88632669248539], [127.78817362720594, 36.88780286848583], [127.78711714639779, 36.894493296194405], [127.78730788286899, 36.89476357659315], [127.78943013322476, 36.89686529732037], [127.79022706434876, 36.897045243693], [127.79187613075861, 36.8976128134812], [127.79207881214482, 36.89791090804981], [127.79235067903153, 36.89895737511972], [127.79235816612741, 36.899395954223735], [127.79210755898842, 36.90114677403201], [127.79141017393722, 36.90175767696494], [127.78815242052578, 36.903125374754936], [127.78724644758103, 36.90340641905048], [127.78699602082777, 36.903347614772414], [127.78647540084498, 36.90349939788226], [127.78590336594935, 36.904199044186946], [127.78490712190886, 36.905525354602105], [127.78486861869013, 36.90587586200133], [127.7853757991797, 36.90600740741719], [127.78623179979199, 36.90622039914152], [127.79043343134661, 36.9068227601778], [127.79057571758219, 36.90683681028805], [127.79106213509675, 36.906868782321936], [127.79148341854552, 36.90687747978895], [127.79175717571502, 36.906830894992275], [127.79179432696345, 36.9067678552309], [127.79180115716588, 36.906756265590886], [127.79190078593727, 36.906587200177235], [127.7920630370938, 36.90630909773664], [127.79208241734904, 36.90621692510649], [127.79204974704622, 36.906008264739185], [127.79183868464634, 36.905657371357385], [127.79176400570859, 36.90558171904856], [127.79168304548506, 36.90549253145499], [127.79165016157164, 36.90543440709515], [127.79138449480057, 36.90495824560747], [127.79120736267018, 36.90462693033107], [127.79117638967902, 36.90456577406325], [127.7911692182352, 36.9045513413273], [127.79116424511695, 36.90449449699385], [127.79121159153098, 36.904428856049755], [127.79137091134795, 36.90424531337762], [127.79142142850138, 36.904204771876245], [127.79152397321423, 36.90413659212483], [127.79182529557521, 36.90395678932276], [127.79206058966211, 36.90385230232706], [127.79234026676565, 36.90373566404073], [127.79259734275591, 36.90363717835409], [127.79287747478826, 36.90355599368363], [127.79663910942007, 36.90297475730754], [127.79765357219927, 36.903996025191525], [127.79832833041077, 36.90834063830708], [127.79833142062529, 36.90851039767364], [127.79833097357941, 36.90855587712296], [127.79827318544912, 36.90880058833829], [127.79436084111899, 36.91623094635325], [127.79404749454525, 36.91641165586242], [127.79316130771879, 36.916872339139154], [127.79049544103606, 36.9168523113295], [127.79031883894785, 36.91662511009175], [127.78953324936042, 36.91568373843145], [127.78905494341019, 36.9156495860823], [127.78778418396718, 36.91571724951379], [127.78673936422798, 36.915824647354], [127.78415091197921, 36.91762478982643], [127.78360897816609, 36.91852805282586], [127.78144620746609, 36.92415696541831], [127.78152384437868, 36.92427577664382], [127.782230197245, 36.92451576520563], [127.7839247442655, 36.92480632670528], [127.78442304959849, 36.92479430637868], [127.78520110557169, 36.924573415236694], [127.78633137438842, 36.92507806356927], [127.78702694806151, 36.92553961899546], [127.78747583239272, 36.92592902948568], [127.78843502351721, 36.92682876100115], [127.78879239406169, 36.92749312374949], [127.78905503008257, 36.928633874762056], [127.78840851562528, 36.934190499772164], [127.78802937095611, 36.937193744452294], [127.78805484303341, 36.9371987452179], [127.78899022071741, 36.93752565342846], [127.79162711904873, 36.93865586701844], [127.79268592472752, 36.93948314544606], [127.79339461356668, 36.940713156340756], [127.79378044023157, 36.94304602391862], [127.79493585909168, 36.945909592043755], [127.7963639793988, 36.94671550087362], [127.79983222833343, 36.947525158286105], [127.80066783964016, 36.94755360836337], [127.80072783037444, 36.94752739021278], [127.80248479944711, 36.94682052027707], [127.80460233002545, 36.9462160258268], [127.80550506841445, 36.94605758532581], [127.80554222179794, 36.94605395426845], [127.80659709026625, 36.94595050343026], [127.80731267854561, 36.94424405326632], [127.80737346499735, 36.94352026137844], [127.80736835630499, 36.94253504150452], [127.80715564370334, 36.941590661402934], [127.8077127543697, 36.94109523556597]]]]}, "properties": {"name": "\uad34\uc0b0\uad70", "base_year": "2018", "name_eng": "Goesan-gun", "code": "33360"}}, {"type": "Feature", "geometry": {"type": "MultiPolygon", "coordinates": [[[[127.66211601356272, 37.13924461415663], [127.66245413092818, 37.13918794586327], [127.66245440791353, 37.13918794638509], [127.66433944375848, 37.139249610251255], [127.66433969601603, 37.1392496306342], [127.66522480192067, 37.139325148081454], [127.66944291054584, 37.13652597056321], [127.67021249592186, 37.13610801031908], [127.67474502294209, 37.136270825782624], [127.68315777305754, 37.136141861319985], [127.6851888726346, 37.13559256983149], [127.68631214618699, 37.135177268366746], [127.68679769876104, 37.135055540730505], [127.6885925973358, 37.13554068662546], [127.69372573495717, 37.13909779622246], [127.69548408584701, 37.14042214084194], [127.69595464400457, 37.13986102126477], [127.69597122889627, 37.13984685056342], [127.69688972915617, 37.13927099307378], [127.70027155698244, 37.13779452958463], [127.70168667819463, 37.13762595432006], [127.70446814546372, 37.13730624098639], [127.70637091241908, 37.137085737353], [127.70723655280212, 37.13664329911607], [127.70872364752235, 37.135824907960284], [127.70970650197336, 37.13516804238281], [127.71049410621904, 37.134093075009986], [127.71064284751239, 37.13379033811416], [127.71097489201048, 37.13247734262384], [127.71067964289334, 37.13219303936393], [127.71012463525786, 37.13165854867849], [127.71008835570258, 37.13112405302138], [127.71066845678038, 37.12993910025319], [127.7120155178028, 37.127776150608526], [127.71281653847805, 37.12705670850122], [127.71463325910986, 37.12556528202382], [127.7152181247171, 37.12568593442787], [127.71676024851962, 37.125478691338486], [127.7176347343299, 37.12532305600975], [127.71792111396611, 37.12515068823642], [127.7182262363141, 37.124952589329276], [127.7205432573153, 37.123062149491744], [127.72214299709105, 37.12081476396954], [127.72287078539584, 37.11591544909332], [127.72273799055023, 37.11500002001044], [127.72256517066629, 37.114424405155404], [127.72230144891002, 37.11379077535524], [127.72113209891957, 37.111120946570466], [127.7211134994565, 37.11108726979454], [127.72110956526937, 37.11108053628087], [127.72050798775285, 37.11070574824943], [127.71763508046395, 37.1097167896777], [127.71729408137416, 37.10960818677642], [127.71726658427367, 37.109599627659215], [127.71587740876288, 37.10966234771941], [127.7154202155203, 37.109759143082684], [127.71265953100063, 37.106361639135095], [127.71139559965795, 37.105862655462204], [127.71013908220162, 37.105592533208515], [127.7096380955784, 37.10551500050702], [127.70906814686961, 37.105429712446515], [127.70885305600255, 37.10539889316225], [127.70859295388242, 37.1053663750669], [127.7066267966337, 37.105147750501516], [127.70589392011838, 37.10519687838864], [127.70193312632436, 37.10303728910581], [127.69815941481733, 37.09940072318858], [127.69815505805293, 37.0993664005476], [127.6980104142278, 37.09821532137359], [127.69975679595159, 37.09572887082984], [127.69918402391039, 37.09158942493991], [127.69637985935222, 37.08878110876011], [127.69344416677241, 37.08555395532486], [127.69312962504466, 37.085014039884435], [127.69234150967762, 37.08312023792412], [127.69217928353689, 37.081334975470426], [127.69059404557353, 37.0811737302986], [127.68771787159733, 37.08100062492513], [127.68746341709277, 37.08099899916759], [127.68659893593461, 37.08094768016376], [127.68561894333209, 37.0801271882262], [127.68377242542141, 37.07849116096814], [127.68352224056866, 37.07814203878276], [127.68282131962316, 37.07629582265742], [127.68282907853246, 37.07626568310126], [127.68283337209539, 37.07624901625191], [127.682840555102, 37.07622126817515], [127.68292135033361, 37.07590921271926], [127.68325263615364, 37.075309517994775], [127.68396704569618, 37.0751111169526], [127.6848432191244, 37.07463246455706], [127.68648333896236, 37.073254540744216], [127.68684201911732, 37.07220838262185], [127.68714249981605, 37.07129377704243], [127.68881909758812, 37.065658150358225], [127.68934261181924, 37.0637465789255], [127.68952992537821, 37.0629739797639], [127.69017040504393, 37.060265713088526], [127.69026635669367, 37.05935706221171], [127.69020462380422, 37.05789181027921], [127.69026439805265, 37.05626451173981], [127.69069450699166, 37.05444751715364], [127.69124611408158, 37.05344218184122], [127.69115882655865, 37.053075512110496], [127.68946570671929, 37.05146401287477], [127.68642490787234, 37.04840451858087], [127.68646512104215, 37.048267726734004], [127.68651651004068, 37.0480829898413], [127.6865142755896, 37.048049494251295], [127.68564531847667, 37.04737844025092], [127.68557640729902, 37.047332947193716], [127.68525200539321, 37.04711940223679], [127.68524670673668, 37.047116333012696], [127.685161978378, 37.047068400787104], [127.679612062792, 37.0445649087102], [127.67882507466821, 37.044372586424686], [127.67811044141679, 37.04425670919042], [127.67693592911115, 37.04413302553149], [127.67584213720956, 37.04338630903237], [127.67497548524824, 37.042125822450124], [127.67426024183793, 37.041400586727384], [127.67379407694158, 37.04095720798199], [127.67253362028255, 37.040320936565884], [127.67204089456224, 37.04021781564396], [127.67198077124682, 37.04020523222479], [127.67179933532006, 37.03966337339923], [127.67157006166296, 37.03725604621523], [127.67185810980546, 37.035461882871786], [127.67192250627646, 37.035115182752584], [127.67202319315153, 37.03465762899612], [127.67024088976099, 37.03436327076458], [127.66745063886994, 37.03320393521484], [127.6665869756001, 37.03263858333725], [127.66501885326409, 37.031233562667595], [127.66428557007384, 37.03057199853527], [127.66428816626708, 37.03056942404173], [127.66450355075047, 37.03035678127333], [127.66482897755893, 37.02664487039892], [127.66483414756125, 37.02592652986081], [127.66471991788842, 37.023996945591335], [127.66461984123052, 37.02318964629754], [127.66460839037505, 37.02318577067182], [127.66294490622376, 37.02264203177724], [127.6628057971915, 37.02259662974389], [127.66279120687278, 37.02259501545129], [127.66274288851713, 37.02259022116654], [127.66188339917596, 37.02212533224983], [127.66095366410404, 37.02149441162407], [127.65843778098909, 37.01870664738875], [127.6573243748513, 37.017329115791355], [127.65628649477138, 37.015909493008714], [127.65670872076711, 37.012900722403245], [127.6572809773598, 37.01172675367929], [127.65985577774227, 37.008105169491074], [127.6607278006372, 37.00693289215068], [127.66307669890953, 37.00432393917484], [127.66432347986529, 37.00445297910682], [127.66520224206752, 37.0042895358963], [127.66552181964146, 37.00306906820021], [127.66533623512923, 37.00304448943781], [127.66491994535589, 37.0030133062865], [127.6649032600513, 37.00301311943266], [127.66459656716216, 37.00301060822775], [127.66458813995534, 37.003010655069794], [127.66337208178183, 37.00308193086881], [127.66290929719236, 37.0031149214805], [127.66125912099473, 37.003410470581954], [127.66076543071503, 37.003503318982915], [127.66047279198916, 37.00354408513877], [127.6601241131729, 37.00353784930829], [127.65926256517511, 37.00347758963124], [127.65905757665976, 37.00346323410869], [127.65797472122298, 37.00312344677772], [127.65505222593367, 37.001391798865846], [127.65322932606357, 36.99748980914468], [127.65336382641753, 36.99654972475717], [127.65334027244504, 36.99317256261863], [127.65321487905308, 36.993020071446146], [127.65255587935086, 36.99168983916803], [127.65255178198169, 36.98923192792085], [127.65267369804991, 36.98823700181553], [127.65369831825146, 36.98708590322169], [127.65370317982502, 36.987080526123776], [127.65369276695918, 36.98655852415729], [127.65302524173737, 36.98584894660825], [127.65135812768469, 36.98415479716955], [127.65092861962498, 36.98377877634974], [127.65085108907803, 36.983427991185835], [127.65095131397096, 36.98308082202379], [127.65109865110381, 36.98280237303791], [127.65139533211033, 36.98258618739795], [127.65214893344053, 36.982528833209464], [127.65320669452218, 36.98204040605215], [127.65405214702899, 36.981436276044015], [127.6556486687706, 36.980051119252515], [127.65947849313604, 36.9779485014969], [127.6617803241722, 36.97738073085783], [127.66179069586182, 36.977382357355154], [127.6620136948659, 36.977417718044904], [127.66255456607229, 36.97750368696586], [127.66562079090492, 36.97811282324053], [127.66707171249561, 36.97865884378002], [127.66922497637455, 36.982400799843994], [127.66922289541978, 36.98246473686366], [127.66914085537672, 36.98271607554828], [127.66910706029452, 36.982743300440816], [127.66885315717003, 36.98290889120384], [127.6687868348839, 36.98295149763676], [127.66865001312874, 36.98301872709908], [127.66851875384079, 36.982899785800015], [127.66830694742072, 36.982699083971355], [127.66854739768236, 36.98328482959087], [127.6685473579761, 36.98342168153062], [127.66833196930288, 36.98367659468808], [127.6682120862684, 36.98381637310305], [127.66814436665456, 36.98385870711258], [127.66810504463822, 36.983877797698085], [127.66786794155684, 36.983957692875165], [127.66675410677566, 36.98406389326631], [127.66669715307849, 36.98405266913936], [127.6665266613996, 36.984001812744005], [127.6662756777366, 36.983697984752], [127.66602625160013, 36.98339020029815], [127.66596209952573, 36.98323682989459], [127.66594555040088, 36.983149906905304], [127.66594315262175, 36.98313752981832], [127.66524637563242, 36.982706105819574], [127.66372027749556, 36.98331382506092], [127.66374156690858, 36.9835826190602], [127.66376697530247, 36.98376100690986], [127.66386094268246, 36.98399277382056], [127.66675736284884, 36.98669553946331], [127.66844241679449, 36.98760460859304], [127.66903208514049, 36.98776178993391], [127.66919728309364, 36.98776705340577], [127.67030835957793, 36.987802194860166], [127.67065307287186, 36.98735332531111], [127.67073749420246, 36.987243368406524], [127.67093363997736, 36.98681454875951], [127.67176484846901, 36.986137431952685], [127.67214166379577, 36.98585851845246], [127.67499985604888, 36.98573646314947], [127.67543850487957, 36.985862654296604], [127.67626185391514, 36.986448171901614], [127.67781129804666, 36.98639936658326], [127.67955534571823, 36.985934381972434], [127.68061821350692, 36.98560139165614], [127.68131707912478, 36.98546561454244], [127.68206625351013, 36.985382479823066], [127.68404540742642, 36.985758851176215], [127.68451969263947, 36.986063888290495], [127.68452887837596, 36.98606975503201], [127.6854994915659, 36.986020799374124], [127.68631734809979, 36.985885720913984], [127.68734698374013, 36.98449355118315], [127.68737314584247, 36.98330259408848], [127.68737297060223, 36.98328428603389], [127.6873696104535, 36.98302750954961], [127.68736764821288, 36.98288531703156], [127.68736567237474, 36.982880542495444], [127.68693225954813, 36.98185048544555], [127.68662018430827, 36.981473840912585], [127.68782447976672, 36.98077729401941], [127.68890315452049, 36.98032248770451], [127.68910932875211, 36.9802413359503], [127.69079773478127, 36.979585312525096], [127.69178452932954, 36.979237456017465], [127.69247886434933, 36.979191463854974], [127.69290821198669, 36.97924190235637], [127.69377821272124, 36.97878995969233], [127.69413138820545, 36.97856855399239], [127.6946215276872, 36.97810614507466], [127.69471444732935, 36.97782571367417], [127.69452972730761, 36.975800253096025], [127.694409093415, 36.975540767755184], [127.69448973055914, 36.97496981709315], [127.69753901943734, 36.97395208111778], [127.69811068058267, 36.97406473959664], [127.69932086008845, 36.9741145183988], [127.70051376416117, 36.97381071667567], [127.70207647721519, 36.97273290240087], [127.70336014342205, 36.97134753791006], [127.703390336544, 36.97115870361783], [127.70401542508993, 36.969102839289775], [127.70564062477881, 36.96610168832427], [127.7058504214674, 36.96579126505086], [127.71107222988333, 36.962151989478876], [127.71196913260592, 36.961889257020346], [127.71307076666046, 36.96175764107371], [127.71350035126225, 36.961579634152], [127.71397012343111, 36.961383655934135], [127.71452272942977, 36.96111480830026], [127.71516413155021, 36.960360257933274], [127.71629962424684, 36.95841065315097], [127.71805518860894, 36.95846328617354], [127.722061865397, 36.95872596724431], [127.72206270689752, 36.95874033474162], [127.72209242125663, 36.95917547630571], [127.72246780860918, 36.959356222340524], [127.72371315400693, 36.958991895729184], [127.72377928197545, 36.95882367103837], [127.72418921399216, 36.958611679689845], [127.72570904431751, 36.95826029745123], [127.72609379810818, 36.95861386856893], [127.72685412269654, 36.95905497500513], [127.72995312864889, 36.957955008815524], [127.73050620725569, 36.95741295089055], [127.7320050651089, 36.95560640132753], [127.73289555836666, 36.95366166502307], [127.73343499623186, 36.953533885724205], [127.73381198808423, 36.953551268580746], [127.73772829883265, 36.95352452135775], [127.73928067794805, 36.9523818020918], [127.74093122906486, 36.95247037473491], [127.74115770285222, 36.95252499892501], [127.74458223254709, 36.95406667355361], [127.74463099292434, 36.95421110582546], [127.74495903664598, 36.955184730353764], [127.7450614971723, 36.955401751569816], [127.74512528917062, 36.95550300029356], [127.74515983700351, 36.95555741606376], [127.74628998353221, 36.95577419233017], [127.7484552585879, 36.95599993126608], [127.75102556012521, 36.95666741641317], [127.75294493703154, 36.95794418434181], [127.7537190169835, 36.95615199230422], [127.75442242983863, 36.954862108251454], [127.75815609473784, 36.952643737178946], [127.76203593025693, 36.94909552442242], [127.76257222661764, 36.94844782851399], [127.76384081235929, 36.94633374027693], [127.76236033199106, 36.94407368620706], [127.76388919742836, 36.94083864739163], [127.76484371842201, 36.93978446461209], [127.76506944777162, 36.93980131394598], [127.76659024133947, 36.94009479704954], [127.7698285038651, 36.93706518184364], [127.7698453631319, 36.93703241190099], [127.77006591355872, 36.936779535331354], [127.77245190015482, 36.9348999970508], [127.7741020509515, 36.9337663264807], [127.77479717902274, 36.93354977130314], [127.77557932276098, 36.933337713967035], [127.7756340857126, 36.93334101421036], [127.77894189218385, 36.93425342375745], [127.77943269332562, 36.93439944443764], [127.7809513687344, 36.934868176548434], [127.78116012682459, 36.93497690763831], [127.78171406394922, 36.93529314700092], [127.78178506911539, 36.93554976554139], [127.78186818863448, 36.93578855705635], [127.78264371794774, 36.93671409478029], [127.78274059629598, 36.93682298826984], [127.78326580062561, 36.93724415787547], [127.783551710104, 36.93738504107208], [127.78411288602909, 36.937612864676986], [127.78436187748126, 36.93771394508148], [127.78523829929408, 36.93732042160182], [127.78663558972875, 36.93699244218492], [127.78711113721991, 36.93701633585191], [127.78802847865376, 36.937193568129196], [127.78802937095611, 36.937193744452294], [127.78840851562528, 36.934190499772164], [127.78905503008257, 36.928633874762056], [127.78879239406169, 36.92749312374949], [127.78843502351721, 36.92682876100115], [127.78747583239272, 36.92592902948568], [127.78702694806151, 36.92553961899546], [127.78633137438842, 36.92507806356927], [127.78520110557169, 36.924573415236694], [127.78442304959849, 36.92479430637868], [127.7839247442655, 36.92480632670528], [127.782230197245, 36.92451576520563], [127.78152384437868, 36.92427577664382], [127.78144620746609, 36.92415696541831], [127.78360897816609, 36.91852805282586], [127.78415091197921, 36.91762478982643], [127.78673936422798, 36.915824647354], [127.78778418396718, 36.91571724951379], [127.78905494341019, 36.9156495860823], [127.78953324936042, 36.91568373843145], [127.79031883894785, 36.91662511009175], [127.79049544103606, 36.9168523113295], [127.79316130771879, 36.916872339139154], [127.79404749454525, 36.91641165586242], [127.79436084111899, 36.91623094635325], [127.79827318544912, 36.90880058833829], [127.79833097357941, 36.90855587712296], [127.79833142062529, 36.90851039767364], [127.79832833041077, 36.90834063830708], [127.79765357219927, 36.903996025191525], [127.79663910942007, 36.90297475730754], [127.79287747478826, 36.90355599368363], [127.79259734275591, 36.90363717835409], [127.79234026676565, 36.90373566404073], [127.79206058966211, 36.90385230232706], [127.79182529557521, 36.90395678932276], [127.79152397321423, 36.90413659212483], [127.79142142850138, 36.904204771876245], [127.79137091134795, 36.90424531337762], [127.79121159153098, 36.904428856049755], [127.79116424511695, 36.90449449699385], [127.7911692182352, 36.9045513413273], [127.79117638967902, 36.90456577406325], [127.79120736267018, 36.90462693033107], [127.79138449480057, 36.90495824560747], [127.79165016157164, 36.90543440709515], [127.79168304548506, 36.90549253145499], [127.79176400570859, 36.90558171904856], [127.79183868464634, 36.905657371357385], [127.79204974704622, 36.906008264739185], [127.79208241734904, 36.90621692510649], [127.7920630370938, 36.90630909773664], [127.79190078593727, 36.906587200177235], [127.79180115716588, 36.906756265590886], [127.79179432696345, 36.9067678552309], [127.79175717571502, 36.906830894992275], [127.79148341854552, 36.90687747978895], [127.79106213509675, 36.906868782321936], [127.79057571758219, 36.90683681028805], [127.79043343134661, 36.9068227601778], [127.78623179979199, 36.90622039914152], [127.7853757991797, 36.90600740741719], [127.78486861869013, 36.90587586200133], [127.78490712190886, 36.905525354602105], [127.78590336594935, 36.904199044186946], [127.78647540084498, 36.90349939788226], [127.78699602082777, 36.903347614772414], [127.78724644758103, 36.90340641905048], [127.78815242052578, 36.903125374754936], [127.79141017393722, 36.90175767696494], [127.79210755898842, 36.90114677403201], [127.79235816612741, 36.899395954223735], [127.79235067903153, 36.89895737511972], [127.79207881214482, 36.89791090804981], [127.79187613075861, 36.8976128134812], [127.79022706434876, 36.897045243693], [127.78943013322476, 36.89686529732037], [127.78730788286899, 36.89476357659315], [127.78711714639779, 36.894493296194405], [127.78817362720594, 36.88780286848583], [127.78863741857745, 36.88632669248539], [127.78893236948826, 36.885787881550286], [127.78935309379692, 36.885544154946665], [127.78935266836169, 36.88553431026763], [127.78882516690558, 36.88262209950514], [127.78774326796129, 36.88063432872505], [127.7856859116387, 36.88008283492461], [127.78446695160683, 36.880089691147695], [127.78338009391045, 36.8803791064984], [127.78053236958154, 36.87958347499208], [127.7796125829911, 36.87926662016967], [127.77852150339723, 36.878780334021386], [127.77763963670101, 36.878550089873094], [127.77480820956474, 36.87787988287701], [127.77366334643698, 36.877909368335686], [127.77280644820152, 36.8779541379049], [127.77078977314471, 36.87755695192583], [127.7703139308302, 36.87678163935991], [127.76993508517455, 36.87612538916139], [127.76921155544564, 36.87570875873725], [127.76841141712617, 36.875366624018035], [127.76817653360955, 36.8752666884454], [127.76668895134485, 36.874775093279794], [127.76666891176248, 36.87476841696605], [127.76505169788788, 36.87605596138106], [127.76489040465921, 36.87661372468428], [127.76398804437692, 36.87700901654178], [127.76246705172463, 36.87748807717198], [127.76121866950152, 36.876910416080285], [127.76091659856169, 36.87674506784367], [127.76085050528718, 36.87591484465005], [127.75981855602478, 36.87475490684579], [127.7586001241913, 36.87383878594397], [127.75645085947711, 36.873626821420245], [127.75544550591572, 36.8735436624602], [127.7543479705169, 36.87349209735857], [127.75053616091256, 36.87332334190639], [127.74992726001943, 36.873417031669916], [127.74881035604129, 36.87382668715448], [127.74792870454492, 36.874418898324016], [127.74788251528022, 36.87470224501989], [127.74794323458018, 36.87523556700211], [127.74777139301573, 36.87579077913343], [127.74762392499657, 36.87622987908942], [127.7454257102064, 36.878030026919724], [127.74432285065134, 36.87780396242439], [127.74348220472248, 36.87744063903822], [127.73751164959262, 36.87865038573958], [127.73703120325682, 36.87899726191229], [127.7352365129519, 36.87993733668484], [127.73484265552369, 36.879935171477676], [127.73328468577206, 36.87942568472388], [127.73239146599224, 36.879035035845135], [127.7318921519702, 36.878651723585854], [127.73134387051658, 36.87853656429818], [127.73038202021588, 36.878524644060406], [127.73016487296222, 36.878603748695696], [127.72878161359404, 36.879141528622846], [127.72522194372684, 36.88006661397062], [127.72485870320335, 36.87999399153988], [127.7240254118265, 36.879669727411255], [127.72376194747972, 36.87924102814555], [127.7237439307192, 36.8786379045622], [127.72312476082797, 36.87831175591109], [127.72279371270915, 36.87814257084757], [127.72274087944919, 36.878125581813684], [127.7203166865985, 36.87755848142802], [127.71964883873011, 36.87746817799991], [127.71719533774356, 36.87758977697468], [127.71683468128256, 36.8772451385871], [127.71623558458612, 36.87716097818743], [127.71535816873315, 36.87747080575532], [127.71514309886581, 36.877963777256284], [127.71506322564483, 36.878218055041145], [127.71448950894104, 36.87878722782361], [127.71312795195502, 36.878910572147255], [127.7116676148579, 36.87880380799639], [127.71142738918742, 36.87877835470697], [127.70856063339386, 36.878379346323], [127.70814319641424, 36.87800247737341], [127.70812043415422, 36.87765952076661], [127.7077241718078, 36.87592451222181], [127.70690772448957, 36.87615092647745], [127.70554071611028, 36.87662352810528], [127.70106954845936, 36.878303766527424], [127.69822452579248, 36.88028222550331], [127.69750558163707, 36.88047490787429], [127.69397148711403, 36.88005224963968], [127.69205209749654, 36.87876433846713], [127.69214898620656, 36.87787011557231], [127.69184367534085, 36.87667051195063], [127.69024764808461, 36.872335890721764], [127.68977005669771, 36.87154523995961], [127.68848454151593, 36.870878536610675], [127.68770799581579, 36.87058483088871], [127.68620910686228, 36.86892968775996], [127.68588216809661, 36.86848544721498], [127.6857844083647, 36.86726980763768], [127.68571929089576, 36.86645044629081], [127.68574712788987, 36.865828244368565], [127.68595956330452, 36.8647206327382], [127.68627493316116, 36.86370771653696], [127.68690482279705, 36.86300320843166], [127.68715605661365, 36.86248646080259], [127.68664026114743, 36.86024983868328], [127.68655546384954, 36.85998479026184], [127.68651567530678, 36.85987254664726], [127.68610659924698, 36.85936076833356], [127.6829415345808, 36.855452002832926], [127.68102743198249, 36.853583424896826], [127.68034426725538, 36.85303214440828], [127.67950954150716, 36.852794590178895], [127.67872933145091, 36.85260998215735], [127.67809854034459, 36.85198459336094], [127.67777388833828, 36.85156510512752], [127.67783414017767, 36.85095095730987], [127.67632642248512, 36.850870044949176], [127.67606493709437, 36.850895327360085], [127.6760635223913, 36.85090011983746], [127.67595478588117, 36.85129452728431], [127.67608550985871, 36.85169524376759], [127.67603213521875, 36.85194631752576], [127.67475902321605, 36.853129987605406], [127.67153366709657, 36.85433087699027], [127.66869847482266, 36.85629772595774], [127.66848817908098, 36.85668274729469], [127.66826987847615, 36.85682323411943], [127.66564265451014, 36.85807446864672], [127.66139348257175, 36.85978503627567], [127.66115635462165, 36.859835181883874], [127.65721471341055, 36.86061553689058], [127.65645456987858, 36.860722802537296], [127.65540250422212, 36.86080413162832], [127.65349148031147, 36.860931942458755], [127.65239659149532, 36.860866235527304], [127.64806573298277, 36.8595374208406], [127.64512328499187, 36.858392977193866], [127.64444311657269, 36.85796132752639], [127.64202011514463, 36.8557489896127], [127.6406332713172, 36.8536975255504], [127.63811712939558, 36.84974248903221], [127.63780272527138, 36.84873804206389], [127.63753681568538, 36.84694586000768], [127.63584809794635, 36.847360432252884], [127.63522464685109, 36.847186819459466], [127.63433697495779, 36.84664446388542], [127.63237493723697, 36.84543030180516], [127.63058896817604, 36.84435318450196], [127.62855217384278, 36.84357457070473], [127.62802463106861, 36.843582018161335], [127.62638851756152, 36.842529745639894], [127.62611084350385, 36.84129808841297], [127.6259829145904, 36.840296845227], [127.62558888295659, 36.83923643589682], [127.62515751210634, 36.83812509182603], [127.62500389837402, 36.837798605962526], [127.62495058935602, 36.83770286670293], [127.6237641660203, 36.83560353397914], [127.62233247792263, 36.83609311609002], [127.62148796154932, 36.83641736539851], [127.621131373688, 36.83657707529258], [127.6209184853871, 36.83670576911067], [127.62083238690082, 36.836759524595344], [127.6178700456891, 36.83545324321038], [127.61675966662641, 36.83398556507922], [127.61642475946879, 36.833830173963385], [127.61555509282638, 36.833903819493386], [127.61367594196392, 36.83569982194557], [127.61339952103745, 36.836455146900484], [127.61373381639325, 36.837442017181615], [127.6134774570595, 36.84107203584085], [127.6134214888256, 36.84182329758647], [127.61327099697266, 36.84377032810763], [127.61324526438914, 36.84390677330993], [127.61322750067306, 36.84393970185983], [127.61253086134045, 36.844966834860976], [127.61158477479242, 36.84670357862909], [127.61151669577538, 36.8471326554826], [127.61149805887237, 36.84778420819665], [127.61291791611782, 36.851003371159194], [127.61311424917415, 36.85139379204232], [127.61445506996404, 36.85324698517133], [127.61544607490004, 36.852931752799954], [127.61546711976638, 36.852952566113665], [127.61589608495977, 36.85353311837725], [127.61593874649336, 36.853620958769696], [127.61713742222459, 36.85642417297711], [127.61748304034612, 36.85771477006879], [127.6166122624029, 36.85864759256785], [127.6165977071224, 36.858662615319446], [127.61566527313602, 36.85860258643107], [127.61373113075813, 36.85838668247799], [127.61234503218027, 36.85746764181891], [127.6122609557183, 36.857409829222526], [127.60847044694094, 36.85465532181326], [127.60672281508677, 36.85321775847529], [127.60184583783642, 36.85213081174662], [127.59653064419626, 36.85158889662648], [127.59600372582754, 36.852036480702154], [127.5958723952195, 36.85227551911806], [127.5951318127886, 36.85368322521503], [127.59402708653938, 36.85534679643301], [127.59396156694363, 36.85543383416915], [127.592628072609, 36.85690942790486], [127.5918972171385, 36.8574170914216], [127.59169890849901, 36.85754084614583], [127.59121568248565, 36.85781701463328], [127.59053203553763, 36.85729092525613], [127.58770251885959, 36.857248949647385], [127.58703725974175, 36.85724963874608], [127.58637356894442, 36.857610267790356], [127.58634284680087, 36.85820638698524], [127.58633997347505, 36.85834170787027], [127.58639822036655, 36.85877503184272], [127.58596866115725, 36.85943135856523], [127.58574605866512, 36.85959201601338], [127.58549593080083, 36.859675047040554], [127.58534806181184, 36.85972303546927], [127.58470858076721, 36.85989706530041], [127.58461815035392, 36.85990537359895], [127.58345664539063, 36.859899515831486], [127.58357721502577, 36.86004442168641], [127.58355908129651, 36.86007512117109], [127.58148138145579, 36.85957516296975], [127.57962097477814, 36.85857674411195], [127.57958905306735, 36.858558128618064], [127.57848262880938, 36.85772700834411], [127.5778692407812, 36.856442208264326], [127.57786180282629, 36.85642515201793], [127.57775247884504, 36.855459637741035], [127.57827829510228, 36.85376419255763], [127.57828388567292, 36.85335473264919], [127.5780195087498, 36.8535917997508], [127.57562266193133, 36.85775319996732], [127.57554926440028, 36.858283520424315], [127.57553622229126, 36.858385135459024], [127.57625903290472, 36.85950110580932], [127.57782352858062, 36.86252381982469], [127.57790164018752, 36.86324394882719], [127.57779150153225, 36.86337532813939], [127.57687012218054, 36.864411586493084], [127.57662983083542, 36.86465889946739], [127.57790754675085, 36.86654349893191], [127.57795308218684, 36.86654719842867], [127.57854326486954, 36.86656340041588], [127.57876081904266, 36.8665545762653], [127.57929129236295, 36.86646769392958], [127.57950275516359, 36.86643503690004], [127.58030772102177, 36.86647789397382], [127.58128978167875, 36.866619498873995], [127.58174365835296, 36.8669365296029], [127.58254144381412, 36.86750114230928], [127.58511214989022, 36.8701779921512], [127.58514579335396, 36.870788083213725], [127.58515966517614, 36.87108269640528], [127.58504425263047, 36.8745911214679], [127.58383606761733, 36.875858309075326], [127.58345442595721, 36.876244974753995], [127.58153690638403, 36.87720443221999], [127.58134075979382, 36.877117856860366], [127.58075885835304, 36.87742782816873], [127.57978988679965, 36.87802008649869], [127.5790547925765, 36.87862820770839], [127.57884638701398, 36.87886023082059], [127.57830092229393, 36.87944054647213], [127.57775602847053, 36.8797774791438], [127.57590793597006, 36.87998871797376], [127.57509853971258, 36.87915282957262], [127.5734420043375, 36.877669587212644], [127.57228669952136, 36.87740354589826], [127.57194748692277, 36.87856633577692], [127.57191469575409, 36.87872594851874], [127.57195965443164, 36.87885740663463], [127.57208412751686, 36.88009997731191], [127.57208050378776, 36.88014378690921], [127.57205625489573, 36.88033544501016], [127.57195320916163, 36.880723523281915], [127.57187278175037, 36.88091895639025], [127.57119153840242, 36.882244326308594], [127.57112727020329, 36.88236121753464], [127.57100093837552, 36.88256721373871], [127.56917523432877, 36.8851613036464], [127.56914834023833, 36.885189617939176], [127.56895991503302, 36.885377914469224], [127.5687630224995, 36.88554575244818], [127.56855900327676, 36.88571640315826], [127.56825145244994, 36.885822707298416], [127.56767458950397, 36.885954313251254], [127.56708436236508, 36.88607965339018], [127.56699980698359, 36.88600495923028], [127.56638775422515, 36.883230423850364], [127.56662862432958, 36.88291278200447], [127.56665471292393, 36.882874247962256], [127.56667440743486, 36.88269902902492], [127.56438851909755, 36.882359571658014], [127.56266480371393, 36.88222778364854], [127.5614252133831, 36.88281110798587], [127.5609195121523, 36.883951481544536], [127.5605781705485, 36.88490989403639], [127.55751175078785, 36.88571971921211], [127.55565200169174, 36.88616044517779], [127.55515939078035, 36.88761993317015], [127.5548405836351, 36.88867900761392], [127.5551053166786, 36.88965339375276], [127.5556127491436, 36.89040703538894], [127.55563407614073, 36.890464451983476], [127.55521349095916, 36.8913241608977], [127.55258053094832, 36.893031763451795], [127.55185533899612, 36.893917578178794], [127.55368711785172, 36.896020670451676], [127.55306675848712, 36.89888660627323], [127.55221855412476, 36.89897041203065], [127.55027010461768, 36.89918440576566], [127.5502096163347, 36.89919627289696], [127.54992674973138, 36.89930747337859], [127.54629723748245, 36.90097417411313], [127.54608814414821, 36.90132128064955], [127.54601104270728, 36.90146638395412], [127.54597872732286, 36.901657173796096], [127.5459965492675, 36.901888443118544], [127.54599913898763, 36.90190562570495], [127.54606553638655, 36.90205053817009], [127.54632908955897, 36.902703568877385], [127.54597008957816, 36.903432134773446], [127.54375135274724, 36.90462611822249], [127.5416851840786, 36.905762329548935], [127.54168283403031, 36.90576324084525], [127.54165497249699, 36.90577427093161], [127.54163763117391, 36.90578119749746], [127.54162487545136, 36.90578630241216], [127.54159489079349, 36.90579860247998], [127.54156513536346, 36.905811353188646], [127.5415354922722, 36.90582428324055], [127.54147643539329, 36.90585077245919], [127.54144713156347, 36.90586424234342], [127.54141805700736, 36.90587825031043], [127.54138920923745, 36.90589234833702], [127.54136036160341, 36.905906717695146], [127.54133207526269, 36.90592117248941], [127.54130356679987, 36.90593589959421], [127.54127517067435, 36.905950806043094], [127.54124734043029, 36.90596598002149], [127.54121962262087, 36.905981514537224], [127.54119201714884, 36.90599722929894], [127.54113737679451, 36.906029375263934], [127.54111044957737, 36.90604562704023], [127.5410568243914, 36.90607866956659], [127.54103035097378, 36.90609554948346], [127.5410042167864, 36.9061128800059], [127.54097830708956, 36.90613020774076], [127.54095239972237, 36.90614771576054], [127.54092671460225, 36.90616522369808], [127.5409013709074, 36.90618308939097], [127.54087625184907, 36.90620122543829], [127.54085135962309, 36.90621953989076], [127.54082669198495, 36.90623803365078], [127.54080236352773, 36.906256886970546], [127.54074545530992, 36.906301658440455], [127.54046984949944, 36.90655286795127], [127.5404496911416, 36.90657404463528], [127.54042953305802, 36.90659576218998], [127.54040937725561, 36.906617569886116], [127.54038956053884, 36.906639555952], [127.535625987674, 36.90995558895018], [127.53513922909983, 36.91035983797868], [127.53548374392834, 36.910801499764325], [127.53567771828632, 36.91105016703587], [127.53386867391227, 36.91196008574328], [127.53381779527402, 36.911985633987385], [127.53262099207392, 36.91220553724852], [127.53189591248531, 36.9123125350636], [127.53145852302804, 36.91237706704873], [127.52939576185165, 36.9111549509811], [127.52748758909689, 36.911022069763284], [127.52467942970233, 36.91318160748974], [127.52321360574703, 36.91551585904379], [127.52299098513697, 36.91609932090202], [127.52117636499537, 36.91952667458917], [127.51935513717504, 36.922880388687545], [127.51727249583757, 36.92354659628666], [127.51367125975001, 36.92554935071744], [127.51167817246625, 36.92908137914499], [127.51164757200053, 36.929137789717004], [127.51163159938466, 36.92917486807496], [127.51157505971157, 36.929357571226404], [127.51145653144282, 36.92976818766145], [127.51140782558052, 36.93002147918681], [127.51137863224535, 36.93037755976187], [127.51142846390118, 36.93063811471647], [127.51143083172336, 36.93064343306444], [127.51036115183949, 36.930536795483675], [127.50767691189085, 36.93116410443654], [127.50744877193537, 36.93138567998979], [127.50728461108405, 36.93153895708153], [127.50687321551365, 36.931895237772125], [127.50504599174097, 36.9329733575682], [127.50498626383597, 36.933005219248585], [127.50487157595454, 36.933036542293706], [127.50471503647071, 36.93305983134317], [127.4999180662211, 36.93319929496521], [127.49851146126908, 36.934917974341126], [127.49280748745322, 36.93876376827906], [127.49059277859992, 36.93898272591173], [127.48964721058199, 36.93894150677626], [127.48625905371934, 36.93870101082285], [127.48613933180783, 36.93868427136567], [127.48342315156899, 36.93724069622391], [127.48321601484301, 36.93707415262571], [127.48267395668249, 36.93648478441782], [127.48276470118185, 36.93611577715738], [127.48282304666601, 36.93511041878104], [127.48265589937257, 36.9347802373797], [127.48256108309887, 36.934641208641914], [127.48123194948772, 36.93370820054609], [127.480646356765, 36.93394520494641], [127.48057759783866, 36.93398888715028], [127.48030330019341, 36.93420742269562], [127.47914856619268, 36.93512863125341], [127.47889220104788, 36.93534552059084], [127.47877739639699, 36.93544712992076], [127.47860545475977, 36.93560036227111], [127.47832137767197, 36.93586851098013], [127.47822626582384, 36.93593089574494], [127.47805325207918, 36.93597747261275], [127.47654592030916, 36.93635923459353], [127.476381263116, 36.93637200078951], [127.47614849459454, 36.936381825180874], [127.47604963583757, 36.93638133653219], [127.4758991141748, 36.93637333363763], [127.4749307971811, 36.936235366001426], [127.47452936956822, 36.93614272304209], [127.47406491057937, 36.936025686091874], [127.47369779838475, 36.93593240597278], [127.47337722251613, 36.93586443172365], [127.47324573253132, 36.93584776136106], [127.47291805015706, 36.935821288956824], [127.47279336396089, 36.93582144435797], [127.47061519356564, 36.936155065116814], [127.46946414026088, 36.936914070095305], [127.46742233510923, 36.938443663765426], [127.46658300648141, 36.93912063396402], [127.46650719718377, 36.93924347874072], [127.46508930199853, 36.942390803575975], [127.46392260077914, 36.94509564050228], [127.46401631075219, 36.946630275957176], [127.46404304234885, 36.94680870104521], [127.46402164006588, 36.946938070812536], [127.4640062853901, 36.94702753517111], [127.46380159187095, 36.94758898314464], [127.46348875377292, 36.94842205331589], [127.4634675536789, 36.94842145183879], [127.45951269368426, 36.948104227137065], [127.4594979858879, 36.94809851593841], [127.45824244482058, 36.94751819400577], [127.45822483937252, 36.94750461016082], [127.4582174904925, 36.94748658937499], [127.45818016203266, 36.94739253507468], [127.45817942556647, 36.94738787070831], [127.45680549140233, 36.94728131422897], [127.45044089997509, 36.94823993767881], [127.44780931426612, 36.94980380797233], [127.44728255919469, 36.94990797770258], [127.44701904000945, 36.95060979464798], [127.44676701107808, 36.95142716937897], [127.44569123743848, 36.95697617873175], [127.44534812188151, 36.95875663243158], [127.44541344871553, 36.958963366565975], [127.4458345888837, 36.960055630650444], [127.44640200310344, 36.96136199374346], [127.44838065153908, 36.96322876983073], [127.45032116270879, 36.96301820426926], [127.45296229780597, 36.96157924453928], [127.45307501095023, 36.96098216945976], [127.45328382564712, 36.960548193349204], [127.45491130428627, 36.96066171451914], [127.4549315131734, 36.96066870301106], [127.45497727550918, 36.960705921363214], [127.45499649481029, 36.96072238369652], [127.45502629954541, 36.960751573085645], [127.45724009268267, 36.96378855288105], [127.45726623082203, 36.96382530713098], [127.45727352396696, 36.96387711960123], [127.45727827475162, 36.96391519849104], [127.4571352322565, 36.96544553388334], [127.45711465733528, 36.965567780852844], [127.45624125062999, 36.96722687294101], [127.45613010516128, 36.967370382094316], [127.45550031866708, 36.9678309985179], [127.45514429457198, 36.96805629320681], [127.45505516072595, 36.96816514176904], [127.45399836300848, 36.96982113621455], [127.45370544955675, 36.97282978468437], [127.45371524405586, 36.973086086113746], [127.4538374693629, 36.973529578893334], [127.45389867739515, 36.97367603190878], [127.45391575065543, 36.97371637107396], [127.45393896934178, 36.97377195789044], [127.45399385245511, 36.9739033506286], [127.45399363581922, 36.97394594571185], [127.45388640672766, 36.974126171847935], [127.45371593375184, 36.97437394028755], [127.45342921390707, 36.97474208359648], [127.45327900714464, 36.97488227707395], [127.45309113403106, 36.975049031933516], [127.45298125609163, 36.97512758921268], [127.45287432292699, 36.97520396605701], [127.45245363312235, 36.97533904237288], [127.45236869266233, 36.975312159640076], [127.45233671647102, 36.97530199110967], [127.4520532764909, 36.975164653366036], [127.452024105011, 36.97515047264325], [127.451408223593, 36.9747676824571], [127.45097046097774, 36.97495450039689], [127.45094149663016, 36.97496813633536], [127.4507376502154, 36.97506920506678], [127.45063178991634, 36.97513370828399], [127.45059897868173, 36.97515396456601], [127.45053252285739, 36.975218226269014], [127.4504415719049, 36.97531672186709], [127.45014023011677, 36.97567278610343], [127.44940212822003, 36.97665247600323], [127.44930525480176, 36.9769751741272], [127.44926253794459, 36.977187130992725], [127.44925118834888, 36.97726401771213], [127.44892039620909, 36.97981489992799], [127.44905115166623, 36.98036122151464], [127.44916019385147, 36.98039769208077], [127.4498717468102, 36.980821798592764], [127.45016865285733, 36.981101469132376], [127.45026305672705, 36.98120911429834], [127.45032929942636, 36.98136355247335], [127.45032247890163, 36.981906445278135], [127.44916141640827, 36.98458584464767], [127.44880791108734, 36.985365082226195], [127.44871134838834, 36.985576267160454], [127.44823468561444, 36.98742032645045], [127.4482169014519, 36.987506958355105], [127.44814339192267, 36.988398574072654], [127.44814144037188, 36.9884261808636], [127.44813898498285, 36.98846100800574], [127.44813758905244, 36.98853753283285], [127.44812593484603, 36.989876320683024], [127.44871977721243, 36.993914300100485], [127.45009263213933, 36.99388369256411], [127.4504868316692, 36.99512080158465], [127.4504226807974, 36.99530531203502], [127.44974704218873, 36.99606652325831], [127.4494127599286, 36.996403412947494], [127.44867633384463, 36.997073834694895], [127.4486498821612, 36.99709150506568], [127.44853403243407, 36.99713064243695], [127.44837169377222, 36.99732514487022], [127.4481271914205, 36.997646496545364], [127.44793919576922, 36.99851415515074], [127.4475530592182, 37.00067226851393], [127.4476784839737, 37.00097071944427], [127.44855348812997, 37.00255963038581], [127.44911113846796, 37.00435259081469], [127.44856616548867, 37.005363534203724], [127.44829421361005, 37.00754770890496], [127.44833098356854, 37.007685160524154], [127.4485387660959, 37.00845526946071], [127.44860929359673, 37.00871631242486], [127.44900648731827, 37.00974432172768], [127.4490398023177, 37.00984434014097], [127.44820210207186, 37.010378907216975], [127.44708882749545, 37.010885490360586], [127.4471485405654, 37.01196541909996], [127.44763441373428, 37.01243214822185], [127.44827591397647, 37.01260994849513], [127.44860481700196, 37.01313132344653], [127.4488741238587, 37.01498650924263], [127.44866464751642, 37.01567210767968], [127.44833262078258, 37.016538381255494], [127.45093335641018, 37.01930384227253], [127.45370921725505, 37.02124860773953], [127.45484503345665, 37.021388444876195], [127.45605643845181, 37.021014374880174], [127.45684109988126, 37.0206272889412], [127.45734931198044, 37.02037388234002], [127.45741215422133, 37.02034238696682], [127.45836073238273, 37.02047277249984], [127.4583681110268, 37.02047387033789], [127.45926918906163, 37.02269602707044], [127.45951220586366, 37.0238664733004], [127.4597441541631, 37.02506399247675], [127.45911787234084, 37.02744521682449], [127.45804834588067, 37.02900817607168], [127.45686316191942, 37.03003093062585], [127.45809700808563, 37.03305995146968], [127.4583447229626, 37.033458285814575], [127.45963911657833, 37.03564287691684], [127.45969900925652, 37.03812957606015], [127.45948935842021, 37.03877915052296], [127.45917697077351, 37.039167811590744], [127.4588639857102, 37.03945735861595], [127.4577110791163, 37.04026374108462], [127.45752201479368, 37.04024813638509], [127.4571937711576, 37.04022067603801], [127.45716063739457, 37.04031992038141], [127.4570949261351, 37.04060851234478], [127.45685722398268, 37.042213314125924], [127.45758511547996, 37.04363418980524], [127.46033178596234, 37.046155585831755], [127.46078364446348, 37.04652326767336], [127.46120151362345, 37.04684603975162], [127.4624989611838, 37.04762492421773], [127.4634240578408, 37.04817097279699], [127.46399883098384, 37.04841202029718], [127.4643186297343, 37.04851805271066], [127.46518156402462, 37.048803870348394], [127.46591405498954, 37.04909835486325], [127.46838361665864, 37.050350146221845], [127.46836787381542, 37.0508762015972], [127.46836494148111, 37.050971951260465], [127.46798813314186, 37.05185647172653], [127.46783295512277, 37.05221750495658], [127.46746363109811, 37.05248927432534], [127.46760630717552, 37.05269764669863], [127.46767915342598, 37.0528037979065], [127.4682117108608, 37.053486509163285], [127.46899274571577, 37.0534835806777], [127.46948370542303, 37.05375181631718], [127.46966418572629, 37.053850220853654], [127.46975412180721, 37.053849870622635], [127.46997895470031, 37.053848983026306], [127.47190105582372, 37.05379631967575], [127.47532491770862, 37.05298976339393], [127.48342317882442, 37.05361491827717], [127.48436898170355, 37.053845347924984], [127.48459495667508, 37.05402463950264], [127.48465162902784, 37.05409649299928], [127.48511620925267, 37.05467127810366], [127.4857134114589, 37.05488509609733], [127.48580352023677, 37.054911759631494], [127.48621913318541, 37.05485599901826], [127.48647724261876, 37.05478285927178], [127.4869921959272, 37.054438348864146], [127.4881997158858, 37.05339718726194], [127.48919591737007, 37.052717301883945], [127.49037144706485, 37.05195557515249], [127.49056180307659, 37.05183765299439], [127.49116723010738, 37.0515828594044], [127.49333016918759, 37.05053769556288], [127.49560300760473, 37.04911358954547], [127.49568035283868, 37.04890602424006], [127.49575734753117, 37.04864439616793], [127.49580143537796, 37.048509054395794], [127.49665324421792, 37.048118046823866], [127.49907784340547, 37.047576278916864], [127.4998426413134, 37.047636143137076], [127.50469089510241, 37.04812928456345], [127.50742743245522, 37.04886552573626], [127.50889250166281, 37.049417925600416], [127.50967865868894, 37.050991412282194], [127.5099211605711, 37.05195450537929], [127.50993189528744, 37.05222055041309], [127.50994809105369, 37.05262117290695], [127.50995295993948, 37.05263974025584], [127.5100172848905, 37.05288218297982], [127.5115753739613, 37.05556064542669], [127.51251378708707, 37.05634953786515], [127.51649368629091, 37.0580173041251], [127.51820517178713, 37.05839731658955], [127.51826138490706, 37.05839707177402], [127.51838279176087, 37.05806315191853], [127.51834857518318, 37.05799121646238], [127.51837050965307, 37.05791002630359], [127.51841462448428, 37.057783686171724], [127.51858173188175, 37.05755769310163], [127.51871603015697, 37.05746700213202], [127.51980182453747, 37.05676845048454], [127.5211018139103, 37.05615905596116], [127.5213820091334, 37.05603167998248], [127.52206587401966, 37.05574935439131], [127.52235736991443, 37.055630936961236], [127.52249196714743, 37.05558529352546], [127.52298575679131, 37.055456976132135], [127.52356966727714, 37.05535529152516], [127.52363705835131, 37.05534598432717], [127.5238618381946, 37.055335984787], [127.52409792192934, 37.05533494458743], [127.52685260350754, 37.05537684217054], [127.52937164011537, 37.05548279841304], [127.53297061088593, 37.05407009263175], [127.53299183792004, 37.0538897862662], [127.53302474619302, 37.05377250135228], [127.5331021825397, 37.05359194312181], [127.53316900474141, 37.05350153849421], [127.53390529844597, 37.05268728510737], [127.53456439799032, 37.05208962833392], [127.53467618336505, 37.051999020425576], [127.53469860389251, 37.05198990937667], [127.53480008532334, 37.05196201900063], [127.53909754272377, 37.050870768955285], [127.5395809228812, 37.050868577739934], [127.53981692822401, 37.05085849644378], [127.54096254809434, 37.05073559688107], [127.5411196539269, 37.050672367251], [127.54147822849507, 37.05050854540234], [127.54200452667959, 37.05021781143042], [127.54221702481468, 37.050063662688615], [127.5423398472232, 37.04994596628987], [127.5423621381272, 37.04991883234157], [127.54241764083686, 37.04981946352192], [127.54675123911935, 37.047456878994126], [127.54865487936976, 37.04642992095724], [127.55207451379107, 37.04519767489312], [127.5547888965231, 37.042833289818944], [127.55472119337063, 37.04279756288627], [127.55461506387735, 37.04211325389315], [127.5546031056533, 37.042014193333216], [127.55461323462146, 37.04186096610491], [127.55470282804094, 37.04181549603894], [127.55683436403744, 37.041246883018985], [127.5569131746721, 37.041264535033406], [127.56217212203457, 37.04411417479036], [127.56680717611657, 37.047324629713444], [127.56849264807919, 37.04757122721562], [127.5691238134708, 37.04779347337565], [127.56954254586832, 37.048169913324486], [127.56950021544355, 37.0482881000903], [127.5694874832699, 37.04832335637792], [127.56935394522988, 37.04850420657064], [127.5689752280703, 37.04897456736309], [127.56798751468993, 37.05022189814927], [127.56713029168328, 37.05243920512624], [127.56761974829396, 37.05415310167049], [127.56786299119946, 37.05511606980058], [127.5674564731931, 37.05638849679287], [127.566038664667, 37.05773782372376], [127.56472312198063, 37.059239827434155], [127.56495796801906, 37.060590293734926], [127.56592575139472, 37.062225611884436], [127.56747553738069, 37.06394570986226], [127.57064161487386, 37.06739314786767], [127.57367870035269, 37.07054123278505], [127.57435938557262, 37.071339884190955], [127.57548595271204, 37.07310951066477], [127.57598438477766, 37.07359366591922], [127.57797674741158, 37.07534104161891], [127.57916995103551, 37.07549743465646], [127.58304938939834, 37.07546946689032], [127.58676341943956, 37.07440598047748], [127.58741312038161, 37.0740783947351], [127.58840841491882, 37.073361643751376], [127.5884973309436, 37.07322604631461], [127.58864177372402, 37.073000068559324], [127.58914403558222, 37.072853413242505], [127.58927007829108, 37.072816746467836], [127.59163380451075, 37.073111367998656], [127.59462977151993, 37.07372716056148], [127.59522679277423, 37.07385933108785], [127.59627142150094, 37.073709930125794], [127.59769462534226, 37.07308106008222], [127.60078096544565, 37.07088496392919], [127.60294398867184, 37.06854930449246], [127.60371967386537, 37.068527347765105], [127.60471836797207, 37.068779418468424], [127.60410668926276, 37.07054373741678], [127.60419454505809, 37.07312029620608], [127.60432415444124, 37.073867509452434], [127.60469772538652, 37.07418097844215], [127.60484483532596, 37.07429736660121], [127.60486858359468, 37.07436820351099], [127.60504063678825, 37.07488205274359], [127.60507522765586, 37.074990003640856], [127.60506991004509, 37.07573790228131], [127.60504870578883, 37.07590019847639], [127.60493825474414, 37.076153054789685], [127.60245188039313, 37.07885981739757], [127.60202782407882, 37.07927644823505], [127.60108788783705, 37.079875896643685], [127.60012661528827, 37.0834849503611], [127.60023527066114, 37.08443050352239], [127.5995489756368, 37.085830591631755], [127.59575155431351, 37.08778693463479], [127.59510786179627, 37.087992793662124], [127.59546244365997, 37.08821187518148], [127.59577819814723, 37.08831842012582], [127.60206068244223, 37.087719112920674], [127.60348794567508, 37.08757672037092], [127.60370512934615, 37.08752859265043], [127.603903359973, 37.087484506019926], [127.60421241647167, 37.08674407576284], [127.60422352196704, 37.08672599775389], [127.60435812262841, 37.0866802616567], [127.60482947750091, 37.086551717690924], [127.60598701234993, 37.0864376983244], [127.60734798442563, 37.08644877607007], [127.60939779793205, 37.0868077163028], [127.6119432044643, 37.087254177982395], [127.61338071511905, 37.087855571947685], [127.61338662831842, 37.08785804612589], [127.61379395556256, 37.08802854892027], [127.6148008676614, 37.08876220619554], [127.61506295877246, 37.08918434196322], [127.61609224579763, 37.08989985038592], [127.61942320460614, 37.09149541768687], [127.61941267217628, 37.090197964248524], [127.6250618759149, 37.09330403912802], [127.63021060136022, 37.09568264927136], [127.63181443425329, 37.09647606732172], [127.63196185229555, 37.09661945030683], [127.63242690391792, 37.09708552161266], [127.63402650603935, 37.09871690361484], [127.63428791386343, 37.09903988492327], [127.63429044131271, 37.09904747658531], [127.6343917732988, 37.099354696175176], [127.63453072540979, 37.099831508046925], [127.6351701082995, 37.10366654483904], [127.63518196066893, 37.10384415921885], [127.6351958339902, 37.104053855759204], [127.63511124486394, 37.1047030612022], [127.63496868204005, 37.10514533440015], [127.63493575985436, 37.10524462521081], [127.63444063877937, 37.106580814525095], [127.63413142570192, 37.10727626872793], [127.63495317794607, 37.11003808540741], [127.63504542863855, 37.11030790503146], [127.63524058407086, 37.110775406123054], [127.63524377467462, 37.11077904694677], [127.63545801298153, 37.11121575481772], [127.63563186346111, 37.11161578981676], [127.63583678210779, 37.11211477174147], [127.63594043981695, 37.112402551016935], [127.63598656771556, 37.1125374603959], [127.6360690795181, 37.112987541936484], [127.63616697913432, 37.11393311270403], [127.6360717380301, 37.114654456589136], [127.63446627220526, 37.11777163596162], [127.63310214713427, 37.12015766124825], [127.63388410792143, 37.12218083878865], [127.63495302291317, 37.12732288942783], [127.63640926723716, 37.134863005833694], [127.63711086161811, 37.138012884450255], [127.637516143831, 37.139371280297276], [127.63775292431724, 37.14076662039935], [127.63777671676317, 37.1409196702256], [127.63776772518293, 37.14119002848498], [127.63763644245627, 37.1416412528261], [127.63747033853124, 37.14196651770395], [127.63745004149244, 37.14199956929389], [127.637437027303, 37.14202075875485], [127.63711297906073, 37.142301820190504], [127.63672132453107, 37.14257423027304], [127.63364838411974, 37.14524872100948], [127.63027759294971, 37.14868158616344], [127.62964145962599, 37.14934271597203], [127.6274548588258, 37.151724012680205], [127.62739939435362, 37.151823420430716], [127.6273554834743, 37.1519588067048], [127.62731290967002, 37.15225637396148], [127.62731936815779, 37.153040242885844], [127.62736780977822, 37.15345446409001], [127.62740313937843, 37.15364349694477], [127.62746135176275, 37.15387745893785], [127.62759755911657, 37.15416253934514], [127.62759880553078, 37.15416506468037], [127.62831455887928, 37.15528638525322], [127.62988314959433, 37.15424478011707], [127.62987045299971, 37.15413608291676], [127.62988028462124, 37.1541328612892], [127.63071680751094, 37.15395663910012], [127.63289482249952, 37.15356688355321], [127.63966786593338, 37.152373018423454], [127.6430471316567, 37.151842041948], [127.64679545298192, 37.15113553543298], [127.64757074089722, 37.15067747924114], [127.65347538860014, 37.14695292248766], [127.65536474162005, 37.1454263485322], [127.65689185481676, 37.142303289684016], [127.6599433100726, 37.139915136294825], [127.66129958286788, 37.13938466841957], [127.66211601356272, 37.13924461415663]]]]}, "properties": {"name": "\uc74c\uc131\uad70", "base_year": "2018", "name_eng": "Eumseong-gun", "code": "33370"}}, {"type": "Feature", "geometry": {"type": "MultiPolygon", "coordinates": [[[[128.39252848526618, 37.153387319785246], [128.39317760576907, 37.15173434627277], [128.39350124075835, 37.15141422538767], [128.396408314397, 37.14853909933471], [128.39847881871182, 37.147733706698936], [128.3993362883852, 37.14774414928598], [128.40034524579136, 37.147304841055806], [128.40087428872994, 37.146876320247365], [128.40103927796477, 37.14552504667461], [128.40136419174777, 37.14462684195355], [128.4023071150105, 37.14228835664411], [128.403024207081, 37.140857036649464], [128.40366341378234, 37.139618483435086], [128.4017929733609, 37.13480847454133], [128.4007885378514, 37.13333125699705], [128.3993178973262, 37.13235433830491], [128.39810742888253, 37.131661479782636], [128.39809267447117, 37.13165303374941], [128.39600247308854, 37.12859406969084], [128.39658466451175, 37.12836273473449], [128.39739178064656, 37.12841147799315], [128.39772482211166, 37.12843683636748], [128.39861040269696, 37.12832467603228], [128.4007676757422, 37.127949306021904], [128.40294441552592, 37.127538645619346], [128.40575151135346, 37.12698773148443], [128.40728535019898, 37.12637837754547], [128.40855467000486, 37.125112674026354], [128.40863672416634, 37.12503049429555], [128.40914378291802, 37.12420875571828], [128.4095248826731, 37.123561691548474], [128.40958829268013, 37.12348617667687], [128.41027545349462, 37.12282983229262], [128.41049552619904, 37.12263072812911], [128.4109785725705, 37.122193705733736], [128.41104411612744, 37.122134406874586], [128.41311187670118, 37.121014743009496], [128.4150324142245, 37.120388031137885], [128.41614873954572, 37.1208160919499], [128.41847330900902, 37.1198144570654], [128.42002011254104, 37.11800339164065], [128.41999637698467, 37.117936230053644], [128.41974230292305, 37.117217326682244], [128.41989480983804, 37.116299008175005], [128.42104626714914, 37.11370344911856], [128.4210592948309, 37.11369588977655], [128.42354808446424, 37.112251549453696], [128.42356058289653, 37.112244287814995], [128.42294127833, 37.11121860644884], [128.4221675689129, 37.110165561067376], [128.4221617784352, 37.110157682851295], [128.42259346104808, 37.10472967821565], [128.42307389243643, 37.10345733635422], [128.42428399315486, 37.10271110273144], [128.42470045198695, 37.1024640056674], [128.42504441790825, 37.102475031059875], [128.4301231746248, 37.103670867042894], [128.4300746698707, 37.10530891895138], [128.4305806870338, 37.1067536160005], [128.4326462878418, 37.10806535055119], [128.43342110027874, 37.10836657248183], [128.43415404745198, 37.10869612726077], [128.43555124274897, 37.1095080961319], [128.4352955855757, 37.11110119659508], [128.43523550895773, 37.11127014538634], [128.43773715344443, 37.111130293458025], [128.44269186944058, 37.10924114023187], [128.44291561639497, 37.10901451755911], [128.44291675605675, 37.109012394729184], [128.44297547874288, 37.108902780738354], [128.44304805729973, 37.10875826184151], [128.44307333282327, 37.108688188425326], [128.44532174135227, 37.10746752897183], [128.44848144812656, 37.110447744732184], [128.44848466599646, 37.11046480848444], [128.44850068766007, 37.11054975190448], [128.44856114878655, 37.110624009826836], [128.45019408915866, 37.11199605156484], [128.45119721410182, 37.11209206163666], [128.45531106175233, 37.11184547193811], [128.45542327765193, 37.11178587086213], [128.45557709537275, 37.11168712947139], [128.45597712367322, 37.1112641706966], [128.45599388535092, 37.11124238772029], [128.45608176312663, 37.11112817045134], [128.4561842669884, 37.111009074908274], [128.4562884635427, 37.11093797373998], [128.45672820082092, 37.1106776186665], [128.45684595224733, 37.110611474348936], [128.4580456615432, 37.110275542541515], [128.45863591679048, 37.11030908053225], [128.46062988995095, 37.11042409987013], [128.4606301802961, 37.1104240975176], [128.4607514976428, 37.110434811834644], [128.46224922583076, 37.110451208918406], [128.46727666464324, 37.110079184467835], [128.47230076800014, 37.10984350804432], [128.47780592271624, 37.11015491471667], [128.48086994096, 37.11168754004751], [128.48187393489218, 37.112700318053115], [128.48181775666197, 37.113119139778846], [128.48168064491364, 37.11373719960032], [128.4817613064602, 37.11418294020626], [128.4823896878628, 37.1149569100668], [128.48625555477446, 37.118855903269704], [128.48944601248215, 37.12101199228327], [128.49110404011188, 37.123852531055384], [128.49524464926782, 37.12534536272227], [128.49658358976393, 37.12575946539637], [128.4983260498364, 37.12373801803515], [128.50036889747247, 37.12187643856133], [128.50175033155546, 37.12085044252569], [128.50197855713634, 37.120631376870705], [128.50298523905724, 37.11966505933562], [128.50319545710255, 37.11876908492706], [128.50349862941593, 37.118426706926876], [128.5038660970551, 37.11801286619351], [128.50667211145336, 37.11544215963686], [128.50706390406165, 37.115213963974156], [128.50707828141987, 37.11520747354203], [128.50729765962598, 37.115108451047945], [128.5100325055366, 37.11400319357318], [128.5107769616648, 37.112975701481375], [128.51305565868486, 37.107615572504436], [128.5132560369158, 37.10713167715504], [128.51333181146202, 37.106936163893785], [128.51353498936402, 37.106355462081645], [128.51364617097542, 37.10602590066592], [128.5138687282429, 37.10526267000234], [128.51391194878346, 37.10511193083076], [128.5139389295212, 37.10497257804337], [128.51405534823652, 37.1043712713514], [128.5141702608852, 37.10372558941144], [128.5173889252006, 37.10254826850551], [128.52358926796387, 37.10225268936341], [128.52771009947293, 37.10152762359987], [128.52876230483454, 37.101116059835284], [128.5295335626456, 37.10080411599185], [128.53116570264643, 37.10001434929208], [128.53193511027501, 37.09952691033521], [128.53383450121478, 37.09830609352706], [128.5341269418873, 37.098118123411275], [128.53413586399245, 37.09811230195448], [128.5347070902583, 37.095933479547405], [128.53516912365404, 37.093019858864984], [128.5355737160114, 37.09186598239851], [128.53683430786552, 37.090136048599234], [128.5381309574976, 37.08962700683996], [128.54224571722284, 37.088616574781945], [128.54532109208557, 37.08769945786312], [128.54839204893543, 37.086783052335676], [128.54933643667727, 37.08655731158131], [128.550458324227, 37.08654727432959], [128.5538489526513, 37.08658977405243], [128.55667719984004, 37.087226603937445], [128.55846802875698, 37.08852175362148], [128.56170214203362, 37.09023627068723], [128.56740955179077, 37.088237258177706], [128.5707342420979, 37.08596868260183], [128.572230209901, 37.08382957357272], [128.57440622003892, 37.08131707576865], [128.57565355631846, 37.08122905875106], [128.57745749173083, 37.08132871825102], [128.5788748184219, 37.081417835290296], [128.57965880440415, 37.08158572799328], [128.57971450698048, 37.08159765638347], [128.58173423264444, 37.081674321376816], [128.5865615559799, 37.08008696664407], [128.59083180101396, 37.07836684057136], [128.59122401871167, 37.078261179151234], [128.59184744013263, 37.07815524310839], [128.5922507826574, 37.078184776614], [128.59310380944652, 37.078389039360076], [128.59329635710594, 37.07856600383607], [128.59331865879358, 37.07858877906727], [128.59356517063767, 37.078840551850014], [128.59379011632288, 37.079184312910684], [128.59388449476964, 37.079387439496145], [128.59403181991686, 37.07970452378423], [128.5939837536563, 37.08085631405974], [128.5942192598763, 37.081013998390915], [128.5944849464461, 37.081191886787465], [128.59503667243263, 37.08153643185087], [128.5968953242007, 37.08241652584299], [128.59990168254785, 37.083065347752736], [128.6016230279672, 37.08305668539149], [128.6016244745405, 37.08305511255845], [128.60171769179135, 37.08295358897764], [128.60197773313826, 37.08231738237323], [128.60199476084702, 37.08227028724892], [128.6020081232744, 37.08221154604185], [128.60201050844833, 37.08220105880289], [128.6018814051359, 37.08203075562321], [128.60182956351227, 37.08198704241952], [128.60168178607853, 37.08185846814655], [128.60151475029744, 37.081696750178914], [128.60150983495976, 37.08169185083881], [128.60136692054246, 37.08152249200804], [128.60087872225733, 37.08048510532682], [128.60074179054035, 37.07983485356424], [128.60069390270226, 37.079547002669415], [128.60070307920606, 37.07950636869349], [128.60089517295353, 37.07907450868871], [128.60098046946615, 37.07892146389546], [128.60101476167472, 37.078871743318416], [128.6016421445839, 37.07844894800894], [128.6061001837673, 37.0767059369102], [128.6064045624643, 37.0766702331705], [128.606543357891, 37.07668276907861], [128.60665061144803, 37.07669940840923], [128.60701469210284, 37.07677474104629], [128.60733286707458, 37.07698298854263], [128.6074807361483, 37.077100707752216], [128.60777908554064, 37.077346191480544], [128.60789590073145, 37.077442794139664], [128.6079227209133, 37.07746633833819], [128.6079692962284, 37.07750722809852], [128.60848669798094, 37.07807861044636], [128.60863056562349, 37.07826822935847], [128.60879367112307, 37.07848942039071], [128.6088812158031, 37.078636383835615], [128.60899918162815, 37.07890125406331], [128.6091495301948, 37.07911042762113], [128.6092313905079, 37.079221563441244], [128.60992016087843, 37.07991335659848], [128.61201595611044, 37.080679875887725], [128.61362120777756, 37.08111935699806], [128.61401648722068, 37.081239858719606], [128.61503175286956, 37.081881093434525], [128.6175404000199, 37.08423353141498], [128.62264232235634, 37.08740181965724], [128.62394712592766, 37.08579574587733], [128.6245558462019, 37.084428444224216], [128.62580226437674, 37.083224143109504], [128.62688198501056, 37.08255444918748], [128.62785913913675, 37.081781811461425], [128.62827136718488, 37.08134023836446], [128.62827850249178, 37.081332593457226], [128.62808999807447, 37.081030893103566], [128.62779831129347, 37.080564045330924], [128.6277460555627, 37.080494293023534], [128.62730358161534, 37.077465078947036], [128.62821291830957, 37.07515610540911], [128.62984590003404, 37.07411688734577], [128.63114383374992, 37.073470435274835], [128.6335252364522, 37.07232019239503], [128.63630563307999, 37.071960854694304], [128.63794908330922, 37.07166053976136], [128.64267079111048, 37.07076245343429], [128.64593297171947, 37.06909692537326], [128.64822126146507, 37.067679698843016], [128.65059933796755, 37.06582847189433], [128.65209649942307, 37.06544001880795], [128.6518063365653, 37.06390171840764], [128.64954741468583, 37.06277117065528], [128.64798182748294, 37.06205158540439], [128.64613415489438, 37.06108784870023], [128.6450659719943, 37.06005387888969], [128.64469125561465, 37.05965251464472], [128.64295542243138, 37.05715779006815], [128.6378561163816, 37.051553575416065], [128.6378723315538, 37.051441852630255], [128.63775431829018, 37.05103354351336], [128.63758840905655, 37.05061941991971], [128.63518520952724, 37.047137639909714], [128.63452672291984, 37.04655263487991], [128.63280883404292, 37.04171498276325], [128.63292477118307, 37.04050187036457], [128.63281927037593, 37.040528376268654], [128.63109142246034, 37.0409631920714], [128.6282653685148, 37.042143398953044], [128.62607664904644, 37.04381456417074], [128.62522239612844, 37.04481845034937], [128.62466796039936, 37.04546995263474], [128.62283198067493, 37.04533710720408], [128.62173757862007, 37.04667873968317], [128.62208483688337, 37.04791169920966], [128.6217144092231, 37.04907506590585], [128.61776179165088, 37.05065500798203], [128.61774332377956, 37.05066229665116], [128.61299352723765, 37.05166195744613], [128.60975978384116, 37.052032450689666], [128.6088355081757, 37.05269536578956], [128.6084368566, 37.052814517925285], [128.60709568953862, 37.04974797739992], [128.60710808164092, 37.04956902259243], [128.6071614298615, 37.049450331881815], [128.60726713608716, 37.049215497037785], [128.60748988796377, 37.0488847541275], [128.6076040709948, 37.04871905839555], [128.60789229919453, 37.04776181578138], [128.60792166441837, 37.04740525396894], [128.60712591648613, 37.043846493480444], [128.6070752024693, 37.04372301484685], [128.60697332008263, 37.043588687691006], [128.60684278568218, 37.04344432668438], [128.60678837357466, 37.04339578971392], [128.60516079396444, 37.04333136756337], [128.60471704142364, 37.04355866404194], [128.60468993572536, 37.04357254906936], [128.60452801143376, 37.043655820045046], [128.60423964076537, 37.04380585026238], [128.60310473252756, 37.04400361737374], [128.60163921628762, 37.0440971697491], [128.5980565260671, 37.04310593748918], [128.59796396408234, 37.04224169172265], [128.59683111510677, 37.041765901974244], [128.59248081496918, 37.04188514480852], [128.59204635493293, 37.04217168050012], [128.59202547129604, 37.042197576805435], [128.59182621348907, 37.04244492000487], [128.59074269848983, 37.043103639801465], [128.59052437560536, 37.043127681402936], [128.58745630217808, 37.0431265032318], [128.5860323096529, 37.04295351303355], [128.58472344697321, 37.04335164840186], [128.58352592618456, 37.04373364519564], [128.58347915107305, 37.04369710452415], [128.5821348984194, 37.042643433843836], [128.58088296009186, 37.04026350729779], [128.58073570486795, 37.039750505257224], [128.58056384487665, 37.03920235553261], [128.5788568637319, 37.038367728264646], [128.57772867076872, 37.03654586282617], [128.57773375095147, 37.03562578707919], [128.57773407623498, 37.03556710161354], [128.57714925707992, 37.03541100634156], [128.57432801626285, 37.035425920244066], [128.57297135642222, 37.03593859055267], [128.5715841643787, 37.035651467496606], [128.56907051188813, 37.03457059066546], [128.56837213396895, 37.034219430849525], [128.56786106026695, 37.0338731108904], [128.56564472205193, 37.031530248085296], [128.56541347993252, 37.03071763042057], [128.56665543084063, 37.02680733242258], [128.56692602492646, 37.02599569871788], [128.56912656505455, 37.0237322184985], [128.5697735457397, 37.023399031018435], [128.57101771130365, 37.02285523413398], [128.57141797948063, 37.02287048502965], [128.57260799443986, 37.02196670675017], [128.57290595065757, 37.02079965478198], [128.57127277690984, 37.015933461379355], [128.57034425731482, 37.01399511907079], [128.56914362269836, 37.01277129198468], [128.56741387488765, 37.01151023812528], [128.56615736008132, 37.01104985351852], [128.56425724040042, 37.010431819077866], [128.5634635547191, 37.01012861700057], [128.56333165834909, 37.009138988120796], [128.56292245125707, 37.0078939852745], [128.55960605730323, 37.00661425193961], [128.55682369425307, 37.005746396598795], [128.55575080720686, 37.0028305618635], [128.5558213649612, 37.001951186344435], [128.555606088764, 37.00008474283853], [128.5547312179899, 36.99828606538072], [128.55338583636347, 36.997463210940765], [128.54946420597014, 36.99545680900368], [128.5457036712145, 36.994342679335766], [128.54498782246796, 36.99345015438851], [128.54445238146943, 36.992782505853526], [128.54420698407532, 36.99257171496959], [128.5430274081277, 36.99209234261024], [128.53870088371096, 36.99090425031304], [128.53553388249625, 36.9902249982684], [128.53500909333601, 36.99020503292104], [128.53357067241495, 36.990167861605435], [128.53052505412708, 36.99041182508034], [128.52968362842853, 36.99081065295966], [128.52602693504622, 36.99007240616551], [128.52015142898708, 36.98806728675053], [128.51692538282603, 36.986910769894735], [128.51547480106208, 36.98682341885295], [128.51547884259253, 36.98562842422337], [128.51521365780127, 36.98328021898136], [128.51482510081425, 36.9828000460887], [128.5147740122484, 36.9827367849666], [128.51461558118635, 36.9825166574043], [128.51411158946485, 36.98118651577783], [128.51407348370225, 36.98106987389916], [128.51391990376916, 36.98059824930713], [128.5138678516049, 36.98039759278047], [128.51402846224943, 36.979345328615516], [128.5146141514181, 36.97758133879558], [128.5131107627229, 36.97643752970339], [128.5129014802659, 36.97632446723861], [128.5097452589694, 36.97462062700553], [128.5093069559272, 36.9744074204776], [128.50760460592102, 36.97364066251464], [128.50644213856597, 36.973201532607], [128.50641844444232, 36.973192540010245], [128.50661946544804, 36.97081982157645], [128.506719506234, 36.9701442148807], [128.506728110173, 36.97008244140108], [128.5051328684081, 36.96920673154038], [128.5022583142601, 36.967885140016904], [128.49385172854528, 36.964423163936814], [128.49086594838926, 36.963694812421046], [128.48992692785103, 36.963726867144665], [128.48956131455813, 36.96372666173572], [128.48744351136722, 36.96277391926506], [128.48642048951902, 36.96218360908572], [128.48601556551412, 36.961929637551975], [128.48583389453188, 36.96168047799442], [128.48557583531803, 36.960081048968256], [128.4853150298642, 36.959080824637844], [128.48489464475853, 36.95747144193422], [128.48289687296133, 36.957718699035674], [128.48144187372492, 36.95789874151383], [128.48025738659538, 36.95771612599295], [128.47995862991053, 36.95767028806114], [128.4787392762852, 36.957571435734785], [128.47850771884964, 36.957553481579495], [128.4770472199764, 36.95744047709087], [128.474791909579, 36.95615185484286], [128.46716959381428, 36.951450334907776], [128.46278173678945, 36.94738430357403], [128.46312232444077, 36.94556430982238], [128.46342315250462, 36.94375748059069], [128.462829037712, 36.94244116573568], [128.46143610861108, 36.93955594048583], [128.46086646405473, 36.93924308624688], [128.4604852910636, 36.93810828598783], [128.4600836706876, 36.93604710447488], [128.46039549445237, 36.934005032805345], [128.4568828221886, 36.93373167417525], [128.45397100774886, 36.931973458206365], [128.45266809530276, 36.93071840591487], [128.4519820511373, 36.93053222190701], [128.45043602464688, 36.93078929926256], [128.44849370163448, 36.929954492784326], [128.4460684360584, 36.928764273766504], [128.44545915579414, 36.92812718673217], [128.44503871660262, 36.92800109073111], [128.44320975475605, 36.92751704842578], [128.44174577227938, 36.927364534671774], [128.44231626326874, 36.92538068645901], [128.44302617632908, 36.92192120808031], [128.44282754637334, 36.91984567176315], [128.4437120699024, 36.91875315663101], [128.44477601529755, 36.91769366026656], [128.44481063364015, 36.91766930796422], [128.44474973208608, 36.91369350198686], [128.44297985027083, 36.91062931685158], [128.44113638885992, 36.905414270461065], [128.4401616685809, 36.90287397075065], [128.43815340858484, 36.89984300452874], [128.43705052844598, 36.89904148282686], [128.43360459480309, 36.895435663434], [128.43247379465146, 36.893846047876515], [128.4318840925476, 36.892865695762055], [128.43059479973633, 36.89256726623277], [128.42937664181284, 36.89222882164451], [128.42904078032774, 36.89205800849858], [128.4281363911967, 36.89109887397949], [128.42784458832253, 36.890788989113155], [128.4267863263408, 36.889244912643264], [128.42682868175993, 36.888657337088574], [128.42724187180303, 36.88742727885305], [128.42761313135284, 36.88669497536436], [128.42793484970738, 36.8857684196478], [128.42815843906703, 36.8847675784854], [128.42755732042144, 36.88222436270292], [128.42705120752177, 36.88126352687164], [128.42672396049815, 36.88104360887649], [128.42627381686677, 36.88079333960437], [128.42586937940237, 36.880511838580404], [128.42478376430591, 36.87939125714154], [128.42433868158653, 36.878108701003114], [128.4242316930498, 36.877650459097296], [128.42396974952104, 36.87652845071278], [128.4263845083439, 36.87552642131641], [128.42821820702684, 36.875056449532664], [128.4292435956495, 36.875541104452445], [128.4317115653191, 36.87553760774562], [128.43644313077442, 36.8736545967204], [128.43908086939942, 36.871717353152235], [128.43954853982524, 36.87112800775381], [128.4424807712235, 36.868217119878885], [128.44332929656, 36.86844672966712], [128.44333844983876, 36.868449152166434], [128.4438786458845, 36.86802897104846], [128.44799809902918, 36.86438835765479], [128.4487298279773, 36.86340634900291], [128.4491262248863, 36.86287421123762], [128.44780260290395, 36.86147172369471], [128.44665911407375, 36.85337169962498], [128.44698022254113, 36.85265486991954], [128.44899418071165, 36.848606464077136], [128.44903106212192, 36.847842141037006], [128.44702933946647, 36.84365054054896], [128.4467157878014, 36.84328174100396], [128.44543983261522, 36.842547548239644], [128.44254367587996, 36.84008654751119], [128.44245624972228, 36.83910618522009], [128.44150473769972, 36.8376029537213], [128.439524689603, 36.83641867286454], [128.43935319218087, 36.8363209416049], [128.43866579228612, 36.836092596926896], [128.43670797063106, 36.835258403562364], [128.43411311208104, 36.83414401593534], [128.4338240434684, 36.831346079100065], [128.43361198447604, 36.82762064740315], [128.43351449867944, 36.82733243797856], [128.43204718635562, 36.824065644856134], [128.43115894029202, 36.82294925305462], [128.43089130672652, 36.82292076479888], [128.42996274193706, 36.82246262502962], [128.4280087469614, 36.82086823466301], [128.42603691190627, 36.81837227517867], [128.42584129536056, 36.816767603185966], [128.42593078743076, 36.815902393603906], [128.42569248473563, 36.81528482620744], [128.4252548663347, 36.81477932558615], [128.42114340410123, 36.81180665830811], [128.42047892103287, 36.81151370798061], [128.42041853435202, 36.81153505812843], [128.41875291950123, 36.81188603770479], [128.41669974369808, 36.8122071736024], [128.41552893468437, 36.812291889242296], [128.4150952207076, 36.81219071217274], [128.41422639219613, 36.81173208674584], [128.41374127517963, 36.811447918342424], [128.412971751664, 36.81127491490497], [128.41150106263888, 36.8113950477416], [128.41023019389414, 36.811767225931085], [128.408189459412, 36.81226531304236], [128.40606624001194, 36.81192247843108], [128.40340744852617, 36.812144947311815], [128.39963499685027, 36.812869221174175], [128.3978290876069, 36.81354037317466], [128.3971193653161, 36.81382054450343], [128.39689626591468, 36.81398121890982], [128.39678144799882, 36.814029140939645], [128.39590566381347, 36.81437525004664], [128.39457945027223, 36.81481186910241], [128.39435547726086, 36.81487416399081], [128.38953663401878, 36.81431767636866], [128.38479548686897, 36.81380656141141], [128.38333908648082, 36.813757909499834], [128.38017508989782, 36.81264795782546], [128.3777063544538, 36.810971677494024], [128.37331110846017, 36.80766947664536], [128.372749483932, 36.80540735860473], [128.37104327408454, 36.80409073626934], [128.36839883683302, 36.80207603452764], [128.36758180433003, 36.80251235047962], [128.36755018462796, 36.80259011070103], [128.36750949923433, 36.8026417050371], [128.36694656597044, 36.80283722259181], [128.36618638827383, 36.803002966304135], [128.36555373202802, 36.80303365492782], [128.36476730110863, 36.802752641280684], [128.3645357942707, 36.802420256619314], [128.36408420497406, 36.802215654850706], [128.36275874812682, 36.80236452032359], [128.36127850873078, 36.802859862332], [128.35708203304134, 36.806324630953014], [128.35686797837107, 36.80677457320662], [128.35713857685064, 36.80818568093002], [128.3567624050177, 36.81061630292378], [128.3531810167625, 36.8124499703236], [128.35122571048896, 36.81293546316378], [128.34824227014056, 36.81301513095601], [128.34100277714617, 36.81457260471809], [128.33726227682922, 36.81562378166513], [128.33592777683575, 36.816347896397865], [128.33523177783542, 36.81674272827869], [128.33489489926396, 36.81687937852921], [128.33445973552065, 36.81696057208708], [128.33336389263533, 36.81701749593868], [128.32843002210728, 36.8163772143939], [128.3208490358927, 36.81563995007802], [128.31645039186142, 36.81666164200624], [128.31642275840653, 36.8166778161582], [128.31612112321358, 36.81686390051508], [128.31606340635452, 36.816934807648], [128.31591838909955, 36.81711447096368], [128.31584985814067, 36.81727824151121], [128.31579045031708, 36.81742038326187], [128.31591868042045, 36.819123610575645], [128.31609630083813, 36.820806565527874], [128.31631150305225, 36.82126201412818], [128.3162689442409, 36.821419449647365], [128.31582973064286, 36.82257706422823], [128.3157493326601, 36.82275570150466], [128.31539841573277, 36.82308453759889], [128.31504330385042, 36.82333423300126], [128.31067035591934, 36.82631036620244], [128.30500121940182, 36.82932183007796], [128.3046254216213, 36.82958488030938], [128.3033781848622, 36.8311882387109], [128.30164323851707, 36.83266314184234], [128.300016960304, 36.83320012814323], [128.29562427350376, 36.83534122895265], [128.29522058498796, 36.835773886776906], [128.29462841673003, 36.836626679498245], [128.2935822383442, 36.83844542941711], [128.29332340822305, 36.83899044757439], [128.2929438087264, 36.83946660181459], [128.290157143862, 36.84275157840895], [128.2894498612328, 36.84355578037575], [128.28898341545104, 36.84391088675729], [128.2880372724537, 36.84438334710588], [128.28783087267837, 36.844463489511895], [128.28750468122868, 36.84446434194028], [128.28724833986377, 36.844545593916315], [128.28675457258458, 36.84484026131992], [128.28655569853876, 36.84503364049364], [128.2859339452437, 36.84616638661826], [128.28550915013366, 36.847310452742455], [128.28552018853816, 36.8481183964639], [128.28555331148786, 36.848623762156365], [128.28561721493142, 36.849173805360536], [128.28565395630883, 36.849779997622754], [128.28561352842812, 36.84988788885607], [128.28439936230322, 36.85244977159573], [128.28348386721444, 36.85422161863293], [128.28247575439912, 36.85596277813654], [128.28149563064662, 36.85650762638539], [128.28036269242818, 36.856961714064205], [128.28020314967966, 36.85699172470509], [128.2800398115454, 36.85699664859596], [128.27949434987076, 36.85690800865744], [128.2793500463213, 36.856844903913185], [128.27923754657667, 36.856791002443025], [128.27902048176566, 36.85673392625883], [128.27885797347756, 36.85674364325861], [128.27821736542396, 36.856823933457015], [128.27633287405015, 36.857100238416365], [128.27617655021214, 36.85714180615695], [128.2687967814085, 36.860214832199986], [128.26857036492945, 36.860328891013374], [128.26831288868325, 36.86054018311534], [128.2680424604345, 36.86095131953172], [128.2678838697499, 36.86130147780396], [128.2678014555115, 36.86161972405241], [128.26779640810616, 36.86167094228761], [128.26777871471702, 36.86192763917086], [128.26773930442278, 36.862072416382375], [128.2675826686386, 36.86225532173249], [128.26726834025692, 36.862620005519], [128.26527423100399, 36.86398434899851], [128.26502512010262, 36.864142468097384], [128.2648251055401, 36.86420598363535], [128.26044445617103, 36.86517810329153], [128.25981556066168, 36.865015650017206], [128.25942394399897, 36.86508754498677], [128.25429224884104, 36.866408697220756], [128.24685127285193, 36.86932594224794], [128.24501846780214, 36.8702896984483], [128.2445183369031, 36.870556276973346], [128.2418256969287, 36.872325679483495], [128.2421068110054, 36.87277206771013], [128.2426480795111, 36.87488216224222], [128.24257088391676, 36.877475695693214], [128.24268243879143, 36.87817508045312], [128.24282021944032, 36.87843691516921], [128.2431118141069, 36.87897786628156], [128.24387688185504, 36.88003394545438], [128.2440820911567, 36.8803029520137], [128.2448074255854, 36.88091735459576], [128.2457159313941, 36.88096050503449], [128.24650858770337, 36.88151027857643], [128.250918444592, 36.88472207704148], [128.25087485128415, 36.8847785689329], [128.25060535809808, 36.88512687921066], [128.2483245805422, 36.88748169635658], [128.24727537271966, 36.888470606611236], [128.24653381310412, 36.88854680423333], [128.24431358750599, 36.890304247578825], [128.24403855025957, 36.890659094109125], [128.24380344175458, 36.89096903370973], [128.24351746510885, 36.892596414687986], [128.2440581186025, 36.89694866030601], [128.24506790752525, 36.90036933411714], [128.2462571959929, 36.90430170468824], [128.24626516990506, 36.90431794625419], [128.2462290732272, 36.90470746532456], [128.24619540329476, 36.90496573357278], [128.2459563229294, 36.906327951433674], [128.2459384916473, 36.90639627593573], [128.24582955587985, 36.906812461324705], [128.2457827747554, 36.90686842045648], [128.24574975669643, 36.906907899668035], [128.24562578124937, 36.907046604689064], [128.24451414609393, 36.90740428977527], [128.2438297205422, 36.907598984545075], [128.24320699933807, 36.90848596602757], [128.24272248877202, 36.909680104280596], [128.24242387475869, 36.91053131763123], [128.24228785231983, 36.910944678822226], [128.24228898050953, 36.911534002161225], [128.24230162269185, 36.91162144260449], [128.24188524970427, 36.912045048036234], [128.24137173380996, 36.91235929041364], [128.24041074901723, 36.91284545298453], [128.2393738955466, 36.91334647684623], [128.23798047474406, 36.91376448292453], [128.23753795779893, 36.91476473116703], [128.23672091297615, 36.91661217522401], [128.23687637975985, 36.91927196976673], [128.23731191515463, 36.92159575597049], [128.23726175600387, 36.92237791786382], [128.23722768079506, 36.922417417445864], [128.23650570347053, 36.92325049139877], [128.23604899542585, 36.92533267541405], [128.23621165830434, 36.930699139465766], [128.23634826616592, 36.93362352283109], [128.23667985160162, 36.93400103897058], [128.2406962876588, 36.93599467558796], [128.2428242338752, 36.936939365601006], [128.2444694399642, 36.93677489433617], [128.24702131678444, 36.937879228937604], [128.24732165859075, 36.9392422562533], [128.24645445800292, 36.94012056257973], [128.24541659202293, 36.94064361456623], [128.24482950207937, 36.941859674334225], [128.24737489327762, 36.944644467172914], [128.24844079025007, 36.94439705010069], [128.24962789815058, 36.9435373338003], [128.2511203130528, 36.94244139700759], [128.25112051151422, 36.94244125062215], [128.2519392545419, 36.9425492052872], [128.25287648370136, 36.942694476005364], [128.25380650842075, 36.94306450787547], [128.25553610040075, 36.943975157542546], [128.25682293678966, 36.94511571652704], [128.25710816397975, 36.94541651548171], [128.25718234117036, 36.945511464249144], [128.25788879216464, 36.946511735817346], [128.25797185590446, 36.946656991991595], [128.25805887385553, 36.94682894662467], [128.25806881554746, 36.946899796775995], [128.25830992501128, 36.94737591467636], [128.2591010588359, 36.94814805318089], [128.2598001572428, 36.94874067150676], [128.2598575719612, 36.948776389230865], [128.26106934092053, 36.94926924305932], [128.26195342276537, 36.94918523965562], [128.26241377603202, 36.94904097346613], [128.26287042350825, 36.94911947585612], [128.26352907589077, 36.949490337934506], [128.26416656727002, 36.95032263831816], [128.2644847698073, 36.95074780403272], [128.26458321093665, 36.950888676417684], [128.26462362057342, 36.95099889163547], [128.264647261504, 36.95109156124943], [128.26474084750205, 36.951702419673275], [128.2644985104118, 36.95230276341149], [128.2628040226998, 36.953112832920844], [128.2615775407857, 36.9533071799626], [128.259658217507, 36.954848860621325], [128.26040792807967, 36.95563521351151], [128.2626995583145, 36.95735155150534], [128.2655268324112, 36.959967680221624], [128.26569462289666, 36.96109667163161], [128.2626084504476, 36.966017245627945], [128.26159078256993, 36.96767353736248], [128.2604701049291, 36.97085447743825], [128.25999502593288, 36.972755034672254], [128.2598914396569, 36.97575624777433], [128.2593475767423, 36.97863964319262], [128.2590433075778, 36.97974914259958], [128.258550346055, 36.98112307527867], [128.25701873465246, 36.98473264843327], [128.25710780417504, 36.987546263057204], [128.25757820638898, 36.98844680670787], [128.25805704788152, 36.99073511097753], [128.25851070680108, 36.993325235004654], [128.2580311296034, 36.99417332308819], [128.25773407503848, 36.99455207809794], [128.25696503944354, 36.995516704353506], [128.25676953215944, 36.995753030965794], [128.25507263354643, 36.99637212064281], [128.2539085466154, 36.99748223831267], [128.25600344016266, 36.9980305706308], [128.25713246508874, 36.99893147317273], [128.25745715293755, 36.99976232644135], [128.25753374696157, 36.99995832938269], [128.2576022302721, 37.000152167442316], [128.25759675919497, 37.00018206463905], [128.25749941430536, 37.00070934655548], [128.2569999763954, 37.0025949439356], [128.2565822626874, 37.004114185335574], [128.2560668263898, 37.005541834035306], [128.25524208337168, 37.00714139996188], [128.25450305260406, 37.00829574817565], [128.25383316868675, 37.0092373410719], [128.25233462150467, 37.01006856542879], [128.2510539689203, 37.01061421597719], [128.248885908449, 37.012632207223476], [128.24837589746454, 37.0132435022802], [128.24589468651357, 37.01673816479821], [128.24564720999652, 37.01749620178493], [128.24508564950855, 37.018868539104744], [128.2445245253878, 37.01998969858295], [128.2439046730486, 37.021083601275606], [128.2433527537311, 37.02152045655012], [128.23991430973444, 37.02411865000639], [128.23849272971353, 37.02508855372623], [128.23747582391024, 37.02524529049398], [128.23367501409044, 37.025020141648724], [128.23056304545207, 37.0245892379168], [128.22968555992594, 37.02452821050928], [128.22928398177626, 37.024516606249186], [128.22804666398014, 37.02448434604139], [128.22659882059116, 37.02533837543424], [128.22659774485075, 37.025358930768775], [128.22657495975582, 37.025864019046544], [128.22505251852107, 37.02721251432578], [128.22508520426908, 37.02828820292207], [128.22441414000625, 37.02947432283318], [128.22408261870308, 37.03059218155808], [128.22405498815283, 37.03136564807821], [128.22442108320598, 37.03253544462289], [128.22449162344324, 37.0326853542357], [128.2247052640531, 37.03306467872806], [128.22477538465614, 37.03318925005636], [128.22447479298177, 37.034155024194945], [128.22442735552175, 37.034307000810855], [128.22353699263678, 37.034917877994324], [128.22193023383238, 37.035732376951735], [128.2210162167091, 37.03609655477799], [128.2197821701603, 37.03645668022796], [128.21858065100184, 37.03687559367173], [128.21712493872923, 37.03738804652994], [128.2171449732327, 37.03767589053239], [128.21824215433537, 37.039499892086454], [128.2196444067026, 37.04120024582008], [128.21998560382318, 37.04160445162016], [128.2193282291332, 37.044538645606956], [128.2189816612719, 37.045843605022995], [128.21941803587345, 37.046312151619084], [128.2201362413788, 37.04766643570317], [128.22106634377909, 37.04957153000151], [128.2210271400665, 37.05004157889817], [128.2199761408326, 37.05098886853656], [128.21886458979287, 37.05177543282794], [128.2178626384974, 37.05432459457843], [128.2178629002128, 37.05434091582002], [128.21828988007942, 37.05459191916367], [128.2186847303967, 37.05478947419539], [128.21899562419796, 37.05485413997949], [128.2196312103259, 37.054836912670304], [128.22132444189296, 37.055579176997384], [128.22190420345956, 37.056090457249766], [128.2247514230698, 37.06032599913664], [128.22522696023162, 37.062043709458216], [128.22536733941993, 37.06233988310762], [128.22797661073875, 37.06292111376401], [128.23325638412894, 37.06490775683101], [128.23356905408008, 37.06497095605538], [128.23367887298627, 37.06498304986234], [128.233920891323, 37.0649814012251], [128.2347795391813, 37.06497554453355], [128.23503343302204, 37.064924195495536], [128.23543826634688, 37.06484199408797], [128.236640702425, 37.06534699296452], [128.2368101362817, 37.06541815276169], [128.23830185777484, 37.06711874804507], [128.23853021082178, 37.0678101355247], [128.23869887246406, 37.069865212812424], [128.23860318436041, 37.070182404310046], [128.23832030167804, 37.070505212276665], [128.23827058852234, 37.07120880660328], [128.23873266418627, 37.072291102665204], [128.23940759115814, 37.07360431307957], [128.24412992384512, 37.07625203747587], [128.2467936451046, 37.076915255867455], [128.24924630414742, 37.07511288660603], [128.2508573504683, 37.0761120974525], [128.2509694638788, 37.0779973931199], [128.25208934641512, 37.07925572269653], [128.25521482304728, 37.08202823323325], [128.25630819709224, 37.08258739275443], [128.25713950878145, 37.08278948091787], [128.25824327753818, 37.08278483494979], [128.26014370137963, 37.08258588486382], [128.26230132527476, 37.08278793040093], [128.2662593241785, 37.08489186094442], [128.2694970418931, 37.08756367513001], [128.26973748935114, 37.0881571696334], [128.26976264201198, 37.088380180353035], [128.2693055465042, 37.08862101881157], [128.26895020411115, 37.08872590538052], [128.26829727401227, 37.08847665169271], [128.26813414505423, 37.088411099854625], [128.26754613287451, 37.08807161788067], [128.26746614844416, 37.087996454281786], [128.2666933492089, 37.087766786945785], [128.2647320028877, 37.088791465626755], [128.2623335931486, 37.09029406499506], [128.26165272241377, 37.09205150026591], [128.26151691560014, 37.09240405910618], [128.26121580517173, 37.0936630250436], [128.2613196438578, 37.095115627048415], [128.2615282260849, 37.095655139755856], [128.25961170807878, 37.09913083010009], [128.259589674668, 37.09913754159486], [128.25845741242912, 37.09947446871893], [128.25637010294315, 37.100239617553456], [128.25636704329597, 37.1014605067913], [128.25663831544213, 37.101645727657484], [128.25699900171955, 37.101839282074025], [128.25785019244964, 37.102380155309156], [128.25787150055356, 37.10239372409037], [128.26005034864036, 37.104270041158195], [128.26058867276691, 37.10480830852465], [128.26287268052786, 37.10746365693172], [128.26559624880827, 37.107809974563196], [128.26693782962644, 37.10863809499251], [128.26692212223364, 37.10866641595559], [128.26638107158996, 37.10963795132227], [128.26638004940185, 37.10963993741299], [128.26638022297325, 37.10967089952278], [128.26638260827312, 37.1098992277928], [128.26713245607763, 37.11281299610044], [128.26736312832818, 37.11353357805577], [128.27084550030162, 37.1158938405304], [128.273035850115, 37.117027030285314], [128.27405953841046, 37.11701857429928], [128.2761117382323, 37.11598826102297], [128.27759910005867, 37.115809797622305], [128.27863160471892, 37.11398232207044], [128.2786746207385, 37.11390612161298], [128.2786937458429, 37.113872134806094], [128.2786926238061, 37.113868191327214], [128.27844457670017, 37.1130405512387], [128.27781830432022, 37.11133652436923], [128.27777968084035, 37.11077381265759], [128.28050823345615, 37.108124475424546], [128.28210405564212, 37.1089265972132], [128.2846544195417, 37.10689571132465], [128.28594856422737, 37.10548740535851], [128.28607130960032, 37.10415822728798], [128.28710579918274, 37.10217861600847], [128.28836268174877, 37.10167056091776], [128.28895352385766, 37.101563346414345], [128.29064194138437, 37.10090361029394], [128.29258125034863, 37.09968108008726], [128.29259059183818, 37.09967309160049], [128.2930634015523, 37.09926024752192], [128.2939519830458, 37.098065394149984], [128.2953541891274, 37.098578947673346], [128.29702140947012, 37.098870185795704], [128.29843302783047, 37.099094921557445], [128.29913807377645, 37.09900780625393], [128.29997893289476, 37.09849657592188], [128.30067727361126, 37.09853200831934], [128.30179788472378, 37.09912874442005], [128.30382652658136, 37.10032564032546], [128.30459818321202, 37.10197246319483], [128.30468474204272, 37.10298259727163], [128.30569492577825, 37.10679030330681], [128.3065000273974, 37.108966633595735], [128.30679268849414, 37.109160505388665], [128.30696372734954, 37.10927378517175], [128.30840373225874, 37.10984891400428], [128.30841931405308, 37.10985521131844], [128.3088605960637, 37.111230284032665], [128.30895058423548, 37.11190419318335], [128.30888569979848, 37.11226136451607], [128.30837707002905, 37.114495245078295], [128.30837378931224, 37.114509352738125], [128.3083534981162, 37.11451520867556], [128.30728292316644, 37.11482095710588], [128.30582438483177, 37.11550712774817], [128.3053820740938, 37.115854371082875], [128.30495091028112, 37.11619585465387], [128.30478611298886, 37.11642686041531], [128.30418558485076, 37.11730854646711], [128.30380662517908, 37.118604797663], [128.30357594504179, 37.11997852467669], [128.30347056594363, 37.1206616305224], [128.30339243599843, 37.12131457999106], [128.30332212871866, 37.121992503709926], [128.30356631990085, 37.12403479202301], [128.30373835041505, 37.12828812032014], [128.30345835246158, 37.12893963602726], [128.30221235010603, 37.12952825573401], [128.3000111838607, 37.13204729445124], [128.2997753930344, 37.13300436732587], [128.29833692713638, 37.13418966995827], [128.30072782960076, 37.13527140753095], [128.3054452940651, 37.13715969743056], [128.30632059711266, 37.13750979841876], [128.30636092232928, 37.13752592772946], [128.30754302021938, 37.14078952495787], [128.30951501930824, 37.144925329655464], [128.3095626906577, 37.14495095975516], [128.31111201523657, 37.145783887254815], [128.31672041663475, 37.14755932986655], [128.3217213964513, 37.148872814177196], [128.3244435256163, 37.14795684141151], [128.32447353891416, 37.14796893306405], [128.3247329484922, 37.14807344773515], [128.32598715963374, 37.14910563780194], [128.3266129047891, 37.15023897655908], [128.32703911711667, 37.15108799834828], [128.32712557332542, 37.15197855118761], [128.32725372619942, 37.15257210811059], [128.32746560439597, 37.152935745821374], [128.32784440331994, 37.15301236089622], [128.32797017999232, 37.15294189373292], [128.32922121450136, 37.152007378467836], [128.3296501281281, 37.15162131936084], [128.33017848858236, 37.15105868031492], [128.3304050147734, 37.150604082382024], [128.33067274436678, 37.150343162623486], [128.3334726511238, 37.15247605171759], [128.33381474496682, 37.1530507049563], [128.33490714116397, 37.155123836621556], [128.33447733626502, 37.155961445724245], [128.3344592477419, 37.155979275551125], [128.3347464099319, 37.156521547688214], [128.33549881913066, 37.1572473824393], [128.33617242443268, 37.15755233655604], [128.33633260140334, 37.157604547081725], [128.33709310301532, 37.15785242751024], [128.3381834684161, 37.15809492189284], [128.3384770326663, 37.158143842376894], [128.34009010859094, 37.15810349717325], [128.34045937628028, 37.15809332070484], [128.34048628764373, 37.15809257909406], [128.34076986062848, 37.15791575513617], [128.34089061811838, 37.157819143423694], [128.34129479231385, 37.15748298409263], [128.3413906530132, 37.157388008867805], [128.3414355502454, 37.15731520191576], [128.34151988531448, 37.15699336393043], [128.3415258594732, 37.15688777745824], [128.34149658529057, 37.15676684989107], [128.34157163052717, 37.1566675829592], [128.3420127222141, 37.15620930423791], [128.34207735318503, 37.1561479694657], [128.34230902919052, 37.155996109575916], [128.3423900715815, 37.15597397042349], [128.34251474648528, 37.15595165353376], [128.34258855342026, 37.1559421229848], [128.34283676738363, 37.155956091760906], [128.34519567643403, 37.15612019132198], [128.35015061794923, 37.15693075200356], [128.35047451865935, 37.15702348335859], [128.3505121830688, 37.15703426772436], [128.35068286000427, 37.157287476772794], [128.3507766409612, 37.15751147366834], [128.35080180346296, 37.15757156909412], [128.35151373590134, 37.15741262244537], [128.35398482952354, 37.15567479359178], [128.35531535030253, 37.15388527280877], [128.3555947000049, 37.15359706528246], [128.3560225296002, 37.153289853313794], [128.3582826860147, 37.15227639289497], [128.35947906409262, 37.15069261186414], [128.35971309808164, 37.15022531462234], [128.3597153489117, 37.15022082017756], [128.36020149860954, 37.150643883757695], [128.36216949910394, 37.152696211991945], [128.3634200674596, 37.154669718465456], [128.36443373823067, 37.15643056293216], [128.36681787521448, 37.155462889334935], [128.36788810725852, 37.15443079311778], [128.36839411739558, 37.15443530616639], [128.37582941775017, 37.15331335355673], [128.37645881264035, 37.15240919264393], [128.3784158297057, 37.153381832645834], [128.38317913036124, 37.15653366990711], [128.384102096228, 37.157977779289794], [128.38594952431316, 37.15698140014737], [128.39252848526618, 37.153387319785246]]]]}, "properties": {"name": "\ub2e8\uc591\uad70", "base_year": "2018", "name_eng": "Danyang-gun", "code": "33380"}}, {"type": "Feature", "geometry": {"type": "MultiPolygon", "coordinates": [[[[127.58357721502577, 36.86004442168641], [127.58345664539063, 36.859899515831486], [127.58461815035392, 36.85990537359895], [127.58470858076721, 36.85989706530041], [127.58534806181184, 36.85972303546927], [127.58549593080083, 36.859675047040554], [127.58574605866512, 36.85959201601338], [127.58596866115725, 36.85943135856523], [127.58639822036655, 36.85877503184272], [127.58633997347505, 36.85834170787027], [127.58634284680087, 36.85820638698524], [127.58637356894442, 36.857610267790356], [127.58703725974175, 36.85724963874608], [127.58770251885959, 36.857248949647385], [127.59053203553763, 36.85729092525613], [127.59121568248565, 36.85781701463328], [127.59169890849901, 36.85754084614583], [127.5918972171385, 36.8574170914216], [127.592628072609, 36.85690942790486], [127.59396156694363, 36.85543383416915], [127.59402708653938, 36.85534679643301], [127.5951318127886, 36.85368322521503], [127.5958723952195, 36.85227551911806], [127.59600372582754, 36.852036480702154], [127.59653064419626, 36.85158889662648], [127.60184583783642, 36.85213081174662], [127.60672281508677, 36.85321775847529], [127.60847044694094, 36.85465532181326], [127.6122609557183, 36.857409829222526], [127.61234503218027, 36.85746764181891], [127.61373113075813, 36.85838668247799], [127.61566527313602, 36.85860258643107], [127.6165977071224, 36.858662615319446], [127.6166122624029, 36.85864759256785], [127.61748304034612, 36.85771477006879], [127.61713742222459, 36.85642417297711], [127.61593874649336, 36.853620958769696], [127.61589608495977, 36.85353311837725], [127.61546711976638, 36.852952566113665], [127.61544607490004, 36.852931752799954], [127.61445506996404, 36.85324698517133], [127.61311424917415, 36.85139379204232], [127.61291791611782, 36.851003371159194], [127.61149805887237, 36.84778420819665], [127.61151669577538, 36.8471326554826], [127.61158477479242, 36.84670357862909], [127.61253086134045, 36.844966834860976], [127.61322750067306, 36.84393970185983], [127.61324526438914, 36.84390677330993], [127.61327099697266, 36.84377032810763], [127.6134214888256, 36.84182329758647], [127.6134774570595, 36.84107203584085], [127.61373381639325, 36.837442017181615], [127.61339952103745, 36.836455146900484], [127.61367594196392, 36.83569982194557], [127.61555509282638, 36.833903819493386], [127.61642475946879, 36.833830173963385], [127.61675966662641, 36.83398556507922], [127.6178700456891, 36.83545324321038], [127.62083238690082, 36.836759524595344], [127.6209184853871, 36.83670576911067], [127.621131373688, 36.83657707529258], [127.62148796154932, 36.83641736539851], [127.62233247792263, 36.83609311609002], [127.6237641660203, 36.83560353397914], [127.62495058935602, 36.83770286670293], [127.62500389837402, 36.837798605962526], [127.62515751210634, 36.83812509182603], [127.62558888295659, 36.83923643589682], [127.6259829145904, 36.840296845227], [127.62611084350385, 36.84129808841297], [127.62638851756152, 36.842529745639894], [127.62802463106861, 36.843582018161335], [127.62855217384278, 36.84357457070473], [127.63058896817604, 36.84435318450196], [127.63237493723697, 36.84543030180516], [127.63433697495779, 36.84664446388542], [127.63522464685109, 36.847186819459466], [127.63584809794635, 36.847360432252884], [127.63753681568538, 36.84694586000768], [127.63733393016483, 36.84589606562152], [127.6382135965438, 36.844625326220736], [127.63870244979313, 36.844300037145764], [127.63918412982882, 36.843585003823584], [127.63858546839485, 36.841114349814475], [127.63595686489097, 36.83705704529515], [127.6356052286625, 36.83669575755738], [127.63398964099054, 36.83475600907038], [127.63283210133464, 36.83185376448752], [127.63266321666475, 36.83146324694119], [127.63256925912499, 36.831299504531586], [127.63228881383701, 36.83094221716103], [127.63167665380529, 36.83049802850627], [127.63101431406453, 36.830509961812915], [127.63089989800814, 36.830408925081116], [127.63081036669713, 36.83020732102386], [127.63031535265341, 36.828754155087026], [127.63042006575195, 36.827148790846046], [127.63054815640464, 36.82680857665055], [127.63044236343073, 36.825649499508856], [127.62998214266294, 36.822633805191245], [127.62983956605296, 36.81868693854167], [127.63009688412428, 36.81623644901459], [127.63052539285732, 36.81578415262388], [127.63132001219387, 36.81500737322119], [127.63132285951436, 36.815006428040306], [127.6316756300169, 36.814890779546815], [127.6328423011357, 36.814212613790005], [127.634964335988, 36.8128621228555], [127.63497714813005, 36.81285294306144], [127.63498624795716, 36.812837920540694], [127.63507981435595, 36.81256057147675], [127.63508587341109, 36.812537164216025], [127.63542825460421, 36.81115518775533], [127.63498296034084, 36.80880993533597], [127.6345931067675, 36.8086368655833], [127.63421990171149, 36.80826450459979], [127.63398056795764, 36.80755258404672], [127.63401384596835, 36.80729587596337], [127.63551511928362, 36.80539140239212], [127.63761745393181, 36.80432864279793], [127.63898390180562, 36.803905535423304], [127.64013001847384, 36.80344480580127], [127.64167806852863, 36.80129997302242], [127.64193822563286, 36.800743959159185], [127.64161773893647, 36.79995485316769], [127.64156117090313, 36.7999349943586], [127.64055993916472, 36.79893938739833], [127.6396636076186, 36.797550115169074], [127.63811835544323, 36.7955764015706], [127.63808403478149, 36.79554907629532], [127.63607574479799, 36.79427352698018], [127.63421354189097, 36.79362299125167], [127.63227264658339, 36.79372880607985], [127.63200961855843, 36.79374786156182], [127.62735781749716, 36.79321006675426], [127.62738280516078, 36.79241669523266], [127.62737886062969, 36.79232041483093], [127.62714800995987, 36.79188681756421], [127.62534330459692, 36.79141575301089], [127.62626026554298, 36.79048169707724], [127.62628845913801, 36.790442245679905], [127.62618659441469, 36.79021027104691], [127.62598878351541, 36.7898208752615], [127.62548428344839, 36.789317684506905], [127.624753939622, 36.78921180559893], [127.6236480477032, 36.78910417307437], [127.62093922083986, 36.78786801916371], [127.6204583050911, 36.78018602148256], [127.62047950136385, 36.77935312914241], [127.6208258202216, 36.77859429942413], [127.62473776134635, 36.77697503931191], [127.62497662258791, 36.77689882662336], [127.62539181387551, 36.776860741374094], [127.62603318986356, 36.777118647581666], [127.62655265828639, 36.77690694874159], [127.62723824683971, 36.77662400489249], [127.627476431992, 36.77643468508073], [127.62752048797601, 36.77639191149252], [127.62869800034481, 36.77248557475419], [127.62822452428581, 36.770181869965306], [127.6270420541809, 36.76773665214582], [127.62554684484783, 36.76586096135236], [127.62549098980648, 36.76574363432417], [127.62408356007836, 36.76242506886596], [127.62409228182477, 36.7617861828286], [127.62410845344401, 36.76105717443678], [127.62417103298655, 36.76048904682294], [127.62902245053242, 36.756357640552395], [127.63239702414569, 36.75321267126078], [127.63414255164119, 36.75210383155539], [127.6346427526102, 36.75221291634207], [127.63510742960662, 36.752168442507816], [127.63553251936895, 36.752087207232854], [127.6357214814743, 36.75162828909823], [127.6356901062961, 36.75103666819138], [127.63567495467309, 36.75091949846179], [127.6356246945131, 36.750532512464304], [127.63553208633007, 36.75014551335889], [127.63526959410906, 36.74934561123877], [127.63500972625738, 36.74868564226421], [127.63536932879265, 36.746942312955824], [127.63549281956435, 36.746631610494354], [127.63642754539933, 36.74519912436077], [127.63643996466345, 36.7435924454257], [127.63613874206712, 36.74220004230074], [127.63601837508058, 36.74130729134647], [127.63858034068261, 36.737176415018745], [127.6384835081876, 36.73675086766522], [127.63860712505016, 36.73359431808172], [127.63867163315182, 36.7329606177467], [127.63894827329655, 36.73254843283577], [127.63910707576802, 36.73241846445232], [127.63967394010056, 36.73196394718573], [127.64135464019898, 36.73175794294561], [127.65000375189021, 36.73266086422662], [127.65104958133794, 36.73399555590521], [127.65112384716225, 36.734376332570044], [127.65431894548237, 36.73436686252225], [127.65626613782803, 36.73289197102521], [127.6568102667386, 36.73258095151957], [127.65865037350157, 36.732188606336805], [127.65969134637317, 36.732077199949025], [127.661558318949, 36.732181878358546], [127.66206494964008, 36.73245345896655], [127.66222867528367, 36.732367017214656], [127.66344482290934, 36.731535467321784], [127.66410970302783, 36.730697772653315], [127.66445016275146, 36.73012113075869], [127.66450495896375, 36.72999320942847], [127.66450499239481, 36.72999313095324], [127.66453885676006, 36.72992039126177], [127.66459986738462, 36.72954433891379], [127.66446776940677, 36.72867434333382], [127.66383385080523, 36.72761877208743], [127.6636897083274, 36.727396902606145], [127.66221931489144, 36.72502725126706], [127.66140951664885, 36.72229489414026], [127.66156338257277, 36.71935963253808], [127.66213030107313, 36.71719528657333], [127.66220647398019, 36.71703545860111], [127.66297520540354, 36.716263099849904], [127.66303312906541, 36.716144463527584], [127.66266160247724, 36.71499301797486], [127.661247482176, 36.7140823448323], [127.66049678571649, 36.71330147031068], [127.65970269436505, 36.712460232491885], [127.65908555983744, 36.71125918354706], [127.65886868761991, 36.71026400460672], [127.6590338747355, 36.70987984654959], [127.65483334412895, 36.70439885926535], [127.65118948940442, 36.70201561108653], [127.64939358416764, 36.70162608000406], [127.64775057508702, 36.70128063304095], [127.64239983795704, 36.70261816147589], [127.6417020923447, 36.703525956035634], [127.64131083902937, 36.704040867370914], [127.64121971599504, 36.705657659100375], [127.63824064598506, 36.70796628345683], [127.63521676741689, 36.70875233960331], [127.63374674074424, 36.70892308391804], [127.63332585552155, 36.7088329638409], [127.63311226513352, 36.70823142089785], [127.63289617418326, 36.70790402420724], [127.62981661368885, 36.70726801829987], [127.62981638083419, 36.70726803387906], [127.62939707181472, 36.70729588655349], [127.62736691404652, 36.70746805298794], [127.62496535926405, 36.706300486110464], [127.62416827752138, 36.7057076115627], [127.62414243312261, 36.705408519678585], [127.6230010254358, 36.70462103111065], [127.62300074665339, 36.70462102689124], [127.6216838436714, 36.705341794932366], [127.62028966979909, 36.706162837545165], [127.61904923589083, 36.707191807545236], [127.61793225047401, 36.70744370482674], [127.61816143275253, 36.708570702090405], [127.61891450376595, 36.71476858970813], [127.61885518463515, 36.71622504501853], [127.61885103067708, 36.7163270161963], [127.6186097564433, 36.71685705266239], [127.61799738978638, 36.717352183701706], [127.61718829146221, 36.717823837798434], [127.61568727551145, 36.719713320743196], [127.6156218406628, 36.720484084578416], [127.61532496007877, 36.721700860574416], [127.61487394373178, 36.723508878833094], [127.61444809335094, 36.725091815115114], [127.61420226841042, 36.72572305951954], [127.61381452957352, 36.72648335856787], [127.61140217952448, 36.72921937260632], [127.61136146132466, 36.72924610003525], [127.61064778774224, 36.729670389008156], [127.60956331486186, 36.73020798138786], [127.61033731286875, 36.73225939317751], [127.61055683792243, 36.7352632822971], [127.60985879497025, 36.735582336883965], [127.60974487085745, 36.73563335322368], [127.60869888243296, 36.73631897118076], [127.60829819070948, 36.737034825134536], [127.60727947675315, 36.7398818337139], [127.6066493492801, 36.74204755497156], [127.60607156771653, 36.743431365185955], [127.60432789623678, 36.74542641459575], [127.60402726145395, 36.74566024164791], [127.60359501663653, 36.74581124540383], [127.60316684788175, 36.74582104415313], [127.60113857653447, 36.74558184904179], [127.59947923358085, 36.74483265903829], [127.59829630784607, 36.744218819941764], [127.59662240582543, 36.74452820717128], [127.59598788804622, 36.7446457013972], [127.59255873385253, 36.746435291823985], [127.59081760547087, 36.74759870377257], [127.59046361150429, 36.747985155241544], [127.59020332296598, 36.74857980016746], [127.5901811146145, 36.7486305415256], [127.59042421004841, 36.74929956052326], [127.59075844521583, 36.749849256197486], [127.59064656024701, 36.750940579240094], [127.59055260195849, 36.751752501540366], [127.59031272528813, 36.75312048636737], [127.5899846506701, 36.75351759262356], [127.58996729945365, 36.75353570205567], [127.58960588045966, 36.75368264557953], [127.5883641059168, 36.75441889164969], [127.58717758269762, 36.75542130925698], [127.58732049880103, 36.75586641740726], [127.5874461527103, 36.755989174288636], [127.58805326050174, 36.75658226173103], [127.58809196636443, 36.756662052797104], [127.5883884018378, 36.75727318579607], [127.58906594381845, 36.76018248192316], [127.58892324601241, 36.76060702935161], [127.58879679658209, 36.76071636862402], [127.58647981519469, 36.761373394544826], [127.58408723185667, 36.7619283948621], [127.58200890197763, 36.76505054289452], [127.57907491680162, 36.76699355695136], [127.579067597728, 36.76699569290992], [127.57897828012536, 36.76702175446921], [127.57892349348522, 36.767031229300734], [127.57881468719273, 36.76703326124094], [127.57879299495018, 36.76703366234277], [127.5787250310554, 36.76703190257327], [127.57866412418434, 36.767030324705246], [127.57861181248194, 36.76702206387858], [127.57833489761897, 36.766978322899824], [127.57831808872317, 36.766975663787285], [127.57823859049337, 36.76695174758962], [127.57807791965426, 36.766903401389314], [127.57783106925943, 36.76681197204105], [127.57762246331296, 36.76673228693345], [127.57760687361574, 36.76672632571166], [127.57689979842607, 36.766822227925225], [127.57606119542311, 36.76696127280464], [127.57586009118869, 36.76701897680704], [127.57569702263216, 36.7670662811635], [127.57550755923387, 36.7671520419805], [127.57536982263447, 36.767216930267764], [127.57504827978585, 36.76738131432887], [127.57013584494965, 36.771481551805735], [127.56760595213068, 36.773803013397234], [127.56764674676448, 36.773932729001146], [127.56765635801817, 36.77396329352802], [127.56765406379466, 36.77403555453754], [127.56764757509836, 36.77423907210066], [127.56761724575469, 36.77441459792151], [127.56747595204044, 36.77489403947343], [127.56726697378204, 36.77557974187544], [127.56658512860007, 36.77741639490688], [127.56598606998486, 36.77873743961968], [127.56479904162244, 36.78026337115143], [127.56468156645731, 36.78267085209683], [127.5646178973552, 36.78276817397278], [127.56447929463441, 36.78290835655505], [127.56437753443439, 36.782979375845464], [127.56250809306074, 36.78409293454935], [127.56135746560763, 36.787263436695454], [127.55934438631951, 36.79076781855608], [127.55676650991973, 36.79673987761557], [127.55658156478366, 36.797105769357046], [127.55539085563129, 36.79897595536257], [127.55533391857607, 36.79905166957351], [127.55526311149762, 36.79913473180098], [127.55518808450654, 36.7992202533598], [127.55490519992807, 36.799402644170904], [127.55462787726589, 36.799570718155955], [127.55424437957251, 36.799734860857825], [127.55413076987402, 36.79975406712289], [127.55089335581204, 36.79888293693203], [127.55031085150567, 36.798517312725544], [127.54979741812777, 36.798030010095005], [127.54952379027881, 36.798013030599584], [127.54813842620422, 36.798354361785115], [127.54185564131022, 36.80332192322741], [127.5406568192744, 36.80451833917954], [127.53732716278333, 36.80859148053696], [127.5419812887237, 36.81201120152589], [127.5431701029805, 36.81271521635168], [127.54483006411822, 36.813508919212964], [127.54787301477316, 36.8127635091121], [127.54919213418061, 36.812707970203924], [127.5500339775051, 36.81286014253997], [127.55318038229385, 36.81500207170267], [127.55566316750779, 36.817425810830805], [127.55965418350054, 36.81862184349222], [127.56132468326484, 36.818439461040384], [127.56313877270438, 36.818015438965865], [127.56427789335676, 36.81815394902352], [127.57073748585852, 36.81964103802025], [127.57209807435066, 36.81998736622026], [127.57370865949858, 36.821398374758516], [127.57528461284643, 36.82320528869774], [127.57626629802654, 36.82492640316745], [127.5768554570908, 36.826462605218545], [127.57922436238997, 36.828226467504614], [127.57834015215542, 36.829610233666514], [127.57591946631733, 36.828983675852896], [127.57368572931172, 36.82836732256052], [127.57201971147636, 36.8278030375867], [127.57140352144887, 36.82790001243078], [127.5698958729437, 36.82931540662222], [127.56922984887619, 36.82998238279721], [127.56955525039162, 36.830627647108905], [127.56995952768294, 36.83134983956262], [127.57008551065898, 36.83247814862818], [127.57020290333675, 36.83360982308943], [127.56986039850132, 36.835010606794164], [127.5693152455422, 36.836580664304506], [127.56887060586156, 36.8371822998501], [127.56867692224051, 36.83854099275374], [127.56950921205875, 36.83937848962032], [127.57014513114734, 36.83969269572618], [127.57267421670873, 36.84130784600083], [127.57223073550138, 36.84218349826685], [127.57157173367001, 36.84388690435248], [127.57159584886523, 36.84399583566621], [127.57167791628812, 36.84430261655817], [127.57170202864951, 36.844363762910916], [127.57230071227141, 36.84523461168784], [127.57338452188694, 36.847222066314416], [127.57275471681275, 36.848327654252586], [127.57272179755417, 36.848363962000654], [127.57189035379808, 36.84941033927212], [127.57153377388642, 36.85006477142436], [127.57325088439404, 36.85076594125948], [127.57378604188659, 36.85087583788447], [127.57527915515604, 36.85090066652172], [127.57635570218658, 36.85068240492104], [127.57824897223584, 36.85183136515341], [127.57839172065178, 36.85198075477881], [127.57849220020826, 36.85210668987828], [127.57852710345014, 36.852155583936], [127.57858766648319, 36.85228135330043], [127.5786053154363, 36.852350017954834], [127.57862797027217, 36.852625253644305], [127.57857123292558, 36.85303853358886], [127.57856303441018, 36.85307390258147], [127.57846773674763, 36.853369121413415], [127.57827829510228, 36.85376419255763], [127.57775247884504, 36.855459637741035], [127.57786180282629, 36.85642515201793], [127.5778692407812, 36.856442208264326], [127.57848262880938, 36.85772700834411], [127.57958905306735, 36.858558128618064], [127.57962097477814, 36.85857674411195], [127.58148138145579, 36.85957516296975], [127.58355908129651, 36.86007512117109], [127.58357721502577, 36.86004442168641]]]]}, "properties": {"name": "\uc99d\ud3c9\uad70", "base_year": "2018", "name_eng": "Jeungpyeonggun", "code": "33390"}}]}