{"type": "FeatureCollection", "features": [{"type": "Feature", "geometry": {"type": "MultiPolygon", "coordinates": [[[[129.334077637679, 35.59384168837735], [129.33435025522135, 35.593792482558], [129.33454273348917, 35.59379617791656], [129.33494150218075, 35.59383674188369], [129.33521930297815, 35.59388647286866], [129.33564926033904, 35.59402403371129], [129.33603780650697, 35.59421441580634], [129.33658511549427, 35.59459968166125], [129.33669207629433, 35.59467408219878], [129.3368860521311, 35.594787159353125], [129.33829389574956, 35.595438177902054], [129.3387361751972, 35.59561354869162], [129.3391878049614, 35.595771251645246], [129.339320409192, 35.59580000099419], [129.34070511878107, 35.596043063619696], [129.3411695706524, 35.596122292771994], [129.34180610103067, 35.59621300529666], [129.34221092593123, 35.59622627381909], [129.34271134535624, 35.5962087601777], [129.3434620404027, 35.59618134260689], [129.3439432066136, 35.59616109481025], [129.3445254390272, 35.59613307560731], [129.3453296936954, 35.5960771304036], [129.34572305209656, 35.59604155163279], [129.34843983323123, 35.595281104204915], [129.34868746847175, 35.59191265340639], [129.34870428963248, 35.59138970559706], [129.34869176767143, 35.59062653457292], [129.34866215798849, 35.58997085496068], [129.34858930534614, 35.58876259507354], [129.34819665004878, 35.58876109217917], [129.34818284641173, 35.58555932287678], [129.34853402130025, 35.58270644566275], [129.3486735713401, 35.58197950963313], [129.34873100795875, 35.58169054366089], [129.34880827087545, 35.58139396045329], [129.34890639457237, 35.581035794466224], [129.34924840788307, 35.58008117444519], [129.3510084049163, 35.57738087530151], [129.3523011724198, 35.57283953329214], [129.35209438773092, 35.570818891823784], [129.35195936231105, 35.56850096405533], [129.3519755727767, 35.56831699169315], [129.3519883386985, 35.568186041128286], [129.35199972400466, 35.56807497014479], [129.35216861215096, 35.5674277872439], [129.35218587024278, 35.567363347418876], [129.35228160755733, 35.56708496769699], [129.35234257134147, 35.5669095352347], [129.35234890297042, 35.566897006152416], [129.35266773447324, 35.56631978613076], [129.35303572733417, 35.56564958716526], [129.3531029278311, 35.56535731161051], [129.35368010744835, 35.562645477135376], [129.35360326787466, 35.561920993273745], [129.35351360103311, 35.56148677883177], [129.35330384104944, 35.5606288205985], [129.3532183889714, 35.560261355257786], [129.3524304717568, 35.5597742781617], [129.3522257459097, 35.55965241614815], [129.3515301960567, 35.5593712889006], [129.3513593291343, 35.559314372672596], [129.3512119646326, 35.55927495407779], [129.35106999578224, 35.55923796222986], [129.35078338054112, 35.55914012018646], [129.3503544984996, 35.55897930968445], [129.35018997459156, 35.558904635666835], [129.3500939118706, 35.55884198603558], [129.3499457938418, 35.5587402526255], [129.34982560999475, 35.55865761876125], [129.34958943384413, 35.558449273615246], [129.34931073895427, 35.5579439494568], [129.35026960579756, 35.55319037906453], [129.3509723483986, 35.550481444576356], [129.34998567122133, 35.54951902636176], [129.34821034483517, 35.54982081227983], [129.34812317735447, 35.54939113916384], [129.34811952268035, 35.54924634795897], [129.3471676747029, 35.549526947681464], [129.34697096461207, 35.549576513992484], [129.3463511705652, 35.549698872530854], [129.346322272947, 35.549700775598694], [129.34609144964972, 35.549688592142026], [129.3446931466125, 35.549495937289876], [129.34379910779987, 35.54936169778732], [129.34294115919724, 35.54921503957217], [129.34286497039855, 35.54919800469339], [129.3425114764367, 35.54906279269664], [129.34200099133386, 35.54904364106999], [129.3404049646601, 35.549061701321996], [129.33945496577212, 35.54931221807037], [129.338178873104, 35.54943011197469], [129.33140829143198, 35.5504211870287], [129.33134210921114, 35.55038665043458], [129.33086383585615, 35.55022496790987], [129.33073861708945, 35.550200956689814], [129.3273982968304, 35.54972429935908], [129.32708942782992, 35.549696318639576], [129.32641368166657, 35.54963611315019], [129.3259710622481, 35.54959687491887], [129.32543123045227, 35.54957793891248], [129.3228709972993, 35.54980992338145], [129.3227576612336, 35.54982169088682], [129.32197185864777, 35.54990459993382], [129.31678174289647, 35.55042058329845], [129.30859152054623, 35.55238350446135], [129.30858840854984, 35.552384486926464], [129.3074142195376, 35.55280833232697], [129.30731049770347, 35.552841537919], [129.30716003332148, 35.552889030042046], [129.30709083531164, 35.552897146154976], [129.30692369118756, 35.55289678499657], [129.30670938213945, 35.552894840700134], [129.30644285850485, 35.55288052543093], [129.30587637609636, 35.55282383402975], [129.30574979260368, 35.55280259389772], [129.30550766517248, 35.552761835648745], [129.30529555220514, 35.5526901579738], [129.30517270932282, 35.55264857530586], [129.30502770508477, 35.55257594441646], [129.3048960844939, 35.55250812898218], [129.30478221137668, 35.55244393861933], [129.30451911194078, 35.55229548898327], [129.3043783372481, 35.55219553935132], [129.30321507972766, 35.55136391335046], [129.30313010645426, 35.551114683812635], [129.30304925725306, 35.55087678226496], [129.30303531724942, 35.55048762958191], [129.3030513230653, 35.549566713169476], [129.3030810262188, 35.549082158248694], [129.30309662209856, 35.54883538910499], [129.30311192307022, 35.548600870560975], [129.30316071541003, 35.54819253631542], [129.30318424942408, 35.54807178496565], [129.30322010803212, 35.5478932477598], [129.30324267488223, 35.54775867438872], [129.30328999058682, 35.547071779116166], [129.30327691534168, 35.546946018423526], [129.30282822781788, 35.546457026958166], [129.30172521767523, 35.54577468695245], [129.30155802875456, 35.5457021523662], [129.30117875277853, 35.5455883526209], [129.29957539729372, 35.545273691911184], [129.2990183491846, 35.54519667398574], [129.29690466206222, 35.54491411349441], [129.29585845346253, 35.54490249564899], [129.29546575898303, 35.54496801287492], [129.29532083148382, 35.544992204411834], [129.2948816283991, 35.545125791838096], [129.29473652991368, 35.545170047609226], [129.2946701120498, 35.545194876152664], [129.2946660625282, 35.54519729300731], [129.2922179727512, 35.546042406117], [129.2921450570479, 35.54607361347332], [129.29198019244654, 35.54614492409452], [129.2917850615618, 35.546248365522615], [129.29166806810977, 35.54631077478841], [129.29152689641649, 35.54638643498137], [129.290202480565, 35.54750807264242], [129.28990388205173, 35.547791315684286], [129.2896848424802, 35.54804482397222], [129.28944538433305, 35.548559853591605], [129.28943474133794, 35.54858118644877], [129.28943468836394, 35.54858128459914], [129.28931486934914, 35.54877102258831], [129.28931480318195, 35.5487711227375], [129.28915588263064, 35.548995906020906], [129.28903638792258, 35.54913397109478], [129.28846194032934, 35.54960166928053], [129.28831399703697, 35.549701632036715], [129.28820602911466, 35.549763680544224], [129.28788622369035, 35.54993105459359], [129.28778785272166, 35.549978216957165], [129.28776677984433, 35.54998811082628], [129.2873734965886, 35.55017273567438], [129.28037465416975, 35.553161751352505], [129.28026644590722, 35.55319915428161], [129.28026631452624, 35.55319919949491], [129.28014590008954, 35.553240368834565], [129.28014576630352, 35.55324040506807], [129.2795818097751, 35.55339008695711], [129.27958165613788, 35.55339012348306], [129.27842313250827, 35.553581043698465], [129.27522019590086, 35.55408348294533], [129.27509050313392, 35.55410239737753], [129.27485853251102, 35.554123354994786], [129.27462189690974, 35.55411846574741], [129.27432790792562, 35.55406709047428], [129.27400396305774, 35.55393991197427], [129.27376729312905, 35.553836213110706], [129.27351892593228, 35.55372741919381], [129.2734561568038, 35.553704172946894], [129.27322483653302, 35.553620007765595], [129.27273546515644, 35.553455282188295], [129.27258966630595, 35.55342700178905], [129.2721933496352, 35.55341698760736], [129.2719676512699, 35.553416827568654], [129.27165335719363, 35.553416692731815], [129.2708415432176, 35.553422493187895], [129.27071501263487, 35.5534601892254], [129.27050839387755, 35.55352539853529], [129.27037273535234, 35.55356821550301], [129.26971449442593, 35.55384433304603], [129.2687887526399, 35.554263758617296], [129.26855545037753, 35.55437946992627], [129.2681054199019, 35.554636180979564], [129.26782261138734, 35.554836415254535], [129.26744783036847, 35.555150828291886], [129.2672365685859, 35.555329183364336], [129.26694102572134, 35.555579429391926], [129.26688392422272, 35.55563212733109], [129.26673504271142, 35.55576979382009], [129.26665623032125, 35.55584493680933], [129.2664333456709, 35.55605816761961], [129.2657860554493, 35.55676691312144], [129.26563609127084, 35.556905695803955], [129.26534010146452, 35.557406563837375], [129.26288894571084, 35.5602076388309], [129.26275805964585, 35.56033848506408], [129.2625212979087, 35.56054769985532], [129.26238697298538, 35.56066625776167], [129.26223018400378, 35.56080029492922], [129.26218360896664, 35.56083249125812], [129.26177720121763, 35.56110309918787], [129.26161802573387, 35.5611879744429], [129.26118263000978, 35.56133341674981], [129.26092285202202, 35.56138516067789], [129.26070210066175, 35.561407618692016], [129.2605409434596, 35.561422060381915], [129.26036790554966, 35.56142972464863], [129.25983830081864, 35.56144875098799], [129.25935551223313, 35.56147572280705], [129.25888528949196, 35.56152792141482], [129.25876095045055, 35.562657306778604], [129.25817875750178, 35.565689150292656], [129.25785580304662, 35.56628864511773], [129.25751083179105, 35.56654364272504], [129.25700577105857, 35.56673001997956], [129.2568737387328, 35.56697481995394], [129.2568277691873, 35.56708856966835], [129.25779526064196, 35.57393757698493], [129.2585302475329, 35.57436707177193], [129.25974355313127, 35.57427397025959], [129.25972249327705, 35.57471071793013], [129.25924942211742, 35.57764398645137], [129.25878086705322, 35.57834728032154], [129.25798204223267, 35.57869643842374], [129.25683217253393, 35.5785679224878], [129.2554241489338, 35.58014870382087], [129.25483198630775, 35.58195723251638], [129.25498348109406, 35.58263050049613], [129.25515847096082, 35.58309390024871], [129.25548843782764, 35.583558981625025], [129.25412476098123, 35.58818039987751], [129.25320212499284, 35.588446958441715], [129.2525998940434, 35.58929264839448], [129.25258417371398, 35.5897212716052], [129.2526119311909, 35.59007696056881], [129.25263076889172, 35.59010581643166], [129.25272877791812, 35.59025593785605], [129.2533893922458, 35.59015209224936], [129.25343472997295, 35.59013744090268], [129.2550320193947, 35.58950174792293], [129.2558862244851, 35.58987168347365], [129.2567278794787, 35.58961896757391], [129.25705518764084, 35.589447841454025], [129.2578052190918, 35.58879739359519], [129.25862456696927, 35.588085037346495], [129.2594500297356, 35.58751619097273], [129.2649190488143, 35.585681010614465], [129.26748656145682, 35.58711637909335], [129.26767815747672, 35.58719586250514], [129.27048734454718, 35.58739800362991], [129.2706315600046, 35.587390183276604], [129.27095501807923, 35.587316312167715], [129.28106612385358, 35.584789478271], [129.28306461184013, 35.58413928638204], [129.28309822195592, 35.58384701196018], [129.2831003230852, 35.58382620455749], [129.2829839771259, 35.5838572290217], [129.2817819014666, 35.58396425470908], [129.2807838936965, 35.58109142561957], [129.28416368275526, 35.57856587016033], [129.28455845918245, 35.57827217787912], [129.2856393718809, 35.57794146657415], [129.28572891009924, 35.57793248589842], [129.28674181900848, 35.57786858964269], [129.2888899859393, 35.577897951965824], [129.29156614996165, 35.578012295829815], [129.29453891598834, 35.576131155631536], [129.29414032260604, 35.57657296189164], [129.29227611191044, 35.58172252254475], [129.29214350199604, 35.582096711828925], [129.29216183689934, 35.582175254864325], [129.29218014843306, 35.58223591221376], [129.29268522460288, 35.58367108379435], [129.29305232274075, 35.583973470457316], [129.29346043343295, 35.58443666324144], [129.29374473041707, 35.58502360575505], [129.29386637210857, 35.58542970962117], [129.29349286431983, 35.58631280412666], [129.2934491797541, 35.58639677577068], [129.29108477174623, 35.59133762838889], [129.29044785248772, 35.59325255331615], [129.2913955166417, 35.592733335871706], [129.29147352590496, 35.59269227413851], [129.29369948418207, 35.59232941237446], [129.29414225375322, 35.592264750756144], [129.29478929639316, 35.5924226715046], [129.2951258602655, 35.59254181990257], [129.29519045546286, 35.59259319021254], [129.29540878512864, 35.592775825921436], [129.29545399083986, 35.59285640821586], [129.2954738427601, 35.59296513668407], [129.29549932540013, 35.5930450356363], [129.29554261271053, 35.59310810937531], [129.29608534801648, 35.59361323585672], [129.29616063770322, 35.593673500968336], [129.29624856945566, 35.59372091852956], [129.2975966926424, 35.59423453810758], [129.29777253509872, 35.59428719143125], [129.29793313352837, 35.59429615126633], [129.29919031320293, 35.594304417446445], [129.2995086108114, 35.59430552267242], [129.3005637982518, 35.59427777302104], [129.30087458812386, 35.59426626832661], [129.3031065138286, 35.59416083836059], [129.3036025659907, 35.59411793903776], [129.30370386465393, 35.59408608673519], [129.30378439717563, 35.59402214587905], [129.30499269057796, 35.591832751991895], [129.30496930955576, 35.591767907749706], [129.3049636590727, 35.59172147807715], [129.30496069878023, 35.591677035599055], [129.30497574895125, 35.591585814393206], [129.30577945032312, 35.59037082779806], [129.30590348577306, 35.59024557814544], [129.30731642959452, 35.589080224185004], [129.30740120937512, 35.589070448513624], [129.30957929872338, 35.58902752383645], [129.30974182265587, 35.58905522750239], [129.30998946445786, 35.58912685942997], [129.31025369825443, 35.5892312900022], [129.31046871854784, 35.589333287974554], [129.31098878020984, 35.589651287768284], [129.3114323496582, 35.590102035816486], [129.311634750093, 35.590397144370115], [129.31186202628805, 35.590722391853134], [129.31214309614256, 35.59100760242854], [129.31241600620535, 35.591216789988], [129.31452017024506, 35.59265477851979], [129.31476809477485, 35.592811976300844], [129.3173590955362, 35.594279825344266], [129.31755635052014, 35.59428844582107], [129.31785474440633, 35.5942288734856], [129.3182098216401, 35.59406540536641], [129.31852013935617, 35.59398463460123], [129.31890491368466, 35.593903569277316], [129.3194087090166, 35.59387377898141], [129.31958278039903, 35.593882638067626], [129.32089868851065, 35.59437364941049], [129.32109733423425, 35.59447885037703], [129.32120871743166, 35.59457939133295], [129.321513255405, 35.59486854535587], [129.3220628281139, 35.595439193770694], [129.32216704194073, 35.59556106729441], [129.32221877852191, 35.59564809156852], [129.32226166928675, 35.595747605667086], [129.32238262062134, 35.59623921414848], [129.32238995506907, 35.59637434184552], [129.32239370660787, 35.59655074152704], [129.32236701822495, 35.59698599060947], [129.32235914485304, 35.59711434362458], [129.32234557004466, 35.59733569936854], [129.3223764010177, 35.5975815336375], [129.32239048926104, 35.59762688447754], [129.32251952040724, 35.59784025383434], [129.32284882751907, 35.598206360607975], [129.32356132661045, 35.59852440599097], [129.32397951723982, 35.59864077028305], [129.33104342363433, 35.59911203864156], [129.3312298316197, 35.59910996978762], [129.331444738166, 35.599060569317835], [129.33166670390605, 35.59885744289639], [129.3317422882009, 35.59875328052461], [129.33193593256408, 35.59788576937948], [129.33187821603255, 35.59771822422581], [129.33111075784996, 35.5966087001121], [129.33089606549953, 35.596073897714504], [129.33100446371307, 35.595735474939126], [129.3312004946702, 35.59554145028493], [129.3316723346451, 35.595192839661344], [129.33218880377922, 35.59481190209004], [129.33244451629255, 35.59463981197865], [129.3325831135657, 35.594548680223554], [129.33315626953714, 35.59420854570422], [129.33337680480767, 35.59411156321045], [129.334077637679, 35.59384168837735]]]]}, "properties": {"name": "\uc911\uad6c", "base_year": "2018", "name_eng": "Jung-gu", "code": "26010"}}, {"type": "Feature", "geometry": {"type": "MultiPolygon", "coordinates": [[[[129.2664333456709, 35.55605816761961], [129.26665623032125, 35.55584493680933], [129.26673504271142, 35.55576979382009], [129.26688392422272, 35.55563212733109], [129.26694102572134, 35.555579429391926], [129.2672365685859, 35.555329183364336], [129.26744783036847, 35.555150828291886], [129.26782261138734, 35.554836415254535], [129.2681054199019, 35.554636180979564], [129.26855545037753, 35.55437946992627], [129.2687887526399, 35.554263758617296], [129.26971449442593, 35.55384433304603], [129.27037273535234, 35.55356821550301], [129.27050839387755, 35.55352539853529], [129.27071501263487, 35.5534601892254], [129.2708415432176, 35.553422493187895], [129.27165335719363, 35.553416692731815], [129.2719676512699, 35.553416827568654], [129.2721933496352, 35.55341698760736], [129.27258966630595, 35.55342700178905], [129.27273546515644, 35.553455282188295], [129.27322483653302, 35.553620007765595], [129.2734561568038, 35.553704172946894], [129.27351892593228, 35.55372741919381], [129.27376729312905, 35.553836213110706], [129.27400396305774, 35.55393991197427], [129.27432790792562, 35.55406709047428], [129.27462189690974, 35.55411846574741], [129.27485853251102, 35.554123354994786], [129.27509050313392, 35.55410239737753], [129.27522019590086, 35.55408348294533], [129.27842313250827, 35.553581043698465], [129.27958165613788, 35.55339012348306], [129.2795818097751, 35.55339008695711], [129.28014576630352, 35.55324040506807], [129.28014590008954, 35.553240368834565], [129.28026631452624, 35.55319919949491], [129.28026644590722, 35.55319915428161], [129.28037465416975, 35.553161751352505], [129.2873734965886, 35.55017273567438], [129.28776677984433, 35.54998811082628], [129.28778785272166, 35.549978216957165], [129.28788622369035, 35.54993105459359], [129.28820602911466, 35.549763680544224], [129.28831399703697, 35.549701632036715], [129.28846194032934, 35.54960166928053], [129.28903638792258, 35.54913397109478], [129.28915588263064, 35.548995906020906], [129.28931480318195, 35.5487711227375], [129.28931486934914, 35.54877102258831], [129.28943468836394, 35.54858128459914], [129.28943474133794, 35.54858118644877], [129.28944538433305, 35.548559853591605], [129.2896848424802, 35.54804482397222], [129.28990388205173, 35.547791315684286], [129.290202480565, 35.54750807264242], [129.29152689641649, 35.54638643498137], [129.29166806810977, 35.54631077478841], [129.2917850615618, 35.546248365522615], [129.29198019244654, 35.54614492409452], [129.2921450570479, 35.54607361347332], [129.2922179727512, 35.546042406117], [129.2946660625282, 35.54519729300731], [129.2946701120498, 35.545194876152664], [129.29473652991368, 35.545170047609226], [129.2948816283991, 35.545125791838096], [129.29532083148382, 35.544992204411834], [129.29546575898303, 35.54496801287492], [129.29585845346253, 35.54490249564899], [129.29690466206222, 35.54491411349441], [129.2990183491846, 35.54519667398574], [129.29957539729372, 35.545273691911184], [129.30117875277853, 35.5455883526209], [129.30155802875456, 35.5457021523662], [129.30172521767523, 35.54577468695245], [129.30282822781788, 35.546457026958166], [129.30327691534168, 35.546946018423526], [129.30328999058682, 35.547071779116166], [129.30324267488223, 35.54775867438872], [129.30322010803212, 35.5478932477598], [129.30318424942408, 35.54807178496565], [129.30316071541003, 35.54819253631542], [129.30311192307022, 35.548600870560975], [129.30309662209856, 35.54883538910499], [129.3030810262188, 35.549082158248694], [129.3030513230653, 35.549566713169476], [129.30303531724942, 35.55048762958191], [129.30304925725306, 35.55087678226496], [129.30313010645426, 35.551114683812635], [129.30321507972766, 35.55136391335046], [129.3043783372481, 35.55219553935132], [129.30451911194078, 35.55229548898327], [129.30478221137668, 35.55244393861933], [129.3048960844939, 35.55250812898218], [129.30502770508477, 35.55257594441646], [129.30517270932282, 35.55264857530586], [129.30529555220514, 35.5526901579738], [129.30550766517248, 35.552761835648745], [129.30574979260368, 35.55280259389772], [129.30587637609636, 35.55282383402975], [129.30644285850485, 35.55288052543093], [129.30670938213945, 35.552894840700134], [129.30692369118756, 35.55289678499657], [129.30709083531164, 35.552897146154976], [129.30716003332148, 35.552889030042046], [129.30731049770347, 35.552841537919], [129.3074142195376, 35.55280833232697], [129.30858840854984, 35.552384486926464], [129.30859152054623, 35.55238350446135], [129.31678174289647, 35.55042058329845], [129.32197185864777, 35.54990459993382], [129.3227576612336, 35.54982169088682], [129.3228709972789, 35.54980992248025], [129.32543123045227, 35.54957793891248], [129.3259710622481, 35.54959687491887], [129.32641368166657, 35.54963611315019], [129.32708942782992, 35.549696318639576], [129.3273982968304, 35.54972429935908], [129.33073861708945, 35.550200956689814], [129.33086383585615, 35.55022496790987], [129.33134210921114, 35.55038665043458], [129.33140829143198, 35.5504211870287], [129.338178873104, 35.54943011197469], [129.33945496577212, 35.54931221807037], [129.3404049646601, 35.549061701321996], [129.34200099133386, 35.54904364106999], [129.3425114764367, 35.54906279269664], [129.34286497039855, 35.54919800469339], [129.34294115919724, 35.54921503957217], [129.34379910779987, 35.54936169778732], [129.3446931466125, 35.549495937289876], [129.34609144964972, 35.549688592142026], [129.346322272947, 35.549700775598694], [129.3463511705652, 35.549698872530854], [129.34697096461207, 35.549576513992484], [129.3471676747029, 35.549526947681464], [129.34811952268035, 35.54924634795897], [129.35086751656368, 35.54793824917311], [129.3550057201793, 35.54657347641157], [129.35649879393617, 35.54616055301417], [129.35806218316964, 35.54568397009151], [129.35903763238784, 35.54536835936627], [129.36320865874146, 35.54398853479201], [129.36427172370333, 35.543153296686974], [129.36446685294888, 35.54297629889205], [129.3644669307102, 35.54297622737183], [129.36645393017847, 35.54240035292585], [129.36697046268742, 35.541555585008766], [129.3675990499315, 35.540715467131804], [129.367665469789, 35.54063120202756], [129.36781925019596, 35.540465140135744], [129.3683013607677, 35.54001971576866], [129.36836465476335, 35.539968690409125], [129.36910910906056, 35.539415563186694], [129.3691949147703, 35.53936838939656], [129.3694145249118, 35.53925656358135], [129.37054930674284, 35.53880403700891], [129.37094637981554, 35.53871369992678], [129.37147131072956, 35.53863759130101], [129.37164217131885, 35.538615832287746], [129.37189672839142, 35.53859653819039], [129.37205514016674, 35.5385962943152], [129.3722183992068, 35.53859969456994], [129.37240849687166, 35.5386126484258], [129.37253929247692, 35.538644836298204], [129.37276235367398, 35.53874034416947], [129.37323418097333, 35.53894956812685], [129.37339365240834, 35.539020836915284], [129.3735668089634, 35.53909748034157], [129.37425797702372, 35.53939898246347], [129.3745518510998, 35.53952578793051], [129.3764715742259, 35.538175753937566], [129.37664952408326, 35.537993611443234], [129.37763160809078, 35.528427962387156], [129.37676698314186, 35.528449431113785], [129.37561768001123, 35.52885788780297], [129.3749585111856, 35.528632902671035], [129.37313812455676, 35.52500018687569], [129.37244241618447, 35.52361172209905], [129.3740805996674, 35.52306235864919], [129.3750000782313, 35.522755584455666], [129.37598724298735, 35.52242507015356], [129.37577765832495, 35.5216676401171], [129.37562831081388, 35.52113084346463], [129.3755094269133, 35.52069669444982], [129.3752070459894, 35.519564160769356], [129.37501673672722, 35.51756720281147], [129.37503546261777, 35.517563902403296], [129.3798057442713, 35.51705740570975], [129.38193198629378, 35.51683248722795], [129.38580695063584, 35.516423134386756], [129.38582883137684, 35.51641143682225], [129.38583377169712, 35.51638393211403], [129.3859063146666, 35.51454171459226], [129.38600274787706, 35.5120268670104], [129.386058440209, 35.510788393746395], [129.3861034755204, 35.50978807598029], [129.3874045773197, 35.50522960331207], [129.38766881970616, 35.50420026175629], [129.38740437628968, 35.50187817675729], [129.3867575061511, 35.50113665229279], [129.38640023060353, 35.50089742883311], [129.38574470111016, 35.500829288219734], [129.3855539020881, 35.500812852709345], [129.38550518534183, 35.50081284622382], [129.38510023998188, 35.50085552852331], [129.38499497771437, 35.50087573757015], [129.3849167694288, 35.50089520278746], [129.3848096611158, 35.50092746846008], [129.38466907497704, 35.50097563151035], [129.38439376065006, 35.50107488746083], [129.38043081969963, 35.5025616075111], [129.38037151987214, 35.502587015256935], [129.37562789027723, 35.501628441752764], [129.37256894287347, 35.50092022023533], [129.37231154122375, 35.50090664765275], [129.37163366142246, 35.500876669366896], [129.37136469355653, 35.50086700649786], [129.36999596589047, 35.50104162953949], [129.36708232672916, 35.50295995735725], [129.3665327959811, 35.50372357139541], [129.36514399518668, 35.50495590461205], [129.36384040511825, 35.50535043196987], [129.36320437096097, 35.5041767343836], [129.364969943429, 35.50105823569214], [129.36752708736702, 35.497953055717566], [129.36759594980006, 35.49792391457444], [129.37126261161677, 35.49767149976814], [129.37330405200996, 35.498113598618005], [129.37546155510134, 35.49994397706281], [129.3754920539529, 35.499984808243596], [129.3755438052819, 35.5000063862228], [129.37560789488498, 35.50002312412011], [129.37568509060642, 35.50003732144878], [129.37589691686472, 35.500072658608865], [129.37598090508064, 35.50007336266556], [129.37914360586186, 35.499920076629174], [129.37923372416984, 35.499906714912235], [129.3792577523157, 35.49990045727525], [129.37928509300005, 35.49989224943939], [129.379306034358, 35.4998831532529], [129.3793173082719, 35.49987570059769], [129.3835699789921, 35.49441684561558], [129.38682591982806, 35.489694745321685], [129.38816096845497, 35.48842169355458], [129.39052886666383, 35.486258584009875], [129.3908655900111, 35.48595402487085], [129.3907719372865, 35.48497785541449], [129.39075973532715, 35.48446072755993], [129.39071691057606, 35.48053027673339], [129.39071285168868, 35.48014678349206], [129.39071210445127, 35.480037908902], [129.39071234166101, 35.479654312241834], [129.39077250915633, 35.47954145387995], [129.39097407324755, 35.47929699980676], [129.39106122886716, 35.47929608622297], [129.39110529633572, 35.47927169833344], [129.39110533490705, 35.47836994141985], [129.39109613727317, 35.47829065705248], [129.39104183104482, 35.47827136493599], [129.39090652080623, 35.47827117253736], [129.39040724418913, 35.478745703952136], [129.39040506188977, 35.4792520628947], [129.39041263706082, 35.48343922963899], [129.39041682044194, 35.48412195735854], [129.39042108135166, 35.484798099160834], [129.3904261179235, 35.48547487241721], [129.39043252465532, 35.48561473509972], [129.39043184375276, 35.4861120765336], [129.38893481866216, 35.487510146817506], [129.38882101800777, 35.48747229837466], [129.38842646775132, 35.48721300063354], [129.38570217891845, 35.484850768620106], [129.38580317091365, 35.48315572254173], [129.3858905026108, 35.4818997454145], [129.38581746974364, 35.48169745559144], [129.38575466940554, 35.48167638629928], [129.3840343815451, 35.48094064153602], [129.38379068936794, 35.48078945730316], [129.3840076212256, 35.478187687910314], [129.38411625235327, 35.47753329464167], [129.3841603377498, 35.475984088842964], [129.38093316272438, 35.47172615555881], [129.3808493972045, 35.47164480341083], [129.3807685727507, 35.471579659649215], [129.380690094949, 35.47153577120608], [129.38059659433029, 35.471497751331285], [129.3804248373693, 35.471480888947205], [129.38029782918326, 35.47148927451475], [129.38021719432805, 35.47150219131262], [129.38014963985108, 35.471517536644846], [129.3800688584769, 35.47155322246071], [129.3795499440425, 35.4718258602156], [129.37854169084883, 35.472411424310096], [129.37848099589223, 35.47242635900982], [129.37828399971696, 35.472448310894585], [129.37535707466802, 35.47065690944968], [129.37445895274578, 35.47002391698466], [129.37442954132877, 35.47000147542338], [129.37440518476993, 35.46997613358407], [129.3743804857951, 35.46994790860446], [129.37436384394042, 35.469923445786684], [129.3743563764647, 35.46990454162631], [129.37425654716907, 35.469640857634225], [129.37424725683812, 35.46960979149315], [129.37424247937494, 35.46957744902188], [129.37418866005837, 35.4683464401086], [129.37574959205523, 35.46676013025184], [129.37744912826497, 35.465868416278816], [129.37701904945067, 35.465264976301775], [129.37612968560944, 35.464063575859974], [129.37482545804255, 35.46237707765768], [129.37419761070808, 35.46206945409861], [129.37306469644324, 35.46247851249222], [129.36896840642095, 35.46392304782847], [129.36840975023648, 35.464112722358976], [129.36833290196134, 35.46413552525121], [129.3682024500139, 35.46415647512182], [129.36795904007315, 35.46416558771064], [129.36569859305797, 35.46269187030213], [129.3650411205332, 35.462204268334546], [129.36302283093963, 35.46040160869193], [129.3630169958189, 35.46025534449091], [129.36485357587236, 35.459535430099045], [129.36625129419474, 35.45904530089803], [129.3704303763807, 35.45758099093406], [129.37043990450093, 35.457569065824316], [129.3704394364554, 35.45756293735126], [129.36884634948396, 35.4544835889258], [129.3686870765854, 35.4542350077898], [129.35505785200667, 35.45899770728375], [129.35451271805096, 35.45919336078885], [129.35433801511218, 35.45936150329726], [129.3530008873606, 35.46083628709487], [129.3524444841514, 35.46221293515468], [129.3524373527464, 35.462245133331166], [129.35243634563625, 35.462266947542005], [129.3524406255911, 35.462288476844336], [129.35245541005244, 35.46231898809845], [129.35247822123037, 35.46234595936475], [129.35302976510002, 35.46268811167986], [129.35305097717116, 35.462701660320946], [129.35306955434763, 35.46271764926749], [129.3530819779194, 35.46273717110836], [129.3530859883311, 35.46274761583063], [129.35308890056768, 35.46275851195], [129.35283098197203, 35.46440391078085], [129.35279148930186, 35.464484554095996], [129.35271008462115, 35.46464558574308], [129.3526350979918, 35.464785219496214], [129.35255403320136, 35.4649238160168], [129.3504697631284, 35.46832818440391], [129.34911998353732, 35.469282882491456], [129.34873442747394, 35.469339207245135], [129.34856523027634, 35.46935909795506], [129.34843721859153, 35.469366812625104], [129.34833653349887, 35.46937284281593], [129.34819988473114, 35.46939126977894], [129.34815465196309, 35.46940245992976], [129.34724861045265, 35.46977947768872], [129.34704604502534, 35.469898227539765], [129.34588577878716, 35.47065352787621], [129.34551168829745, 35.47090272390415], [129.34431728870175, 35.47184392912953], [129.34149979460355, 35.47408561547564], [129.3401012713284, 35.47547715747541], [129.33977957995506, 35.475992864710854], [129.33987970437292, 35.47698380143915], [129.33993486166955, 35.47822738946682], [129.3399328693483, 35.47833291028829], [129.33991988806628, 35.47845890452978], [129.33990261301443, 35.47858558449646], [129.3398826201975, 35.47866314423157], [129.33931158797424, 35.47993359680798], [129.33925074199698, 35.480065151043185], [129.33918744480772, 35.4801852013621], [129.33910444771027, 35.48032693781094], [129.33870236394264, 35.48085213282127], [129.33780174143516, 35.481996693411034], [129.33775241049116, 35.482058201914974], [129.33766675414853, 35.48213890716582], [129.33750520101023, 35.4822554462511], [129.33648286398372, 35.48292894629332], [129.33246055744527, 35.48551302615981], [129.33115649035048, 35.485551012651555], [129.33055845242873, 35.48555192031439], [129.32943892524625, 35.485895479061114], [129.32913356434634, 35.486193377757054], [129.32897411624066, 35.48643968546298], [129.32901596797896, 35.48659702796692], [129.3292508416709, 35.4867155433215], [129.32693102880202, 35.48921201348221], [129.32614151241984, 35.48920245600044], [129.3249753731685, 35.48844333725488], [129.32403646328748, 35.48782051956983], [129.32351318350945, 35.48744662391482], [129.3231517597666, 35.487192735290606], [129.32166487945173, 35.48718188647487], [129.3200823469847, 35.48744450936558], [129.31943222023588, 35.489282644333514], [129.31912519719148, 35.49020388785685], [129.3188579603784, 35.49101810605178], [129.31403101726042, 35.49113593259657], [129.31048044536382, 35.492600857620715], [129.30899231000154, 35.49450829708736], [129.30846687724784, 35.49548806968729], [129.30801592615302, 35.496363612884544], [129.30792054628856, 35.49658618782609], [129.30789735639462, 35.49671653857114], [129.30791232074375, 35.49678876604195], [129.30791528449976, 35.49679134685327], [129.3078378222164, 35.49692891906038], [129.3075314834737, 35.497140366222844], [129.30748065776694, 35.49716474053749], [129.306179534751, 35.49760710996558], [129.30583461262452, 35.49714614566885], [129.30563570865857, 35.4968063246884], [129.3053898714231, 35.496318160625826], [129.30529536935174, 35.49608542065923], [129.30526693295366, 35.49598230272032], [129.30524965878814, 35.49591117865141], [129.3052171962118, 35.49577474115718], [129.30521624466598, 35.49576502796324], [129.3044598869412, 35.495406832469214], [129.3038348317537, 35.49512796080553], [129.30292432983677, 35.49473233214634], [129.3024617292778, 35.4947219508211], [129.3009030335002, 35.49509884962668], [129.29872058161416, 35.4970839531247], [129.29725391746675, 35.4987955855729], [129.29713427485984, 35.499368925454], [129.2969986462914, 35.50060072216904], [129.29651959937894, 35.50137633534552], [129.2949121455705, 35.5025297831854], [129.29342478067866, 35.50360571264791], [129.2925133251028, 35.50539328112482], [129.29076131050587, 35.50874328753402], [129.2907509456158, 35.50874235780371], [129.28978506712912, 35.50848990038451], [129.28901425587875, 35.50909700629938], [129.28857207115573, 35.51119083066112], [129.28839916000112, 35.51235248395242], [129.28822402301142, 35.514817653726034], [129.28825842763527, 35.51496905384004], [129.2882585725391, 35.5149697206216], [129.28680068975845, 35.51595526624563], [129.28674297869452, 35.51599178378661], [129.28351184174142, 35.517136164482686], [129.2806548385151, 35.52068291146756], [129.28014489154512, 35.5210126596085], [129.2792734843115, 35.521571238200906], [129.2777561839176, 35.52198267679581], [129.27688241154792, 35.5218598273921], [129.27598174261607, 35.52259915104688], [129.27471470184537, 35.52367031723766], [129.273535443016, 35.52531353255023], [129.27339927456646, 35.52577194275443], [129.27325419124082, 35.52628094220732], [129.27325299147114, 35.526285155544834], [129.27354869858118, 35.52680697919695], [129.27366455516471, 35.52700355082491], [129.27384039872967, 35.52720601932224], [129.27385204417405, 35.52721943036308], [129.2748460653257, 35.528394491478274], [129.27465160404722, 35.528679669478606], [129.274472435304, 35.528942397756744], [129.27428524901103, 35.529208289101874], [129.27235828547356, 35.52984961337713], [129.2672131047156, 35.53068720578712], [129.2643733127974, 35.53083991658403], [129.26394142026865, 35.53079671143207], [129.26258079596911, 35.53044431175724], [129.26072634700233, 35.53021133431365], [129.25891845571783, 35.530353410407336], [129.25757974865292, 35.53158366513451], [129.2578487902801, 35.5322581646541], [129.2572131245531, 35.53435717270936], [129.25556762925552, 35.534806359153656], [129.25462052186646, 35.53496747351464], [129.2546211426609, 35.53496498528384], [129.25470778484268, 35.53461999413399], [129.25508806399787, 35.5338214587847], [129.25473937966242, 35.533449577066186], [129.25468457153212, 35.53339123460306], [129.25438822585133, 35.53307678179941], [129.2543635213091, 35.533050569682786], [129.25385108503448, 35.53272871709426], [129.2492742115589, 35.5331413299091], [129.24829729287273, 35.53324415201026], [129.24784888836354, 35.533334217523446], [129.24778918565443, 35.53334620964176], [129.2472066025303, 35.53396850693585], [129.24690318912033, 35.53441267202698], [129.24671009284438, 35.53468770741344], [129.2460365531143, 35.53554103322228], [129.2458726219442, 35.535748286420635], [129.24559683041886, 35.53609595993731], [129.24334748522554, 35.53536480006279], [129.23893464265927, 35.53593277882798], [129.23654139633788, 35.53617146374169], [129.23653927026027, 35.53617209658511], [129.23737280107855, 35.537650316434686], [129.23771002790474, 35.53824585434879], [129.23881162090754, 35.53986745651577], [129.24034087188548, 35.53976559311531], [129.24199716711138, 35.540052986122696], [129.24395794346347, 35.54223315026477], [129.24719381593857, 35.54389458999628], [129.2493623156469, 35.5454535200123], [129.25213463414693, 35.54832362366254], [129.25226527708767, 35.548486694701666], [129.253221913199, 35.55027136768554], [129.2532908628095, 35.55045499698671], [129.25329876408213, 35.5504775139248], [129.25330399424058, 35.5504924644562], [129.25330399670872, 35.55049318563954], [129.25327692149514, 35.551039966098905], [129.25326810252392, 35.55107621663018], [129.25324164139835, 35.55118487812846], [129.2532282492863, 35.55123979541226], [129.25319698737857, 35.55136802127733], [129.25317913782024, 35.55144124662273], [129.2531960257708, 35.551586770211124], [129.25390942014926, 35.55265943977066], [129.25414359238354, 35.55293919725029], [129.2542082084624, 35.55301608726075], [129.25432643627565, 35.553155720146314], [129.2544083501532, 35.55325081428202], [129.2546089309791, 35.55341523916517], [129.2559182541421, 35.554345051766404], [129.256693417014, 35.55397325272597], [129.25676655623266, 35.55393362145525], [129.25696294470737, 35.553827123625666], [129.25768708633643, 35.553402969466184], [129.25798849809283, 35.5532263975462], [129.25809295489728, 35.55316119231106], [129.25845902750882, 35.552932655351135], [129.25881336368323, 35.5527114430312], [129.26028255649388, 35.55174361654068], [129.26168948621293, 35.55168232141785], [129.2606905842876, 35.55233167253979], [129.26168599057476, 35.55446460217907], [129.2627706296752, 35.5561741716097], [129.26303083922468, 35.55648806759584], [129.2631310373171, 35.55643584632884], [129.2640395949854, 35.555962045032814], [129.26563609127084, 35.556905695803955], [129.2657860554493, 35.55676691312144], [129.2664333456709, 35.55605816761961]]]]}, "properties": {"name": "\ub0a8\uad6c", "base_year": "2018", "name_eng": "Nam-gu", "code": "26020"}}, {"type": "Feature", "geometry": {"type": "MultiPolygon", "coordinates": [[[[129.40000007339572, 35.46648321080839], [129.3999341950616, 35.46646125602406], [129.39990269169294, 35.46646479558329], [129.39983036807558, 35.466623880944255], [129.40239583155665, 35.46747290235191], [129.4043464634205, 35.468116769171516], [129.40649232346095, 35.46881960799574], [129.40656695738312, 35.46867577917215], [129.4058254491044, 35.46842699008613], [129.40480893558055, 35.46808763621849], [129.40000007339572, 35.46648321080839]]], [[[129.4540619762481, 35.56946038977771], [129.45406605572782, 35.56945999548685], [129.4540691242654, 35.56946031714326], [129.45415108320734, 35.569289946487956], [129.4541487266674, 35.56928850265453], [129.45414650669184, 35.569286230843375], [129.45411895159486, 35.56925507870292], [129.45411614308156, 35.56925174366367], [129.45411354944216, 35.569247806551914], [129.45411230205568, 35.56924560190602], [129.4541111076703, 35.56924330805483], [129.45410996938438, 35.569240870858806], [129.45410881783658, 35.56923834192603], [129.4541077899208, 35.569235724445626], [129.45410681469974, 35.56923300514406], [129.45410594768666, 35.56923010739618], [129.45410524700472, 35.569227152861856], [129.45410460262417, 35.56922415414316], [129.45410412131818, 35.569221055419405], [129.45410364134256, 35.56921792061455], [129.45410271491357, 35.56920839789185], [129.4541024639691, 35.56920515299754], [129.45410225965384, 35.56920191996797], [129.4541002846703, 35.569164855753655], [129.4541001353334, 35.56916134237121], [129.454099851236, 35.56915046421236], [129.45409975356, 35.569146715605285], [129.45409901783276, 35.56911615446431], [129.45409899788103, 35.569108701283334], [129.45409897898986, 35.56910147345719], [129.45409902779923, 35.56909457988688], [129.4540991472691, 35.56908823327561], [129.45409950056114, 35.56908233722288], [129.45413058823559, 35.56879915165633], [129.45414254768335, 35.56869418856566], [129.4541430665456, 35.56869038488642], [129.45414370670179, 35.56868648728855], [129.4541443907994, 35.56868258176621], [129.45414578111354, 35.568674682017004], [129.4541472122169, 35.56866664458014], [129.45414796366128, 35.568662604545445], [129.45414875481055, 35.568658563866904], [129.45414961543497, 35.568654567136186], [129.45415047697873, 35.568650608253066], [129.45415145674477, 35.568646701542164], [129.4541526041977, 35.56864279391509], [129.4541539182699, 35.568638932266516], [129.45415535239312, 35.5686350163849], [129.4542297450349, 35.56843754161486], [129.45423145367715, 35.568433208399036], [129.45423509031113, 35.56842476017637], [129.45425052709686, 35.568390552587175], [129.45425454957117, 35.568382090895064], [129.45425671056327, 35.5683778477041], [129.45425892643806, 35.56837359280523], [129.45426364378895, 35.568365121647325], [129.45433986810338, 35.56823798006987], [129.45434215028013, 35.568234183853306], [129.45434449099008, 35.56823043536781], [129.45434922331836, 35.56822294478301], [129.4543540682301, 35.5682154559782], [129.45435903316428, 35.56820782098862], [129.45436153825838, 35.5682040265655], [129.4543641095268, 35.56820023106916], [129.45436672359793, 35.56819638078933], [129.4543776545541, 35.5681803535505], [129.4543805422559, 35.56817614004045], [129.4543834408551, 35.568171920944664], [129.45438639680535, 35.56816770091873], [129.45439245983886, 35.56815930529301], [129.45439559118608, 35.56815512929972], [129.45439871259853, 35.56815099854189], [129.4544018979627, 35.56814695689566], [129.45440507474936, 35.56814301635515], [129.45442413702233, 35.56811952814115], [129.45443062162647, 35.568111590844566], [129.45443727264544, 35.56810360036539], [129.45444392377786, 35.56809570544178], [129.454450519747, 35.56808790156126], [129.45446652914853, 35.568069004550296], [129.45446977447847, 35.56806534235785], [129.45447297541253, 35.56806176021631], [129.4544762196307, 35.56805814311613], [129.45447953208088, 35.56805460964917], [129.45448289755794, 35.568051078928065], [129.45448637544365, 35.568047542777826], [129.4544898634221, 35.56804405875013], [129.4544934516417, 35.568040522613245], [129.4544971048805, 35.56803702869318], [129.45450075838167, 35.56803354558662], [129.4545044568745, 35.56803009780977], [129.45450816419026, 35.56802664988973], [129.45451192907584, 35.56802321005076], [129.45451570481498, 35.56801976282373], [129.45452323542716, 35.56801309948876], [129.45453476023872, 35.568002988988546], [129.45453858889897, 35.56799963105133], [129.45454246521106, 35.56799623628163], [129.4545463512656, 35.5679928792163], [129.4545540572704, 35.56798625991218], [129.45456176439586, 35.56797977761563], [129.45456941548258, 35.567973350316784], [129.4545770808647, 35.56796714815766], [129.45458091436538, 35.56796408041988], [129.4545848015934, 35.56796104426413], [129.45458874401024, 35.56795800901612], [129.4545926985943, 35.567955020448025], [129.45459664236796, 35.567952041070036], [129.4547988424541, 35.56780417888183], [129.45480134622255, 35.567802420031846], [129.45535337275297, 35.56638541185977], [129.4553557102396, 35.56638162554496], [129.45535817116132, 35.566377833621395], [129.45536330130994, 35.56637028605979], [129.45536603909082, 35.56636653652133], [129.45537167761572, 35.566359023982244], [129.45537464463604, 35.56635517336338], [129.4553776557714, 35.56635132202864], [129.4553807883113, 35.566347472329944], [129.4553840322499, 35.56634357574926], [129.45539073595967, 35.5663354022635], [129.45539419793656, 35.56633112532263], [129.45539764783297, 35.56632680530625], [129.4554011658762, 35.5663222930685], [129.4554045560159, 35.5663176026083], [129.45540788221925, 35.56631273288776], [129.4554110978867, 35.56630776399394], [129.45544269787752, 35.56625868627817], [129.45550767790678, 35.566156784200665], [129.45551966016927, 35.56613791093177], [129.45552554156438, 35.56612858966508], [129.45553718417543, 35.56610972370886], [129.45554305123954, 35.56610008534998], [129.45555418641487, 35.566081314169075], [129.45555678487193, 35.56607673571494], [129.45555933033125, 35.56607224646659], [129.4555616540316, 35.566067712136274], [129.4555638023662, 35.56606322572597], [129.45556589352603, 35.56605874745532], [129.45556787654422, 35.566054359285296], [129.45556985956222, 35.56604997111525], [129.45557178853116, 35.566045628896624], [129.45557371660834, 35.566041340781744], [129.4555756433557, 35.566037088747954], [129.4555776949395, 35.566032888777706], [129.4555797992706, 35.566028770888416], [129.45558196010344, 35.56602470797453], [129.45558417717518, 35.56602068922242], [129.4555865716272, 35.56601670545441], [129.4555890766143, 35.566012820859406], [129.45559175563693, 35.56600892442536], [129.45559442498853, 35.56600508404047], [129.45559721659188, 35.566001189385396], [129.4556001275249, 35.56599730180876], [129.4556030834927, 35.565993451363774], [129.45560610786708, 35.565989691760485], [129.45560917415054, 35.565985931477044], [129.45561561908633, 35.56597846173332], [129.4556188630122, 35.565974747247374], [129.45564265971052, 35.56594807549039], [129.45564607989076, 35.565944258979826], [129.45564959738675, 35.56594045170783], [129.4556531289931, 35.56593668026628], [129.45566042316506, 35.56592928869096], [129.45574788518715, 35.565822362763306], [129.45575296237126, 35.5658148178481], [129.4557554673138, 35.56581111354813], [129.4557579835039, 35.56580741808046], [129.45576054358978, 35.56580371288548], [129.45576311474798, 35.565800009313755], [129.45576579505445, 35.56579625709327], [129.45576853143973, 35.5657924516763], [129.4557714324675, 35.56578861113379], [129.45577451084648, 35.56578471362375], [129.4557777545251, 35.565780808022126], [129.4557811625832, 35.565776856481314], [129.45578463928214, 35.56577291464431], [129.45578826575272, 35.565768961361734], [129.45579196042596, 35.5657649997603], [129.4557957755827, 35.565761001946896], [129.45579958058653, 35.565757040357674], [129.45580742357018, 35.56574907914142], [129.45581140529572, 35.56574512550171], [129.45581537686834, 35.565741208086166], [129.45581935968838, 35.565737299502864], [129.45582322886057, 35.56573343603525], [129.45583096152174, 35.56572565690558], [129.45583851894827, 35.56571793110269], [129.4558459748651, 35.56571020514377], [129.4558496719425, 35.565706342665315], [129.45585336681378, 35.565702480222555], [129.45585706168472, 35.56569861777969], [129.45586064864892, 35.56569476429988], [129.45586423318792, 35.56569090184444], [129.4558677614725, 35.56568708537628], [129.45587129329195, 35.565683232791116], [129.45587482268624, 35.56567937123033], [129.45587840831922, 35.56567555383114], [129.45588557989086, 35.56566793164833], [129.45588921973135, 35.56566416565539], [129.45589661164152, 35.565656621029895], [129.45590037377607, 35.5656528025685], [129.45590412403396, 35.56564904019202], [129.45590788726312, 35.565645266787044], [129.45591169244491, 35.56564149450406], [129.4559154556734, 35.56563772109887], [129.4559192059299, 35.56563395872195], [129.45592291291865, 35.56563014115488], [129.45592660887831, 35.565626323766686], [129.45593030483766, 35.565622506378396], [129.45593388958926, 35.56561865293237], [129.4559374741365, 35.56561470032585], [129.4559410474945, 35.56561065054008], [129.45594457686866, 35.565606606876976], [129.45595553777508, 35.565594379687965], [129.45596307949208, 35.565586008666784], [129.45596693719963, 35.56558176495268], [129.45597090661113, 35.565577486971904], [129.45597494307088, 35.56557324396233], [129.45597907773714, 35.565568956087255], [129.45598327663245, 35.56556467798746], [129.4559875337968, 35.56556043680431], [129.45599190225565, 35.56555623528312], [129.45600091936026, 35.565547739346854], [129.45600993882903, 35.56553934073232], [129.45602350334246, 35.56552674313765], [129.45602803294835, 35.56552254440861], [129.45603263071268, 35.565518335558245], [129.45603722979104, 35.56551418077569], [129.45604630331437, 35.56550591830739], [129.45605073823126, 35.56550181847513], [129.45605947084061, 35.565493511055834], [129.45606379415455, 35.56548935894522], [129.4560680492215, 35.5654852133511], [129.45607225117493, 35.56548106140702], [129.45607644006873, 35.56547691688667], [129.45608462483025, 35.56546876620183], [129.4560926860099, 35.56546070586818], [129.4560966123009, 35.56545674230123], [129.45611610221752, 35.56543700248693], [129.45611997336275, 35.56543303981432], [129.4561238337418, 35.5654290881342], [129.45613145490478, 35.565421081817526], [129.4561352038564, 35.5654170850683], [129.45613888854933, 35.5654129865923], [129.45614247072623, 35.565408846508745], [129.45614598911158, 35.56540471467243], [129.4561494534047, 35.56540062698547], [129.45615615585035, 35.56539249855334], [129.4561594535579, 35.5653884568415], [129.45616275021342, 35.565384371875204], [129.45616604682482, 35.56538028510657], [129.4561693335175, 35.56537615342444], [129.45617257589078, 35.56537192329787], [129.45617921221822, 35.56536370759186], [129.45618915718998, 35.56535144638938], [129.4561958077854, 35.56534336387116], [129.45620245726926, 35.56533532644503], [129.45620916430528, 35.56532738724808], [129.4562159781504, 35.565319394030695], [129.456219563781, 35.56531539632402], [129.4562232575362, 35.5653113986651], [129.45622711770014, 35.56530734782155], [129.45623104399198, 35.56530329410148], [129.45623921544228, 35.56529514181955], [129.4562433624233, 35.56529118007454], [129.45624756450354, 35.56528721563204], [129.45625172249768, 35.56528334385683], [129.45625592697246, 35.565279568687714], [129.45641999357875, 35.56513904075637], [129.45648132557574, 35.56508684055066], [129.45648877009853, 35.56508064726822], [129.45649242458092, 35.56507766711769], [129.4564960945325, 35.56507477866772], [129.456499761168, 35.5650719353459], [129.4565034854007, 35.5650691920556], [129.45650722034057, 35.56506652611936], [129.45651094561012, 35.56506391623227], [129.4565147370369, 35.56506139541987], [129.45651852744098, 35.56505892330432], [129.456522318809, 35.565056490838494], [129.45652616650335, 35.56505410613848], [129.45652995816326, 35.565051776437336], [129.45653380690896, 35.56504943499146], [129.45653765260158, 35.56504714948729], [129.45654151152837, 35.56504486376816], [129.45654547064754, 35.565042524135976], [129.45655346383614, 35.56503784185143], [129.45655758512672, 35.56503545631457], [129.45656177479466, 35.56503306966746], [129.45656613969354, 35.56503062969199], [129.45657060496004, 35.565028143012476], [129.4565751904895, 35.56502561110887], [129.45661107168522, 35.56500599815045], [129.45697182167794, 35.56480893683403], [129.45697718784425, 35.564806022628986], [129.45698249969996, 35.56480314356217], [129.45699311070194, 35.56479740726996], [129.45699842391542, 35.56479458407269], [129.45700378984668, 35.56479175100423], [129.4570092222122, 35.5647889276746], [129.4570146446447, 35.564786149580435], [129.45702013434433, 35.56478341546813], [129.45702561189128, 35.56478081677614], [129.45703115785906, 35.564778218775814], [129.45703670293585, 35.564775674879016], [129.45704236799804, 35.564773165093044], [129.45704802647262, 35.5647707473656], [129.45752879671312, 35.564568223147035], [129.4575328907035, 35.56456662231562], [129.45753698574603, 35.564565064738424], [129.4575410357838, 35.56456356198139], [129.45754502184238, 35.56456215041226], [129.45754895270073, 35.56456082808546], [129.45755282862206, 35.5645596058146], [129.4575567144623, 35.5645584284569], [129.45756064660912, 35.564557340495746], [129.45756471117312, 35.564556344138346], [129.45756881979418, 35.56455543541102], [129.45757299704206, 35.56455462653551], [129.45757722721376, 35.56455390694902], [129.45758140553116, 35.5645533234279], [129.4575855286923, 35.564552830951385], [129.45758960679177, 35.56455248164182], [129.4575935659447, 35.56455223162496], [129.45759746883198, 35.56455211774513], [129.45760131876884, 35.564552094874095], [129.4576051247668, 35.564552079928575], [129.45760886326457, 35.56455210213892], [129.45761243760535, 35.56455217930195], [129.4576159580617, 35.56455239977529], [129.45761931412858, 35.56455275633908], [129.4576225490872, 35.56455321403372], [129.4576257398306, 35.56455375898936], [129.45762887657128, 35.56455435169951], [129.45763189084437, 35.56455498967034], [129.45763486227486, 35.56455568062335], [129.45763776532826, 35.56455637268698], [129.45764061654077, 35.56455711066705], [129.4576959449399, 35.56457263702232], [129.4576988623118, 35.5645734640751], [129.4577017678088, 35.56457434721297], [129.4577046299371, 35.56457526170586], [129.4577073820296, 35.564576278952835], [129.45771007031874, 35.5645773945969], [129.4577126571319, 35.56457860203817], [129.4577151248234, 35.56457990156325], [129.45771748229066, 35.564581386782415], [129.4577197405315, 35.56458296556521], [129.45772188330352, 35.56458469587073], [129.45772401927, 35.56458650922367], [129.45772617193512, 35.56458846474045], [129.45773047376204, 35.5645925038421], [129.4577326255681, 35.5645946054138], [129.45773698499428, 35.56459874454621], [129.45774145359735, 35.56460292697931], [129.45774377045106, 35.56460491949404], [129.45774609630317, 35.56460691907445], [129.4577485234999, 35.56460882145074], [129.45775100583964, 35.56461072293121], [129.45775349922116, 35.56461253408342], [129.4577559782722, 35.56461430039398], [129.45775846152853, 35.56461596747246], [129.45776093927725, 35.56461758956595], [129.4577634181924, 35.564619078220204], [129.45776583411967, 35.56462051741428], [129.45776824442083, 35.564621816067564], [129.4577728885128, 35.56462386993956], [129.45777739421402, 35.56462504260113], [129.45778205038076, 35.56462505350444], [129.4577869014127, 35.56462436709609], [129.4577919129961, 35.564622933450146], [129.45779437524527, 35.564621923449316], [129.45788045332267, 35.5645864289829], [129.45788499828885, 35.56458449988336], [129.45788930943104, 35.564582392481725], [129.45789344497487, 35.564580141891604], [129.4578974139496, 35.56457784713007], [129.45790120554594, 35.564575517387574], [129.45790476871252, 35.564573231021534], [129.45790811786782, 35.56457103647808], [129.45791117383828, 35.56456885390955], [129.45791395067346, 35.564566535243664], [129.45791666027935, 35.564563902149075], [129.4579190826546, 35.56456098163866], [129.45792131423667, 35.56455774690404], [129.45792343222558, 35.56455419669102], [129.4579252102531, 35.5645504590826], [129.45792659133966, 35.56454673152888], [129.4579525495578, 35.564468383364755], [129.45810008873653, 35.564128198681004], [129.4581001967393, 35.564125926979], [129.4581000854126, 35.5641236191751], [129.45809974111484, 35.56412134941298], [129.45809916425344, 35.56411904376397], [129.45809831406046, 35.56411674976782], [129.45799092927533, 35.56387773941644], [129.4579894357473, 35.56387503217193], [129.45798726949508, 35.56387224570806], [129.45798418764198, 35.563869283004024], [129.45798025238614, 35.56386616107903], [129.45797806130977, 35.5638645307262], [129.45797569059448, 35.56386295377517], [129.45797315440822, 35.56386137770942], [129.4578632765166, 35.56379455773023], [129.45785879422283, 35.563791987383965], [129.45785431345607, 35.56378984251518], [129.45784984715635, 35.56378802014399], [129.45784543727567, 35.56378652139185], [129.45784105426767, 35.56378558292868], [129.45783662968583, 35.56378538436112], [129.45783215227758, 35.563785644607606], [129.4578275770519, 35.56378632833948], [129.4578229069421, 35.56378728405911], [129.45781800444976, 35.563788483349526], [129.45781321338208, 35.56378972770701], [129.4578085445483, 35.56379100794111], [129.4578041614021, 35.5637922402626], [129.45780021933294, 35.563793281515004], [129.45779672590496, 35.56379398914034], [129.45779349490144, 35.56379414620062], [129.4577904819062, 35.563794013046], [129.457787414698, 35.56379355623621], [129.45778427564449, 35.563792685908886], [129.45778101481713, 35.563791345179794], [129.45777734170915, 35.56378965596169], [129.45777337056506, 35.563787688517685], [129.45776923378352, 35.56378535235113], [129.45776502620933, 35.56378264592127], [129.45776294430163, 35.563781149014204], [129.45775861191532, 35.563777937975246], [129.45775421426183, 35.56377458375823], [129.45774976147948, 35.56377114028778], [129.4577475118914, 35.5637693720519], [129.45774530545256, 35.56376756344957], [129.45774304591492, 35.56376565834903], [129.45773857732095, 35.56376174636108], [129.45772007592333, 35.56374544870367], [129.45771775778042, 35.563743402119485], [129.45771322300064, 35.56373930910506], [129.45770219172806, 35.56372885254106], [129.4576977628495, 35.56372457750807], [129.4576656218582, 35.563693552926054], [129.4576636346463, 35.563691594719934], [129.45766178205614, 35.56368972808179], [129.45765997468934, 35.563687815634594], [129.45765822131153, 35.563685945581824], [129.45765483598754, 35.56368229906145], [129.4576517372721, 35.56367864247643], [129.4576489817106, 35.563675032603555], [129.45764645554118, 35.56367141900441], [129.45764408471766, 35.56366766044667], [129.45764183631678, 35.563663854825855], [129.4572913375469, 35.56275385362592], [129.4572860842539, 35.5627514237896], [129.45724472323, 35.56273058058443], [129.45724035204435, 35.562728039059685], [129.45723640134938, 35.56272518600282], [129.45723275040092, 35.56272177456397], [129.457229289691, 35.56271792912401], [129.45722594535567, 35.56271406015828], [129.4572227132465, 35.562710178552024], [129.45721976683575, 35.562706158885646], [129.45721725160953, 35.562701995190494], [129.45721537316305, 35.56269779410935], [129.45721450163947, 35.56269362355319], [129.45721475336893, 35.56268945819413], [129.45721599777875, 35.56268528212291], [129.4572182561801, 35.562681064342776], [129.4572214553614, 35.56267669786403], [129.45726887045473, 35.56261986426238], [129.45727311148988, 35.562615241066226], [129.45727787500607, 35.56261087081627], [129.45728328868228, 35.56260665047214], [129.457341411264, 35.562564663548706], [129.45734497025362, 35.56256211763885], [129.45734851931073, 35.562559616964634], [129.45735219011732, 35.56255713234274], [129.45735590313814, 35.56255465965598], [129.45736337539662, 35.562549800074386], [129.4573671668862, 35.562547378399195], [129.457371046865, 35.56254496610456], [129.45737500386633, 35.562542545346965], [129.4573790387231, 35.56254015036942], [129.45738307379884, 35.56253776440307], [129.4573871530314, 35.5625353795224], [129.45740326924712, 35.562526115507794], [129.45740719507708, 35.562523864735276], [129.45741112226588, 35.56252166983283], [129.45741893815497, 35.562517421284916], [129.45742662411496, 35.56251327401049], [129.45743421252936, 35.56250919863601], [129.45744186644157, 35.56250518530145], [129.4574570429931, 35.56249738613515], [129.45746466490064, 35.56249350854225], [129.45773786652651, 35.56235629606543], [129.4580124187759, 35.56222647668135], [129.45808577221476, 35.56220552249327], [129.45809270414836, 35.56220466704277], [129.45809871445707, 35.56220238959317], [129.45810345691027, 35.56219860742401], [129.45810698973196, 35.56219335564904], [129.45829007582176, 35.56182433689727], [129.4583135926442, 35.56177419081174], [129.45847072251615, 35.56139939671622], [129.4584722281032, 35.561394713357814], [129.458473280095, 35.5613896154738], [129.45847366261222, 35.56138692823114], [129.45848939112636, 35.56125739919234], [129.45849000279307, 35.561252250768256], [129.45849042714477, 35.56124720274883], [129.45849688655545, 35.56116537785024], [129.45849716480265, 35.56116003831975], [129.45849692403308, 35.56115431597743], [129.45849641656488, 35.56114824278257], [129.45849587277897, 35.56114194660874], [129.45849523892613, 35.56113557617347], [129.45849456359286, 35.561129314590886], [129.45849365816096, 35.56112311804868], [129.45849255281988, 35.56111686705977], [129.4584911599904, 35.561110680240844], [129.4584895367868, 35.561104637797726], [129.45848784918843, 35.56109885062077], [129.45848616454813, 35.56109336629585], [129.45848445916184, 35.56108829879571], [129.4584825244732, 35.561083601026084], [129.4584802036765, 35.56107917637134], [129.45847736789332, 35.56107489711139], [129.45847396772294, 35.56107072798943], [129.45847009496796, 35.56106663325706], [129.4584658252899, 35.56106254858053], [129.45846119265028, 35.56105850946746], [129.45845608608536, 35.561054670973995], [129.45845049371488, 35.56105081693592], [129.45844479018677, 35.561046928644316], [129.458438999694, 35.561043184200784], [129.45843314534542, 35.561039626501234], [129.45842719322965, 35.56103649408968], [129.45842113362187, 35.5610339313623], [129.45841476920063, 35.561031990205876], [129.45840823265377, 35.56103068288802], [129.4584015670721, 35.56103005738892], [129.45839492702405, 35.56103011840879], [129.45838833241032, 35.56103050502886], [129.45838191969082, 35.561031384511615], [129.45837571673633, 35.56103281409944], [129.45836979570547, 35.56103485752705], [129.45836424048676, 35.56103760718616], [129.45835896437183, 35.56104094548925], [129.45835382535512, 35.56104493063616], [129.45820839956957, 35.56115798195749], [129.45820307318448, 35.5611623379498], [129.45819784004163, 35.56116708006697], [129.45819528434666, 35.56116959527602], [129.45819277342179, 35.56117213680225], [129.45818800447793, 35.56117745734434], [129.458183480056, 35.56118303354202], [129.45818126913144, 35.56118593439507], [129.4581791338996, 35.56118886286588], [129.45817704586273, 35.56119182662939], [129.4581749887922, 35.56119479349569], [129.4581711178264, 35.56120083686473], [129.45816745649466, 35.561206790284686], [129.4581656762354, 35.5612097075789], [129.4581639827098, 35.56121256216264], [129.45816228918406, 35.56121541674636], [129.45816066029195, 35.56121820717572], [129.45815912099695, 35.56122096189277], [129.45815765872325, 35.561223708146485], [129.45815628489365, 35.56122646197807], [129.45815363696963, 35.56123198785352], [129.458151120098, 35.561237549462135], [129.458149901144, 35.56124032061007], [129.458148725237, 35.561243137935996], [129.45814755060175, 35.561246007527565], [129.45813705667155, 35.56127231037637], [129.45813595848682, 35.5612751480751], [129.45813489193912, 35.561277925761566], [129.45813396068002, 35.56128073190056], [129.4581331395266, 35.561283529038704], [129.45813243752076, 35.561286326044], [129.45813190251553, 35.561289185243176], [129.45813141029421, 35.561292079806734], [129.45813099822092, 35.561295003718726], [129.45813033718997, 35.56130093543541], [129.45812982993868, 35.561306839411905], [129.4581296407178, 35.56131257415034], [129.45812962844968, 35.561317873299274], [129.45812981041567, 35.56132281230297], [129.45813001202058, 35.561327379574294], [129.45813041028458, 35.56133159567586], [129.4581312377632, 35.56133549649478], [129.45813252856243, 35.561339032796496], [129.45813400106385, 35.561342238004194], [129.45813555093235, 35.561345176917236], [129.4581373760165, 35.56134781927644], [129.4581397395185, 35.56135028160491], [129.45814247692456, 35.561352694586915], [129.45814525162538, 35.5613552800487], [129.45814784690486, 35.56135829032219], [129.4581500515363, 35.561361840623874], [129.45815180628765, 35.56136585438813], [129.45815275723157, 35.56137011379626], [129.4581527620548, 35.56137466443196], [129.4581518938627, 35.561379427579446], [129.45815052324429, 35.56138439902054], [129.45814866477454, 35.56138945231003], [129.45806044103196, 35.561626980125155], [129.45803045943592, 35.561696458141306], [129.45802941198767, 35.561698570217985], [129.45776889752725, 35.562070099469224], [129.45776733251253, 35.56207207030419], [129.457764500325, 35.56207455934528], [129.45776195157, 35.562076091810255], [129.45775880467684, 35.562077707913595], [129.45726586911553, 35.562307244327876], [129.45726161125748, 35.56230917955806], [129.45724475665367, 35.562316751731736], [129.45724045314716, 35.562318624598326], [129.45723619512628, 35.5623204624695], [129.45723201409774, 35.56232219992645], [129.45722795264027, 35.56232377317347], [129.4572241112496, 35.56232514091304], [129.4572205114425, 35.562326371308885], [129.45721703520957, 35.562327511351896], [129.4572107470813, 35.56232952642912], [129.45720792570586, 35.562330374572646], [129.4572052396343, 35.562331161020566], [129.45720257404116, 35.562331882228676], [129.45719888561035, 35.562332825586765], [129.45718964205182, 35.562335076167976], [129.4571864141595, 35.56233544951782], [129.45718346596772, 35.56233480324922], [129.45718131551237, 35.562333026179786], [129.45715983036294, 35.562308160453114], [129.4571544783881, 35.562301944157916], [129.45714923694374, 35.5622955547847], [129.45714399386225, 35.56228891662696], [129.45714134791316, 35.56228554655953], [129.4571334029821, 35.56227532649028], [129.45710325422945, 35.56223582063557], [129.45710080861963, 35.56223261318775], [129.45709385054985, 35.56222295945172], [129.4570915244983, 35.562219677943126], [129.45708929112817, 35.56221639673243], [129.45708708930877, 35.56221305190514], [129.45708488290293, 35.56220969994037], [129.4569817117851, 35.562051076168636], [129.45695609505685, 35.56163257755431], [129.45695562338184, 35.56161753756382], [129.45695560835244, 35.561614923490616], [129.4569557310212, 35.56160935210156], [129.45695595130624, 35.56160353031659], [129.45695638156488, 35.5615977231519], [129.45698796572015, 35.561248696560014], [129.45698823815258, 35.561246198618434], [129.45698851080414, 35.5612437096882], [129.45698921102695, 35.56123875094787], [129.45698963789687, 35.56123625230154], [129.45699010887927, 35.56123375293893], [129.45699061519548, 35.56123125480554], [129.45699116188445, 35.56122869291237], [129.45699175405875, 35.56122609602404], [129.45699237993097, 35.56122352383022], [129.4569930486305, 35.5612209888035], [129.4569937495377, 35.56121841719423], [129.45699446239342, 35.561215883253475], [129.45699872620855, 35.56120122071836], [129.45699947276196, 35.56119871147207], [129.45700022972986, 35.56119617681499], [129.4570010857457, 35.56119354138581], [129.4570019863702, 35.56119083491614], [129.45700293110713, 35.56118812773018], [129.45700489644858, 35.56118274818586], [129.4570070279128, 35.56117739479164], [129.4570081711993, 35.56117468618458], [129.45700934827136, 35.56117200587653], [129.4570106883544, 35.56116922375775], [129.4570258876915, 35.56113796393432], [129.45702759856206, 35.5611344600124], [129.45702939968766, 35.56113094741297], [129.4570312308152, 35.56112739826679], [129.45704985593434, 35.56109138425265], [129.45705165638654, 35.56108793476804], [129.45705344601558, 35.561084584622925], [129.45705529099013, 35.561081332742816], [129.45710057274474, 35.561002135459205], [129.45710422031323, 35.560995794653756], [129.4571078027944, 35.56098959012845], [129.4571113856854, 35.56098358392391], [129.45711493714327, 35.56097773689173], [129.45716845318856, 35.56089381368426], [129.45718292797432, 35.5608770399112], [129.4572775597018, 35.56079829601385], [129.45727993220876, 35.56079641303804], [129.45728230378128, 35.5607945823637], [129.4572900247022, 35.56078870367324], [129.45729274822156, 35.56078673746863], [129.45729572613138, 35.56078479778321], [129.45729902484922, 35.56078298450505], [129.45731408581176, 35.5607756163455], [129.4573168010687, 35.56077430836133], [129.45731953062764, 35.56077322551701], [129.4573227476893, 35.560772590908655], [129.457326385414, 35.56077246872596], [129.45733014757351, 35.560772382384776], [129.4573338647303, 35.56077235086368], [129.457337418707, 35.56077295844366], [129.45734107866485, 35.56077456675782], [129.4573436931028, 35.56077600814811], [129.45742846818305, 35.560690641411966], [129.45742613172732, 35.56068928926351], [129.45742396494182, 35.560687836998554], [129.45742182595257, 35.56068634822256], [129.457417749693, 35.56068340886278], [129.45741396133002, 35.56068033140671], [129.45741051146112, 35.560677109623704], [129.45740722746524, 35.560673813027506], [129.45740418447826, 35.56067035565793], [129.45740143933358, 35.560666624807325], [129.45739897910445, 35.5606626333065], [129.45739777685048, 35.5606604676237], [129.45739661730593, 35.56065824355194], [129.45739548830298, 35.56065591441147], [129.45739451635035, 35.56065351060121], [129.4573647399038, 35.56057486151519], [129.45736344095684, 35.56057126042926], [129.45736250361162, 35.560567557912805], [129.45735228014897, 35.560507832641186], [129.4573517547296, 35.56050437404851], [129.4573516700967, 35.56050107597409], [129.45735215819198, 35.560497920048256], [129.4578183417889, 35.55957880764698], [129.45781840787367, 35.55957517537651], [129.45782624646566, 35.55937851085703], [129.45782646061065, 35.55937352755399], [129.45782726427305, 35.55936366302886], [129.4578315134537, 35.559323376782835], [129.4578326941271, 35.55931386312287], [129.45783424211282, 35.55930466442613], [129.4578361534208, 35.559295616686434], [129.4578384313965, 35.55928676672686], [129.4578410078027, 35.559278393314436], [129.4578439177225, 35.55927039671546], [129.4578471618441, 35.55926289591525], [129.4578507513401, 35.55925580599234], [129.45785461532122, 35.559248843227806], [129.45811820416887, 35.55877941443306], [129.458120006431, 35.55877622453223], [129.45812230597434, 35.55877352237104], [129.4582974367389, 35.55863424561566], [129.4583020826868, 35.55863076790844], [129.45830671930412, 35.55862745081767], [129.45831145627278, 35.55862444942025], [129.4583163257862, 35.55862181728245], [129.45832109024607, 35.55861967365537], [129.4583258795297, 35.558617915462], [129.45833071395668, 35.5586166523538], [129.45833564920503, 35.55861581491295], [129.4583406013322, 35.5586153990944], [129.45834532107992, 35.558615316996416], [129.4584369389061, 35.55850037052277], [129.45842172958987, 35.558455651398354], [129.45842041642504, 35.558451466389165], [129.45842009208485, 35.558447023713356], [129.45842021353116, 35.558444760805884], [129.45842075671038, 35.55844006243461], [129.45842175681966, 35.558435463014284], [129.458423264104, 35.55843094189568], [129.45842525786162, 35.55842628305789], [129.45850050119031, 35.55825764669685], [129.4585030805353, 35.55825375001659], [129.45856778371603, 35.558174696359], [129.45857075371768, 35.558171620895806], [129.45857413646814, 35.558168823595715], [129.45857800337802, 35.55816633755479], [129.45858233851354, 35.558164233348066], [129.4585868858632, 35.55816278017353], [129.45859169989524, 35.55816204025024], [129.4585964966904, 35.558161861332934], [129.4586012287668, 35.55816174296543], [129.4586059035869, 35.55816162913414], [129.45861057982304, 35.55816148282606], [129.4586152091662, 35.558161041591504], [129.45861973578198, 35.55815991509164], [129.45862387358937, 35.55815795291946], [129.45862729865632, 35.558155353257774], [129.4586299511641, 35.55815246865941], [129.45863164512105, 35.55814945359707], [129.45863193495217, 35.55814640365767], [129.4586308589852, 35.55814335247495], [129.45862862541807, 35.55814033272503], [129.4586252770209, 35.558137469921235], [129.45862098461652, 35.55813489290485], [129.45861857289788, 35.558133709678195], [129.45851089893964, 35.55808307028663], [129.45850651084473, 35.55808127551037], [129.45850201259827, 35.558079850331374], [129.45849740843582, 35.55807878746886], [129.4584928590983, 35.558078073492965], [129.45848844674805, 35.55807782065621], [129.45848433213862, 35.558077925379656], [129.45848048717474, 35.55807804916004], [129.45847705626883, 35.55807823292221], [129.4584739496452, 35.558078867568256], [129.45847094420634, 35.558079852150684], [129.4584678740546, 35.5580811695325], [129.45846463844964, 35.55808276004944], [129.45846138555703, 35.55808463752067], [129.45845814589077, 35.558086877175455], [129.45845512808697, 35.55808952971288], [129.45845227826644, 35.55809273844374], [129.45837095946678, 35.558188332096044], [129.4583681330162, 35.55819186678424], [129.45836550909868, 35.558195564055424], [129.45836308084722, 35.55819932305446], [129.4583608090134, 35.55820307229995], [129.45835859033167, 35.55820682969665], [129.45835643980217, 35.55821057697104], [129.45835437624064, 35.558214452646695], [129.4583524917407, 35.55821852374039], [129.45835071714123, 35.55822275892228], [129.4583481205519, 35.55822939279991], [129.45834640166618, 35.55823392276484], [129.4583439372388, 35.55824081953268], [129.45834310515485, 35.55824316610607], [129.45834230019523, 35.55824553928339], [129.4583415084688, 35.55824791224568], [129.458339969377, 35.55825275841622], [129.45833921028222, 35.558255202967395], [129.45833846512235, 35.55825767613978], [129.4583153629707, 35.55833443646924], [129.45831393615214, 35.55833918165139], [129.45831266160363, 35.55834392796537], [129.45831203533513, 35.55834630004205], [129.45831144064587, 35.55834870045325], [129.4583108481183, 35.55835109902635], [129.45830970789382, 35.55835610639253], [129.4583086119738, 35.558361302351486], [129.45830806467157, 35.55836392736495], [129.45830543838593, 35.55837741123677], [129.45830493827705, 35.55838007154296], [129.45830347062585, 35.55838812585269], [129.45829500457214, 35.55843718000051], [129.45829462098752, 35.55843964188876], [129.45829430203432, 35.55844203962265], [129.4582940307699, 35.55844440232511], [129.45829359220332, 35.55844886641205], [129.45829330806333, 35.55845305754317], [129.45829305377413, 35.55845702462001], [129.4582928312781, 35.55846075679318], [129.45829264386433, 35.55846438923255], [129.45829236537807, 35.55846790595811], [129.4582920853387, 35.55847117750393], [129.45829179765576, 35.558474225604705], [129.45829141469028, 35.55847698497422], [129.4582888052077, 35.55849324515829], [129.45828752639696, 35.55849536820857], [129.45828511229362, 35.5584972608942], [129.45828266720864, 35.55849833372829], [129.45827968013094, 35.55849880415916], [129.45827579919975, 35.558498901473044], [129.45823475240883, 35.55849986768736], [129.4582317967552, 35.5584999066948], [129.45822882915286, 35.55849990803376], [129.45822278394678, 35.558499833167716], [129.45816327108372, 35.558498238058526], [129.45805102316766, 35.55849476275013], [129.4580480986062, 35.55849453801315], [129.45804545857746, 35.55849358385649], [129.45804316763008, 35.55849210477096], [129.45801792724583, 35.55836917491118], [129.4579962031957, 35.55816459234809], [129.45799600324156, 35.558162177803034], [129.4579958975512, 35.55815946603823], [129.45799578149965, 35.55815641908782], [129.45799575202977, 35.55815312191991], [129.4579957432692, 35.55814967837433], [129.4579958117595, 35.55814614522784], [129.45799988795133, 35.55797260367856], [129.4580004027837, 35.557970366834006], [129.4580017705174, 35.557968271189665], [129.4580040972373, 35.557966324037004], [129.45800666035694, 35.55796520601967], [129.45802666630405, 35.557957063296165], [129.4580346460986, 35.557954220175915], [129.4580376963071, 35.55795326192169], [129.45804061910798, 35.55795332441982], [129.45804406811538, 35.55795451965423], [129.4580471333384, 35.557956173670966], [129.45811980416647, 35.55800226892626], [129.45812336841018, 35.558004572920545], [129.45812694517272, 35.5580069380126], [129.45813420706355, 35.558011769205514], [129.45815744986598, 35.55802765985434], [129.45816319642438, 35.55803160335805], [129.45819032787705, 35.558050706832404], [129.45819226709935, 35.558052330459226], [129.45835655767982, 35.55788482563754], [129.45836164556957, 35.55788509454743], [129.4585510035754, 35.55789507116244], [129.45855485185112, 35.557895174501326], [129.45855901051777, 35.557895067256695], [129.45856336535766, 35.55789486126625], [129.45856787601323, 35.55789453014109], [129.4585724264059, 35.55789392792336], [129.45857683315703, 35.55789313512105], [129.4585811291741, 35.55789214398753], [129.4585851272062, 35.557890966580565], [129.45858880227829, 35.55788966460733], [129.45859219359485, 35.55788830774687], [129.4585953054355, 35.55788689052075], [129.458598253979, 35.557885472342264], [129.45860112334262, 35.5578840644653], [129.45860396182871, 35.55788265709005], [129.45860678906772, 35.557881240882615], [129.45860945963872, 35.55787973346622], [129.45861192224436, 35.55787811223579], [129.45861669116965, 35.55787488493537], [129.4586190293003, 35.557873226062085], [129.45862136946099, 35.557871559943855], [129.4586236334368, 35.55786993653212], [129.45862581718004, 35.55786828016762], [129.45862795810953, 35.557866496487414], [129.45862993425067, 35.557864650577905], [129.4586319842957, 35.55786266824402], [129.4586341036705, 35.557860452199314], [129.4586360957634, 35.557858083166906], [129.45863787700856, 35.55785539122195], [129.4586392189833, 35.557852509890914], [129.4586403033431, 35.55784937852645], [129.45864110268806, 35.5578460498602], [129.45864145441064, 35.557842641925276], [129.45864149116215, 35.55783907503792], [129.45864127058096, 35.5578354510312], [129.45864076507607, 35.557828097687675], [129.4586405142755, 35.55782450121671], [129.4586401402285, 35.557820917566474], [129.45863958099238, 35.55781743068055], [129.45863853528698, 35.55781408151457], [129.458637050525, 35.55781091437247], [129.45863537845614, 35.55780784763503], [129.45863363089208, 35.557804942589456], [129.4586317293548, 35.5578022383736], [129.45862951979586, 35.55779984206357], [129.45862709254158, 35.55779783873442], [129.45862430415747, 35.55779613696221], [129.45862093198528, 35.55779465382232], [129.45861695420157, 35.557793308535366], [129.45861234759818, 35.55779214474988], [129.45860722299034, 35.55779109215183], [129.4586044414871, 35.557790670381586], [129.458601505716, 35.55779034667606], [129.45859846058954, 35.55779006261005], [129.45859532670318, 35.55778984849953], [129.45859216039182, 35.557789661960506], [129.4585889051889, 35.55778953997016], [129.4585856636014, 35.55778952413416], [129.4585823763557, 35.55778953608469], [129.45857578181403, 35.55778973339721], [129.45857246169217, 35.55778984504551], [129.45840343453892, 35.557795770318286], [129.4583221684027, 35.557809462810276], [129.4583184685006, 35.557810107091896], [129.4583142769173, 35.55781031222379], [129.45830423279352, 35.557810560161826], [129.45830139687783, 35.55781062246677], [129.45829843176966, 35.55781063458439], [129.4582954613295, 35.55781060892604], [129.45829241790045, 35.55781048528976], [129.45828928230344, 35.557810200882926], [129.45828619364934, 35.55780985080607], [129.45818971677718, 35.55779616692551], [129.4581844399095, 35.55779538542687], [129.4581796034282, 35.55779438582463], [129.45817522845462, 35.557793220061995], [129.45817121826553, 35.557791812182444], [129.45816743661845, 35.55779036633308], [129.45816389899582, 35.55778888406533], [129.45816048558453, 35.557787428627094], [129.45815730886656, 35.55778599819087], [129.45815448691397, 35.55778436726914], [129.45815204873162, 35.55778236771373], [129.45814999469636, 35.55777983364454], [129.4581481240612, 35.557776766520135], [129.4581463045514, 35.55777308014362], [129.45814454969408, 35.557768877064966], [129.45814366622955, 35.557766572788665], [129.45814282446386, 35.5577641686711], [129.45814205178422, 35.55776170212985], [129.45814127453122, 35.55775913830208], [129.4581405419719, 35.557756507038], [129.45813984303473, 35.5577538067145], [129.4581349853508, 35.55773379865767], [129.458133652586, 35.55772808143159], [129.45812994264813, 35.557711808527664], [129.45812936522196, 35.557709205393714], [129.45812878779586, 35.55770660225977], [129.45805491700443, 35.55736023869218], [129.45807911389232, 35.55689897371154], [129.45802061921404, 35.55682237069547], [129.457927805774, 35.556696207763316], [129.45792569905606, 35.55669223216248], [129.4579243400995, 35.556687885621756], [129.45792397353046, 35.55668560539999], [129.4579237744478, 35.55668331704852], [129.45792384530841, 35.55667870207577], [129.45792407555265, 35.55667637609938], [129.45792447103392, 35.556674040226845], [129.45792498565586, 35.556671704221884], [129.45792570014518, 35.55666933071356], [129.4579265368575, 35.55666699308228], [129.45792745279238, 35.55666464695214], [129.45792849509826, 35.556662325813804], [129.45792956325622, 35.5566599790138], [129.45793076374403, 35.556657630064116], [129.45793199646786, 35.5566553364831], [129.45793331767462, 35.55665305228255], [129.4579346725776, 35.55665079277629], [129.45793611574425, 35.55664853363916], [129.45793759269478, 35.55664630280088], [129.4579391909476, 35.556644069992025], [129.45794083202554, 35.55664187435003], [129.45794256044638, 35.55663964122956], [129.45794443425456, 35.55663739853535], [129.4579463972033, 35.55663519225559], [129.45794852340256, 35.55663298512679], [129.45795071642428, 35.556630803957106], [129.45795304252107, 35.55662865127622], [129.4579554135607, 35.556626532121776], [129.45795777206877, 35.556624442018524], [129.45796254747967, 35.55662030413474], [129.45796729004414, 35.55661635790007], [129.45796962774156, 35.55661450071887], [129.45797196719266, 35.55661271562827], [129.4579742941122, 35.55661095958886], [129.45797660112504, 35.55660929221873], [129.45797894385092, 35.5566077324471], [129.45798133888152, 35.55660623673295], [129.45798376873506, 35.55660490272109], [129.4579862861374, 35.55660363039119], [129.45798880511813, 35.55660242294281], [129.45799132646638, 35.55660131281674], [129.45799393320186, 35.55660026621071], [129.45812918966632, 35.556529146405296], [129.45810743113222, 35.556451997073005], [129.45808886916944, 35.55622319416692], [129.4580875613428, 35.556220314421545], [129.4580862548448, 35.55621739859499], [129.45808355194603, 35.55621131778838], [129.45808218699202, 35.55620817573616], [129.4580808675641, 35.556205000490706], [129.45807959374997, 35.556201795656534], [129.45807836078782, 35.556198546887195], [129.4580771498938, 35.55619520761039], [129.45807595069817, 35.55619180503928], [129.45807481903967, 35.55618836711437], [129.45807377338193, 35.5561850179412], [129.45807277187785, 35.5561816698537], [129.45807184931968, 35.55617839260278], [129.4580710141347, 35.556175169824726], [129.45807022481333, 35.55617201842072], [129.45806962228735, 35.5561689270863], [129.45806910850692, 35.55616585594588], [129.45806876197938, 35.55616285781338], [129.45806849127143, 35.556159892705736], [129.4580683079366, 35.55615698207097], [129.45806815921867, 35.55615413397807], [129.45806716744838, 35.55612887593808], [129.45806684024208, 35.556120142217175], [129.45806638504484, 35.556107689228], [129.45806601943414, 35.55609764897158], [129.45806590237393, 35.55609428831846], [129.45806568367448, 35.556087384660856], [129.458065597285, 35.55608392434564], [129.45806533972154, 35.55607342798329], [129.4580652881946, 35.55606985892299], [129.45806527787028, 35.55606626034567], [129.4580653902637, 35.55606262732109], [129.4580655362787, 35.55605892523712], [129.4580657552061, 35.55605522737756], [129.4580660524785, 35.55605148497375], [129.45806651745517, 35.55604774345141], [129.458067070651, 35.556044000495866], [129.45806768855113, 35.55604028713979], [129.45806839480198, 35.55603657775732], [129.45806917877076, 35.556032888748], [129.45807416959707, 35.55601049040026], [129.4580750314719, 35.55600673882399], [129.45807590365933, 35.55600304838143], [129.45807771536903, 35.555995805231724], [129.4580786680803, 35.55599225050733], [129.4580796613539, 35.555988821332456], [129.4580807018194, 35.55598542745047], [129.45808173949615, 35.55598210032399], [129.4580828564824, 35.55597876830308], [129.45809330204392, 35.55594769014483], [129.45809452652335, 35.55594406068901], [129.45809575262498, 35.555940497917035], [129.45818638068675, 35.55568449185324], [129.45818847315783, 35.55568044623025], [129.4581897631636, 35.55567842216274], [129.4581912082538, 35.55567642442326], [129.4581927407297, 35.55567439100745], [129.45822867615937, 35.55562789972917], [129.45823035977145, 35.55562573043696], [129.45823212457813, 35.55562363374768], [129.4582339334372, 35.5556216246886], [129.45823582993194, 35.55561968091586], [129.45823771776705, 35.55561783464465], [129.4582396579064, 35.55561605243083], [129.45824163353944, 35.55561436880413], [129.4582436658438, 35.555612747360904], [129.45824776348232, 35.55560986453342], [129.4582519524574, 35.555607380483075], [129.4582562074874, 35.55560534430103], [129.45826058871612, 35.55560359815097], [129.45826522444239, 35.555602246324106], [129.45850617066515, 35.55536226196998], [129.4585743527501, 35.55490509422246], [129.45836013137455, 35.554868244247025], [129.45836272279686, 35.555226479240694], [129.4583594833481, 35.55530652642954], [129.45835923850035, 35.555312060143144], [129.45835905416493, 35.55531454944569], [129.4583587829086, 35.55531691214905], [129.45835797505435, 35.5553224297687], [129.45835558939817, 35.55532376487252], [129.45822253587164, 35.55532809203292], [129.45813672731524, 35.55533018387962], [129.45812141120595, 35.555330557112825], [129.45811840510092, 35.55532951514812], [129.4581169709639, 35.55532751911107], [129.45808352097234, 35.555275561600226], [129.45807430860225, 35.55526119367734], [129.4580181044145, 35.55517049378419], [129.4580137416269, 35.555161569597495], [129.45795313229647, 35.55437351114013], [129.45795289913713, 35.55436936807605], [129.45795298583656, 35.554365041321105], [129.4579532560962, 35.554360551119196], [129.45795349824013, 35.554358261008346], [129.45795377016415, 35.554355925339266], [129.45795408995014, 35.554353561848], [129.45795447132627, 35.55435109999537], [129.45795486510207, 35.55434860368471], [129.45795529258652, 35.554346041919224], [129.4579557948499, 35.554343379775155], [129.45795637484304, 35.55434064785519], [129.4579583461564, 35.5543322572216], [129.45795904662864, 35.55432939893893], [129.45795982315119, 35.554326492543424], [129.45796060214218, 35.55432359692568], [129.45796144421385, 35.55432066422363], [129.45796238777928, 35.55431773167584], [129.45796339816528, 35.554314825087246], [129.45796449614136, 35.55431198198303], [129.4579667342596, 35.55430630590747], [129.45796786623765, 35.55430350011342], [129.45796900765112, 35.5543007194078], [129.45797136925964, 35.55429513147505], [129.45797254458734, 35.55429238447506], [129.45797376565915, 35.55428961329325], [129.4579762920912, 35.554284089393136], [129.457977588542, 35.554281333213574], [129.45797889724747, 35.55427862731837], [129.457980237355, 35.554275942548756], [129.4579816229874, 35.55427322458598], [129.45798304460806, 35.55427053488623], [129.4580366437248, 35.55417173176205], [129.45803814973158, 35.55416897398057], [129.45803965603181, 35.554166318964114], [129.45804453271103, 35.5541585500361], [129.45804624810543, 35.55415605569387], [129.45810650674835, 35.5540718981309], [129.45821056889258, 35.55395789635599], [129.45821380157838, 35.55395437851032], [129.4582172461906, 35.55395095638533], [129.45822088878208, 35.55394769150887], [129.45822469888907, 35.55394478270357], [129.45822874605045, 35.55394236766898], [129.4582328814375, 35.553940495700544], [129.4582371844279, 35.553938983407726], [129.4582417885133, 35.55393769520125], [129.45824666700943, 35.55393662249974], [129.45825192466734, 35.55393580867574], [129.45828373094082, 35.55393183200175], [129.4583668209947, 35.55340827076109], [129.45836893457832, 35.55340573027919], [129.45840136017213, 35.553365281868786], [129.4584049210487, 35.55336074541148], [129.4584066374862, 35.55335847641971], [129.45840832459558, 35.55335618085975], [129.45840995497818, 35.553353911463184], [129.45841155166568, 35.55335161737236], [129.4584175548236, 35.55334263475136], [129.45841895336196, 35.553340448452786], [129.4584203538864, 35.553338253107036], [129.45842164276817, 35.55333609383185], [129.45842292062287, 35.55333393473583], [129.4584241221652, 35.55333181293933], [129.45842532212896, 35.5533296262612], [129.4584264909977, 35.55332743107342], [129.45842760208734, 35.55332521879463], [129.458428693109, 35.55332299782702], [129.45842976274722, 35.55332071410256], [129.45843076243924, 35.55331836660736], [129.4584317074604, 35.553315857732336], [129.45843261915024, 35.55331324843205], [129.45843339785796, 35.55331061424781], [129.45843410000325, 35.55330791640032], [129.4584347234116, 35.55330524687686], [129.45843527047685, 35.553302522701486], [129.45843576218766, 35.55329979041062], [129.45843618856946, 35.55329709343784], [129.45843649320247, 35.55329447056244], [129.4584366773275, 35.55329188209871], [129.45843670707418, 35.55328929614337], [129.4584365700123, 35.553286655203046], [129.4584363458434, 35.553283970603594], [129.45843605415303, 35.55328123120889], [129.45843567336948, 35.553278457202225], [129.4584352052159, 35.55327562872281], [129.45843466102616, 35.55327275820734], [129.4584340384066, 35.55326992863177], [129.45843333705028, 35.55326712738021], [129.4584325521079, 35.55326433650168], [129.45843172900302, 35.55326160934748], [129.45843078825342, 35.55325894360309], [129.45842981401523, 35.55325635232497], [129.45837197581656, 35.55311857627418], [129.45836991934968, 35.55311385162509], [129.45836886982968, 35.553111521198524], [129.45836778810573, 35.55310922735477], [129.45836667170929, 35.55310695931607], [129.45836554520668, 35.55310472930411], [129.4583643849216, 35.55310247099336], [129.458363181857, 35.55310017731808], [129.45835944778906, 35.55309333257767], [129.45835687355486, 35.55308881827448], [129.45835559258717, 35.55308658716614], [129.45835170583956, 35.553079905371284], [129.45834906806206, 35.55307559042804], [129.4583450722911, 35.55306914298861], [129.45834379107876, 35.553067083167136], [129.45834000637868, 35.55306114975317], [129.45833747480876, 35.55305748215653], [129.4583348719125, 35.55305414746688], [129.458332118791, 35.55305107664991], [129.4583196368794, 35.55303770301442], [129.4583171544846, 35.55303560321027], [129.45831394062083, 35.553033091590294], [129.45830995622254, 35.55303037613176], [129.45830763039453, 35.553028998581254], [129.45830509845612, 35.5530275829109], [129.458299148448, 35.55302478399688], [129.45829199680534, 35.553022017226446], [129.4582836088996, 35.553019310206665], [129.45827434182985, 35.553016649923606], [129.45826447736098, 35.55301401016355], [129.45825425133907, 35.55301138168566], [129.45824359248982, 35.55300873680015], [129.458232635575, 35.553005992183444], [129.4582271363398, 35.553004491299255], [129.4582215126511, 35.55300286262223], [129.4582156811994, 35.55300103718967], [129.4582097231766, 35.552999087604576], [129.45819731247414, 35.5529948070263], [129.45814703276494, 35.552977350678105], [129.4581324206551, 35.552971818529514], [129.45812543359426, 35.55296901481864], [129.4581186793414, 35.5529661676597], [129.4581057308019, 35.552960365079876], [129.4580934673095, 35.55295451711318], [129.45808147807332, 35.552948424893565], [129.45806955264672, 35.55294214412628], [129.45805747151192, 35.552935629696975], [129.45804521362345, 35.55292892341602], [129.45800745223224, 35.55290783438102], [129.45799518158492, 35.55290096603394], [129.4579840161967, 35.55289436640494], [129.4579743411648, 35.55288808513103], [129.4579664333468, 35.552882166395655], [129.4579542223603, 35.55287221758635], [129.45794947068003, 35.5528683426428], [129.45794566991282, 35.55286510312784], [129.45794268403552, 35.55286216769997], [129.45794006606806, 35.55285948231873], [129.4579335965973, 35.55285246924669], [129.45790712920495, 35.55282367288527], [129.45790115822254, 35.55281710786777], [129.45773468051377, 35.55262190613168], [129.45772948252846, 35.5526154637732], [129.45772501470512, 35.552609289016836], [129.45772119737282, 35.552603462487774], [129.457718168246, 35.55259820371581], [129.45771606905276, 35.552593443688764], [129.4577149510265, 35.55258902110937], [129.45756860917032, 35.55208230318948], [129.457566526935, 35.55208468088037], [129.45744504855048, 35.55221939811405], [129.45744025383792, 35.552224003261514], [129.4574337020325, 35.552227663334534], [129.45742586239595, 35.55223007862946], [129.45701619360977, 35.55221749123584], [129.45701323812642, 35.552217890803], [129.45701028547643, 35.55221822541681], [129.4567620755401, 35.55224580027596], [129.456737044977, 35.552245137457376], [129.4566979514476, 35.55224373472765], [129.45669417718435, 35.552243397539144], [129.45668991522678, 35.552242783396714], [129.45668535855302, 35.552241844093096], [129.45668074947704, 35.552240655025756], [129.45667581193223, 35.55223920444939], [129.456670508018, 35.552237566901404], [129.45666774646415, 35.552236686802146], [129.45666490605734, 35.55223573946964], [129.45649513886428, 35.55217715966857], [129.4564900345669, 35.55217538364881], [129.45648499564254, 35.55217357411406], [129.45647522458958, 35.552170051030956], [129.45641456162394, 35.55214790164734], [129.45639164970146, 35.55213891246259], [129.4563569751634, 35.55212352249545], [129.4563375578523, 35.55211471096716], [129.4562991043769, 35.552095522136995], [129.45629673531857, 35.55209426965377], [129.45624866877185, 35.5520682520846], [129.4562458794701, 35.55206668368739], [129.4562431467198, 35.552065081918656], [129.45613383555036, 35.55200005195013], [129.4561300298761, 35.551997786064625], [129.45612633165217, 35.55199549319347], [129.4561226920976, 35.551993163310456], [129.45604591068678, 35.55194287297111], [129.45604208986177, 35.551940255747446], [129.45603834739495, 35.55193750383149], [129.45603467062352, 35.5519346408675], [129.4560275669485, 35.55192866567902], [129.45602405260271, 35.55192567747619], [129.4559363002336, 35.551850076367586], [129.4559268793451, 35.55184189406433], [129.45592377568343, 35.55183919127699], [129.45592067405218, 35.55183648124469], [129.45591446373635, 35.5518310432645], [129.4558957659042, 35.55181460960755], [129.4558641649468, 35.55178669119202], [129.45585762531428, 35.55178086550271], [129.45580273045172, 35.55173122411502], [129.45571683679657, 35.5516508364155], [129.4557139312979, 35.5516480258343], [129.4557111043606, 35.55164517972171], [129.4557082743585, 35.55164220745016], [129.45570556481965, 35.55163919896733], [129.4556798096256, 35.55160942774518], [129.45567738922196, 35.55160660568636], [129.45567500414808, 35.55160378485725], [129.45567265815788, 35.55160093815223], [129.45567034786384, 35.55159801694578], [129.45566808217495, 35.55159502469934], [129.45566580608855, 35.551591967714245], [129.45564727680363, 35.55156693827662], [129.45564499918638, 35.551563818211605], [129.4556405620511, 35.551557444547754], [129.45563836017715, 35.55155426375533], [129.45563404433778, 35.55154788812322], [129.45562781427003, 35.55153845684593], [129.45562574541935, 35.5515353027427], [129.45562378661793, 35.551532137839004], [129.45562187214279, 35.55152898123101], [129.45555934838197, 35.55142511806026], [129.45543110233328, 35.551212032753554], [129.45542872039923, 35.551208068778394], [129.45542637084523, 35.55120407543018], [129.45542405235796, 35.55119999864081], [129.45542174740945, 35.551195934252625], [129.45541943077777, 35.55119184300921], [129.4553777561894, 35.551118220049815], [129.45537513850783, 35.55111354231151], [129.45537265301624, 35.551108857019784], [129.45537023148006, 35.55110417069047], [129.45536790191218, 35.55109945582445], [129.45536560216883, 35.551094697203006], [129.45536339065617, 35.551089847001165], [129.45536124512915, 35.55108498851692], [129.45535918936505, 35.55108010153174], [129.4553572406564, 35.551075171341274], [129.4553536786717, 35.55106531453366], [129.45535206373205, 35.55106031943024], [129.4553349918882, 35.55100608865826], [129.45533348679137, 35.55100125584388], [129.45528148798562, 35.55083355851813], [129.45520122471936, 35.55057262232878], [129.45517577780942, 35.550486212550105], [129.45515291764698, 35.55027775668615], [129.45515251896435, 35.550273513526655], [129.45515225197178, 35.55026933313841], [129.45515214160125, 35.55026515201265], [129.4551240606725, 35.549851258998096], [129.45512371116786, 35.54984586113257], [129.45512360776002, 35.54984314752023], [129.4551236682896, 35.54984046189948], [129.45512385236057, 35.54983777607786], [129.45512415684846, 35.54983505224343], [129.4551246157959, 35.5498323295096], [129.45512515105395, 35.54982956947838], [129.4551258191729, 35.54982673877886], [129.45512658644338, 35.5498239028651], [129.45512740827772, 35.54982104262756], [129.45512830629127, 35.54981813968581], [129.45513192406457, 35.54980649685086], [129.4551338647124, 35.5498004686578], [129.4551348725871, 35.54979736560609], [129.4551360033028, 35.54979423351715], [129.45513724257702, 35.54979102935109], [129.45513856763958, 35.5497878147786], [129.45513997372956, 35.54978457545305], [129.45514145475636, 35.54978133310902], [129.45514305711902, 35.549778090599844], [129.45514473804118, 35.54977481255975], [129.4551464606891, 35.5497715266309], [129.45515477842196, 35.54975601048203], [129.4551563595825, 35.54975316677543], [129.45515805365164, 35.549750339267206], [129.45515983613515, 35.54974760948879], [129.45516166364405, 35.549744916842634], [129.45516356525798, 35.5497421869348], [129.4551655463068, 35.549739457541456], [129.45516757283542, 35.549736693153726], [129.45517355858195, 35.54972853313011], [129.4551755821876, 35.54972583009102], [129.4551776082173, 35.54972313602749], [129.45517963335467, 35.54972049606784], [129.45518166024274, 35.549717928198994], [129.45518380563172, 35.54971542511828], [129.45518599882035, 35.549712982563534], [129.4551883552289, 35.54971062931327], [129.455190880406, 35.549708412154956], [129.45519343798935, 35.54970625757529], [129.4552151617006, 35.54968815845618], [129.4552178066634, 35.549685968202006], [129.4552204518282, 35.54968387710845], [129.455223099811, 35.54968181121087], [129.45522574360186, 35.549679754396124], [129.4552283902983, 35.5496777263819], [129.45523614561583, 35.54967193741902], [129.45523864862673, 35.54967007941255], [129.4552411428434, 35.549668313500725], [129.45524364625842, 35.54966665381553], [129.45524610934825, 35.549665059691726], [129.45524853929788, 35.54966355445152], [129.4552509665877, 35.54966212137365], [129.45525344131033, 35.5496608245529], [129.45525595915942, 35.549659577516], [129.45525847664155, 35.549658406210206], [129.45526096565675, 35.5496573345301], [129.45526589389453, 35.54965541194114], [129.45528024802718, 35.54965044627236], [129.45528290288826, 35.54964957203248], [129.45529809261214, 35.54964458379221], [129.45530129521072, 35.54964355282231], [129.45530446560505, 35.54964255843436], [129.45530754886465, 35.54964170068337], [129.45531053475094, 35.549641012189106], [129.4553134295296, 35.54964047842609], [129.4553162189183, 35.549640056354455], [129.45532128940124, 35.549639539584064], [129.45532552287796, 35.54963953221102], [129.45532895857312, 35.54964019586738], [129.4553313681143, 35.549641483774394], [129.45533291768015, 35.549644424541576], [129.45533264520165, 35.549647012633656], [129.45533151671742, 35.54965005453911], [129.45532995932984, 35.5496534225298], [129.4553283687689, 35.54965705970278], [129.45532709943893, 35.54966066101413], [129.4553263127653, 35.54966424187505], [129.45532608025383, 35.54966774883915], [129.45532660621052, 35.549671146138564], [129.4553280024225, 35.549674312963134], [129.45533014807933, 35.54967727110539], [129.45533280946188, 35.54968002615961], [129.4553558898727, 35.54970252617218], [129.4553592026661, 35.54970548701632], [129.45536262603767, 35.549708186437265], [129.4553660671619, 35.549710526776884], [129.45536961819693, 35.54971239655831], [129.45537324674683, 35.54971391530385], [129.45537687869583, 35.549714938174326], [129.45538061975677, 35.54971527594481], [129.45543218600858, 35.54971859528495], [129.45543630944255, 35.54971859870802], [129.45544051184646, 35.54971849267098], [129.4554446234442, 35.54971809962996], [129.45544863204367, 35.549717280953196], [129.4554523870708, 35.54971601384172], [129.45545597123294, 35.54971425187925], [129.45545948798804, 35.54971207632459], [129.45546292623288, 35.54970966585296], [129.45546635326497, 35.54970706625013], [129.45546970065942, 35.54970436697221], [129.45547300748248, 35.549701632292795], [129.45547638493548, 35.54969880812136], [129.45547970966874, 35.54969581171895], [129.4554831231286, 35.5496926534117], [129.45548624674586, 35.54968936999187], [129.4554889307345, 35.5496859711014], [129.45553554314512, 35.54962276864364], [129.45553734251084, 35.5496192813339], [129.45553829245503, 35.549615701428856], [129.4555383968468, 35.549612097379054], [129.45553754658644, 35.54960860978403], [129.45553595227284, 35.54960528030162], [129.45545001076437, 35.54943016990293], [129.45544785255157, 35.549427148862016], [129.45544499129582, 35.54942433935725], [129.45544141435093, 35.549421674883426], [129.45543723125436, 35.54941903286375], [129.4554349408048, 35.549417743026765], [129.4554301403602, 35.54941557078204], [129.45542519112573, 35.549413994131676], [129.4554200666872, 35.54941274305697], [129.4554148559463, 35.54941166286233], [129.45540959046116, 35.54941087203253], [129.45540417445136, 35.54941051455687], [129.45540136072032, 35.549410479068094], [129.45539840694428, 35.549410490925645], [129.45539532982988, 35.54941060214494], [129.45539213307072, 35.549410873967396], [129.45538894911627, 35.54941130965335], [129.4553858410886, 35.54941187392215], [129.4553827900592, 35.549412604943505], [129.4553797738875, 35.54941349947059], [129.45537689093666, 35.54941451984813], [129.4553741286314, 35.54941569332486], [129.45537157782695, 35.54941703645674], [129.4553691953093, 35.54941849585535], [129.4553670506247, 35.54942011907302], [129.455365108357, 35.54942190127536], [129.4553634219754, 35.54942377308168], [129.4553619674404, 35.54942574389689], [129.45536072023106, 35.54942780330087], [129.45535976198735, 35.54942995177226], [129.4552458688848, 35.54940599322362], [129.45524733304416, 35.549403510206986], [129.45524873073794, 35.549401015647604], [129.45525007268628, 35.549398496750726], [129.45525142496066, 35.54939594883864], [129.45525268880402, 35.549393393346065], [129.4553930248316, 35.549055654169095], [129.45539808983628, 35.54905618501701], [129.45540317216148, 35.549056066510474], [129.45540782071808, 35.549055165334664], [129.4554118059201, 35.54905356634823], [129.4554147689176, 35.54905130061437], [129.45541674091828, 35.549048472199836], [129.45544002886, 35.54899532475518], [129.4554412071683, 35.54899133727817], [129.4554416162733, 35.54898710805927], [129.45544156789273, 35.54898275464434], [129.45544136361767, 35.548975888599536], [129.45544123895823, 35.54897357198792], [129.45544102807355, 35.548971247760186], [129.45534853846937, 35.548685544035216], [129.4553788291586, 35.54824392260321], [129.45540059370734, 35.54793858259149], [129.4554083578752, 35.5478979220087], [129.45543356060185, 35.5478105373329], [129.45546979867714, 35.54780091832721], [129.45547064028918, 35.54780332427535], [129.45547169027927, 35.54780558981643], [129.45547384158857, 35.54780969095625], [129.45548212374516, 35.54782496487796], [129.4554832792274, 35.54782703218256], [129.45548456027817, 35.54782909204114], [129.45548587303435, 35.547831185642], [129.4554873084972, 35.54783324479855], [129.4554888174068, 35.5478352396592], [129.45549049578784, 35.54783712719761], [129.45549420801893, 35.54784027808496], [129.45549836573576, 35.54784233274426], [129.4555026365188, 35.54784304775685], [129.45550645948765, 35.54784240157114], [129.45558841155687, 35.547791944399926], [129.45559008633262, 35.54778941469065], [129.45560228315938, 35.547758499416915], [129.45560373845862, 35.54775456333661], [129.45560452296553, 35.54775062191219], [129.45560380317696, 35.54765650352856], [129.45560342340207, 35.547653765551956], [129.45560240632506, 35.54765094776567], [129.45560080937565, 35.54764778059369], [129.4555021040064, 35.547463983118426], [129.45549988868743, 35.54746024361353], [129.4554973529782, 35.54745657421355], [129.4554945770994, 35.547453007873706], [129.45549152236333, 35.54744958669019], [129.4554882524431, 35.54744638896122], [129.45548474093016, 35.54744359901933], [129.4554808119571, 35.547441333305386], [129.45547658949928, 35.547439609640925], [129.4554721709603, 35.547438078470336], [129.4554518296489, 35.54743150123403], [129.45544644891143, 35.54742977472278], [129.45544085854425, 35.54742804620302], [129.45543514842072, 35.54742638273007], [129.4554293747225, 35.547424826664084], [129.45542351961598, 35.54742346123152], [129.45541751358368, 35.547422330831644], [129.45541139938408, 35.54742156097952], [129.4554051770775, 35.54742106332804], [129.45539895441465, 35.54742082350841], [129.45539318838004, 35.54742076379117], [129.45538787277894, 35.5474209924558], [129.45538307077987, 35.547421930375336], [129.4553783932689, 35.547423452244324], [129.45537399227678, 35.54742555018763], [129.45536971696066, 35.54742800849143], [129.45536525476092, 35.54743076551564], [129.45534196981666, 35.547445597738694], [129.4553372011498, 35.54744872573852], [129.45533268896875, 35.547452240824654], [129.45532863019722, 35.54745616684745], [129.45532505847265, 35.54746034459891], [129.4553235703762, 35.54746247642347], [129.45532229317908, 35.54746466252236], [129.45532124762065, 35.54746684846971], [129.45531989234001, 35.547471269729535], [129.45531924538216, 35.54747569752926], [129.45528310061138, 35.54794861815914], [129.45528287901502, 35.54795248374028], [129.45528280951743, 35.547955980848954], [129.45528292973302, 35.54795938653416], [129.4552833813071, 35.54796281028312], [129.4552919257913, 35.548024858320005], [129.4552925831061, 35.548028578026475], [129.45529396132383, 35.54803227702413], [129.45529588992213, 35.54803601938037], [129.45529846994935, 35.54803978722924], [129.4553014138727, 35.54804364112726], [129.45530452393535, 35.54804752298089], [129.45533803375545, 35.548089342258365], [129.4553410858782, 35.54809292755889], [129.45534429247408, 35.548096423810414], [129.45534758764782, 35.54809984289974], [129.45535099295384, 35.54810325479349], [129.45535282185435, 35.548104981229635], [129.45535468503243, 35.54810666564115], [129.45536837318306, 35.548118799427506], [129.455370323374, 35.548120523895825], [129.45537603288727, 35.54812552109368], [129.4553483289695, 35.54818050708598], [129.45526764510933, 35.548300919043946], [129.45526612693794, 35.548303175761355], [129.45526303537972, 35.54830505232983], [129.45525912484914, 35.548305636824125], [129.45525636628852, 35.54830560043643], [129.45525350861814, 35.548305116713934], [129.45525051440248, 35.54830437016797], [129.45524755292234, 35.54830333641686], [129.45524457959078, 35.54830199635106], [129.4552415266572, 35.548300376311275], [129.45523816275988, 35.54829839711322], [129.4551901928964, 35.54826952878698], [129.45518511277487, 35.548266374836494], [129.45518035101756, 35.54826315802642], [129.4551757463332, 35.548259868352105], [129.45517142509567, 35.548256440659394], [129.45516935361547, 35.548254718155206], [129.45516741471425, 35.54825300431842], [129.45515578700534, 35.54824268334193], [129.45515357863763, 35.54824041134542], [129.45515229722795, 35.54823815496424], [129.45508441604557, 35.547693048093386], [129.45445972887836, 35.547545428416186], [129.45440398272478, 35.547438384140946], [129.45398334862543, 35.54718821897406], [129.45370336841594, 35.54698446402521], [129.4536990042611, 35.54698126234534], [129.45369523402087, 35.546977625535476], [129.45369195844097, 35.54697364535345], [129.4536890442515, 35.546969466394906], [129.45361732158156, 35.54686445660258], [129.45333423888266, 35.54613308470921], [129.45313853209768, 35.545381132381856], [129.45312860573796, 35.54530495851973], [129.4531240377409, 35.54519476389138], [129.45313071756428, 35.545084078706545], [129.45318171456535, 35.54508524650731], [129.4531850123889, 35.54508514619475], [129.45318847171927, 35.54508442844794], [129.45319220299064, 35.545083098689425], [129.45319618299507, 35.545081200566806], [129.45320019637265, 35.545078950321596], [129.45320408450547, 35.54507644788503], [129.4532077309313, 35.54507362122186], [129.4532108895628, 35.54507042023006], [129.45321363661967, 35.54506680400903], [129.4532159743754, 35.54506286627707], [129.45328898921622, 35.54489831306694], [129.45332021180474, 35.54482439687314], [129.45332072639798, 35.5448215109735], [129.45332047845528, 35.54481856531083], [129.45331960158003, 35.54481570195881], [129.45327857801487, 35.544733496190915], [129.45327699831347, 35.54473103367136], [129.45327482301477, 35.54472848163865], [129.45327225021595, 35.54472591260812], [129.45326923476415, 35.5447232840398], [129.45283482557457, 35.54420856416595], [129.45283488240892, 35.54420499514096], [129.45283461897, 35.544201409668624], [129.45283403654955, 35.54419795196667], [129.45283307174628, 35.544194736650155], [129.45283179702474, 35.544191749924266], [129.4528302486532, 35.54418912281924], [129.45282839564788, 35.54418676027886], [129.45282630916194, 35.54418459444007], [129.45281870459056, 35.54417775631451], [129.45281320942712, 35.544172937614526], [129.4528104502319, 35.544170595162946], [129.45280763525216, 35.544168226570264], [129.45280475538524, 35.54416591131519], [129.4527960362248, 35.54415895962642], [129.452793280289, 35.54415684249459], [129.45279044470945, 35.5441548979363], [129.4527874246437, 35.54415316911861], [129.4527841647878, 35.54415164972548], [129.45278068317643, 35.54415035569155], [129.4527770056596, 35.544149261356324], [129.45277320563932, 35.54414830062327], [129.45276921750494, 35.54414740604187], [129.45262400373556, 35.544117396591965], [129.452423405495, 35.54408774853238], [129.4531133456045, 35.54307442133594], [129.45316564256925, 35.54305365824434], [129.45316846113494, 35.543052537998044], [129.45317147409688, 35.54305124692446], [129.45333604472762, 35.54297962522878], [129.45333994935172, 35.54297789780443], [129.45336850396663, 35.542964992712086], [129.45337260602076, 35.5429631286667], [129.4533766331003, 35.542961265836084], [129.4533806251162, 35.54295941258844], [129.4533929309648, 35.5429536257335], [129.45339708071901, 35.54295163650847], [129.45340130149347, 35.542949574013114], [129.4534055891402, 35.54294744913253], [129.4534099224386, 35.54294529646729], [129.45341434223678, 35.542943072083816], [129.4534187075186, 35.54294087382538], [129.45342305234195, 35.54293865065655], [129.45342733996284, 35.54293643382346], [129.45343147388039, 35.542934246525704], [129.45343553057447, 35.542932058676215], [129.45343951076376, 35.542929808961915], [129.4534434011737, 35.542927495794935], [129.45344718154567, 35.54292519342591], [129.4534509188832, 35.54292284487656], [129.45345461013147, 35.54292050608888], [129.4534583013358, 35.542918165498826], [129.45346192802282, 35.54291580251538], [129.45346549923167, 35.54291342600699], [129.45346899127432, 35.54291105979628], [129.45347245157055, 35.54290865804029], [129.45347579121574, 35.542906193331945], [129.45359357099574, 35.54281506399806], [129.45359968445294, 35.542810271756515], [129.45360553899758, 35.54280562794935], [129.45361111417148, 35.54280110766636], [129.45361632567415, 35.54279660048881], [129.4536209857581, 35.5427919147372], [129.45362483859824, 35.542786780504116], [129.45362800613827, 35.54278140495942], [129.45383338281215, 35.542352500141014], [129.45384611726217, 35.54220173018502], [129.45380410040153, 35.541958440452795], [129.45380345299435, 35.54195521458999], [129.45380264155398, 35.54195186517691], [129.45380167422613, 35.54194845518595], [129.45380061773236, 35.541945006974515], [129.45379940901802, 35.54194146747505], [129.45379810681501, 35.54193789343112], [129.45379668623008, 35.54193416805224], [129.45379518601806, 35.541930342996814], [129.453793532736, 35.5419264825596], [129.45379174736672, 35.541922633278084], [129.45372099336933, 35.54177170553743], [129.45288261190072, 35.540341235038774], [129.45205737792114, 35.5389039551342], [129.4519877654544, 35.53875263631651], [129.45185145731605, 35.53844134386091], [129.4518483056023, 35.53843408198106], [129.4518423376223, 35.53841965556011], [129.45183950596459, 35.53841249307122], [129.45183675547693, 35.53840522108891], [129.4518341205674, 35.53839798509794], [129.45183161138738, 35.53839074887424], [129.4513780442594, 35.53706286525725], [129.4513007273571, 35.53644117245589], [129.45130457983373, 35.53624709978368], [129.45134791232334, 35.5360320143402], [129.4515803374126, 35.53520908331522], [129.45169968081888, 35.534863585087905], [129.45186611561735, 35.5343051416831], [129.45193412951522, 35.53392043891847], [129.45195334442823, 35.53378592972729], [129.4519538160708, 35.53378190864303], [129.45195421250668, 35.5337777878092], [129.45195451987385, 35.5337736323577], [129.45195476126932, 35.53376948518629], [129.4519549158447, 35.533765305163804], [129.45195491391735, 35.53376112947821], [129.4519548227467, 35.53375691196584], [129.45195470046818, 35.53375277609153], [129.4519545788011, 35.533748665449124], [129.45195445870627, 35.533744619688775], [129.45195430326848, 35.53374066284699], [129.45195414741647, 35.53373677993436], [129.451953916097, 35.533732968560074], [129.4519536088733, 35.53372921070133], [129.45195314968777, 35.53372546251492], [129.45195247525405, 35.533721752070264], [129.451951660538, 35.5337180781536], [129.45195071588768, 35.533714503701944], [129.45194328201296, 35.53368653713681], [129.4519353862448, 35.53365698601218], [129.45193441673098, 35.533653386721085], [129.45193347053257, 35.53364983933909], [129.45193262438337, 35.53364632459398], [129.4519318473279, 35.53364283938097], [129.45193110714393, 35.53363932832918], [129.45193040551237, 35.533635769775536], [129.45192979013302, 35.53363222064334], [129.45192928349138, 35.53362869859841], [129.45192894380892, 35.533625148608515], [129.45192871777556, 35.533621555309885], [129.45192857415233, 35.53361799493373], [129.45192465972215, 35.53350396892445], [129.45192454063533, 35.53350014671791], [129.45192447295935, 35.5334963525268], [129.45192444230824, 35.533492629855694], [129.45192455274585, 35.53347106254475], [129.45192461203763, 35.53346759263853], [129.45192474561867, 35.53346418463406], [129.45192489288806, 35.533460886390166], [129.45192515016134, 35.53345766749966], [129.4519255296196, 35.53345448449363], [129.45195036484674, 35.533150672197706], [129.45197246128072, 35.53306417494901], [129.45197312758734, 35.53306117841502], [129.4519737055673, 35.53305799580047], [129.4519742376807, 35.533054649856744], [129.45197465931025, 35.53305120473458], [129.45197506926047, 35.533047732756714], [129.4519754364448, 35.533044225411516], [129.4519757699012, 35.5330406915676], [129.4519869438421, 35.53291570250208], [129.45199388518037, 35.53278708043154], [129.4520198943977, 35.53265324911262], [129.4520207656347, 35.53264924319358], [129.45202175757052, 35.532645211881466], [129.45202285955148, 35.53264107962331], [129.45202404802308, 35.532636875648286], [129.45202534741324, 35.532632606772815], [129.45202675693585, 35.53262824055585], [129.4520281767626, 35.5326239354736], [129.452029642891, 35.53261962964165], [129.45203263681694, 35.53261092322389], [129.4520357389744, 35.5326019500146], [129.4521834176962, 35.53217651862499], [129.45241693620636, 35.53134528880591], [129.45282315309046, 35.53009303687706], [129.4535115063287, 35.52807713678039], [129.45277972552816, 35.52687674695907], [129.45204506059858, 35.527438666746086], [129.45185084189063, 35.52758513418305], [129.45171304685073, 35.52768767587878], [129.4515611182749, 35.52778603608232], [129.4513553079539, 35.5278910864101], [129.4511313013076, 35.52797547472811], [129.44749101291748, 35.529167299504145], [129.4467655307842, 35.5293473628265], [129.43874580868498, 35.528584205086986], [129.43877038877935, 35.52426861813891], [129.43881308460513, 35.52000286226262], [129.43916428619016, 35.519845869597575], [129.43972649071515, 35.51975895563344], [129.43982705965323, 35.52055719477101], [129.4399064127625, 35.5211792510933], [129.44019050015575, 35.52226643991601], [129.4406616593226, 35.52227977235181], [129.44170698511766, 35.52229280288042], [129.4459499131702, 35.522363896163846], [129.4467129613735, 35.52415942934964], [129.44646891550036, 35.52465190593667], [129.44760983499935, 35.52608388506593], [129.44816027310512, 35.52602460972369], [129.4482053568377, 35.52601514036834], [129.44824353645728, 35.52600299333081], [129.44827385222868, 35.52598277335312], [129.44993917076272, 35.52481194401847], [129.44999996135616, 35.52380606996829], [129.44804075539014, 35.519904260292414], [129.44786259288, 35.51954584418941], [129.44773525709047, 35.51928692345414], [129.44728977948748, 35.5181030834186], [129.44726505966935, 35.518023013265804], [129.44561647841866, 35.51161786802342], [129.44561598048438, 35.5116015301078], [129.44567227998704, 35.51134085531317], [129.44567945735878, 35.511314709677066], [129.4457701847521, 35.5109871399696], [129.44580252325233, 35.5108871109031], [129.44581516418043, 35.51085810589941], [129.44583974360253, 35.510834034174536], [129.44603816995846, 35.51066653078853], [129.44621435949833, 35.51052607929471], [129.44768937814604, 35.508958402859555], [129.4429814673735, 35.50945876265414], [129.44149355708376, 35.510999875455724], [129.43977293156297, 35.511138109803305], [129.4349015548671, 35.51124290722512], [129.43319432326484, 35.511250596919155], [129.43282761965904, 35.51096773718031], [129.432463239421, 35.50830415273201], [129.43202407672587, 35.50535858626383], [129.43351336202252, 35.504362266883625], [129.433734901824, 35.504217352474285], [129.4356898217342, 35.50558677295666], [129.43730482475942, 35.50672413752198], [129.43862125212482, 35.507007684597795], [129.44214553330357, 35.50704648160509], [129.4433796269166, 35.50587318449959], [129.4434782447426, 35.50574629063145], [129.44348594596275, 35.505736012047315], [129.44349774420678, 35.50571467096031], [129.44354575875474, 35.505405961536404], [129.4435788793515, 35.50500891627557], [129.44355667546972, 35.502708854968056], [129.4435556405955, 35.502674971682254], [129.44355370057625, 35.50262063895855], [129.4435510309633, 35.5025640281846], [129.44354826189772, 35.50253970349053], [129.44353592810748, 35.502449600908506], [129.44352993321243, 35.5024092616839], [129.44351653471372, 35.502370403028905], [129.4430189651371, 35.5015146705007], [129.44291582088385, 35.50135777287696], [129.44289760469812, 35.5013381107441], [129.44269887256857, 35.501182076616175], [129.442638580269, 35.501147362824305], [129.44248157227966, 35.501082812918405], [129.44238577057848, 35.501050553230755], [129.4423594903551, 35.50104384561268], [129.44210594686743, 35.50101002057226], [129.4420807132472, 35.50100895925842], [129.44162032036465, 35.501010970072485], [129.4415967150345, 35.501011786410615], [129.4415813653805, 35.50101629580511], [129.44144182600743, 35.501051886740896], [129.44122539246175, 35.501102967892045], [129.4411885468728, 35.5011109261825], [129.44115720929733, 35.50111459121762], [129.44096282561728, 35.50113614989509], [129.4409277181418, 35.501137450507], [129.44088626103056, 35.501136475135375], [129.4400853982572, 35.5010853395518], [129.4400511229943, 35.501081731377944], [129.43984370916087, 35.501054647384684], [129.43982362702582, 35.501050691865366], [129.43980409590628, 35.5010422362087], [129.4395542306297, 35.50088434712964], [129.43953793151192, 35.500872942032665], [129.43951622412223, 35.5008515523492], [129.43950028721608, 35.50083164568791], [129.43949458100985, 35.50081972406311], [129.43944092199013, 35.50069146692467], [129.4394360858789, 35.50067978552793], [129.43943249674712, 35.500662379387954], [129.4394234881283, 35.50051587546599], [129.4368557659753, 35.49996108582025], [129.4368508248623, 35.499958327246006], [129.43684588375635, 35.49995575257751], [129.43684085644273, 35.49995335238128], [129.4368195936771, 35.499944561635374], [129.4368127785056, 35.499942080165454], [129.4366617839526, 35.49988765621313], [129.4366536928939, 35.499884836424194], [129.43662322523755, 35.49987449321802], [129.43661583842652, 35.49987198665855], [129.43659528079382, 35.49986547255808], [129.43658984021548, 35.499864041789316], [129.43658171721444, 35.499862187113834], [129.43536397483012, 35.49959410643536], [129.43490444626312, 35.499523759198865], [129.4348321967902, 35.49972982216797], [129.43477968372358, 35.49986563006035], [129.434767828493, 35.49989320783098], [129.43473373036161, 35.499952653465826], [129.43469437084752, 35.50002043763027], [129.43464643267518, 35.50007831126225], [129.43461564815485, 35.50011146463117], [129.43455504894578, 35.50015992951404], [129.43448758157086, 35.50020830078913], [129.43442363729534, 35.50024398008622], [129.4343379028803, 35.50028757782537], [129.43419375648605, 35.50035024144872], [129.43415300028613, 35.50036505221493], [129.4340801624757, 35.5003905698006], [129.4340633870801, 35.500388413772455], [129.43355915042403, 35.500149334078436], [129.43353774693705, 35.50013760430869], [129.43309879975698, 35.49973557896111], [129.4321705083797, 35.498776084145405], [129.4320558696951, 35.49864361671085], [129.4314121202124, 35.49781396566851], [129.4313967527334, 35.497792685696844], [129.43136536385214, 35.49774316400464], [129.43132929423572, 35.497677894097414], [129.43121227336513, 35.49743521388627], [129.43109924501547, 35.49714976007162], [129.43106299049757, 35.497020291680954], [129.43104577865046, 35.49695115341177], [129.43103929234894, 35.49692122462733], [129.4310309837862, 35.49687826225558], [129.43101889709652, 35.49680448032704], [129.43101672649178, 35.49674880587132], [129.43100869921523, 35.49645124405139], [129.43104344339332, 35.495861904285555], [129.4310505021938, 35.4958176681632], [129.4310605993329, 35.49577252156042], [129.43115319694903, 35.49536573096053], [129.4311969862867, 35.49519294754564], [129.43157545076468, 35.49433221294783], [129.43185292686434, 35.49383830759295], [129.4321234102418, 35.49338542739932], [129.4323371564413, 35.49311957067233], [129.43270103749464, 35.49278840844141], [129.43300153543709, 35.49256777357247], [129.43316711289418, 35.49247214628215], [129.4333567601294, 35.492382596739226], [129.43366021802257, 35.492249906627016], [129.43414174409213, 35.492170482683676], [129.4341910746035, 35.49217094655248], [129.4342431128487, 35.492180717357925], [129.43887208329895, 35.4934602843403], [129.43907856339803, 35.49351823471727], [129.43932411422787, 35.49366347812397], [129.43943192580497, 35.49375315322893], [129.43957102755448, 35.49389433085455], [129.4397374367164, 35.49413205620916], [129.43975882544336, 35.49416410856664], [129.43977324000895, 35.49419603508278], [129.43981143948457, 35.494345908250125], [129.43978117599468, 35.49452818075034], [129.4397535132248, 35.49456033320387], [129.43962450662812, 35.49464010634825], [129.43961496373288, 35.49480217652588], [129.43963361473587, 35.494908147291575], [129.43968853376154, 35.4950335913972], [129.43972496377796, 35.49508520062007], [129.43998903092975, 35.49532017942119], [129.4404304881967, 35.495574421340976], [129.44113728744475, 35.49578560901485], [129.44121800699105, 35.4957978252045], [129.44124094275472, 35.495797740940276], [129.4415792869962, 35.49575499810932], [129.44222339627794, 35.495435957942675], [129.4442614063156, 35.493693567864916], [129.44487937342768, 35.4923872879587], [129.444898933878, 35.49232533159992], [129.4449066762717, 35.492292127118894], [129.444922209469, 35.49222333741457], [129.44493993716958, 35.49213053602845], [129.4449387219237, 35.49211597476252], [129.44458637003845, 35.49146773460938], [129.44457956676914, 35.491461061400614], [129.44428713270787, 35.49127198179308], [129.4442713855831, 35.49126192786527], [129.4442517536659, 35.49125917920595], [129.4442402585439, 35.491258978649086], [129.44422363154013, 35.49126373431938], [129.4442094037041, 35.49126952049623], [129.4441461442399, 35.49130533622146], [129.44407619658529, 35.4913830785035], [129.44403276353114, 35.49143264704181], [129.4440300749564, 35.491449341082976], [129.44405608562926, 35.49154754960349], [129.44381931775476, 35.49184395810579], [129.44355465462053, 35.491969292591556], [129.44352354749506, 35.491976057440525], [129.44346638087987, 35.4919856149106], [129.44341373758357, 35.491991947829845], [129.4433604533454, 35.49199418742328], [129.44327754783217, 35.49198653335675], [129.4424509052587, 35.49190431270437], [129.44238570733722, 35.49189409747273], [129.44187133013082, 35.49178686125309], [129.44169674228516, 35.49172827601706], [129.44131654716656, 35.49154764073542], [129.44116086266553, 35.491441053865856], [129.44032532720092, 35.49083392565523], [129.44011779876735, 35.49063384547564], [129.43989822590416, 35.490301742661835], [129.43983389443113, 35.49017317924228], [129.43977828890658, 35.49001408585325], [129.4397256057945, 35.489848988316545], [129.43971882135406, 35.48974871705636], [129.439691778264, 35.48855512243741], [129.43968941373248, 35.48844896719955], [129.43970122402962, 35.48832281409841], [129.4397177346714, 35.48823409147689], [129.43973210714563, 35.488204251446895], [129.43975577758252, 35.488188049460405], [129.43977780806298, 35.48816598703701], [129.43978806843816, 35.488143821799035], [129.4398268486812, 35.48804280696671], [129.4398324553875, 35.487995793652914], [129.43980827860545, 35.48743192725142], [129.4397999745188, 35.487315383051055], [129.43979708110464, 35.4873060737968], [129.43833629438734, 35.48525776366038], [129.43724608848046, 35.484651235080534], [129.4370726323692, 35.48461788831627], [129.43702511142894, 35.484600873761934], [129.43695044864492, 35.4845652552715], [129.43690352792242, 35.48453513039742], [129.4368591507553, 35.48450398022437], [129.43659391113889, 35.48430852877665], [129.4322825579359, 35.48055663900014], [129.43226504796772, 35.48053936898594], [129.43214181867273, 35.48038696017957], [129.43212888103923, 35.480366122684316], [129.43210044998588, 35.4803060799139], [129.43153410513193, 35.47902954660375], [129.4314018507523, 35.4786997031605], [129.4312888625598, 35.47823194731254], [129.43114314333835, 35.47838941985358], [129.4313100732468, 35.478729394939464], [129.43145181397506, 35.479084828157994], [129.43195549909007, 35.480413772697105], [129.43195531545047, 35.48043501687134], [129.4317736819338, 35.48120431554192], [129.43075023341743, 35.48356405258651], [129.4301968631424, 35.4840324135418], [129.42977763751287, 35.48438239888706], [129.42889852672306, 35.484806648676496], [129.42807036605745, 35.485053184739996], [129.4278597707281, 35.4850662705607], [129.42741126061097, 35.48507666676254], [129.42518584588205, 35.485012260757514], [129.42499999250762, 35.484904101852166], [129.42496160307186, 35.484881758543985], [129.4246000839804, 35.48466818724225], [129.4243690390365, 35.48452006883236], [129.42402710792044, 35.48420251564249], [129.42482145030047, 35.481879883834935], [129.42499998671192, 35.48136559508922], [129.42484626800348, 35.4811620521998], [129.42373711807596, 35.48089145204361], [129.4235686746896, 35.48086911402089], [129.42257316927277, 35.48073909269115], [129.42251208097335, 35.48074138963669], [129.42118979623964, 35.48094265845111], [129.42052361522047, 35.48125768803309], [129.42029618846502, 35.48143518183709], [129.42120801584133, 35.481304595053416], [129.42127182435817, 35.48133571031136], [129.42129767455444, 35.48149405915315], [129.42130280302987, 35.48156698499977], [129.4213010516053, 35.48161332683886], [129.42129816481676, 35.48164105083766], [129.42129104334066, 35.48170145514314], [129.42128843636573, 35.4817213027389], [129.4212819595987, 35.48175554590361], [129.4212781726457, 35.481766754232744], [129.42127017786652, 35.48178686252741], [129.42124081022007, 35.48183930383391], [129.4212095380606, 35.4818794320507], [129.42116525525188, 35.48191601539326], [129.42108201949682, 35.481982416998875], [129.42089693801145, 35.48209352684975], [129.4197524131446, 35.482435150198754], [129.41974443600648, 35.482437206366505], [129.4197204083328, 35.4824340458145], [129.41851481663193, 35.482227056898914], [129.41848215415757, 35.48221404653779], [129.41839433484625, 35.48217248634866], [129.4183126633528, 35.48212182950057], [129.41536287970527, 35.47995721589403], [129.415322618143, 35.479916796887885], [129.41508245666034, 35.4796073287249], [129.41502413275583, 35.479485023986626], [129.4149422452691, 35.479224369359706], [129.41493540772976, 35.479197614788994], [129.41492855528364, 35.47915480822142], [129.41492701053343, 35.47913968201536], [129.41491491133084, 35.4779687749497], [129.41491743325028, 35.4779557784596], [129.41492198455373, 35.47794080069909], [129.41493052664038, 35.47792178214392], [129.41493860189667, 35.47790872996021], [129.414951425085, 35.477893355856295], [129.4149633916429, 35.477880524977444], [129.41529833665678, 35.47753490519287], [129.41538928959653, 35.47744647839119], [129.41546662815156, 35.47737770417489], [129.41559068880278, 35.47725587179643], [129.4157676473441, 35.477067609256096], [129.41590262254667, 35.476921826898156], [129.4159080611182, 35.47691461682057], [129.41593596150122, 35.47687215809859], [129.41596322717402, 35.47682413272744], [129.41598980678273, 35.47676624133424], [129.41604467224394, 35.476627998329576], [129.41621827303504, 35.476022228404766], [129.41622086971725, 35.476010999457415], [129.41622196577586, 35.475983909788624], [129.4162196190885, 35.47597149905066], [129.41621196071557, 35.475952047166174], [129.41620092566504, 35.47593390020491], [129.41617145223933, 35.47589316945016], [129.41614794190676, 35.47586584314708], [129.41611149858804, 35.47582649059507], [129.41600966819632, 35.475730474615695], [129.41343838975064, 35.473348671502926], [129.41300780224157, 35.47296897448379], [129.41265410837687, 35.472657566765], [129.4119098956935, 35.472017117526235], [129.41177781422843, 35.47191117733824], [129.4117395806462, 35.47188103451363], [129.41165428221186, 35.471823090237564], [129.41161657469132, 35.47180045401192], [129.41157543773136, 35.471779682338784], [129.411082793117, 35.47153214161855], [129.41099084646962, 35.471489959564984], [129.4109571150088, 35.47147596692064], [129.41092765189632, 35.47146696412648], [129.41089500070927, 35.47145903593212], [129.41073903628708, 35.47142146100267], [129.4106894570511, 35.47141004695546], [129.41064417058365, 35.47140139564457], [129.41005162640388, 35.471306574150965], [129.41002648938314, 35.47130341474182], [129.4099829918315, 35.471301247360124], [129.40979220583625, 35.47130297469419], [129.40976499475326, 35.4713034468841], [129.40967929142926, 35.47130853207099], [129.40962286546127, 35.47131216575739], [129.40927498385892, 35.471341224200565], [129.40924358991987, 35.47134479153551], [129.40914295299544, 35.471364187015446], [129.40896991860293, 35.471399022245905], [129.40846883123177, 35.47151297778429], [129.406169374625, 35.47204599014606], [129.40711368846377, 35.47325341625048], [129.4067236384195, 35.47378498792043], [129.40488984060931, 35.47624474875912], [129.40426635722355, 35.477204004991975], [129.40424447923525, 35.487334441396115], [129.40453830472197, 35.48733451940279], [129.40554269000384, 35.48870838531058], [129.4084396656787, 35.49325508648771], [129.40322063521202, 35.49981673275395], [129.4010619464756, 35.500232415558365], [129.39884172925076, 35.500653680473974], [129.39847944246628, 35.500720761846026], [129.3976467440071, 35.500876911926774], [129.39695533276836, 35.50100888611171], [129.39575688110256, 35.50124626027471], [129.39703642888765, 35.505774068210194], [129.39754369963856, 35.50756616702493], [129.3971136509063, 35.51187697094295], [129.39703586123426, 35.51219727717731], [129.39638568508616, 35.51344933810244], [129.3932400999003, 35.518961255450336], [129.39321986757454, 35.51899475932429], [129.39203127569078, 35.52075030217545], [129.3916405405049, 35.521311999639465], [129.39067420617764, 35.522740266913424], [129.3888051948953, 35.52551067778135], [129.38762906505076, 35.52739434671986], [129.38771878519188, 35.527357386699], [129.38832716274953, 35.526981758970436], [129.3889538884804, 35.52656507111848], [129.38907470320262, 35.52647287816351], [129.38930330079637, 35.526294489170944], [129.38944258864828, 35.52617201512323], [129.3897263326894, 35.52592188483972], [129.3902218798173, 35.525425676427155], [129.3915344623619, 35.52348163049549], [129.3916654234736, 35.52328711368557], [129.3918782729649, 35.522971674996576], [129.39202349862097, 35.52281149589773], [129.3920601589006, 35.522773775032846], [129.39214514304334, 35.52269509594457], [129.39222510704832, 35.52262494989284], [129.3922744754876, 35.52258377330021], [129.39239576260493, 35.52249125777387], [129.39243866847707, 35.522459267908495], [129.39255315087314, 35.522377906067504], [129.39272322744677, 35.52226834325186], [129.39284879855688, 35.52220041980271], [129.3930605473413, 35.522102167119094], [129.3931933335007, 35.52204895619398], [129.39331417854103, 35.52200623141481], [129.39343033982522, 35.52196691743525], [129.3935294984598, 35.52193545561087], [129.39378723344058, 35.521874456309824], [129.39388379270855, 35.52185298943891], [129.39396053896326, 35.521840093285824], [129.39397988230147, 35.521837065108535], [129.3940770072696, 35.521822968917206], [129.39416068489749, 35.52181184429779], [129.39426903497596, 35.52179847673019], [129.3943505190359, 35.52179189396391], [129.39562863454717, 35.52184332571791], [129.39580179079135, 35.52184850059121], [129.39585218625206, 35.521848642201945], [129.39592695062717, 35.521847982332865], [129.39596554870087, 35.52184566617977], [129.39601887493583, 35.52184139114405], [129.39617749557502, 35.521825307578645], [129.39626192025275, 35.521813421507396], [129.3963461206199, 35.5218009078519], [129.39637600566024, 35.52179599703798], [129.3965300979014, 35.52176686733964], [129.39662274869815, 35.52174654517111], [129.4033551813052, 35.52015855752913], [129.40377332236105, 35.51987496059705], [129.4051646873332, 35.51869538488345], [129.40550288472554, 35.518371518288866], [129.40538371017084, 35.51802298888628], [129.40535779486058, 35.51787183942071], [129.4053655699334, 35.51773811555694], [129.4054749816734, 35.517519690501345], [129.40657779694874, 35.51667134328023], [129.40675179808426, 35.51657676851882], [129.40837627559915, 35.51604457034303], [129.40899380562, 35.51659212134141], [129.40915657722252, 35.516965626198974], [129.4096895202479, 35.51906291007386], [129.40943709982528, 35.52142703179125], [129.41020760021536, 35.52193906778902], [129.4104381096504, 35.52225748825835], [129.4105712725779, 35.52310635109423], [129.4103677336727, 35.524060564914194], [129.40991761709944, 35.52439968805761], [129.4088916964704, 35.52516261409392], [129.40845493572917, 35.52517768834546], [129.40714463868952, 35.525933247654066], [129.4063694038067, 35.526697993839235], [129.4024049602027, 35.52796702755588], [129.40193487681796, 35.528159491626646], [129.40121170669877, 35.529404845148605], [129.40272404465526, 35.53166441022085], [129.40384217060839, 35.53318916915771], [129.40438215783675, 35.533300017711056], [129.40491729469647, 35.533820384375645], [129.40558973199296, 35.53468253358821], [129.40663177063564, 35.53745659304061], [129.40659807415662, 35.53796818844456], [129.40657295568008, 35.53830793393553], [129.40638375881076, 35.53885040726229], [129.40587665728853, 35.53922738773709], [129.40539442402525, 35.54067217722548], [129.40558803149727, 35.54165327767666], [129.4079652209792, 35.544906147230314], [129.40844101334636, 35.54549368446389], [129.40800073875315, 35.546321422173676], [129.40703995141044, 35.54853187929998], [129.40710881723638, 35.549130742789266], [129.4073475011666, 35.55034461716338], [129.40758924799454, 35.551012117873356], [129.4080845978695, 35.55166969709978], [129.40832635327342, 35.55184553311332], [129.40895190169206, 35.55211558270917], [129.4094613907632, 35.552290468191195], [129.41002884997897, 35.55233072629951], [129.41132649101684, 35.552866997402674], [129.41183541597655, 35.553176103795074], [129.4132830876011, 35.55469313744693], [129.41346763643165, 35.55497518731277], [129.41395631017483, 35.55645955017931], [129.4133154213192, 35.558802169980154], [129.4147309812676, 35.55983581645771], [129.41501668572366, 35.55997745754527], [129.41632523576018, 35.56061329042374], [129.41889834685634, 35.56242923692947], [129.41925921012984, 35.562964721430255], [129.41978941430722, 35.56357480243707], [129.42006017492523, 35.563754867321094], [129.42008058709752, 35.563763891522754], [129.42894186754646, 35.56655163349807], [129.4331866356498, 35.56692358333437], [129.44150798533454, 35.56786308445217], [129.44254395218556, 35.56776782784862], [129.44464464409498, 35.56767006596845], [129.44569248545682, 35.56794135558462], [129.4477771723197, 35.56915024668059], [129.44778249399292, 35.56922075178695], [129.44938146037683, 35.57033439822264], [129.45199851936385, 35.57141946362851], [129.45290870737622, 35.571602097493574], [129.45299654701566, 35.571405306146765], [129.4530185372949, 35.57133958105203], [129.45302023011172, 35.5713346819752], [129.45302196722147, 35.57132978939242], [129.45302579435972, 35.571319906555296], [129.4530277091228, 35.571315059773596], [129.45303160699538, 35.57130554540002], [129.4530393320949, 35.571286788243896], [129.45304125691305, 35.57128217388294], [129.45304317293312, 35.571277651616334], [129.45304515604906, 35.571273166124776], [129.4530471944694, 35.57126877709759], [129.45304924505677, 35.57126443475055], [129.45305128256555, 35.571260189976165], [129.4530533331345, 35.57125593777817], [129.45305531661495, 35.57125183090554], [129.45306118518974, 35.57123986499764], [129.45306501457483, 35.57123216552707], [129.45306695615753, 35.5712284235345], [129.45306895413088, 35.57122464096248], [129.45307294865881, 35.57121710829492], [129.45345385610702, 35.57032687010833], [129.45364661359199, 35.569899726757676], [129.4536503619188, 35.56989151112871], [129.45365229016494, 35.56988731319007], [129.4536542314272, 35.56988310602551], [129.4536562137254, 35.56987886213612], [129.45366035777514, 35.569870221800954], [129.45366460992878, 35.56986148956426], [129.45366681468556, 35.5698571374956], [129.453669083631, 35.56985279340118], [129.45367135587637, 35.569848494327616], [129.453673681106, 35.56984419619801], [129.45367844162158, 35.56983567928838], [129.45368099849267, 35.569831469355066], [129.4536836149656, 35.569827260258414], [129.4536862807989, 35.56982308461802], [129.4536890693551, 35.569818964683236], [129.4536919029211, 35.56981478992938], [129.45369758243842, 35.569806496112975], [129.4537033799943, 35.56979806515942], [129.45370632386937, 35.56979379846806], [129.45371234388284, 35.569785259334935], [129.45371540805536, 35.569781039373446], [129.4537217029335, 35.56977264182477], [129.45372494471218, 35.569768465861024], [129.45372823170203, 35.56976433423862], [129.45373152972087, 35.56976020243733], [129.45373488180078, 35.569756206785684], [129.45373828902697, 35.569752210239905], [129.45380029634333, 35.56967972052676], [129.45380690596252, 35.569672107574526], [129.4538137348626, 35.56966461907805], [129.45386689067618, 35.56960738538917], [129.45387207728504, 35.56960187614016], [129.45387738771996, 35.56959664975352], [129.45388286237727, 35.56959155232129], [129.4538883403779, 35.569586501711996], [129.45391753427623, 35.569560290880936], [129.45392324395795, 35.569555330268415], [129.45392607606624, 35.56955291343482], [129.4539316744664, 35.569548277359], [129.4539397778958, 35.56954165886066], [129.45394495078511, 35.56953749304842], [129.4539474986623, 35.56953545764496], [129.4539501126104, 35.56953350771301], [129.45395261764932, 35.569531707390944], [129.45395517884137, 35.5695299476268], [129.45395768288284, 35.56952828795296], [129.45405951064407, 35.56946154219405], [129.4540619762481, 35.56946038977771]]]]}, "properties": {"name": "\ub3d9\uad6c", "base_year": "2018", "name_eng": "Dong-gu", "code": "26030"}}, {"type": "Feature", "geometry": {"type": "MultiPolygon", "coordinates": [[[[129.3612332846084, 35.67881085977709], [129.36315892144106, 35.67863441738937], [129.36407366476652, 35.67893449284792], [129.36416349915032, 35.67678518677573], [129.36417840814136, 35.67674054670588], [129.36505527994942, 35.67569924861579], [129.36575145966128, 35.67552859806103], [129.3667153375682, 35.6752848227686], [129.36672213654765, 35.675281305187546], [129.36672756836964, 35.67527824152416], [129.37057179546662, 35.67289669681839], [129.3713372072891, 35.67230286242976], [129.37159639304113, 35.67209389813692], [129.37277367246222, 35.67015474751749], [129.37277604221026, 35.67012978448812], [129.37265443069967, 35.669226786514066], [129.37450329894224, 35.669694368478616], [129.3807610250216, 35.670997814919836], [129.381849391323, 35.671184803572125], [129.38319975407794, 35.67097956467164], [129.38580892607422, 35.670276771789304], [129.38639580487646, 35.67034397949887], [129.3864078103043, 35.67034148985805], [129.38641534455962, 35.67033950841016], [129.38751515978842, 35.66994885542297], [129.38777394918864, 35.66985615935781], [129.38849091534934, 35.66957571662698], [129.38877735471155, 35.6693107036957], [129.3919583065792, 35.66848451061404], [129.39366383319054, 35.66805431666605], [129.39417470195022, 35.66803782460657], [129.39532963765893, 35.66801598320104], [129.39664446044216, 35.66795279451987], [129.3986274487023, 35.66780195943964], [129.39889918238768, 35.66777331317751], [129.39994251783173, 35.6675626087937], [129.40069563547127, 35.66723561903963], [129.4007283996024, 35.6672122950367], [129.40073603673608, 35.66720242759536], [129.40116125469345, 35.66653789760649], [129.40134652571476, 35.666168301598226], [129.40142070840187, 35.66597254264022], [129.40144065132887, 35.66590090488458], [129.4015664251572, 35.66559584896747], [129.40157617689945, 35.66557566303437], [129.40199886870442, 35.66480459837704], [129.4020255119625, 35.66476085295942], [129.4029975746856, 35.66330164632803], [129.40310257730596, 35.66314412419974], [129.40319271407475, 35.663066170349715], [129.40335273723537, 35.66299469654689], [129.40341715954827, 35.66296848864862], [129.40351810314337, 35.66294042852271], [129.40373981638038, 35.66291263283747], [129.40611819684054, 35.662777856026494], [129.40624167300794, 35.66277664633309], [129.40654494112576, 35.662787624080934], [129.40667599021373, 35.66279697929126], [129.40684740018884, 35.66281776139591], [129.4075818285719, 35.66335327567833], [129.40787734434613, 35.66357712841878], [129.4101724297948, 35.663862346529314], [129.4102174362544, 35.66386721433342], [129.41027107170365, 35.66387233102213], [129.41096979094024, 35.66382738130384], [129.41357594156304, 35.66300593158036], [129.41419026011403, 35.66277103824807], [129.41435843364778, 35.66269530508154], [129.41946576248606, 35.66023283228545], [129.42574491814304, 35.65717046803802], [129.42839884492466, 35.65558032999443], [129.42860950487693, 35.655587487427596], [129.4289440148953, 35.65560552517859], [129.43008245792097, 35.65584356896646], [129.43107290043608, 35.656286061773116], [129.43129913252778, 35.65640834337154], [129.4316646790739, 35.65653991196656], [129.43175664859643, 35.6565691722114], [129.4321242649496, 35.65659849181626], [129.43279467292194, 35.65664619495362], [129.43280123325565, 35.65664662059976], [129.43311489727236, 35.65508997441253], [129.43308436394025, 35.65434499261366], [129.43309739469964, 35.65430813008238], [129.43355545390258, 35.65365676009288], [129.43363129750156, 35.65355287775972], [129.43387480674266, 35.6532897592397], [129.4344354287589, 35.65268783978686], [129.43506816428808, 35.65245021441636], [129.43507942690798, 35.65244604704497], [129.4352621988288, 35.652557651293066], [129.4359327412656, 35.65297474927745], [129.43647502006223, 35.653314337426075], [129.43651062978245, 35.6536461484557], [129.43687393421115, 35.65423811688634], [129.43738672201468, 35.654560268135015], [129.4376780006998, 35.6546662937526], [129.43926909388983, 35.65524466286911], [129.44184475921566, 35.65473267784338], [129.44251208679617, 35.65457779542091], [129.44427078463673, 35.65393068911775], [129.44438604721273, 35.65388640040396], [129.44478340494535, 35.65372586624391], [129.44533704722747, 35.6534295426862], [129.4462389840583, 35.652687460474816], [129.44765155503424, 35.65165427222144], [129.44776904221806, 35.65157008998164], [129.44791259450346, 35.6514811516015], [129.44840755264434, 35.65121838008076], [129.4486042108483, 35.65113990760463], [129.44866267099195, 35.65112252924979], [129.44926716228693, 35.65102380102918], [129.4494793760693, 35.65101427184427], [129.44962645065698, 35.651018329501014], [129.44978703980394, 35.651069276649714], [129.44888309042526, 35.64879621575132], [129.4488790275918, 35.648786188563115], [129.44879417689376, 35.64861754135924], [129.4486204348048, 35.64827490146612], [129.44852636380162, 35.64812246762337], [129.44839867205943, 35.64796631920107], [129.44614049239078, 35.646196402080506], [129.4456079656841, 35.646147577144845], [129.44518425216893, 35.64628525509765], [129.44517136413845, 35.64628855719303], [129.44509070130297, 35.64629008931761], [129.4450239136896, 35.64629122776193], [129.44493646753602, 35.64628756866498], [129.4448699734576, 35.6462836864497], [129.44484187708915, 35.64628040997389], [129.44481300759793, 35.64627330567657], [129.44259423724083, 35.645668430241116], [129.44244407531986, 35.64560195458515], [129.44241959968926, 35.645589470904376], [129.44238251533594, 35.64556099103219], [129.44236331848214, 35.64554593950324], [129.44231430703326, 35.64550443451918], [129.44208685967422, 35.645305230767256], [129.44203007235606, 35.64525519327012], [129.442005794218, 35.645233615789934], [129.44198858002065, 35.64521751895546], [129.44196731445942, 35.64519729918578], [129.44194959582165, 35.645176057620525], [129.44167074836736, 35.644802149413955], [129.44162844861836, 35.64472215447014], [129.44160469537897, 35.644663297634764], [129.4415938822912, 35.644624924704566], [129.44152761644267, 35.64431855240077], [129.44143009023534, 35.64373270048004], [129.4413695321552, 35.64312497380438], [129.4413655390849, 35.6430354454382], [129.44136213610366, 35.64226426195968], [129.44136805670564, 35.642114248451186], [129.44137905175992, 35.641908870715525], [129.44138701139022, 35.64176416830099], [129.44141957640167, 35.64118298501766], [129.4414452387364, 35.64093066864233], [129.44144768708964, 35.64090981216887], [129.44169875404407, 35.63882013159713], [129.44170288651225, 35.638792663538574], [129.44179001294188, 35.63823393044559], [129.44180447695666, 35.63816191044542], [129.44186786495155, 35.63786979813264], [129.44093401079834, 35.6325896374644], [129.4409306777243, 35.63251345465015], [129.44094532592646, 35.63243526198442], [129.4409616071356, 35.63235400500061], [129.44105377945866, 35.631923999787794], [129.44146085762563, 35.630325511865934], [129.4415137111831, 35.630159798472235], [129.44154369577856, 35.63006590164619], [129.44348382290855, 35.6255743332248], [129.44367425919933, 35.62523018210473], [129.44404965131002, 35.62455622530027], [129.4440541109933, 35.624548342864884], [129.44405888169794, 35.62454044639387], [129.4440692927243, 35.62452463580752], [129.44407454017616, 35.624516729837005], [129.4440902284923, 35.62449378987449], [129.4440953318292, 35.62448640728646], [129.44433304993424, 35.62415902391672], [129.44433835830756, 35.624152541294016], [129.44434374347017, 35.624146311649426], [129.44515342611734, 35.62325263980579], [129.4451995795187, 35.62320359292147], [129.44525595091253, 35.62314372905951], [129.44526060805362, 35.62313880926913], [129.44526533383996, 35.62313389738463], [129.44527005673942, 35.62312904865037], [129.44527478409663, 35.623124201646874], [129.44527960564616, 35.623119414422604], [129.4452893870395, 35.62310989723753], [129.44530436496686, 35.62309539385224], [129.44530933890653, 35.62309060777124], [129.4453194435009, 35.62308121517676], [129.44532450373913, 35.6230766188155], [129.44573335918787, 35.62270815890575], [129.44646818406437, 35.62205949741223], [129.44735275715368, 35.6212924165797], [129.44740124024884, 35.62124930082216], [129.4474088509078, 35.62124262037696], [129.44741747905715, 35.621235647625106], [129.4474268211622, 35.621228340597376], [129.44743676672724, 35.62122069567144], [129.44744728749532, 35.62121309553261], [129.4475142676968, 35.62116577360606], [129.44763914063589, 35.62107810983958], [129.44809052608323, 35.62077034710489], [129.44810694322965, 35.6207592295069], [129.44812320630376, 35.62074849662747], [129.44813925358974, 35.6207381530709], [129.4481550074171, 35.62072809191571], [129.44817060581946, 35.62071854170874], [129.4481863209054, 35.62070970538934], [129.44820236831077, 35.620701642573046], [129.44821892404676, 35.62069414487455], [129.44823589851092, 35.620687159654146], [129.4482534337513, 35.620680352868256], [129.4482715189687, 35.62067346145849], [129.4483092801725, 35.62065926165363], [129.4483284770782, 35.62065241174942], [129.448478614301, 35.620599984838634], [129.448496883064, 35.620593743099235], [129.4485150805151, 35.6205875656146], [129.44855147490702, 35.62057528096107], [129.44857030268503, 35.62056896345664], [129.44858983553632, 35.62056249210746], [129.44861015462786, 35.62055593591557], [129.44925088224073, 35.62020725025562], [129.44925178927878, 35.62020404613107], [129.44925277874853, 35.62020078117456], [129.44925383926372, 35.620197441146615], [129.4492549800034, 35.620194040322424], [129.44925627304337, 35.62019063703326], [129.44925781230887, 35.62018709814255], [129.44925950369966, 35.62018354957784], [129.44926127238787, 35.62018000156501], [129.44926505085527, 35.620172831321625], [129.44927076399532, 35.62016231050779], [129.44927656759194, 35.62015196852609], [129.44928035721355, 35.620145257857686], [129.44928400083458, 35.62013880917908], [129.4492910072908, 35.620126624931174], [129.44930688363652, 35.620099428073054], [129.4493098024655, 35.62009468591131], [129.44931580161074, 35.62008557759648], [129.44932483227706, 35.620072367150684], [129.44933732844447, 35.6200544669945], [129.4493404163186, 35.62005004843255], [129.44959439319567, 35.61969361651355], [129.44961467748672, 35.61966526828628], [129.44962177556116, 35.61965567880559], [129.44962887844744, 35.6196462875727], [129.4496359993505, 35.6196372746703], [129.44972488243212, 35.6195249769258], [129.44972990338925, 35.61951914598935], [129.44973494011356, 35.61951369161706], [129.44974046471492, 35.61950868729944], [129.4497434774734, 35.61950626943121], [129.449746564189, 35.619503987390935], [129.44974981577138, 35.61950176578534], [129.44975730955906, 35.619497016259544], [129.44976719784836, 35.619490940652135], [129.44977450386077, 35.619486733251584], [129.44978243637627, 35.61948250128437], [129.44978689544962, 35.61948044763795], [129.44979149714223, 35.61947844757437], [129.44980127923452, 35.619474364156346], [129.44980644440236, 35.61947229006326], [129.4498117639011, 35.61947020625958], [129.44981740336064, 35.619468113669775], [129.44982328782262, 35.61946601711326], [129.45009826488254, 35.61937301428461], [129.45010797944687, 35.61936978834353], [129.4501181305978, 35.619366991649954], [129.45012868043736, 35.61936451844249], [129.45013956225495, 35.61936262221624], [129.45015079700372, 35.619361165606534], [129.45016205827073, 35.61936061906347], [129.45095501168663, 35.61881612769624], [129.4509649303438, 35.6188118544649], [129.45097509382524, 35.618807570055004], [129.45123328414786, 35.618699684491226], [129.45143970626538, 35.618615183244714], [129.45173487693032, 35.61854339677012], [129.4517438602998, 35.618541345460095], [129.45175339799357, 35.61853947988655], [129.45176318825483, 35.61853774003273], [129.45178377599555, 35.618534092551236], [129.4517945951358, 35.61853225849389], [129.4518055797751, 35.61853087429754], [129.45181675752224, 35.61853007654001], [129.45213153237907, 35.61851966522121], [129.4521437514866, 35.618519286871845], [129.45218446504416, 35.618518242927315], [129.45219343692867, 35.618518081276356], [129.4522020151697, 35.6185179855031], [129.45221012398852, 35.61851810828492], [129.45221776822135, 35.618518557721345], [129.45222471578882, 35.61851941510174], [129.4522311256535, 35.618520679652526], [129.4522368914643, 35.61852215477163], [129.45224236885488, 35.61852402761169], [129.4522475346304, 35.618526161523484], [129.4522523140089, 35.61852856853697], [129.45225734257718, 35.61853123474378], [129.45226766392233, 35.61853726242405], [129.45227271227466, 35.61854037905049], [129.45227767720823, 35.61854342491035], [129.45228287200322, 35.61854620741721], [129.4522881275977, 35.618548675222556], [129.45229392202344, 35.61855060061602], [129.45229993491276, 35.61855206631806], [129.4523061646882, 35.618553007447524], [129.45231237737488, 35.61855324569773], [129.4523309427816, 35.618552697746445], [129.4523341195057, 35.618552487590634], [129.45233728807457, 35.6185522144632], [129.45234367102017, 35.61855100938371], [129.452350028502, 35.61854902944216], [129.4523562063774, 35.61854647366032], [129.4523625232123, 35.61854345767276], [129.45236907396, 35.618539981743176], [129.45237599411996, 35.61853616988251], [129.45238362202372, 35.61853195169947], [129.45239155262504, 35.618527468982265], [129.4523955914828, 35.61852502900651], [129.45239953961453, 35.61852239938717], [129.45240742037646, 35.61851668424954], [129.45241504572485, 35.61851045399825], [129.45244381723708, 35.61848603881694], [129.4524482864312, 35.618482227019605], [129.45245719535663, 35.618474209052955], [129.45246584246524, 35.61846568509123], [129.45247004836375, 35.61846148812123], [129.4530115666815, 35.61793446612442], [129.45324471122206, 35.617630010449496], [129.45401513632336, 35.61671376724077], [129.454024694062, 35.616704115967806], [129.45402943483865, 35.61669913138675], [129.4540341608369, 35.61669408394156], [129.45403880408816, 35.61668890261637], [129.45404337513133, 35.61668365755581], [129.45404777044962, 35.616678359454156], [129.45405202820794, 35.616673124884905], [129.45405626610136, 35.616667890637785], [129.45416408563477, 35.6165316798844], [129.4541676458053, 35.616527177815016], [129.4542149761549, 35.61646699139733], [129.45421816404487, 35.61646288841298], [129.45422397232588, 35.61645495308171], [129.45422676784113, 35.61645105839552], [129.45422948097587, 35.61644722634671], [129.4542319512369, 35.616443394632654], [129.45423434955342, 35.61643950999697], [129.4542366556664, 35.616435556541695], [129.45423896078472, 35.61643147148615], [129.4542411911231, 35.6164273984617], [129.45424777597373, 35.61641489984833], [129.4542499253191, 35.616410765034146], [129.45425198981374, 35.61640668207968], [129.45425389516043, 35.6164026828408], [129.4542557274081, 35.61639867397022], [129.45425908478904, 35.61639073873953], [129.45426059492516, 35.61638674050423], [129.45426203090975, 35.616382689383165], [129.45426329510227, 35.61637856532505], [129.45426441159168, 35.61637445087536], [129.45426521633354, 35.61637040999663], [129.45426585328877, 35.61636637003738], [129.45426624979723, 35.61636233938846], [129.45426634167637, 35.616358311879395], [129.45426609369977, 35.616354291687706], [129.45426578797242, 35.61635034815753], [129.45426532248345, 35.61634646311149], [129.45426486099987, 35.61634265192199], [129.45426432092222, 35.616338968215175], [129.4542631000233, 35.61633198711651], [129.45426174044218, 35.616325477038636], [129.45425990372556, 35.61631923072347], [129.45425776287794, 35.61631318947197], [129.45425523543156, 35.61630741231706], [129.45425232340278, 35.61630170991481], [129.45424909116494, 35.616296277743736], [129.45424539854335, 35.616291253300524], [129.45424124337373, 35.61628636617567], [129.45423660047084, 35.61628148876734], [129.4542312396917, 35.61627623717239], [129.45422539360598, 35.616271004269265], [129.45421899586808, 35.616265785725474], [129.45421196769328, 35.616260519715475], [129.4541292439727, 35.61620223788487], [129.45412035745753, 35.61619636917973], [129.45411148253558, 35.61619088612009], [129.45410247005688, 35.616185738839874], [129.45409347183127, 35.616180905043436], [129.45408455018472, 35.61617640535517], [129.45407581657022, 35.61617228304097], [129.45406700697905, 35.61616848649227], [129.45405814055914, 35.6161650766992], [129.45404935558508, 35.61616192881682], [129.45404074254935, 35.61615904137703], [129.45403253722063, 35.61615639432815], [129.45402458536245, 35.61615400099031], [129.45401663869401, 35.61615200241686], [129.45400871668485, 35.61615038206525], [129.454000811398, 35.6161493582229], [129.45399286091674, 35.616149108584786], [129.45397682467635, 35.61614958329922], [129.45396858332114, 35.61614999285437], [129.45396033860408, 35.61615071798219], [129.45395196818248, 35.616151903101624], [129.4539434598951, 35.61615368363223], [129.4539349618975, 35.616155977840066], [129.45392624508594, 35.61615853522391], [129.45391768498044, 35.616161090064914], [129.45390944414896, 35.61616369922364], [129.4539015227669, 35.61616636990915], [129.453893526707, 35.616169238328695], [129.4538854646223, 35.616172297130014], [129.4538774802397, 35.616175554799305], [129.45386958478488, 35.61617892821811], [129.45386193021423, 35.616182310349444], [129.45385467960713, 35.61618586982942], [129.453851177055, 35.6161878395936], [129.45384777094424, 35.61618987089695], [129.45384101656063, 35.61619413269409], [129.45377937445633, 35.616235742609526], [129.4537729663803, 35.61624044411736], [129.45376687861585, 35.616245333346065], [129.45376120057375, 35.616250545870564], [129.4537585222567, 35.6162532685215], [129.45375073440138, 35.61626151900794], [129.45374578775247, 35.616267026171364], [129.45374335235115, 35.61626975029043], [129.4537409830761, 35.616272469730845], [129.45373871325376, 35.61627519296686], [129.4537365115456, 35.61627790247718], [129.45370794149224, 35.616313727451775], [129.45370590107865, 35.61631644155703], [129.4537039373738, 35.61631922293059], [129.4537021344832, 35.61632198907479], [129.45370050703775, 35.61632488759537], [129.45369894342392, 35.61632777786866], [129.45369754759653, 35.61633066722324], [129.45369622901893, 35.616333555324715], [129.45369374095552, 35.616339197492856], [129.45368340619865, 35.61636392330555], [129.4536824727754, 35.61636621559009], [129.45368160186845, 35.61636844555978], [129.45368080974603, 35.616370737355254], [129.45368002865925, 35.61637302897171], [129.4536793981991, 35.61637524963223], [129.45367884719604, 35.61637746900389], [129.45367790040623, 35.616381843928686], [129.4536773512237, 35.616386134876485], [129.45367713858622, 35.61639282371629], [129.453677138696, 35.616395097252166], [129.4536771638808, 35.61639976291456], [129.45367719483824, 35.616404756622785], [129.45367729616885, 35.61640728814358], [129.45367777502778, 35.61641771412892], [129.45367795384175, 35.61642043550706], [129.45367814810572, 35.61642315663457], [129.45367840267897, 35.61642581548305], [129.4536787505951, 35.616428590010074], [129.45367917598045, 35.616431372295295], [129.45367967781175, 35.61643421103535], [129.45368026855755, 35.61643698342642], [129.45368175725096, 35.61644272155149], [129.45368266763734, 35.61644574477859], [129.4536836575248, 35.61644876851905], [129.45368464150732, 35.61645173105449], [129.45368578773736, 35.61645455573584], [129.4536870013515, 35.6164572459048], [129.45368837770957, 35.61646000014355], [129.45368975023828, 35.61646268773471], [129.45369281600452, 35.61646799461106], [129.45369587802944, 35.61647323844425], [129.45369757338662, 35.61647585408905], [129.45369925396648, 35.61647840686979], [129.45370270525456, 35.61648331444612], [129.45370621468982, 35.616487889333754], [129.45370788517084, 35.61649011774465], [129.45370948790298, 35.61649228415074], [129.45371235139163, 35.616496627919], [129.45371482317844, 35.616500844621704], [129.45371672325683, 35.616504886695836], [129.45371799267673, 35.61650887229029], [129.45371846864947, 35.616513007780696], [129.45371831558506, 35.61651742572239], [129.45371786812166, 35.61652217657904], [129.4537168697034, 35.61652751512429], [129.45371511567944, 35.61653346991929], [129.4537122614285, 35.61653976168586], [129.4537084715217, 35.61654634808918], [129.45370403375063, 35.616553078420814], [129.4536989762231, 35.616560018934386], [129.4536936067565, 35.616566843709144], [129.4532912369582, 35.61705929574393], [129.4532869827264, 35.617064405825346], [129.4530299221111, 35.617372844507116], [129.45283625632894, 35.61759662970595], [129.4524198978125, 35.61807049360145], [129.4524166178211, 35.61807408418787], [129.4524135544943, 35.61807714119049], [129.45241064583945, 35.61807974855063], [129.45240770785475, 35.61808196694592], [129.452404748788, 35.618083590704764], [129.45240145542115, 35.61808472406764], [129.45239758642552, 35.618085340296176], [129.45233329906586, 35.618086988207835], [129.45231575205918, 35.61808737000373], [129.4509395646897, 35.61809617655861], [129.45093400509563, 35.618096189087694], [129.45092853158206, 35.61809620022216], [129.45071664973779, 35.61809644452769], [129.4507137115004, 35.618096382136194], [129.4507108404164, 35.61809626637102], [129.45070534208287, 35.61809589206289], [129.45069985231544, 35.618095506797985], [129.4506945879444, 35.61809512870001], [129.45068965060645, 35.61809466958055], [129.45068517889865, 35.61809419931347], [129.45068111101966, 35.618093718899765], [129.450677909991, 35.618093018908226], [129.4506753316642, 35.618092047401305], [129.4506728056824, 35.61809068560619], [129.4506701268204, 35.6180889386497], [129.45066742242054, 35.61808686757312], [129.4506644615339, 35.61808441842207], [129.45066134412266, 35.61808170677023], [129.45065299796863, 35.6180733571936], [129.4506511759543, 35.618071524240534], [129.45064729161547, 35.61806760079649], [129.4506453124894, 35.61806557206181], [129.45064331259752, 35.61806341565291], [129.4506413266238, 35.618061195914805], [129.45063934136894, 35.618058914864214], [129.45063733733656, 35.61805649709239], [129.4506332481424, 35.61805141225053], [129.450629311245, 35.618046324941936], [129.45054804672108, 35.61793909717798], [129.44963791828872, 35.616680467595174], [129.44960943287373, 35.61664000678979], [129.44960790893592, 35.61663771645035], [129.44960512736785, 35.61663337305804], [129.44960401175865, 35.61663125820842], [129.4496023430876, 35.61662728083314], [129.44960172966478, 35.61662365959034], [129.44960159622505, 35.61662016399747], [129.44960154751277, 35.616616793240695], [129.4496015705622, 35.61661328609991], [129.44960174559415, 35.616609581778704], [129.44960240084242, 35.616605739870714], [129.4496063063847, 35.61658325677678], [129.4496068396653, 35.61658084839758], [129.45007382532458, 35.61485546433379], [129.4500782217171, 35.61484402004578], [129.45008399376644, 35.614836671458434], [129.45009544845482, 35.61482793092626], [129.45072751518202, 35.61444266795809], [129.45073934227958, 35.614437720182984], [129.4523718279412, 35.61393441925907], [129.45238045100638, 35.613932736144704], [129.45243054315162, 35.61393393626932], [129.45418987899558, 35.61398368384773], [129.456170662537, 35.61417774789553], [129.4574798013413, 35.614064351041804], [129.45749096335948, 35.614061124431075], [129.457627774683, 35.61399328924561], [129.45782144532302, 35.613890969325254], [129.45786506076982, 35.61386496478225], [129.45789618512273, 35.6138418280521], [129.45801443629136, 35.613752368301576], [129.45860856762127, 35.61328914599984], [129.4586135228687, 35.613285098902395], [129.45861643402955, 35.61328070822497], [129.4586170237535, 35.61327609927632], [129.4586775863698, 35.61270623086591], [129.458627041377, 35.61221145784187], [129.4586251777595, 35.612194520457706], [129.45862272046298, 35.61218374984749], [129.45861837001354, 35.6121756549693], [129.45824423528944, 35.611655292683764], [129.4582405740477, 35.61165173726558], [129.45807922767736, 35.61149700483803], [129.45716382250797, 35.60937678695487], [129.45715759540204, 35.60936070472472], [129.45714799118835, 35.60932544694516], [129.45713937477456, 35.60927753974076], [129.45713163094248, 35.60918887496025], [129.457129743793, 35.60914422274762], [129.45713001090792, 35.609119211286306], [129.45713811712375, 35.60900463638602], [129.4571470232923, 35.608947633378804], [129.45715157914273, 35.60893227562145], [129.4571581979431, 35.60891758750068], [129.45717937696134, 35.608878966432], [129.45788771565364, 35.60779241194801], [129.45790747029207, 35.60777662862417], [129.45811596418437, 35.60761850726823], [129.45812617117946, 35.60761091853617], [129.458179609212, 35.607575643850865], [129.4581883762686, 35.6075724741503], [129.45820153606303, 35.60757190142541], [129.45841687814848, 35.60757510208819], [129.45847208521872, 35.607579885630436], [129.4584900571067, 35.607582357368884], [129.45858434493726, 35.607314165812596], [129.45858209318786, 35.60731236159879], [129.45843441235456, 35.60719357650063], [129.4584301446782, 35.60719013190866], [129.458427525437, 35.60718801454194], [129.45842547001567, 35.60718584113118], [129.4584241272986, 35.60718274563561], [129.45842220006867, 35.607175687711845], [129.4584215924032, 35.60717313016968], [129.45842121299955, 35.60717033633384], [129.45842104833906, 35.60716702335867], [129.45842100380406, 35.607164653183986], [129.45842098795856, 35.60716228254286], [129.45842108665124, 35.60715990102469], [129.45842151650808, 35.60715751953118], [129.45842224818054, 35.60715511149501], [129.45842327210423, 35.60715255627305], [129.45842460266272, 35.60714990050851], [129.45842633330201, 35.60714708318425], [129.4584283347927, 35.60714405591832], [129.45843060166646, 35.607140775528464], [129.45844529253213, 35.607119874698014], [129.45844892518144, 35.60711474930463], [129.45845286204846, 35.60710942424474], [129.45845495093755, 35.607106721894034], [129.45845936799114, 35.607101261016176], [129.45846401268045, 35.60709562876136], [129.4584664163719, 35.60709279869051], [129.4585959828453, 35.60694048521553], [129.45863363013694, 35.60689768369108], [129.45863696369273, 35.606894146158645], [129.45865143629933, 35.606879238301886], [129.45907949894072, 35.60650207974814], [129.45908319609833, 35.60650032663414], [129.45908656948177, 35.60649969121514], [129.45909073821218, 35.606499531464], [129.459095720817, 35.606499520742744], [129.45910129132648, 35.60649953651886], [129.459104316522, 35.60649965138674], [129.45910743087106, 35.60649980086385], [129.45933832898135, 35.60651299857378], [129.45948170129807, 35.60652275527188], [129.45973304146773, 35.606540136111725], [129.45973643047242, 35.606540412720456], [129.4597394558722, 35.606540716880296], [129.45974508651517, 35.60654147807554], [129.4597479615673, 35.60654195415988], [129.459751044575, 35.606542628792866], [129.45975444760475, 35.60654348031859], [129.45975797203025, 35.60654460211682], [129.4597616350668, 35.606545975877815], [129.45980977661932, 35.60656930727822], [129.4598122815133, 35.606571442701906], [129.4598139590433, 35.60657323820567], [129.45981597448147, 35.606576034265835], [129.45981741974748, 35.60657844475344], [129.4598189960638, 35.606581249761035], [129.45982074323348, 35.606584542395154], [129.45982246978693, 35.60658834740658], [129.45982423583712, 35.60659268545285], [129.46036465753468, 35.608041121064986], [129.46036618236064, 35.60804733270089], [129.46036721557192, 35.60805411666542], [129.46036777454717, 35.60806109946224], [129.46036796925128, 35.6080680827786], [129.4603681306916, 35.60807487912808], [129.46036827645892, 35.60808121417388], [129.46036836554563, 35.608087126445604], [129.4603683312529, 35.60809268734438], [129.4603679748634, 35.6080979866466], [129.46036729997576, 35.60810326228488], [129.46036634781737, 35.60810848474086], [129.4603651945304, 35.60811360770123], [129.4603644912395, 35.60811609101067], [129.4603637441701, 35.60811849930812], [129.460361860436, 35.608123183415366], [129.4603592930759, 35.60812753788829], [129.46035592790219, 35.608131588023745], [129.4603518346924, 35.60813538857794], [129.46034702120284, 35.60813907644983], [129.4603414879973, 35.60814276521686], [129.46033536097306, 35.60814627613958], [129.4602543991662, 35.6081867108385], [129.4602466849039, 35.60819050000232], [129.46023904476016, 35.60819415994904], [129.4602313947406, 35.60819768663666], [129.4602237570902, 35.60820108691503], [129.45999600971467, 35.60830220532929], [129.45983056595972, 35.60837012672021], [129.45988524543947, 35.608484834083946], [129.46031803220737, 35.60827683131277], [129.460894744318, 35.60796147589142], [129.46113587031923, 35.60781158958063], [129.46149142134044, 35.607521350298725], [129.4616196753752, 35.60734651257283], [129.46171120035046, 35.60700078940036], [129.4617063633218, 35.60699654647115], [129.461701725598, 35.606991966747614], [129.4616975010009, 35.6069867654852], [129.46169374840554, 35.60698100302591], [129.46169033243814, 35.606974741072214], [129.46168721040712, 35.606968129965416], [129.4616843740066, 35.60696128162454], [129.46168179767835, 35.606954234328065], [129.46167943882514, 35.60694705187348], [129.4616773218921, 35.606939831222725], [129.46167552483033, 35.606932509805574], [129.46167412584842, 35.60692512601358], [129.46167307694245, 35.60691743181954], [129.46166884137935, 35.6068853809982], [129.46166797687812, 35.60687710144364], [129.46166745476938, 35.606868558489225], [129.46166710004562, 35.606851138621174], [129.46166694066244, 35.60684253206475], [129.46166679339456, 35.606834240829684], [129.46166686092192, 35.60682624719153], [129.46166718911095, 35.606818440422536], [129.461694260383, 35.60641872780392], [129.46169455083785, 35.60641579506036], [129.46169493406222, 35.6064129545601], [129.46169538021638, 35.60641025006026], [129.46169596274274, 35.606407705606266], [129.4616967112546, 35.606405358578094], [129.46169756815362, 35.60640320089893], [129.4616999536842, 35.606399361401294], [129.46170310455292, 35.606396124250274], [129.46170693832036, 35.60639336818686], [129.46171142753596, 35.606391053992844], [129.46171619792074, 35.60638913367463], [129.46172121972288, 35.60638765459379], [129.4617266112262, 35.60638666891284], [129.4617294768458, 35.60638639687335], [129.46178752618343, 35.60638356016781], [129.46179552429103, 35.606383177492816], [129.46180351249595, 35.606383022152016], [129.46181147946845, 35.6063829014128], [129.46181935987678, 35.60638294254668], [129.4618272552553, 35.60638350629575], [129.46191810009591, 35.606392496513664], [129.46192687999215, 35.60639357051212], [129.4619349379841, 35.60639591113081], [129.46194214660258, 35.60639954208157], [129.46239051116171, 35.60664827191166], [129.46259857901103, 35.606819581967756], [129.46259498907176, 35.60682084123277], [129.46259188599197, 35.60682241890163], [129.46258953904817, 35.606824402538166], [129.46258836268575, 35.60682685750835], [129.46258827930146, 35.60682995094927], [129.4626006711449, 35.60693729942276], [129.46260112662222, 35.60693985761853], [129.46260173774144, 35.60694218971094], [129.46260271154142, 35.60694445639633], [129.4626040701242, 35.60694683941386], [129.46260592872602, 35.60694944686672], [129.46260817515417, 35.60695220485843], [129.46261087257676, 35.606954987955255], [129.462614076215, 35.606957706912226], [129.46261772159073, 35.606960252799084], [129.46262158797276, 35.60696262740931], [129.46262566230135, 35.606964748019315], [129.46262992026755, 35.6069664329259], [129.46263423905106, 35.60696744433604], [129.46263874220318, 35.60696759813736], [129.4626432341382, 35.60696711206927], [129.46264786098845, 35.606966093731515], [129.46265264685337, 35.606964535519566], [129.46265762213935, 35.60696250725355], [129.46266013967102, 35.60696136101714], [129.4626626954293, 35.60696015285707], [129.4627631466161, 35.606910124556], [129.46276745418052, 35.606907423842614], [129.46277124818647, 35.60690430599794], [129.4627745617214, 35.6069010409274], [129.46277723324354, 35.60689761323367], [129.46277937591978, 35.606894046314245], [129.4627811214138, 35.606890307373355], [129.46278251085832, 35.60688645343562], [129.46278356985, 35.60688253817286], [129.4627839224285, 35.606878535257884], [129.46277054833365, 35.6066429814612], [129.46277017046174, 35.6066386298558], [129.46275808980198, 35.60658224790767], [129.46275742460858, 35.60657923878281], [129.46275664315613, 35.60657626039973], [129.46275483246143, 35.60657037257781], [129.46275381032927, 35.60656739270755], [129.4627506249884, 35.60655837390146], [129.46274841742246, 35.60655232667353], [129.4627461305861, 35.60654628794908], [129.46265490300107, 35.606321929784016], [129.46265288763504, 35.60631715231459], [129.46265051130322, 35.60631260068808], [129.46259492191152, 35.606210625710595], [129.462576755014, 35.60617829346965], [129.4625755549267, 35.60617616208685], [129.46257434623223, 35.606174039859106], [129.46239752766098, 35.60580404786698], [129.46239560896686, 35.60580024422095], [129.46235794356315, 35.60573527862909], [129.4623557177242, 35.60573218674783], [129.4623527863404, 35.60572940384952], [129.4623490324494, 35.60572693183952], [129.46234452535515, 35.60572462535164], [129.4623420267113, 35.605723560839756], [129.46233938391296, 35.60572255997698], [129.46233369092622, 35.60572069109541], [129.4623306033096, 35.60571982729225], [129.4623274004915, 35.60571903748426], [129.46228224317161, 35.60570798173576], [129.46227428522357, 35.605706119097846], [129.46226648601862, 35.60570451890912], [129.46225896133635, 35.60570304045536], [129.46225172283303, 35.605701618640026], [129.46224500527558, 35.605700193746934], [129.46223876126984, 35.6056986331289], [129.4622328286661, 35.60569680600807], [129.46222728357085, 35.60569448397128], [129.4622219703054, 35.60569180117091], [129.46221704114149, 35.60568875512653], [129.46221223342158, 35.60568534831384], [129.46220748711502, 35.60568165382927], [129.46220281894622, 35.60567772368638], [129.4621981797105, 35.60567344149403], [129.46219374118897, 35.60566879003026], [129.46218928570903, 35.60566362499785], [129.462184893163, 35.60565787297683], [129.4621806836826, 35.605651661823735], [129.46217691731638, 35.605645063027005], [129.46217348994094, 35.60563815220433], [129.46217050147416, 35.60563104311781], [129.46216795478895, 35.605623672616964], [129.4621656683847, 35.60561620231916], [129.46216358695247, 35.60560871786467], [129.46216182127407, 35.60560123547858], [129.46211837279031, 35.60540993296104], [129.4621175717375, 35.60540624091827], [129.46211693336792, 35.60540261113228], [129.4621164479739, 35.605399007701905], [129.46211624893346, 35.605395468119774], [129.4621162507145, 35.60539192526649], [129.46211718040823, 35.605334986943], [129.46211738527543, 35.60533189512858], [129.46211810189854, 35.60532824327124], [129.4621194818443, 35.605324000054694], [129.46212046037328, 35.605321670912716], [129.46212156386105, 35.60531921533075], [129.46212281658268, 35.605316632913414], [129.46212422405824, 35.60531387849668], [129.46212571080937, 35.60531102542855], [129.46212726822893, 35.60530808286405], [129.46212892227055, 35.60530502874486], [129.4621306343998, 35.605301912378664], [129.46213239313641, 35.605298806071055], [129.46218164330338, 35.60521196818579], [129.4621842583611, 35.60520767600188], [129.46218711555537, 35.605203987472535], [129.46219047469535, 35.60520123551986], [129.46219466241132, 35.60519977721894], [129.46219968156458, 35.60519972971575], [129.46220547307905, 35.60520075321229], [129.46221157753357, 35.605202929113794], [129.46221777773533, 35.605206223095934], [129.4622239683411, 35.605210480016844], [129.462230058437, 35.60521559317965], [129.46223611764682, 35.60522124953744], [129.4622424605137, 35.60522704010238], [129.46224915075086, 35.605232590623004], [129.46225635079477, 35.605237682097496], [129.46226410011582, 35.6052421227686], [129.46227230179554, 35.60524583127867], [129.46228069757368, 35.60524908047638], [129.46241921525248, 35.60529778649369], [129.46242275289694, 35.605298907998986], [129.46242635702174, 35.6052998589425], [129.46242995939136, 35.60530064764776], [129.46243354892763, 35.60530127249226], [129.4624408910369, 35.605301875866694], [129.46244828462, 35.6053016039646], [129.4624560257267, 35.60530073683109], [129.46246412070195, 35.60529944384139], [129.46246827350922, 35.60529863516669], [129.46247256513192, 35.605297725067295], [129.46247695064108, 35.60529668182179], [129.4624814683892, 35.60529553906165], [129.4624860500967, 35.60529430330817], [129.46249067996357, 35.60529296039503], [129.4624953508851, 35.60529149060539], [129.46250008938716, 35.60528989531003], [129.4625047877315, 35.6052881924909], [129.46250940305828, 35.60528643513226], [129.46251397336783, 35.605284642447565], [129.4625353985713, 35.60527612415363], [129.4625393404077, 35.60527454183629], [129.4625431296648, 35.605272949383945], [129.46254679772247, 35.605271366117975], [129.46255038126023, 35.60526975718448], [129.46255383853008, 35.60526804032729], [129.4625572251869, 35.60526623447228], [129.46256045066283, 35.605264337489096], [129.46256355079535, 35.60526237042943], [129.4625664836603, 35.60526024382816], [129.462569252169, 35.605257986485285], [129.4625718662493, 35.60525564331317], [129.46257436747874, 35.6052531992107], [129.46257673763034, 35.605250631036306], [129.46257898394097, 35.6052479639136], [129.46258110994376, 35.605245161725726], [129.46261460124387, 35.60519719269847], [129.46261617798206, 35.6051948610179], [129.4627023119746, 35.60506195122566], [129.46275085366798, 35.60495771163454], [129.46275186594247, 35.60495531883406], [129.46275273720082, 35.60495293734612], [129.46275347154847, 35.60495055448309], [129.46275413505782, 35.604948163759445], [129.46275463852626, 35.604945818914686], [129.46275499029682, 35.60494349998023], [129.46275517324327, 35.60494122887068], [129.4627605741751, 35.6048570452216], [129.46276040130664, 35.604854577977754], [129.4627600692447, 35.60485201055889], [129.46275960186273, 35.60484941649753], [129.4627590331435, 35.604846831299206], [129.46275833532843, 35.60484420313029], [129.46275755687398, 35.60484161774348], [129.4627567069597, 35.60483908941291], [129.46275572944126, 35.60483666953641], [129.4627546033126, 35.60483431157917], [129.46275336661256, 35.60483212670514], [129.46304713863216, 35.60463032614345], [129.46305119932396, 35.60463360987539], [129.46305533505253, 35.60463680223616], [129.4630595012854, 35.60463988772478], [129.4630636684043, 35.60464291910991], [129.46306787918022, 35.60464583980262], [129.46307216640704, 35.604648636647745], [129.46307656459604, 35.60465136677769], [129.4630810348173, 35.60465406328024], [129.4630856025837, 35.60465668607438], [129.4630901586558, 35.604659282014474], [129.4630947109801, 35.604661814911715], [129.46309922958605, 35.604664323116815], [129.46310374638676, 35.60466675742961], [129.46310829603055, 35.60466909024103], [129.46311291969815, 35.60467129022954], [129.46311758684652, 35.60467337231662], [129.46312241249387, 35.60467534544557], [129.46312726794073, 35.60467718286639], [129.46313219913372, 35.604678867603596], [129.46313717248623, 35.60468038037194], [129.46314213684536, 35.60468170577841], [129.46314701925428, 35.60468283960312], [129.4631518606245, 35.60468382985933], [129.46315660843786, 35.604684605284426], [129.46316120747522, 35.60468525512355], [129.4631656793251, 35.60468566904412], [129.46317001568866, 35.604685868816944], [129.46317424128117, 35.6046858720689], [129.46317836925536, 35.60468567497968], [129.46318242640115, 35.604685289733446], [129.46318643235963, 35.60468470699529], [129.46335937684725, 35.604658184722496], [129.46336377527146, 35.60465740086158], [129.463368098233, 35.604656419904465], [129.4633722975738, 35.60465534901095], [129.46337644969532, 35.60465415267946], [129.46338051527138, 35.60465284777767], [129.4633845462083, 35.604651390188415], [129.46338848645038, 35.60464983491429], [129.46339239487673, 35.60464815214818], [129.4633962441688, 35.60464630807906], [129.46340002258322, 35.60464436419911], [129.46340383900682, 35.60464225923574], [129.46340764480183, 35.60463999037579], [129.46341137005507, 35.60463758760624], [129.4634150209465, 35.6046350327967], [129.46341850448198, 35.60463231484223], [129.46342181695712, 35.60462937250243], [129.46342492151692, 35.6046262334225], [129.46342787487768, 35.60462286963355], [129.46343070086917, 35.60461935286571], [129.46343328359242, 35.60461563813107], [129.46343554320143, 35.604611800652606], [129.46352077682943, 35.60445342187978], [129.4635220646483, 35.60445038092357], [129.46352294999232, 35.60444731227152], [129.4635833827964, 35.60420169744814], [129.46361974146677, 35.60387599432692], [129.46361909170292, 35.60387054554413], [129.46361724812573, 35.60386484758013], [129.46361587458938, 35.603861941956836], [129.463614216466, 35.60385904457853], [129.46361001887112, 35.60385332008055], [129.4636049234591, 35.60384780493778], [129.46349034071477, 35.603731611004285], [129.46342959673592, 35.603676226035546], [129.46342753684098, 35.603674503523735], [129.46342543081937, 35.60367288092676], [129.46342324751183, 35.60367134793469], [129.4634209770296, 35.60366995158578], [129.4634186429426, 35.60366866264841], [129.4634138957419, 35.60366655483226], [129.4634090972058, 35.60366541784728], [129.46340451901838, 35.60366552852762], [129.4634003640363, 35.603666696058646], [129.4633968798545, 35.60366902458264], [129.463394481044, 35.60367240457357], [129.46339339478035, 35.603676646623434], [129.46339340652963, 35.60367902454146], [129.46339361983996, 35.6036815199728], [129.463394044023, 35.603684152598305], [129.46339457911762, 35.603686806854554], [129.46339523368204, 35.603689561932484], [129.46339590065043, 35.603692282551926], [129.46339655566004, 35.60369496550404], [129.4633970570365, 35.603697595068354], [129.46339731320077, 35.603700127663444], [129.46339732914356, 35.603702496498286], [129.4633970515451, 35.60370477816645], [129.46339654815026, 35.6037070346675], [129.46339568973258, 35.603709217624704], [129.46339454174205, 35.603711385469076], [129.4633930772128, 35.60371351880756], [129.4633913338803, 35.603715626039886], [129.46338939184935, 35.60371773290487], [129.46335888761072, 35.6037501245267], [129.46335557381843, 35.60375355368637], [129.46335146556365, 35.60375654325078], [129.46334914479925, 35.60375787740759], [129.46334667084662, 35.603759086050694], [129.4633440708085, 35.60376010383163], [129.46334145939346, 35.60376092707783], [129.46333617512894, 35.60376168571011], [129.4633310293366, 35.603761244917145], [129.46332594548394, 35.603759634793754], [129.46332344491336, 35.60375839905102], [129.4633209852683, 35.60375694087662], [129.4633185913566, 35.603755191353606], [129.46331631759435, 35.60375320909289], [129.4633140855064, 35.60375103503873], [129.4633119236928, 35.60374866511902], [129.46330978638363, 35.60374612351832], [129.463143952382, 35.60354712504353], [129.4631403170115, 35.6035426336078], [129.46313858231062, 35.60354021525592], [129.4631369809462, 35.603537742445056], [129.46313411224847, 35.6035325533883], [129.46313179851884, 35.60352721826191], [129.46313004544777, 35.603521789259126], [129.46304173348574, 35.60322554642785], [129.4630116048578, 35.60301145220005], [129.46301137786796, 35.603008396268585], [129.46301130323278, 35.603005341460296], [129.46301127626575, 35.60300224981592], [129.46301132746007, 35.60299919476011], [129.4630115077459, 35.60299311042352], [129.4630116392643, 35.602990090118034], [129.46301185225676, 35.602987061273], [129.4630281023709, 35.602787085707405], [129.46302833451674, 35.60278484083965], [129.463029145352, 35.60278043921102], [129.46303055504958, 35.602776152227904], [129.46303252786092, 35.60277196244317], [129.46303515496234, 35.60276798736664], [129.46303836700943, 35.602764370562504], [129.46304207704776, 35.60276125768488], [129.4631176242752, 35.602705229043664], [129.46312142917805, 35.60270247521055], [129.46312546450272, 35.602699845632664], [129.4631296324865, 35.602697405006964], [129.46313395695836, 35.60269522506366], [129.46313832983142, 35.602693309367176], [129.4631427537528, 35.602691675904026], [129.46314725810996, 35.60269044319089], [129.46315194560253, 35.60268965823415], [129.4631568357291, 35.60268948658869], [129.46316173643413, 35.60268956718566], [129.46316663778973, 35.60268985511273], [129.46317150421868, 35.60269043028012], [129.46317625499594, 35.60269133186571], [129.46318106400975, 35.60269262915416], [129.4631858421044, 35.6026943776874], [129.46319066409433, 35.60269647708312], [129.46319316441392, 35.60269761367041], [129.4632219223438, 35.602710858337126], [129.4634127645927, 35.60273783038555], [129.4634158030845, 35.60273840468637], [129.46341879763148, 35.6027387164706], [129.4634217003944, 35.6027387052172], [129.46342449018178, 35.602738497479066], [129.46342951607474, 35.60273737705339], [129.46343368540664, 35.60273517258362], [129.46343658773503, 35.60273162031516], [129.4634374156049, 35.602729362130944], [129.46343780028343, 35.60272685514952], [129.46343769449936, 35.602724152427356], [129.46343719446443, 35.602721306485186], [129.46343624651192, 35.6027182893503], [129.46343494278761, 35.60271525818165], [129.46343324586957, 35.60271212704685], [129.4634312635758, 35.60270897171601], [129.46342894489143, 35.602705692054634], [129.46342641202472, 35.60270232032712], [129.46342362511734, 35.60269894192241], [129.4634206457382, 35.602695546822176], [129.46341750213477, 35.60269211653632], [129.46341419448314, 35.60268865827382], [129.46341080809336, 35.60268523014202], [129.46340731215898, 35.602681836248955], [129.46340376988306, 35.602678443111095], [129.46340023356709, 35.602675022831534], [129.46339669195712, 35.60267156657885], [129.46339318543528, 35.60266810073933], [129.4633897630346, 35.60266464434641], [129.46338650177117, 35.602661187129996], [129.46338335662912, 35.60265769376451], [129.46338037015332, 35.60265418879805], [129.46337762434587, 35.60265068531778], [129.46337499642135, 35.602647217778355], [129.463372573725, 35.60264374689389], [129.4633703022378, 35.60264023027371], [129.4633681515496, 35.602636688246065], [129.4633660326369, 35.60263318175977], [129.4633639730865, 35.60262966529109], [129.4633599919499, 35.602622676982044], [129.4633580421603, 35.60261922543396], [129.46335616978337, 35.60261577983598], [129.46335438262835, 35.602612388740866], [129.46335270452914, 35.6026090337305], [129.4633512443211, 35.6026057418785], [129.46334993566958, 35.60260250885708], [129.463348822049, 35.60259930691324], [129.4632960206604, 35.60242063010131], [129.463295164784, 35.60241758622287], [129.46329433410665, 35.60241457979599], [129.46329351071017, 35.602411600294886], [129.4632927301227, 35.602408656155376], [129.4632919870451, 35.60240580155273], [129.46329054175646, 35.602400138558444], [129.46328550383765, 35.602379895849005], [129.46328326518756, 35.60237085621174], [129.46328256762047, 35.60236787646274], [129.4632818973711, 35.602364930524836], [129.46328131702097, 35.60236204983142], [129.4632807712693, 35.60235922987492], [129.4632798590262, 35.602353879120564], [129.4632769728846, 35.60233568737079], [129.4632764876546, 35.6023318207085], [129.46327310888014, 35.60229735261283], [129.46327298273337, 35.60229508113062], [129.46327272092208, 35.60228373393359], [129.46327264563794, 35.6022802914985], [129.46327236812488, 35.60226631403225], [129.46327244532128, 35.60226296827509], [129.46327269322455, 35.60225974233736], [129.46327313995474, 35.60225652217399], [129.4632737822873, 35.602253356517565], [129.4632746234859, 35.60225028858607], [129.46327555519994, 35.60224731113054], [129.46327659967793, 35.602244340852], [129.4632778854784, 35.602241489241976], [129.46327970696402, 35.60223905800693], [129.4632822521726, 35.60223742450767], [129.46342749992482, 35.60220569951044], [129.4634269994398, 35.60220310599029], [129.46342674090346, 35.60220047607324], [129.46342663926117, 35.60219794276199], [129.46342674492024, 35.60219540066301], [129.46342708479725, 35.60219295751545], [129.4634276667943, 35.602190575328244], [129.46342853513426, 35.602188256986544], [129.46342974710421, 35.602185997950684], [129.46343129021238, 35.60218382907462], [129.4634957026347, 35.60209523805518], [129.46349783999133, 35.60209263399263], [129.4635000866184, 35.60209016517427], [129.46350242239097, 35.602087821110324], [129.46350484161377, 35.60208563975586], [129.4635073425251, 35.60208354902105], [129.46350996303585, 35.60208156451459], [129.46351266302838, 35.60207967066373], [129.46351536897575, 35.60207783981949], [129.4635180830847, 35.602076071945916], [129.46352083359773, 35.60207443870124], [129.4635236158812, 35.602072931146125], [129.46352650103051, 35.602071658102595], [129.46352933916845, 35.60207053907725], [129.46353217994428, 35.60206961833493], [129.46353507124093, 35.602068958198885], [129.46368260606675, 35.60203833329038], [129.46368808822163, 35.602038088869406], [129.4636908983816, 35.60203862541765], [129.46369373818052, 35.602039561740746], [129.46382987778392, 35.60209232921199], [129.46383350734342, 35.602093964827574], [129.4638371262971, 35.60209588909022], [129.4638407275843, 35.60209808408541], [129.46384431429706, 35.6021004956738], [129.4638478867878, 35.60210313827337], [129.46385145604611, 35.60210600990197], [129.46385490582412, 35.602109051153995], [129.46385824547733, 35.602112283512504], [129.46386146701576, 35.602115741364074], [129.4638646551807, 35.602119369238274], [129.46386779571853, 35.60212312589929], [129.46387095341757, 35.602127042744264], [129.46387403563895, 35.60213112308644], [129.4638770394711, 35.60213533812584], [129.46388004263858, 35.60213961627976], [129.46388305021568, 35.6021439845099], [129.4638860072584, 35.602148362578646], [129.46388890471954, 35.60215274161868], [129.46389171073562, 35.60215708248423], [129.4639155159598, 35.60219404278935], [129.46391803463487, 35.60219800791336], [129.46392055242498, 35.60220202714065], [129.46392308301114, 35.60220611827785], [129.46392547787684, 35.602210346849986], [129.46392780711332, 35.60221459993058], [129.46393005249394, 35.60221885437824], [129.4639920404705, 35.6023378995304], [129.46403038706876, 35.60241169347412], [129.46408484820833, 35.60239458605147], [129.4640365177512, 35.602001767139924], [129.4639759116623, 35.601768820640956], [129.46390357933268, 35.601596033669885], [129.46380461511015, 35.60151204589654], [129.46380174324335, 35.60150835156288], [129.46364585242162, 35.601304873466304], [129.4636438085486, 35.60130253949058], [129.4636418429723, 35.601300157361436], [129.46363995268865, 35.60129778482273], [129.46363818496812, 35.60129536881794], [129.4636365366305, 35.6012929598819], [129.46363501169282, 35.601290541722484], [129.46363360613802, 35.60128813063184], [129.4636323571279, 35.6012857115805], [129.46363126170698, 35.60128325396626], [129.46363033055192, 35.601280833339565], [129.46362955501658, 35.60127836690502], [129.46362898655553, 35.60127597281954], [129.4636286092418, 35.601273541361905], [129.4636283541782, 35.601271143970806], [129.46362830862034, 35.601268737755724], [129.46362832771783, 35.601266357531195], [129.46362840092158, 35.60126402330178], [129.4636285004297, 35.60126168143172], [129.4636286042632, 35.60125933588523], [129.4636288554918, 35.601254620643616], [129.46362903885503, 35.60125227740666], [129.46362926855926, 35.60124993341432], [129.46362952915743, 35.60124758891838], [129.46362979200634, 35.601245246188725], [129.4636330635485, 35.60122058059101], [129.4636334758553, 35.60121784959065], [129.4636339254118, 35.6012151071653], [129.46363445886746, 35.601212365175314], [129.46363511903058, 35.601209658982164], [129.46363584980844, 35.60120695163793], [129.46363670839938, 35.601204234998384], [129.46363764007603, 35.60120152798529], [129.46363865256413, 35.60119878539856], [129.46363974361293, 35.60119600547195], [129.46364203803685, 35.60119034462463], [129.4636432458695, 35.60118746543423], [129.46364445215596, 35.60118461331349], [129.46364566016007, 35.60118183148036], [129.4636469145491, 35.60117905069407], [129.46364821328797, 35.601176368347886], [129.46364958709444, 35.60117377672922], [129.46365104060217, 35.60117128477736], [129.46365256997032, 35.60116891599344], [129.46365423645827, 35.60116664774334], [129.46365605701496, 35.60116445090329], [129.46365804156838, 35.60116237038561], [129.463660105823, 35.6011603895347], [129.4636622113399, 35.60115847111489], [129.4636643529964, 35.60115667651052], [129.46366662957044, 35.60115489232757], [129.4636690134319, 35.601153162287595], [129.4636714431892, 35.60115150361802], [129.46367399502023, 35.601149871805895], [129.46367662187927, 35.60114823877068], [129.46367929291648, 35.601146606818226], [129.46371772822656, 35.60112316916886], [129.46372157714754, 35.6011208653412], [129.46372531699683, 35.601118886022114], [129.4637288915012, 35.601117277203045], [129.46373242180061, 35.60111620819089], [129.4637360247142, 35.60111576182066], [129.46373965831452, 35.6011159387758], [129.46374336780187, 35.6011166012942], [129.4637473363287, 35.60111783653839], [129.46375151923246, 35.60111962360084], [129.46375594599763, 35.601121904306005], [129.46376042976755, 35.60112453025093], [129.46376268822274, 35.6011258889288], [129.46376499486888, 35.60112732254554], [129.46376725490992, 35.60112874610419], [129.4637718509938, 35.60113154149939], [129.46377410883275, 35.60113287494558], [129.4637764143825, 35.60113417335762], [129.46377871243126, 35.60113543583261], [129.46378321604084, 35.60113760890913], [129.46378783022385, 35.601139428604824], [129.46379256037142, 35.60114075420057], [129.46379732316137, 35.60114151854202], [129.46380221295794, 35.60114160830703], [129.4638072955088, 35.60114127483881], [129.4638124221671, 35.60114057825546], [129.46381752656396, 35.60113933213061], [129.46382013947536, 35.6011385737575], [129.46382278178302, 35.601137753604306], [129.46382546668318, 35.60113686965295], [129.46382820075186, 35.60113591999324], [129.4638309207433, 35.60113493630665], [129.46383360675307, 35.60113391711467], [129.4638361720147, 35.601132834984405], [129.46383869160042, 35.60113169049494], [129.46384112437553, 35.60113051677025], [129.46384349015642, 35.60112931168432], [129.46385060842482, 35.6011255590598], [129.4638556469076, 35.601122880651126], [129.4638608743785, 35.60112007655967], [129.46386354721258, 35.601118608643674], [129.4638662543848, 35.6011171005026], [129.46386892338217, 35.601115565939345], [129.46387164141584, 35.601113960261], [129.4638743146985, 35.60111233007065], [129.46387697527365, 35.601110631574755], [129.4638821979587, 35.60110727044438], [129.46389979862298, 35.60109578168589], [129.4639022709618, 35.601094149362], [129.46390470291908, 35.60109249065193], [129.46390709714618, 35.601090733393875], [129.4639093587106, 35.60108887733255], [129.463911543445, 35.601086858453975], [129.46391351696045, 35.6010846879639], [129.46391538186677, 35.60108240926362], [129.46391707836256, 35.60108001431324], [129.4639186090951, 35.60107752109928], [129.46391998509787, 35.601074929441836], [129.4639211169531, 35.60107228406987], [129.4639220152538, 35.60106956678102], [129.4639227038774, 35.60106676095936], [129.46392319760582, 35.60106392946765], [129.46392348959878, 35.60106106340258], [129.46392353718002, 35.60105813280951], [129.46392335831152, 35.60105515001637], [129.46391688196294, 35.600961425720044], [129.4640066612123, 35.6005995728395], [129.46406781571224, 35.60035482938878], [129.46406609474636, 35.600352248557726], [129.46406455636304, 35.60034964131127], [129.4640632709119, 35.60034699568464], [129.46406212876346, 35.60034434231269], [129.4640611117355, 35.60034165985628], [129.4640602567209, 35.60033901262064], [129.46405866196827, 35.60033373790544], [129.46405788026323, 35.60033101915891], [129.46405710147383, 35.60032823906404], [129.4640563267936, 35.60032535613318], [129.4640556121827, 35.600322401907334], [129.46405495499388, 35.60031935839998], [129.46405440796738, 35.60031621573646], [129.46405397039422, 35.600313035229114], [129.46405369841074, 35.60030985562791], [129.46405354978148, 35.60030666500073], [129.46405322434762, 35.600291002543564], [129.46405319756664, 35.6002879199106], [129.4640532118276, 35.60028489069743], [129.46405333734793, 35.60028189753254], [129.4640535520608, 35.60027894077572], [129.46405379969772, 35.60027597627024], [129.46405413423238, 35.60027304460433], [129.4640545078665, 35.60027017720764], [129.46405487796827, 35.60026734592785], [129.46405529065783, 35.600264540998175], [129.46405582652116, 35.600261807981816], [129.46405648644344, 35.600259092775424], [129.46413489122995, 35.60000065397809], [129.46420038551958, 35.59988841710027], [129.46426489474715, 35.5997619888877], [129.46427034561356, 35.5997478278679], [129.46428038485152, 35.59971519818468], [129.46437072336792, 35.59941805692205], [129.46438509120063, 35.59934134627478], [129.46438750072477, 35.599206297371296], [129.46375426240343, 35.597279816790326], [129.46375866592106, 35.59653162423373], [129.46375739314988, 35.59652163491493], [129.4631911506973, 35.5946411189959], [129.4628472125072, 35.59373611686135], [129.4632998187541, 35.589429667395486], [129.46397972248377, 35.58845336544604], [129.46465508021194, 35.58659173419311], [129.46465823827685, 35.586581239905364], [129.46465956927784, 35.586570223702125], [129.46465611920044, 35.586405110050976], [129.46465453350118, 35.586392426785444], [129.46465146778607, 35.586383216731484], [129.4646447404171, 35.58637184152253], [129.46448352175764, 35.58612807123284], [129.46393336218395, 35.58534032104669], [129.46375635254753, 35.58517557877933], [129.4637124316946, 35.58513542492345], [129.46369556110733, 35.58512271850766], [129.46314100836057, 35.58480869758755], [129.46287199467415, 35.584726487438104], [129.4608277635413, 35.584125151024125], [129.4608052025525, 35.58412407400241], [129.46079354972835, 35.58412519216831], [129.46011029196407, 35.584225284213254], [129.45909436987964, 35.58478236832952], [129.45375997416483, 35.5805202914704], [129.45373853324685, 35.58050222896367], [129.45365424611447, 35.58042407185349], [129.45363356133427, 35.58040460877751], [129.45360882937712, 35.58037789845543], [129.45347342667475, 35.580204206424604], [129.45329857616983, 35.579934919985874], [129.45315845622005, 35.57970852017236], [129.45307337590995, 35.57956247908673], [129.45299560638304, 35.57940765975465], [129.45289365634187, 35.57917073357747], [129.45287047472488, 35.57910759591338], [129.452818118129, 35.57892945417928], [129.45267932854128, 35.57837814699379], [129.452673829092, 35.57835198300275], [129.45267239319907, 35.57833783849837], [129.45267197631625, 35.57830885342449], [129.4526763618546, 35.57825505732204], [129.45268224318917, 35.57822359927203], [129.4526963993168, 35.578177453515345], [129.45271130417296, 35.57814014822825], [129.45273877061882, 35.57808173928948], [129.4527886272781, 35.57798227615569], [129.45280849276244, 35.57795085650674], [129.45292006320102, 35.57779799150135], [129.45308333921727, 35.57760148211496], [129.45301013455142, 35.57686226086597], [129.4527690242174, 35.57414464594971], [129.45276823518563, 35.574133689432905], [129.45276812203463, 35.57412266607103], [129.45276829373293, 35.57411201311201], [129.4527685812181, 35.57410149349978], [129.4527691653039, 35.57409082844897], [129.4527700195803, 35.57407993004174], [129.45277102610567, 35.5740688488697], [129.45277238642998, 35.57405752397147], [129.45277435224307, 35.57404623253251], [129.45277701421603, 35.574035164198875], [129.4527799664919, 35.57402432735052], [129.45278309522405, 35.57401403214119], [129.45278623536848, 35.57400402522291], [129.45278955861596, 35.57399419743785], [129.45284432018565, 35.573839348499334], [129.45284750609756, 35.5738309545009], [129.4528508665691, 35.573822660443106], [129.45285427419685, 35.57381439987755], [129.45285787162524, 35.57380613984195], [129.4528750581132, 35.57376731189656], [129.45287666129153, 35.57376371782663], [129.45287827327553, 35.573760213762746], [129.4528798888219, 35.57375676553337], [129.45288155596262, 35.57375344267611], [129.4528848477766, 35.57374713841215], [129.45289127926532, 35.573735262554685], [129.45289453905377, 35.573729366281974], [129.45289621538265, 35.57372642190049], [129.45289789055565, 35.57372352080914], [129.45289969374437, 35.57372071139783], [129.4529014869971, 35.57371794722192], [129.4529033486168, 35.573715272086794], [129.45290718241696, 35.57370993084251], [129.45290909591137, 35.573707301743966], [129.45291106697974, 35.57370468072721], [129.45277641067335, 35.572131869759076], [129.45277669113423, 35.57212751463295], [129.45277806342656, 35.57210622989812], [129.452778359336, 35.572102056622214], [129.45277904159795, 35.572093708604775], [129.45277950186534, 35.572089669691636], [129.45278055273195, 35.572081779065826], [129.45278112238398, 35.572077882618196], [129.45279795804115, 35.57196416653982], [129.45279860054927, 35.571960180565604], [129.45279928475114, 35.571956184900834], [129.45280077879755, 35.57194800582871], [129.45280157115153, 35.57194392006549], [129.45280243278233, 35.57193977909035], [129.4528033463051, 35.57193559400285], [129.4528052737911, 35.57192708877996], [129.45280635041343, 35.57192271353987], [129.45280748661378, 35.571918247185494], [129.45280867575622, 35.57191377997318], [129.4528099156785, 35.57190931374093], [129.4528111622439, 35.57190493935279], [129.45281371595883, 35.57189614091435], [129.45282240374726, 35.57186640247072], [129.4528236052013, 35.57186235154621], [129.4528248639909, 35.57185838984137], [129.45290870737622, 35.571602097493574], [129.45199851936385, 35.57141946362851], [129.44938146037683, 35.57033439822264], [129.44778249399292, 35.56922075178695], [129.4477771723197, 35.56915024668059], [129.44569248545682, 35.56794135558462], [129.44464464409498, 35.56767006596845], [129.44254395218556, 35.56776782784862], [129.44150798533454, 35.56786308445217], [129.4331866356498, 35.56692358333437], [129.42894186754646, 35.56655163349807], [129.42008058709752, 35.563763891522754], [129.42006017492523, 35.563754867321094], [129.41978941430722, 35.56357480243707], [129.41925921012984, 35.562964721430255], [129.41889834685634, 35.56242923692947], [129.41632523576018, 35.56061329042374], [129.41501668572366, 35.55997745754527], [129.4147309812676, 35.55983581645771], [129.4133154213192, 35.558802169980154], [129.41395631017483, 35.55645955017931], [129.41346763643165, 35.55497518731277], [129.4132830876011, 35.55469313744693], [129.41183541597655, 35.553176103795074], [129.41132649101684, 35.552866997402674], [129.41002884997897, 35.55233072629951], [129.4094613907632, 35.552290468191195], [129.40895190169206, 35.55211558270917], [129.40832635327342, 35.55184553311332], [129.4080845978695, 35.55166969709978], [129.40758924799454, 35.551012117873356], [129.4073475011666, 35.55034461716338], [129.40710881723638, 35.549130742789266], [129.40703995141044, 35.54853187929998], [129.40800073875315, 35.546321422173676], [129.40844101334636, 35.54549368446389], [129.4079652209792, 35.544906147230314], [129.40558803149727, 35.54165327767666], [129.40539442402525, 35.54067217722548], [129.40587665728853, 35.53922738773709], [129.40638375881076, 35.53885040726229], [129.40657295568008, 35.53830793393553], [129.40659807415662, 35.53796818844456], [129.40663177063564, 35.53745659304061], [129.40558973199296, 35.53468253358821], [129.40491729469647, 35.533820384375645], [129.40438215783675, 35.533300017711056], [129.40384217060839, 35.53318916915771], [129.40272404465526, 35.53166441022085], [129.40121170669877, 35.529404845148605], [129.40193487681796, 35.528159491626646], [129.4024049602027, 35.52796702755588], [129.4063694038067, 35.526697993839235], [129.40714463868952, 35.525933247654066], [129.40845493572917, 35.52517768834546], [129.4088916964704, 35.52516261409392], [129.40991761709944, 35.52439968805761], [129.4103677336727, 35.524060564914194], [129.4105712725779, 35.52310635109423], [129.4104381096504, 35.52225748825835], [129.41020760021536, 35.52193906778902], [129.40943709982528, 35.52142703179125], [129.4096895202479, 35.51906291007386], [129.40915657722252, 35.516965626198974], [129.40899380562, 35.51659212134141], [129.40837627559915, 35.51604457034303], [129.40675179808426, 35.51657676851882], [129.40657779694874, 35.51667134328023], [129.4054749816734, 35.517519690501345], [129.4053655699334, 35.51773811555694], [129.40535779486058, 35.51787183942071], [129.40538371017084, 35.51802298888628], [129.40550288472554, 35.518371518288866], [129.4051646873332, 35.51869538488345], [129.40377332236105, 35.51987496059705], [129.4033551813052, 35.52015855752913], [129.39662274869815, 35.52174654517111], [129.3965300979014, 35.52176686733964], [129.39637600566024, 35.52179599703798], [129.3963461206199, 35.5218009078519], [129.39626192025275, 35.521813421507396], [129.39617749557502, 35.521825307578645], [129.39601887493583, 35.52184139114405], [129.39596554870087, 35.52184566617977], [129.39592695062717, 35.521847982332865], [129.39585218625206, 35.521848642201945], [129.39580179079135, 35.52184850059121], [129.39562863454717, 35.52184332571791], [129.3943505190359, 35.52179189396391], [129.39426903497596, 35.52179847673019], [129.39416068489749, 35.52181184429779], [129.3940770072696, 35.521822968917206], [129.39397988230147, 35.521837065108535], [129.39396053896326, 35.521840093285824], [129.39388379270855, 35.52185298943891], [129.39378723344058, 35.521874456309824], [129.3935294984598, 35.52193545561087], [129.39343033982522, 35.52196691743525], [129.39331417854103, 35.52200623141481], [129.3931933335007, 35.52204895619398], [129.3930605473413, 35.522102167119094], [129.39284879855688, 35.52220041980271], [129.39272322744677, 35.52226834325186], [129.39255315087314, 35.522377906067504], [129.39243866847707, 35.522459267908495], [129.39239576260493, 35.52249125777387], [129.3922744754876, 35.52258377330021], [129.39222510704832, 35.52262494989284], [129.39214514304334, 35.52269509594457], [129.3920601589006, 35.522773775032846], [129.39202349862097, 35.52281149589773], [129.3918782729649, 35.522971674996576], [129.3916654234736, 35.52328711368557], [129.3915344623619, 35.52348163049549], [129.3902218798173, 35.525425676427155], [129.3897263326894, 35.52592188483972], [129.38944258864828, 35.52617201512323], [129.38930330079637, 35.526294489170944], [129.38907470320262, 35.52647287816351], [129.3889538884804, 35.52656507111848], [129.38832716274953, 35.526981758970436], [129.38771878519188, 35.527357386699], [129.38762906505076, 35.52739434671986], [129.38753774968472, 35.52745350507023], [129.3873233627669, 35.527596417692486], [129.38715252883972, 35.52772170538126], [129.3869937952406, 35.52784335790586], [129.38685955657783, 35.52795511601924], [129.38657835997168, 35.528216757155114], [129.3841806635708, 35.530483878849004], [129.3841478057053, 35.53051576471978], [129.38383652991809, 35.530854930358025], [129.38291645637972, 35.53185935952906], [129.38234356813723, 35.53251295006158], [129.3822440639298, 35.532654979729124], [129.37892261639468, 35.536070763898834], [129.37664952408326, 35.537993611443234], [129.3764715742259, 35.538175753937566], [129.3745518510998, 35.53952578793051], [129.37425797702372, 35.53939898246347], [129.3735668089634, 35.53909748034157], [129.37339365240834, 35.539020836915284], [129.37323418097333, 35.53894956812685], [129.37276235367398, 35.53874034416947], [129.37253929247692, 35.538644836298204], [129.37240849687166, 35.5386126484258], [129.3722183992068, 35.53859969456994], [129.37205514016674, 35.5385962943152], [129.37189672839142, 35.53859653819039], [129.37164217131885, 35.538615832287746], [129.37147131072956, 35.53863759130101], [129.37094637981554, 35.53871369992678], [129.37054930674284, 35.53880403700891], [129.3694145249118, 35.53925656358135], [129.3691949147703, 35.53936838939656], [129.36910910906056, 35.539415563186694], [129.36836465476335, 35.539968690409125], [129.3683013607677, 35.54001971576866], [129.36781925019596, 35.540465140135744], [129.367665469789, 35.54063120202756], [129.3675990499315, 35.540715467131804], [129.36697046268742, 35.541555585008766], [129.36645393017847, 35.54240035292585], [129.3644669307102, 35.54297622737183], [129.36446685294888, 35.54297629889205], [129.36427172370333, 35.543153296686974], [129.36320865874146, 35.54398853479201], [129.35903763238784, 35.54536835936627], [129.35806218316964, 35.54568397009151], [129.35649879393617, 35.54616055301417], [129.3550057201793, 35.54657347641157], [129.35086751656368, 35.54793824917311], [129.34811952268035, 35.54924634795897], [129.34812317735447, 35.54939113916384], [129.34821034483517, 35.54982081227983], [129.34998567122133, 35.54951902636176], [129.3509723483986, 35.550481444576356], [129.35026960579756, 35.55319037906453], [129.34931073895427, 35.5579439494568], [129.34958943384413, 35.558449273615246], [129.34982560999475, 35.55865761876125], [129.3499457938418, 35.5587402526255], [129.3500939118706, 35.55884198603558], [129.35018997459156, 35.558904635666835], [129.3503544984996, 35.55897930968445], [129.35078338054112, 35.55914012018646], [129.35106999578224, 35.55923796222986], [129.3512119646326, 35.55927495407779], [129.3513593291343, 35.559314372672596], [129.3515301960567, 35.5593712889006], [129.3522257459097, 35.55965241614815], [129.3524304717568, 35.5597742781617], [129.3532183889714, 35.560261355257786], [129.35330384104944, 35.5606288205985], [129.35351360103311, 35.56148677883177], [129.35360326787466, 35.561920993273745], [129.35368010744835, 35.562645477135376], [129.3531029278311, 35.56535731161051], [129.35303572733417, 35.56564958716526], [129.35266773447324, 35.56631978613076], [129.35234890297042, 35.566897006152416], [129.35234257134147, 35.5669095352347], [129.35228160755733, 35.56708496769699], [129.35218587024278, 35.567363347418876], [129.35216861215096, 35.5674277872439], [129.35199972400466, 35.56807497014479], [129.3519883386985, 35.568186041128286], [129.3519755727767, 35.56831699169315], [129.35195936231105, 35.56850096405533], [129.35209438773092, 35.570818891823784], [129.3523011724198, 35.57283953329214], [129.3510084049163, 35.57738087530151], [129.34924840788307, 35.58008117444519], [129.34890639457237, 35.581035794466224], [129.34880827087545, 35.58139396045329], [129.34873100795875, 35.58169054366089], [129.3486735713401, 35.58197950963313], [129.34853402130025, 35.58270644566275], [129.34818284641173, 35.58555932287678], [129.34819665004878, 35.58876109217917], [129.34858930534614, 35.58876259507354], [129.34866215798849, 35.58997085496068], [129.34869176767143, 35.59062653457292], [129.34870428963248, 35.59138970559706], [129.34868746847175, 35.59191265340639], [129.34843983323123, 35.595281104204915], [129.34572305209656, 35.59604155163279], [129.3453296936954, 35.5960771304036], [129.3445254390272, 35.59613307560731], [129.3439432066136, 35.59616109481025], [129.3434620404027, 35.59618134260689], [129.34271134535624, 35.5962087601777], [129.34221092593123, 35.59622627381909], [129.34180610103067, 35.59621300529666], [129.3411695706524, 35.596122292771994], [129.34070511878107, 35.596043063619696], [129.339320409192, 35.59580000099419], [129.3391878049614, 35.595771251645246], [129.3387361751972, 35.59561354869162], [129.33829389574956, 35.595438177902054], [129.3368860521311, 35.594787159353125], [129.33669207629433, 35.59467408219878], [129.33658511549427, 35.59459968166125], [129.33603780650697, 35.59421441580634], [129.33564926033904, 35.59402403371129], [129.33521930297815, 35.59388647286866], [129.33494150218075, 35.59383674188369], [129.33454273348917, 35.59379617791656], [129.33435025522135, 35.593792482558], [129.334077637679, 35.59384168837735], [129.33337680480767, 35.59411156321045], [129.33315626953714, 35.59420854570422], [129.3325831135657, 35.594548680223554], [129.33244451629255, 35.59463981197865], [129.33218880377922, 35.59481190209004], [129.3316723346451, 35.595192839661344], [129.3312004946702, 35.59554145028493], [129.33100446371307, 35.595735474939126], [129.33089606549953, 35.596073897714504], [129.33111075784996, 35.5966087001121], [129.33187821603255, 35.59771822422581], [129.33193593256408, 35.59788576937948], [129.3317422882009, 35.59875328052461], [129.33166670390605, 35.59885744289639], [129.331444738166, 35.599060569317835], [129.3312298316197, 35.59910996978762], [129.33104342363433, 35.59911203864156], [129.32397951723982, 35.59864077028305], [129.32356132661045, 35.59852440599097], [129.32284882751907, 35.598206360607975], [129.32251952040724, 35.59784025383434], [129.32239048926104, 35.59762688447754], [129.3223764010177, 35.5975815336375], [129.32234557004466, 35.59733569936854], [129.32235914485304, 35.59711434362458], [129.32236701822495, 35.59698599060947], [129.32239370660787, 35.59655074152704], [129.32238995506907, 35.59637434184552], [129.32238262062134, 35.59623921414848], [129.32226166928675, 35.595747605667086], [129.32221877852191, 35.59564809156852], [129.32216704194073, 35.59556106729441], [129.3220628281139, 35.595439193770694], [129.321513255405, 35.59486854535587], [129.32120871743166, 35.59457939133295], [129.32109733423425, 35.59447885037703], [129.32089868851065, 35.59437364941049], [129.31958278039903, 35.593882638067626], [129.3194087090166, 35.59387377898141], [129.31890491368466, 35.593903569277316], [129.31852013935617, 35.59398463460123], [129.3182098216401, 35.59406540536641], [129.31785474440633, 35.5942288734856], [129.31755635052014, 35.59428844582107], [129.3173590955362, 35.594279825344266], [129.31476809477485, 35.592811976300844], [129.31452017024506, 35.59265477851979], [129.31241600620535, 35.591216789988], [129.31214309614256, 35.59100760242854], [129.31186202628805, 35.590722391853134], [129.311634750093, 35.590397144370115], [129.3114323496582, 35.590102035816486], [129.31098878020984, 35.589651287768284], [129.31046871854784, 35.589333287974554], [129.31025369825443, 35.5892312900022], [129.30998946445786, 35.58912685942997], [129.30974182265587, 35.58905522750239], [129.30957929872338, 35.58902752383645], [129.30740120937512, 35.589070448513624], [129.30731642959452, 35.589080224185004], [129.30590348577306, 35.59024557814544], [129.30577945032312, 35.59037082779806], [129.30497574895125, 35.591585814393206], [129.30496069878023, 35.591677035599055], [129.3049636590727, 35.59172147807715], [129.30496930955576, 35.591767907749706], [129.30499269057796, 35.591832751991895], [129.30378439717563, 35.59402214587905], [129.30370386465393, 35.59408608673519], [129.3036025659907, 35.59411793903776], [129.3031065138286, 35.59416083836059], [129.30087458812386, 35.59426626832661], [129.3005637982518, 35.59427777302104], [129.2995086108114, 35.59430552267242], [129.29919031320293, 35.594304417446445], [129.29793313352837, 35.59429615126633], [129.29777253509872, 35.59428719143125], [129.2975966926424, 35.59423453810758], [129.29624856945566, 35.59372091852956], [129.29616063770322, 35.593673500968336], [129.29608534801648, 35.59361323585672], [129.29554261271053, 35.59310810937531], [129.29549932540013, 35.5930450356363], [129.2954738427601, 35.59296513668407], [129.29545399083986, 35.59285640821586], [129.29540878512864, 35.592775825921436], [129.29519045546286, 35.59259319021254], [129.2951258602655, 35.59254181990257], [129.29478929639316, 35.5924226715046], [129.29414225375322, 35.592264750756144], [129.29369948418207, 35.59232941237446], [129.29147352590496, 35.59269227413851], [129.2913955166417, 35.592733335871706], [129.29044785248772, 35.59325255331615], [129.2903223871479, 35.594326430372185], [129.29073116771292, 35.59771667352232], [129.29230034180185, 35.60136503058486], [129.2961000460685, 35.60648450744862], [129.2978110930088, 35.60837224066174], [129.2983222063025, 35.60863805091077], [129.29851088702964, 35.60873617776363], [129.29927481052968, 35.609663857009295], [129.29950842944226, 35.61062983521219], [129.30017770121646, 35.614266388073275], [129.29978312147819, 35.615037699900995], [129.2986409758885, 35.61632841183741], [129.2982749598584, 35.61667942399976], [129.29795525340313, 35.61690932669289], [129.29662141455813, 35.617570465212836], [129.29590639137052, 35.61780982849933], [129.2954444851697, 35.61790404295963], [129.2947011351517, 35.61832254363295], [129.29464506544247, 35.61840204649469], [129.29453313726202, 35.61864892802155], [129.29410653659946, 35.62014410151302], [129.29400402673383, 35.620608122830625], [129.29459752433303, 35.62602425758811], [129.29469085080828, 35.626221816034686], [129.29478178724827, 35.62641428855154], [129.29567543547904, 35.62712170631922], [129.29568243175444, 35.62712724183214], [129.29635291625314, 35.62753934382941], [129.2969753271796, 35.62827181368712], [129.29750105482387, 35.62912642495497], [129.29813885073548, 35.6314205332655], [129.2981499920726, 35.63157356162195], [129.29816436200335, 35.63200600679349], [129.2981441387945, 35.63215565852958], [129.2981073785809, 35.63240134938522], [129.29795379152213, 35.63296592702368], [129.2977363729239, 35.63328970776843], [129.29752022068928, 35.633487132207016], [129.29747882182966, 35.633525411442754], [129.29728291277962, 35.633773023947086], [129.29711517845456, 35.63398503712932], [129.29697273637424, 35.634314509396575], [129.29677365486694, 35.634939917365855], [129.2965554888141, 35.63572050100271], [129.29618459709127, 35.63790894734808], [129.2963438393281, 35.63934331356046], [129.2967501035845, 35.64184590174105], [129.29718680502, 35.64228410328622], [129.29728596309795, 35.64257631546665], [129.29712825850507, 35.64285702865191], [129.29670512838328, 35.643257873018726], [129.29642441031953, 35.64351182053793], [129.29642290786649, 35.64351244155218], [129.29624563685127, 35.644128727695005], [129.29623737072905, 35.64418942309697], [129.29623426858757, 35.64421370091422], [129.29624166544116, 35.64438785500254], [129.29625730762754, 35.64474149642678], [129.29699265711307, 35.64646143318273], [129.29837025160037, 35.64764707506451], [129.30078825615, 35.64797554586978], [129.3016512541798, 35.64807957686511], [129.3033134727579, 35.65007965851099], [129.30383560525863, 35.654712172906436], [129.30407973168053, 35.65664151774245], [129.30427270702359, 35.65700613107661], [129.3044893802883, 35.65717430508226], [129.31046743802196, 35.660194152792364], [129.3111424973828, 35.66052443952689], [129.31262486735355, 35.660253688358594], [129.31648283694545, 35.65935425305801], [129.31657080323703, 35.65933004028145], [129.31736656427714, 35.65910791778153], [129.3174280599348, 35.6590870185255], [129.31795081864257, 35.65885000693844], [129.31804785760045, 35.65880534711919], [129.3181295323257, 35.658754354540505], [129.31910529068665, 35.65793237991413], [129.3191170776732, 35.65792243497053], [129.3222340049132, 35.65812734356424], [129.3278206963178, 35.65883635658678], [129.32868611628908, 35.660409113584606], [129.32860988270994, 35.66257280331263], [129.32862898159303, 35.662660283835194], [129.32863982227948, 35.66268907704502], [129.32982404646683, 35.664401799094634], [129.32999971213735, 35.66464084250118], [129.3303480995514, 35.66507631172904], [129.3310307445973, 35.66555655962749], [129.33254545929677, 35.66652780882659], [129.3331001408909, 35.66798153324449], [129.33382599880582, 35.669399128342384], [129.33408875434387, 35.669760507349], [129.33416768553772, 35.66976953663588], [129.3357413840107, 35.669136882317474], [129.3371546206772, 35.669108337738145], [129.3373208043107, 35.669127350633644], [129.3379117568629, 35.669229356327094], [129.3400578631036, 35.669636926806916], [129.34050884996608, 35.66990847374927], [129.34586704199262, 35.67391997494481], [129.34801323757574, 35.6762696891022], [129.3483004711377, 35.676756559231336], [129.3483634706507, 35.6768574008511], [129.34875143604586, 35.67717828896817], [129.3492334548186, 35.67746989271182], [129.34983769933757, 35.67776360061144], [129.35112250157607, 35.67835178693434], [129.35355872577395, 35.67938023028171], [129.35583228883357, 35.67943952436786], [129.35925182046606, 35.67936568311747], [129.36006360377462, 35.67913451639209], [129.36055417821788, 35.67888288895698], [129.3612332846084, 35.67881085977709]]]]}, "properties": {"name": "\ubd81\uad6c", "base_year": "2018", "name_eng": "Buk-gu", "code": "26040"}}, {"type": "Feature", "geometry": {"type": "MultiPolygon", "coordinates": [[[[129.37730721125206, 35.426551581707045], [129.37726316235214, 35.426550881976645], [129.3771965632167, 35.42655313648572], [129.37715982874732, 35.426555801041836], [129.37712338255508, 35.42656120533247], [129.37707403354548, 35.42657179745338], [129.37705950602341, 35.42657588906457], [129.37704064673247, 35.426583735247476], [129.37702938381432, 35.426591243341484], [129.37701222865704, 35.42660806921212], [129.3769893620947, 35.42663517106607], [129.3769828528557, 35.426644195524936], [129.37697619155202, 35.42665615950152], [129.37697273765278, 35.42667106845864], [129.37697212792767, 35.42670791586828], [129.37697488047377, 35.42677402844486], [129.37697827752757, 35.42679881251429], [129.37699820512867, 35.42691852569043], [129.3770012934117, 35.42693380171588], [129.37700395317998, 35.426939915941325], [129.37700737933974, 35.42694516721496], [129.37701176144733, 35.426949370482234], [129.37701718206665, 35.426952571338305], [129.37713809817973, 35.427296856965455], [129.37721435676798, 35.428277273452046], [129.37726106299579, 35.42888254898197], [129.37771412236893, 35.434915593969826], [129.3780401345247, 35.43923893063972], [129.37807248076734, 35.43965329717327], [129.37808878292103, 35.43982819053178], [129.37809080862556, 35.43984909407459], [129.3780940915967, 35.43986332665034], [129.38073365112575, 35.44493645104196], [129.38085873663104, 35.44515995863416], [129.38088867713748, 35.44520754471091], [129.38091384739133, 35.44523628948551], [129.38093311245456, 35.44524343938503], [129.38093996405277, 35.445243877120866], [129.38095346584174, 35.44524121096423], [129.38097977203475, 35.4452324222797], [129.38106090526094, 35.44520275637948], [129.38112558770842, 35.44517837008816], [129.38116256828908, 35.445163299096016], [129.38118024158493, 35.44515554644316], [129.38118666349143, 35.44514850466306], [129.3811870816204, 35.445143655194904], [129.38118328379593, 35.44513232822759], [129.38069272256203, 35.44421118697931], [129.3799718569585, 35.442858255589194], [129.37835220949046, 35.43981530508744], [129.37823720702463, 35.43825899292573], [129.3781654360537, 35.437272542788854], [129.37808306612234, 35.43612250183411], [129.37808657356706, 35.4357186857286], [129.37801329182565, 35.434101963187295], [129.37800161522534, 35.433948197812725], [129.37743451436899, 35.426756297111105], [129.37742937200636, 35.426709380828875], [129.37742332317887, 35.42667314002369], [129.37741491885285, 35.426641710302945], [129.37740365801503, 35.42661647337504], [129.37739261064317, 35.42659730035844], [129.3773831218112, 35.42658595714838], [129.37736753038067, 35.426572305390025], [129.37735134001971, 35.42656189038695], [129.3773387723635, 35.426556557709766], [129.3773318374095, 35.42655464254637], [129.37730721125206, 35.426551581707045]]], [[[129.15948456472066, 35.71585939525013], [129.16031495909826, 35.71481010603856], [129.1640844924036, 35.71483039750685], [129.1658261471511, 35.715000405097534], [129.166843712988, 35.71552512320702], [129.16812552006317, 35.715543299009816], [129.1710730671586, 35.71464965603169], [129.17349199675317, 35.714724976058925], [129.17645727176148, 35.71565538596049], [129.1770749763802, 35.71606194125882], [129.178431790045, 35.717212583152005], [129.1809699391089, 35.7214957943258], [129.18121839751564, 35.722376873124844], [129.1811738403452, 35.72331421494249], [129.181163800073, 35.72352854355073], [129.1812927910079, 35.723788924778844], [129.1817242322371, 35.72366776512737], [129.18355637816373, 35.72284287519827], [129.18549613553301, 35.72182523965334], [129.18557501995338, 35.72176749071193], [129.18623515566216, 35.721284129912505], [129.18650138360283, 35.72062701091287], [129.19081112321572, 35.718864662563895], [129.1921433321295, 35.71862865597464], [129.1922520545506, 35.718589225461415], [129.1924192373553, 35.71852831708977], [129.19265991094372, 35.7184405841523], [129.19273239131448, 35.718414062471325], [129.19716563758107, 35.71610423232273], [129.1976456963117, 35.71579431961555], [129.19775525952915, 35.71564758993221], [129.19777344354867, 35.71559276763749], [129.19806779569598, 35.7145144120831], [129.19844639484427, 35.714662810788184], [129.2006030051436, 35.715795906177945], [129.2008289147244, 35.715987755292], [129.20091321721023, 35.716153187710596], [129.20096467076237, 35.716254180302805], [129.2009713299357, 35.716307848575745], [129.200993647977, 35.71649158972265], [129.200919718434, 35.717369504261924], [129.2009168874086, 35.71740460758982], [129.20091641116156, 35.71741236550003], [129.20108105560783, 35.717950267141966], [129.20114181654134, 35.71806291434601], [129.20123529149672, 35.7182355054552], [129.20170139533258, 35.71888700175888], [129.2052485721185, 35.721094988581356], [129.20546622367857, 35.721174206529035], [129.20658007863574, 35.72143495248553], [129.20658180256726, 35.721434921720395], [129.2070513968902, 35.72142166490757], [129.2071045199763, 35.72142012320033], [129.20822787928495, 35.72123620529296], [129.2086303717505, 35.7211691312066], [129.2089393732199, 35.72108025116341], [129.2095486862527, 35.720137174546224], [129.2092890852001, 35.71885075502465], [129.21005568877223, 35.7184027695519], [129.2114297182138, 35.717395664174425], [129.21322531290153, 35.71602685490683], [129.21383859416616, 35.71559250241991], [129.2189824654579, 35.713687094774144], [129.22187129744293, 35.71199586520461], [129.22242346960476, 35.7114275842554], [129.22436614715477, 35.70956101085299], [129.2264636110803, 35.70863357169537], [129.2268493872176, 35.70889942708058], [129.2274265763387, 35.70919524984898], [129.22832961628941, 35.70929032551983], [129.2308804925924, 35.708765521409155], [129.23176414081124, 35.70843715511932], [129.2330676188888, 35.707367482469486], [129.2337061302541, 35.70614836953839], [129.23370975235372, 35.70606748652699], [129.2337291228652, 35.70562321755438], [129.23369712243255, 35.70557762970319], [129.23346275622532, 35.705244935644146], [129.23371645643192, 35.70421612384309], [129.2340076188548, 35.70387465599442], [129.234776610287, 35.703794631090105], [129.23650133494584, 35.703931270906835], [129.23650376616965, 35.70393150987891], [129.23810498844244, 35.704058448906125], [129.2394510810743, 35.70404904754176], [129.24136783983315, 35.703867801241], [129.2421501145109, 35.703140424149645], [129.2439617641426, 35.70260912129563], [129.24643168592715, 35.70194160863648], [129.2492654625126, 35.70175551868654], [129.24980705382734, 35.701778483877824], [129.25095135401602, 35.701972784113174], [129.25301744524853, 35.70172788137845], [129.2534468040091, 35.70161425293808], [129.25633007439666, 35.70084914979139], [129.2563301776799, 35.70084912214031], [129.25685043705957, 35.700703365838336], [129.25911778115722, 35.69813453096361], [129.26187932872537, 35.69340314032148], [129.26253780908095, 35.69156572890698], [129.26258885209566, 35.69116112671967], [129.26259307194988, 35.691127112491195], [129.26218608949677, 35.68592908531826], [129.26186482342376, 35.68531973542529], [129.2603015947231, 35.684226995530494], [129.25940985533222, 35.683703385890084], [129.258642869907, 35.683111538131904], [129.25868722508437, 35.68224836585531], [129.25958674152824, 35.68045290577711], [129.26103172169385, 35.67906970628008], [129.26078165781533, 35.67699395201255], [129.25971990659204, 35.672284203990685], [129.25957986407755, 35.67200468905827], [129.259295762597, 35.6714379986298], [129.2591861964216, 35.671248009913505], [129.25910458282604, 35.671106927723045], [129.25882030526307, 35.6708274379261], [129.25881569185847, 35.67082301763254], [129.25782938192427, 35.67012109448261], [129.25653653676562, 35.66892440041273], [129.25474504847722, 35.66641176942499], [129.25500833961488, 35.66410478608114], [129.25550370543715, 35.660455676372976], [129.25774401251954, 35.6589241530457], [129.25817311692583, 35.65738825513456], [129.25987799601344, 35.65488275359655], [129.260444839304, 35.65463755995303], [129.2654762913656, 35.65359580868948], [129.26794670033968, 35.65246777273523], [129.26968965738308, 35.65113968268924], [129.27323207107534, 35.652566945683645], [129.27494798968578, 35.65308742926297], [129.27495053853622, 35.65308695986543], [129.275016631408, 35.65307473288179], [129.27620818441585, 35.652853424168825], [129.27744428082124, 35.65201377091302], [129.27776849737344, 35.651743513923414], [129.2810912666686, 35.650596423821185], [129.28110977099087, 35.65061648806486], [129.2816656896695, 35.6511675663686], [129.2826092369353, 35.6516044388102], [129.28267143727254, 35.65163212084964], [129.28289855424413, 35.65173312791335], [129.28540715674663, 35.65052799991112], [129.28902015312556, 35.64862773216402], [129.29015562677586, 35.64787179537332], [129.29019851288302, 35.647730471577624], [129.29023634032825, 35.64760557628132], [129.29027522403803, 35.64676785329868], [129.2906747295636, 35.646249051720766], [129.29124829451987, 35.645520260217204], [129.29154441721383, 35.64519869248417], [129.29192984709053, 35.64497328197009], [129.29489720265988, 35.64410472053042], [129.29642290786649, 35.64351244155218], [129.29642441031953, 35.64351182053793], [129.29670512838328, 35.643257873018726], [129.29712825850507, 35.64285702865191], [129.29728596309795, 35.64257631546665], [129.29718680502, 35.64228410328622], [129.2967501035845, 35.64184590174105], [129.2963438393281, 35.63934331356046], [129.29618459709127, 35.63790894734808], [129.2965554888141, 35.63572050100271], [129.29677365486694, 35.634939917365855], [129.29697273637424, 35.634314509396575], [129.29711517845456, 35.63398503712932], [129.29728291277962, 35.633773023947086], [129.29747882182966, 35.633525411442754], [129.29752022068928, 35.633487132207016], [129.2977363729239, 35.63328970776843], [129.29795379152213, 35.63296592702368], [129.2981073785809, 35.63240134938522], [129.2981441387945, 35.63215565852958], [129.29816436200335, 35.63200600679349], [129.2981499920726, 35.63157356162195], [129.29813885073548, 35.6314205332655], [129.29750105482387, 35.62912642495497], [129.2969753271796, 35.62827181368712], [129.29635291625314, 35.62753934382941], [129.29568243175444, 35.62712724183214], [129.29567543547904, 35.62712170631922], [129.29478178724827, 35.62641428855154], [129.29469085080828, 35.626221816034686], [129.29459752433303, 35.62602425758811], [129.29400402673383, 35.620608122830625], [129.29410653659946, 35.62014410151302], [129.29453313726202, 35.61864892802155], [129.29464506544247, 35.61840204649469], [129.2947011351517, 35.61832254363295], [129.2954444851697, 35.61790404295963], [129.29590639137052, 35.61780982849933], [129.29662141455813, 35.617570465212836], [129.29795525340313, 35.61690932669289], [129.2982749598584, 35.61667942399976], [129.2986409758885, 35.61632841183741], [129.29978312147819, 35.615037699900995], [129.30017770121646, 35.614266388073275], [129.29950842944226, 35.61062983521219], [129.29927481052968, 35.609663857009295], [129.29851088702964, 35.60873617776363], [129.2983222063025, 35.60863805091077], [129.2978110930088, 35.60837224066174], [129.2961000460685, 35.60648450744862], [129.29230034180185, 35.60136503058486], [129.29073116771292, 35.59771667352232], [129.2903223871479, 35.594326430372185], [129.29044785248772, 35.59325255331615], [129.29108477174623, 35.59133762838889], [129.2934491797541, 35.58639677577068], [129.29349286431983, 35.58631280412666], [129.29386637210857, 35.58542970962117], [129.29374473041707, 35.58502360575505], [129.29346043343295, 35.58443666324144], [129.29305232274075, 35.583973470457316], [129.29268522460288, 35.58367108379435], [129.29218014843306, 35.58223591221376], [129.29216183689934, 35.582175254864325], [129.29214350199604, 35.582096711828925], [129.29227611191044, 35.58172252254475], [129.29414032260604, 35.57657296189164], [129.29453891598834, 35.576131155631536], [129.29156614996165, 35.578012295829815], [129.2888899859393, 35.577897951965824], [129.28674181900848, 35.57786858964269], [129.28572891009924, 35.57793248589842], [129.2856393718809, 35.57794146657415], [129.28455845918245, 35.57827217787912], [129.28416368275526, 35.57856587016033], [129.2807838936965, 35.58109142561957], [129.2817819014666, 35.58396425470908], [129.2829839771259, 35.5838572290217], [129.2831003230852, 35.58382620455749], [129.28309822195592, 35.58384701196018], [129.28306461184013, 35.58413928638204], [129.28106612385358, 35.584789478271], [129.27095501807923, 35.587316312167715], [129.2706315600046, 35.587390183276604], [129.27048734454718, 35.58739800362991], [129.26767815747672, 35.58719586250514], [129.26748656145682, 35.58711637909335], [129.2649190488143, 35.585681010614465], [129.2594500297356, 35.58751619097273], [129.25862456696927, 35.588085037346495], [129.2578052190918, 35.58879739359519], [129.25705518764084, 35.589447841454025], [129.2567278794787, 35.58961896757391], [129.2558862244851, 35.58987168347365], [129.2550320193947, 35.58950174792293], [129.25343472997295, 35.59013744090268], [129.2533893922458, 35.59015209224936], [129.25272877791812, 35.59025593785605], [129.25263076889172, 35.59010581643166], [129.2526119311909, 35.59007696056881], [129.25258417371398, 35.5897212716052], [129.2525998940434, 35.58929264839448], [129.25320212499284, 35.588446958441715], [129.25412476098123, 35.58818039987751], [129.25548843782764, 35.583558981625025], [129.25515847096082, 35.58309390024871], [129.25498348109406, 35.58263050049613], [129.25483198630775, 35.58195723251638], [129.2554241489338, 35.58014870382087], [129.25683217253393, 35.5785679224878], [129.25798204223267, 35.57869643842374], [129.25878086705322, 35.57834728032154], [129.25924942211742, 35.57764398645137], [129.25972249327705, 35.57471071793013], [129.25974355313127, 35.57427397025959], [129.2585302475329, 35.57436707177193], [129.25779526064196, 35.57393757698493], [129.2568277691873, 35.56708856966835], [129.2568737387328, 35.56697481995394], [129.25700577105857, 35.56673001997956], [129.25751083179105, 35.56654364272504], [129.25785580304662, 35.56628864511773], [129.25817875750178, 35.565689150292656], [129.25876095045055, 35.562657306778604], [129.25888528949196, 35.56152792141482], [129.25935551223313, 35.56147572280705], [129.25983830081864, 35.56144875098799], [129.26036790554966, 35.56142972464863], [129.2605409434596, 35.561422060381915], [129.26070210066175, 35.561407618692016], [129.26092285202202, 35.56138516067789], [129.26118263000978, 35.56133341674981], [129.26161802573387, 35.5611879744429], [129.26177720121763, 35.56110309918787], [129.26218360896664, 35.56083249125812], [129.26223018400378, 35.56080029492922], [129.26238697298538, 35.56066625776167], [129.2625212979087, 35.56054769985532], [129.26275805964585, 35.56033848506408], [129.26288894571084, 35.5602076388309], [129.26534010146452, 35.557406563837375], [129.26563609127084, 35.556905695803955], [129.2640395949854, 35.555962045032814], [129.2631310373171, 35.55643584632884], [129.26303083922468, 35.55648806759584], [129.2627706296752, 35.5561741716097], [129.26168599057476, 35.55446460217907], [129.2606905842876, 35.55233167253979], [129.26168948621293, 35.55168232141785], [129.26028255649388, 35.55174361654068], [129.25881336368323, 35.5527114430312], [129.25845902750882, 35.552932655351135], [129.25809295489728, 35.55316119231106], [129.25798849809283, 35.5532263975462], [129.25768708633643, 35.553402969466184], [129.25696294470737, 35.553827123625666], [129.25676655623266, 35.55393362145525], [129.256693417014, 35.55397325272597], [129.2559182541421, 35.554345051766404], [129.2546089309791, 35.55341523916517], [129.2544083501532, 35.55325081428202], [129.25432643627565, 35.553155720146314], [129.2542082084624, 35.55301608726075], [129.25414359238354, 35.55293919725029], [129.25390942014926, 35.55265943977066], [129.2531960257708, 35.551586770211124], [129.25317913782024, 35.55144124662273], [129.25319698737857, 35.55136802127733], [129.2532282492863, 35.55123979541226], [129.25324164139835, 35.55118487812846], [129.25326810252392, 35.55107621663018], [129.25327692149514, 35.551039966098905], [129.25330399670872, 35.55049318563954], [129.25330399424058, 35.5504924644562], [129.25329876408213, 35.5504775139248], [129.2532908628095, 35.55045499698671], [129.253221913199, 35.55027136768554], [129.25226527708767, 35.548486694701666], [129.25213463414693, 35.54832362366254], [129.2493623156469, 35.5454535200123], [129.24719381593857, 35.54389458999628], [129.24395794346347, 35.54223315026477], [129.24199716711138, 35.540052986122696], [129.24034087188548, 35.53976559311531], [129.23881162090754, 35.53986745651577], [129.23771002790474, 35.53824585434879], [129.23737280107855, 35.537650316434686], [129.23653927026027, 35.53617209658511], [129.23654139633788, 35.53617146374169], [129.23893464265927, 35.53593277882798], [129.24334748522554, 35.53536480006279], [129.24559683041886, 35.53609595993731], [129.2458726219442, 35.535748286420635], [129.2460365531143, 35.53554103322228], [129.24671009284438, 35.53468770741344], [129.24690318912033, 35.53441267202698], [129.2472066025303, 35.53396850693585], [129.24778918565443, 35.53334620964176], [129.24784888836354, 35.533334217523446], [129.24829729287273, 35.53324415201026], [129.2492742115589, 35.5331413299091], [129.25385108503448, 35.53272871709426], [129.2543635213091, 35.533050569682786], [129.25438822585133, 35.53307678179941], [129.25468457153212, 35.53339123460306], [129.25473937966242, 35.533449577066186], [129.25508806399787, 35.5338214587847], [129.25470778484268, 35.53461999413399], [129.2546211426609, 35.53496498528384], [129.25462052186646, 35.53496747351464], [129.25556762925552, 35.534806359153656], [129.2572131245531, 35.53435717270936], [129.2578487902801, 35.5322581646541], [129.25757974865292, 35.53158366513451], [129.25891845571783, 35.530353410407336], [129.26072634700233, 35.53021133431365], [129.26258079596911, 35.53044431175724], [129.26394142026865, 35.53079671143207], [129.2643733127974, 35.53083991658403], [129.2672131047156, 35.53068720578712], [129.27235828547356, 35.52984961337713], [129.27428524901103, 35.529208289101874], [129.274472435304, 35.528942397756744], [129.27465160404722, 35.528679669478606], [129.2748460653257, 35.528394491478274], [129.27385204417405, 35.52721943036308], [129.27384039872967, 35.52720601932224], [129.27366455516471, 35.52700355082491], [129.27354869858118, 35.52680697919695], [129.27325299147114, 35.526285155544834], [129.27325419124082, 35.52628094220732], [129.27339927456646, 35.52577194275443], [129.273535443016, 35.52531353255023], [129.27471470184537, 35.52367031723766], [129.27598174261607, 35.52259915104688], [129.27688241154792, 35.5218598273921], [129.2777561839176, 35.52198267679581], [129.2792734843115, 35.521571238200906], [129.28014489154512, 35.5210126596085], [129.2806548385151, 35.52068291146756], [129.28351184174142, 35.517136164482686], [129.28674297869452, 35.51599178378661], [129.28680068975845, 35.51595526624563], [129.2882585725391, 35.5149697206216], [129.28825842763527, 35.51496905384004], [129.28822402301142, 35.514817653726034], [129.28839916000112, 35.51235248395242], [129.28857207115573, 35.51119083066112], [129.28901425587875, 35.50909700629938], [129.28978506712912, 35.50848990038451], [129.2907509456158, 35.50874235780371], [129.29076131050587, 35.50874328753402], [129.2925133251028, 35.50539328112482], [129.29342478067866, 35.50360571264791], [129.2949121455705, 35.5025297831854], [129.29651959937894, 35.50137633534552], [129.2969986462914, 35.50060072216904], [129.29713427485984, 35.499368925454], [129.29725391746675, 35.4987955855729], [129.29872058161416, 35.4970839531247], [129.3009030335002, 35.49509884962668], [129.3024617292778, 35.4947219508211], [129.30292432983677, 35.49473233214634], [129.3038348317537, 35.49512796080553], [129.3044598869412, 35.495406832469214], [129.30521624466598, 35.49576502796324], [129.3052171962118, 35.49577474115718], [129.30524965878814, 35.49591117865141], [129.30526693295366, 35.49598230272032], [129.30529536935174, 35.49608542065923], [129.3053898714231, 35.496318160625826], [129.30563570865857, 35.4968063246884], [129.30583461262452, 35.49714614566885], [129.306179534751, 35.49760710996558], [129.30748065776694, 35.49716474053749], [129.3075314834737, 35.497140366222844], [129.3078378222164, 35.49692891906038], [129.30791528449976, 35.49679134685327], [129.30791232074375, 35.49678876604195], [129.30789735639462, 35.49671653857114], [129.30792054628856, 35.49658618782609], [129.30801592615302, 35.496363612884544], [129.30846687724784, 35.49548806968729], [129.30899231000154, 35.49450829708736], [129.31048044536382, 35.492600857620715], [129.31403101726042, 35.49113593259657], [129.3188579603784, 35.49101810605178], [129.31912519719148, 35.49020388785685], [129.31943222023588, 35.489282644333514], [129.3200823469847, 35.48744450936558], [129.32166487945173, 35.48718188647487], [129.3231517597666, 35.487192735290606], [129.32351318350945, 35.48744662391482], [129.32403646328748, 35.48782051956983], [129.3249753731685, 35.48844333725488], [129.32614151241984, 35.48920245600044], [129.32693102880202, 35.48921201348221], [129.3292508416709, 35.4867155433215], [129.32901596797896, 35.48659702796692], [129.32897411624066, 35.48643968546298], [129.32913356434634, 35.486193377757054], [129.32943892524625, 35.485895479061114], [129.33055845242873, 35.48555192031439], [129.33115649035048, 35.485551012651555], [129.33122281266083, 35.485439516482025], [129.3322009566865, 35.48400955715761], [129.33341700843314, 35.48314870152601], [129.33475879076428, 35.48278232036529], [129.3357803974826, 35.482507319477605], [129.33759680426627, 35.480876433247964], [129.33890576976435, 35.47916558867104], [129.3392251768703, 35.47672968279086], [129.3392225973896, 35.47530687620025], [129.33912072497316, 35.475291821332355], [129.33791313666967, 35.475113372591295], [129.33677300125282, 35.474962720825935], [129.33684048057984, 35.47419634380977], [129.33686792475405, 35.473980992592566], [129.3368898563437, 35.4738180567775], [129.33698733038844, 35.47340343814074], [129.33712487386484, 35.47325129475135], [129.33754448908172, 35.472842061894596], [129.3383173258817, 35.472507326478706], [129.34104267633157, 35.47013917750493], [129.34359258720824, 35.4673557817407], [129.34737552756508, 35.46430741731949], [129.34737870396174, 35.46430272225255], [129.34738285020916, 35.46429369766028], [129.34795023905622, 35.46209854834309], [129.3482293505342, 35.46083509805657], [129.34840915933788, 35.45997121485021], [129.34840869423851, 35.45996572089436], [129.34840658451472, 35.45996202992955], [129.34839576288766, 35.459956202381534], [129.34747294108078, 35.45983024517234], [129.3474947513233, 35.45955571543884], [129.34749698881728, 35.45953021140994], [129.3498948380564, 35.448237312512674], [129.34991553010016, 35.44821900096217], [129.35203871181605, 35.44748475100031], [129.35219888432277, 35.4474390361311], [129.35248414810354, 35.447574840916616], [129.35455509395612, 35.4490137559235], [129.35978627924578, 35.447911729039475], [129.36011031054724, 35.446316535925924], [129.35884639317393, 35.442899655791955], [129.35881080212204, 35.442821618312024], [129.35608049265815, 35.44178048503036], [129.3539945023055, 35.44097958563729], [129.35388267925225, 35.44092177933219], [129.35385227109137, 35.440843721976215], [129.3552283255154, 35.438262920387466], [129.3650237921201, 35.44139172096044], [129.36505678477113, 35.44140523339975], [129.36511161407495, 35.44144950003257], [129.3651385972515, 35.441473844224426], [129.3651646160006, 35.441504229076486], [129.36574886865256, 35.442562573844796], [129.36669040562782, 35.44435562621633], [129.3682350194792, 35.44724156434885], [129.36910568115835, 35.448787384954336], [129.36945315726865, 35.44898578949149], [129.37299284998414, 35.44763331372816], [129.37373693551373, 35.44707058806515], [129.37236272060522, 35.44527934014043], [129.3700568328248, 35.443742734968744], [129.36649454577116, 35.43704954463335], [129.3693214195897, 35.43604159676071], [129.37144114448287, 35.43528541212518], [129.37144823165892, 35.433391923721594], [129.37364157133698, 35.431238550492914], [129.36743612332984, 35.430918996718425], [129.36387514628993, 35.428241035810736], [129.36172344660295, 35.42612953766567], [129.35882234658507, 35.426458791254134], [129.35377009843089, 35.427018541046095], [129.35289169883237, 35.42707095452752], [129.35284054424193, 35.427057223335545], [129.3528146982961, 35.42703954446203], [129.35279830803222, 35.42701786914354], [129.35278212015908, 35.426967623207204], [129.35276701742947, 35.42688772209272], [129.3527631587564, 35.42686150367757], [129.3527623995666, 35.4268135560266], [129.35276607695064, 35.426798494612264], [129.35277263279536, 35.42678657681046], [129.35279010449628, 35.42677805429728], [129.35334626745737, 35.426668090115896], [129.35714008350277, 35.42605791593864], [129.36403948885112, 35.42492284025193], [129.36414259718762, 35.424882960444634], [129.3642170343279, 35.42480937001205], [129.36424263307734, 35.42474782260391], [129.36424471524057, 35.424720416608906], [129.36424705744594, 35.42462955741633], [129.3642518295357, 35.42387955906588], [129.36423775838458, 35.422955664728256], [129.36391461192684, 35.41517019317965], [129.36231398733307, 35.41478048211976], [129.35625761095505, 35.41330459219014], [129.35624484355301, 35.41044124090597], [129.35995478330537, 35.410614627299005], [129.36000622050275, 35.41061979040643], [129.36003685708033, 35.41062673079401], [129.36009936183356, 35.41064475040756], [129.3601285890232, 35.41065620027781], [129.36025544448967, 35.41071179387069], [129.36070776073245, 35.4109189184692], [129.3608663199613, 35.410998030442435], [129.36260262831044, 35.410897020949044], [129.36264387903057, 35.410889145346204], [129.36266310795207, 35.41088070613127], [129.36268845284988, 35.41086116133522], [129.36271189071746, 35.41083378285317], [129.36277622657286, 35.410744267764834], [129.3627865695405, 35.41071854815797], [129.3627940831798, 35.41067535376687], [129.3627982798192, 35.41062928239648], [129.3628129871198, 35.40924346548457], [129.36281064316614, 35.40918650902596], [129.36260810815304, 35.40651082825152], [129.36218579649068, 35.40587487323684], [129.36212477826479, 35.40579429828418], [129.3599164998983, 35.40311794818994], [129.35987456491915, 35.40309463873136], [129.35982781367147, 35.403077652819725], [129.35944177163384, 35.40303418713181], [129.3568591766809, 35.40300894614577], [129.3539639051575, 35.40245149023334], [129.35412170185862, 35.39794611595419], [129.35412352229363, 35.397924162838194], [129.35443782130216, 35.39660479141725], [129.35449804176392, 35.396440836074454], [129.35458947468263, 35.39632317085358], [129.35516701045495, 35.39522421894516], [129.3555126120044, 35.39456445566863], [129.35548982459807, 35.393909524420756], [129.3554891711047, 35.393903587979246], [129.35542124392998, 35.39381513507451], [129.354312865232, 35.392958900175685], [129.35401893250543, 35.392845979818574], [129.35078651454964, 35.3921137125193], [129.35075501495012, 35.392106820734824], [129.3507192656735, 35.39210185662607], [129.35068080870798, 35.39210462945587], [129.35064241200044, 35.392113796800736], [129.35032754263815, 35.39219216095888], [129.34976233206544, 35.39226899662565], [129.3497101982251, 35.3922729955548], [129.349656213356, 35.39226883511848], [129.34959027807125, 35.39226069621933], [129.3495468820887, 35.392251611683434], [129.34949625427586, 35.39223719264304], [129.34944149213698, 35.39221895490664], [129.34933660070777, 35.39218189814942], [129.34930923240478, 35.392167889154535], [129.34916407328348, 35.39207658174387], [129.34861890823768, 35.39145515507582], [129.3482845771224, 35.391015754758726], [129.34740717935958, 35.39055234192622], [129.34734971211546, 35.39052616244108], [129.34734495732727, 35.390523804645554], [129.34733905565054, 35.39052068727366], [129.34733322823917, 35.390517350595154], [129.34732881282025, 35.3905145224183], [129.34732448641648, 35.39051144586039], [129.34731960446027, 35.390507663788014], [129.34731552987174, 35.39050433275257], [129.34730790577342, 35.39049761937626], [129.347303860116, 35.39049381910211], [129.34729977237217, 35.390489911287915], [129.34729571431504, 35.39048585697158], [129.34729175755032, 35.39048180290882], [129.34728792106569, 35.390477712748], [129.34728417102224, 35.390473550945494], [129.34728068601638, 35.3904694247563], [129.34727747742366, 35.39046535023395], [129.3472729256776, 35.390459055051394], [129.34726994409647, 35.3904544108955], [129.34723647328016, 35.390400250438596], [129.34723362327938, 35.39039538970493], [129.3466184143215, 35.389887198595744], [129.34652262576395, 35.38962051732716], [129.34697993838995, 35.38811315580525], [129.34728581656046, 35.38694422108324], [129.34768423557398, 35.385187799009095], [129.34747363998568, 35.38499675681002], [129.34720149148885, 35.38471600306493], [129.34711441166206, 35.38462602955444], [129.34687740133484, 35.38437765976463], [129.34685723805228, 35.38435457875703], [129.3468157961362, 35.38430691019761], [129.3467335925598, 35.38421165999712], [129.34665176387227, 35.38411642744441], [129.34663096446428, 35.38409189924744], [129.34659005622194, 35.38404290440639], [129.34655291508096, 35.38399226526227], [129.34626786385965, 35.38358830851537], [129.3460805603132, 35.38330623525068], [129.34595024022536, 35.383105155259585], [129.34587626359698, 35.382982236899615], [129.34551150889965, 35.38209161432016], [129.34545800720716, 35.38195672059909], [129.34518968069196, 35.381132634995616], [129.34513218946435, 35.38092904580169], [129.34510745396537, 35.380837004009976], [129.3451005917293, 35.38080994567713], [129.34508696463647, 35.380752563976294], [129.34504574280092, 35.38055182926854], [129.3450290933591, 35.38046739547428], [129.34500732509454, 35.38035356697927], [129.3450015731744, 35.38032344269619], [129.34458861091503, 35.37810396405066], [129.3446058053669, 35.378058244402595], [129.34486124370437, 35.37786644409294], [129.3448670231401, 35.377862111407175], [129.3448694946562, 35.377860625797794], [129.3448740637226, 35.37785844101769], [129.344876688441, 35.377857495790785], [129.34487950375404, 35.377856702716365], [129.34488629841653, 35.37785557479757], [129.34505321764576, 35.37784113042619], [129.34517572828778, 35.377859877076894], [129.34528023348827, 35.37794226557492], [129.34538186728318, 35.37804356331199], [129.3455165238223, 35.37796544913371], [129.34564911118977, 35.37780762589204], [129.34557561284936, 35.3773881552165], [129.3455684630066, 35.37735996355483], [129.34556564315778, 35.377351761224155], [129.34556476392748, 35.37734988865216], [129.3455626035994, 35.37734647780608], [129.34556117631627, 35.377344707367115], [129.34554384343377, 35.377331741305156], [129.34554164648705, 35.377330395527345], [129.3454605273329, 35.377283523725644], [129.34545863045332, 35.37728259347591], [129.34545329783637, 35.3772807330473], [129.34545125928645, 35.37728025212198], [129.3454435393634, 35.37727903038996], [129.3454354257672, 35.37727840607722], [129.3454331695469, 35.37727842071383], [129.34542936334904, 35.37727872047519], [129.34542754997938, 35.37727904027611], [129.34542576870894, 35.37727951284711], [129.34542410944002, 35.37728012239016], [129.3454227025345, 35.37728079298796], [129.34542142904482, 35.37728161841408], [129.34542033310908, 35.37728260340339], [129.34541946874472, 35.377283606491574], [129.34541871509083, 35.37728473410288], [129.34541813599404, 35.37728588969943], [129.34541732566024, 35.37729496788957], [129.34541738237007, 35.37729755442121], [129.34541715090475, 35.37730015076474], [129.34541610582642, 35.37730530185987], [129.34541571409673, 35.37730656458083], [129.34541520167915, 35.37730774800769], [129.34541446900613, 35.37730883022181], [129.34541358237152, 35.3773097254663], [129.3454124652827, 35.37731045834963], [129.34541118978976, 35.377311002528145], [129.34540963742157, 35.377311376039366], [129.34540798851657, 35.37731157071896], [129.34540104373562, 35.37731151814934], [129.345397277776, 35.37731116819161], [129.34539363293266, 35.37731052969609], [129.3453918807673, 35.37731005701597], [129.34539004025237, 35.37730937833312], [129.34534428368676, 35.377286651954], [129.34534254076277, 35.3772856183788], [129.34534113916038, 35.37728458860446], [129.3453399665432, 35.37728346337557], [129.3452874353654, 35.377225235348185], [129.34528398537503, 35.37722135917413], [129.34528179293568, 35.3772183743366], [129.34528077288147, 35.3772166012792], [129.34527998331527, 35.3772147020923], [129.34515733288515, 35.37688902551799], [129.34515653036095, 35.37688684705296], [129.34514462341437, 35.37682724290639], [129.34514391482705, 35.37680840448819], [129.3451441996394, 35.3768052501829], [129.34499227746096, 35.375652262098825], [129.34497857311024, 35.375517183810814], [129.3449788704131, 35.375501815349], [129.34501262742063, 35.37517713561446], [129.34501844291196, 35.37516549995655], [129.34507562907436, 35.37506093758691], [129.3451170492736, 35.374998474181716], [129.34512586311334, 35.374985388131286], [129.3451398647276, 35.37497312617268], [129.34582360013377, 35.37458719899199], [129.34651684659187, 35.37424429702356], [129.3465556788732, 35.37422522199549], [129.35197999159664, 35.37239203686226], [129.35212192220956, 35.3723508569288], [129.35215840586983, 35.37234161939454], [129.35220886755863, 35.37233292841632], [129.35322358726287, 35.372173560195215], [129.3533005226692, 35.37216237646973], [129.35335120022404, 35.37215764844509], [129.3533813584279, 35.37215665924297], [129.35340667796726, 35.372158748176915], [129.3534391004014, 35.37216464618106], [129.35346043326567, 35.37217145178225], [129.35348502424213, 35.37218316941899], [129.35430627609549, 35.37201455196013], [129.3553193210995, 35.37176634601148], [129.35532512995823, 35.371763245679176], [129.35532876233557, 35.371758539790626], [129.3553321548944, 35.37174941647489], [129.35555928312223, 35.36943338746303], [129.35468327779046, 35.36804149768056], [129.35456266776131, 35.36782539131064], [129.3545259976749, 35.36771901451163], [129.35451675472441, 35.3676380130993], [129.3545334604216, 35.36731660563127], [129.35455305147866, 35.36718692057991], [129.35460593663484, 35.367025798235346], [129.35467110184462, 35.36688293629407], [129.35475886895193, 35.36674064867453], [129.35486223864288, 35.36662512953454], [129.3549731475097, 35.36653068776533], [129.35510471803258, 35.36645534581919], [129.35524322972665, 35.36639254923928], [129.35530754447578, 35.36637743452077], [129.35626511977026, 35.36625557749867], [129.35776145746013, 35.365882570797], [129.3603929660863, 35.36467403635904], [129.36040211673347, 35.36466820317298], [129.3606163382105, 35.364487318576245], [129.36136034513527, 35.36327970197654], [129.36140435516546, 35.36317313359951], [129.3615385989951, 35.362782115565025], [129.36156888147264, 35.362690938639425], [129.36157536727637, 35.362662815490744], [129.3619454348687, 35.360274416475846], [129.36184654914044, 35.35945429138716], [129.36174662542027, 35.358779319742276], [129.36084981922625, 35.35721047769815], [129.36029385758667, 35.35664205839345], [129.36003322385625, 35.35641055472571], [129.3590651871142, 35.35559550069891], [129.3589959627921, 35.35554601686305], [129.35885999623073, 35.35546333584111], [129.35841055000387, 35.355283502586786], [129.35775789029663, 35.35513406917351], [129.35473166071623, 35.35484033238552], [129.35373712571544, 35.35491292011326], [129.35004842747077, 35.35485643782946], [129.34632061107538, 35.35217629797362], [129.34511828716535, 35.351818675102734], [129.34505709149025, 35.35180737573931], [129.345048941105, 35.351807633623416], [129.3449349872373, 35.351820613996864], [129.34478569773117, 35.3518752347907], [129.34475748176925, 35.35190952186501], [129.34469856420452, 35.3519836711768], [129.34468192081104, 35.35200782859658], [129.344672965912, 35.352056606780515], [129.34478647558734, 35.35233823552688], [129.34488320929142, 35.35246933842545], [129.34499659372418, 35.35264527639967], [129.34500203923176, 35.35267093930725], [129.34486945986376, 35.35357984555307], [129.3448442775292, 35.353740831426], [129.3448166927496, 35.353859099545886], [129.34478885707713, 35.35390539107936], [129.34124646862918, 35.35623670719398], [129.34097363038939, 35.35640537704665], [129.3407607812874, 35.35650961914275], [129.34055031232944, 35.35659695687307], [129.3403695827723, 35.35664688548522], [129.3401979563203, 35.356670442286664], [129.34005138579857, 35.35668363545056], [129.33880615736723, 35.356729206620884], [129.33856961535707, 35.35673306962284], [129.338116829784, 35.356714346281436], [129.33792037779807, 35.35669702142646], [129.3376389200931, 35.356660160079365], [129.337326362254, 35.356615976328825], [129.33694640217044, 35.356533880987854], [129.3366245455321, 35.35645177390334], [129.33595855494949, 35.35624658181814], [129.33532690282993, 35.3559838421816], [129.33519836344692, 35.355911390811954], [129.3351765623104, 35.355899100433405], [129.3351743440437, 35.355897848534866], [129.33488985812477, 35.35571823585633], [129.33474136647888, 35.35560456579629], [129.3342068859944, 35.35517965451733], [129.3341403175433, 35.35512450650355], [129.3341276737963, 35.355111004087036], [129.33374269315442, 35.354638160041866], [129.3337367305945, 35.354629776083115], [129.33359684274876, 35.35437093281181], [129.33323886340744, 35.35326178307414], [129.33322863812572, 35.35322624453609], [129.3332722036644, 35.352907272206195], [129.33327526992613, 35.35289025513644], [129.33336174461198, 35.35275964090323], [129.33341267558788, 35.35270419524224], [129.33284603782678, 35.35022236897766], [129.33228230693948, 35.34786919637986], [129.32925658450634, 35.3471612262833], [129.3280281996611, 35.34699520756389], [129.32790244839006, 35.34741977860059], [129.327875748758, 35.347479714739194], [129.32784548602376, 35.347509468942974], [129.32763234030375, 35.347629509022525], [129.32743337619573, 35.34769449181479], [129.3272414047395, 35.347731200843896], [129.3271791664644, 35.3477359032045], [129.32571558409091, 35.34769475190655], [129.32513628076998, 35.34765117432011], [129.3226694337734, 35.346564774498106], [129.3221951460179, 35.34621143761916], [129.3220494697978, 35.346032929506165], [129.32069628385602, 35.34323772699866], [129.32033301978913, 35.341914488290286], [129.32033838044552, 35.34052431714914], [129.3199292419653, 35.339859716203904], [129.31990205876392, 35.33981418120504], [129.31987724723157, 35.33975949950272], [129.31986402940902, 35.339710178668916], [129.3198533400885, 35.33964330099663], [129.31985243410634, 35.33960643977886], [129.31985773318365, 35.33956122338934], [129.31987311276788, 35.33949462027981], [129.319905805785, 35.339397405131656], [129.31992004995595, 35.33936926446224], [129.3199376269179, 35.3393496166101], [129.3199592403609, 35.33933814625512], [129.31999202763907, 35.33932892014225], [129.32003657158094, 35.33932447543863], [129.32009553124152, 35.33932720444262], [129.32014867559195, 35.339326036190755], [129.32018849666406, 35.339320387784674], [129.3202122164116, 35.339310311899204], [129.32021919898278, 35.33930464060853], [129.32061182185438, 35.33877662000114], [129.3206123460923, 35.33876977841691], [129.32060689546333, 35.33871819137099], [129.32043831406867, 35.33847070998434], [129.32041853462727, 35.33845082602022], [129.32040495045786, 35.33844236141963], [129.32039671054292, 35.33843965289671], [129.32038866171393, 35.33843722277586], [129.31928247212727, 35.337917369343614], [129.31926365332555, 35.337914697387056], [129.3192458322113, 35.33791726639897], [129.31858224486263, 35.338046674158505], [129.31836334756906, 35.338224901442], [129.3183663652411, 35.33831861462109], [129.31836417753033, 35.33833558210697], [129.31835482504883, 35.338357653744374], [129.31833247615924, 35.338380786410184], [129.3182300910497, 35.33848166240913], [129.31812675709236, 35.338565343961314], [129.31800280721941, 35.338650916872076], [129.31790346448014, 35.338706213542224], [129.31777555290796, 35.33877222285177], [129.3177729386159, 35.33877300324302], [129.31769092072955, 35.3387973921179], [129.31759781864176, 35.338817149640114], [129.3175075860802, 35.3388341629142], [129.31743976961758, 35.33884438937439], [129.317183826936, 35.33887297654558], [129.31706830086262, 35.338882084652504], [129.3170332607251, 35.338880922018106], [129.31665206658093, 35.33886520161426], [129.31654879701685, 35.33883891974718], [129.31647665131786, 35.338816872416665], [129.31644441749893, 35.33879893119513], [129.31640704473594, 35.33877190933721], [129.31636509931892, 35.33873711818455], [129.3163224984928, 35.33868985591322], [129.31540898525205, 35.33660790287563], [129.3154107535049, 35.336593404746594], [129.31551066408377, 35.33633564210143], [129.31561684956128, 35.33613708138515], [129.31534197524837, 35.33543540340476], [129.31286098468937, 35.33056070064546], [129.31157942054492, 35.32950053008235], [129.30855306864598, 35.32833881624878], [129.30817369073677, 35.32820540388157], [129.3077483729397, 35.32810671977465], [129.30745225928268, 35.32806796971049], [129.30736145890754, 35.32805697636432], [129.30725317718927, 35.32805286349026], [129.30716626070355, 35.328056914610926], [129.30710085177887, 35.328065245590174], [129.30705900387392, 35.32807679980283], [129.30699594071135, 35.32811825810158], [129.30696041797262, 35.32814462206492], [129.3069372976339, 35.32818531368019], [129.3069204926523, 35.32822307641802], [129.30691156641714, 35.328282181754936], [129.30691475634015, 35.32836390603943], [129.30692108851704, 35.32843852965475], [129.3069370794972, 35.328479345163146], [129.30696773796393, 35.32849549147372], [129.30705682697172, 35.32852456864961], [129.30713701910886, 35.32854320185322], [129.30721566568477, 35.32854844672435], [129.3075830605836, 35.32856365579062], [129.3077675808445, 35.32853173827756], [129.3078020092732, 35.328518284347886], [129.3078048550238, 35.32850874129914], [129.30779625481878, 35.32849729950318], [129.3077504096734, 35.32844960649023], [129.30774985454988, 35.32844562455375], [129.30777620776027, 35.328448748218875], [129.30788855286966, 35.32846803234371], [129.3080137233969, 35.32849948288948], [129.30813894695783, 35.328538940034974], [129.30829464134112, 35.328594397971436], [129.30840813326478, 35.32864025642507], [129.30856810080172, 35.328711315313576], [129.3086544671488, 35.32875936989472], [129.30880919082568, 35.32885120820447], [129.30885219631264, 35.32888053555198], [129.3089335940311, 35.328937337150926], [129.30907350469212, 35.32904755573088], [129.30934340670777, 35.32937362343213], [129.30936027983995, 35.32939709589128], [129.30936951849478, 35.329410810723346], [129.30945701859847, 35.329650115882], [129.30945652973566, 35.32965414409081], [129.30945459888358, 35.32966464894893], [129.30800197936762, 35.3308017178458], [129.30702769385465, 35.33078521417792], [129.30696378395953, 35.3307833947425], [129.30674692777654, 35.33076135559068], [129.30628595873577, 35.330702640288294], [129.30621661239215, 35.3306885757783], [129.305116779751, 35.33031486172727], [129.30504040985764, 35.33028374141576], [129.30487889047723, 35.33017466483941], [129.30483740484232, 35.33011609248139], [129.3048328643769, 35.33010207994621], [129.30482876423042, 35.32988602267439], [129.30446406048912, 35.32999439769002], [129.30418591946005, 35.330135650752865], [129.30413958676917, 35.330162337550334], [129.30270692164024, 35.332302111138354], [129.30236855609064, 35.33303309029272], [129.30222722787244, 35.33346605098137], [129.30218372301655, 35.33362837027051], [129.30226849868308, 35.333891166051586], [129.30231746684936, 35.33404257520257], [129.2999377306551, 35.33596831319164], [129.2918892541842, 35.33681723354132], [129.28977477357637, 35.33926488458643], [129.28600220601504, 35.33929177756581], [129.28557295175963, 35.33922977523933], [129.28550672456774, 35.339220890811745], [129.28172651652477, 35.340284199805765], [129.2811336054373, 35.34057401559022], [129.27966242491595, 35.34137064720536], [129.28082272756217, 35.342927217773386], [129.28210199814478, 35.34389765678977], [129.28344951840782, 35.3454357396158], [129.2838808536963, 35.34608370388255], [129.28493108445178, 35.35073205506791], [129.28433149826034, 35.35233788670565], [129.28415696951168, 35.352779907117416], [129.28398215607785, 35.35307775175802], [129.28325814763966, 35.35368332791013], [129.28318881039664, 35.35372321054544], [129.28278595853547, 35.35395482475647], [129.2826264156557, 35.35409934435089], [129.28212802356148, 35.35455127210245], [129.2811301381952, 35.355526941448936], [129.2805161967055, 35.35622236876154], [129.28094436047962, 35.35907862392727], [129.28127251311912, 35.360785626317664], [129.2815012433144, 35.3610962683372], [129.28173544360118, 35.36152788237858], [129.2819341210961, 35.361906255298905], [129.2823588508972, 35.364014522907205], [129.28223140417595, 35.36532477144405], [129.28091181530084, 35.36558621197096], [129.2795379693093, 35.366094210248136], [129.2794282106387, 35.366139510399705], [129.27834482291462, 35.367944648150875], [129.2775703406938, 35.369929243010105], [129.2775705113232, 35.36994726057346], [129.2773441785064, 35.371362858480914], [129.27684065636407, 35.372139106403935], [129.27234580938534, 35.37721473519474], [129.27117056272738, 35.377911379931625], [129.26807621084816, 35.380640230894514], [129.26625930191472, 35.38373575756803], [129.26610680255246, 35.38415973816589], [129.26578021087533, 35.3852689845307], [129.26552213236982, 35.38714429032406], [129.26333798851232, 35.38564393314038], [129.2619386257319, 35.38510611261777], [129.25846877070654, 35.38420318503283], [129.25797311946985, 35.38412318270058], [129.2578301510648, 35.38415048961593], [129.25746725867845, 35.384232449574114], [129.25581868071288, 35.384929910522054], [129.25544519404903, 35.38513793652552], [129.25486283677085, 35.385463760386855], [129.25479379370435, 35.38556514976384], [129.25471913011756, 35.385674960960415], [129.25470922572114, 35.385689357393616], [129.253775602768, 35.386281079819014], [129.25289705405365, 35.38683783449114], [129.2506422352563, 35.387365171181514], [129.25029925738397, 35.38675304495928], [129.2508247974695, 35.385841603041456], [129.25087628829618, 35.38472385271103], [129.25074350235167, 35.384498805827874], [129.24983855391375, 35.383671447571906], [129.24879119966275, 35.38315084905917], [129.2484583198919, 35.383075241992714], [129.24800399653844, 35.382972185028756], [129.24724102618885, 35.3827991181933], [129.24693008878197, 35.382758154187506], [129.24683116438052, 35.38274928829809], [129.24680915263232, 35.382749278467266], [129.2419794227994, 35.38335386877914], [129.2402211161011, 35.384303758722886], [129.23701625373752, 35.383561990444164], [129.23680654595623, 35.38336411831065], [129.23643130803887, 35.382986267349004], [129.23625333308368, 35.38235569909075], [129.23609770308903, 35.381724996832425], [129.23539981650268, 35.3802572986722], [129.23334290558037, 35.380540591047605], [129.23244104204846, 35.38074070743284], [129.23176429343778, 35.38105014306145], [129.23174833414083, 35.38105748239607], [129.2301968501823, 35.38114145842874], [129.22481323632894, 35.380421532831974], [129.22188421189603, 35.37982296436746], [129.220474098993, 35.37929372226934], [129.21853628687185, 35.37895478988329], [129.21650120587222, 35.37934595180878], [129.2115636964165, 35.38077875921696], [129.2110140799173, 35.381050136649684], [129.2084090883614, 35.3823345184059], [129.20794708490294, 35.38245250746345], [129.20509022815295, 35.38434107812703], [129.20435516448526, 35.38521658568902], [129.20366431895232, 35.38629023263999], [129.2034011106619, 35.386588171627324], [129.2025773536985, 35.38723845892562], [129.2011698914996, 35.38778167625433], [129.20182775629524, 35.38968230777032], [129.20187291272802, 35.390623271512524], [129.20203314669308, 35.39116040777379], [129.202815499076, 35.39261065225375], [129.20326426105552, 35.39290818652639], [129.20378328190174, 35.393239815483604], [129.20495513843514, 35.39397003177926], [129.2059072310328, 35.39456822499854], [129.20653617848956, 35.394968381061744], [129.20723491404655, 35.395417293075354], [129.20780565659587, 35.395784733639736], [129.2078285358622, 35.39612549974978], [129.20785476754912, 35.39649824065639], [129.20790252374763, 35.39708274110704], [129.20891850313416, 35.3994327404899], [129.20941373746138, 35.399518780634274], [129.2096861420313, 35.39956591440489], [129.21027326074696, 35.399666716681494], [129.21056957635182, 35.399714367185446], [129.21380836096867, 35.402081433568476], [129.2188837843623, 35.406971481735816], [129.21907199554443, 35.407684454672186], [129.21888797882826, 35.409302079841765], [129.21817540455962, 35.41152947280452], [129.21680031489188, 35.41214074352209], [129.21611988133316, 35.41243952483087], [129.21478802842688, 35.41302014137149], [129.21390004110958, 35.414079902576525], [129.2130797161027, 35.41602423641997], [129.21296612591408, 35.41672859251107], [129.21286335531596, 35.417363066491525], [129.21145653565267, 35.41906295373587], [129.2108593881416, 35.419399164989734], [129.2102397347562, 35.4197476683135], [129.2086441563484, 35.42006488562653], [129.2078344482725, 35.42003909624812], [129.20694524644074, 35.42000737071165], [129.20563044319962, 35.420260986067056], [129.20327927014526, 35.42101317409564], [129.20213734713678, 35.421547834665006], [129.20015744960088, 35.424147740372575], [129.20055654174848, 35.425377086223094], [129.20093207509288, 35.42807308841528], [129.1999430513858, 35.430451930623946], [129.2007277341067, 35.43068666489208], [129.202112185148, 35.43207423307554], [129.20192021967145, 35.43258717259868], [129.19845199574164, 35.43684045314024], [129.1980087293259, 35.43733901025685], [129.19694784882458, 35.4382092023106], [129.1973581356634, 35.4383947674636], [129.19712665875318, 35.438695659246086], [129.19697791901183, 35.43888844042445], [129.1933628993158, 35.43748547539254], [129.19205671672276, 35.43662162979117], [129.1914820139903, 35.436224928323696], [129.19132530455798, 35.43610026171437], [129.1911149818744, 35.435932433332816], [129.1910554954724, 35.43588352280404], [129.19081825588177, 35.435687156465704], [129.19075408193126, 35.43561824835904], [129.19069573445, 35.43554017820533], [129.1906593736354, 35.43544235727136], [129.19060326877377, 35.435289930117], [129.19056949496553, 35.43519928711695], [129.19051313723884, 35.435088542086135], [129.19043871199253, 35.43504852236257], [129.1903887653558, 35.43502817781993], [129.1903296861885, 35.435004331498824], [129.19024253127046, 35.43496926270486], [129.19014060442362, 35.434944211335015], [129.1900646838157, 35.43492560067524], [129.1899360997996, 35.43490833488444], [129.1885809888567, 35.434756236279675], [129.18830703110078, 35.434748205562386], [129.18716032424334, 35.4348250366553], [129.18444283281545, 35.434484433171505], [129.18369854816652, 35.43415094528814], [129.182069668013, 35.433522897653276], [129.17835873771904, 35.432259515014444], [129.1774671402881, 35.43291990168545], [129.17674546795803, 35.43363256482409], [129.17283042541754, 35.43361522929288], [129.17276364557836, 35.43360814528417], [129.17266313320798, 35.43359730396991], [129.17184594301636, 35.433505932031885], [129.17112942691378, 35.43342356842888], [129.17107607283887, 35.43341716311349], [129.17063319427805, 35.43326963598428], [129.17007774922016, 35.43261076388935], [129.17001503135427, 35.43248903476234], [129.16993834103886, 35.43234689659425], [129.16823465468462, 35.43183946073544], [129.16804993532494, 35.43179254141084], [129.16783674470278, 35.431794805425135], [129.16760893235409, 35.43179835471426], [129.1656455952471, 35.432120163613625], [129.1651939978349, 35.43360962718019], [129.1634688289968, 35.43448735399674], [129.16261522049237, 35.43477128833663], [129.16195143934365, 35.43498792321356], [129.16034685426146, 35.43552759406987], [129.15847121175952, 35.436498113728454], [129.15509161745777, 35.438874178535755], [129.1540039314984, 35.43972391769348], [129.15344840633117, 35.44016696486216], [129.15276955814667, 35.44082648270599], [129.15245084619536, 35.44128725546624], [129.1520444217847, 35.441865583429895], [129.14779653211014, 35.444142395031555], [129.14599327378184, 35.44411893815433], [129.145080344304, 35.4446729167197], [129.14315226333832, 35.44565411158643], [129.14046610302026, 35.44762913281733], [129.13959301887508, 35.44852933663609], [129.13875306160273, 35.450404597976835], [129.1386131517558, 35.45071753952535], [129.13808867645687, 35.452108126110154], [129.13567038693, 35.45349082487491], [129.13408702917263, 35.454606486609514], [129.13128449882404, 35.456353760019255], [129.13088394970194, 35.45816596366616], [129.12855819725235, 35.460031333326285], [129.12638468937314, 35.461676941146685], [129.12176606408906, 35.46344269843353], [129.12058203593796, 35.46549351405561], [129.12112255209715, 35.466534409799294], [129.12169084285654, 35.46748881293779], [129.12127176180906, 35.47010668627703], [129.1199977157681, 35.4710724780827], [129.1188378275804, 35.4719573116875], [129.11854646274222, 35.47237009184718], [129.117559753848, 35.47398480544638], [129.11712585974013, 35.47515254830314], [129.11569592341905, 35.47664036572821], [129.11373436402818, 35.47744690556167], [129.1120207288563, 35.478152210846545], [129.10962854093034, 35.47949859643284], [129.1094393719956, 35.47966184389337], [129.10832247108806, 35.48107422893624], [129.10792143032637, 35.48364879521382], [129.1079479489579, 35.483911136926835], [129.1080469517716, 35.484040333733084], [129.10815007339028, 35.48415727119885], [129.10825832597627, 35.484250404031485], [129.10876322141357, 35.48468948243434], [129.1089390727046, 35.48485972474888], [129.10895803889528, 35.484878163749], [129.10908227240495, 35.48507492917339], [129.10926828582566, 35.485372473812724], [129.1093749513665, 35.48659674876594], [129.10850855170372, 35.487922437364965], [129.10797186780988, 35.48821048734911], [129.10745949164638, 35.48865032589163], [129.10678937719857, 35.48947743627453], [129.1062658635996, 35.49129275484598], [129.1062185035367, 35.4918201951889], [129.10633013183764, 35.49383873917942], [129.10649011084703, 35.494372769251], [129.10672323676405, 35.49513585353715], [129.10526757404787, 35.49646513156717], [129.1042751159168, 35.49711083779907], [129.1040569283807, 35.497252131487166], [129.10400944338045, 35.49728259172546], [129.1025991995101, 35.49767274629748], [129.10221323508657, 35.49764054278779], [129.10128973657004, 35.497272623680054], [129.10045579748137, 35.49661986389631], [129.09953190258025, 35.49647922630673], [129.0991476953672, 35.496609520058406], [129.09826103996122, 35.49693160417203], [129.0978774635396, 35.49715512886525], [129.09741444115073, 35.497485180049196], [129.09713471252408, 35.49772579912357], [129.09695982963063, 35.49793956876201], [129.09679182025775, 35.49814601849746], [129.09489575154237, 35.4981162359191], [129.09433825211016, 35.49761812719611], [129.0934646025157, 35.497893839426766], [129.09112885119268, 35.4981458485446], [129.09069830756553, 35.49827981823426], [129.09061876581322, 35.49830522715546], [129.09045593879574, 35.498379559891156], [129.09015021333448, 35.49858433628307], [129.0900503281695, 35.49865223646787], [129.09003691735646, 35.498661385525864], [129.089834032474, 35.498801516281105], [129.089260134538, 35.49919963998025], [129.08733125441995, 35.500725353108884], [129.08690748092872, 35.50122520154185], [129.0864410393812, 35.501839941396376], [129.07974751923467, 35.50299236446261], [129.07724720927473, 35.50371993085857], [129.07169590827715, 35.5056405319113], [129.07104063803254, 35.505896656120825], [129.06946942333582, 35.506521848871934], [129.0688129698855, 35.506822742451966], [129.06860345035952, 35.50692777619619], [129.06807102600223, 35.50726550055321], [129.06679559779698, 35.5080354024611], [129.0653356803262, 35.50879932993368], [129.06440562801004, 35.50925624707181], [129.06161365016604, 35.509625651435236], [129.05861693025653, 35.51132733880663], [129.05263036810183, 35.5144724617121], [129.05191492035135, 35.51705936164529], [129.05115861651993, 35.519092109444884], [129.0510564070588, 35.51984009644458], [129.05218976976812, 35.52133944308639], [129.05242633892595, 35.52250863764925], [129.05211296757616, 35.524401499471026], [129.05327729918153, 35.5257171882801], [129.053307467798, 35.525740270819526], [129.05427090621973, 35.525905326576584], [129.05656928376763, 35.527109926134415], [129.05671993690396, 35.529233400393835], [129.05679606177367, 35.53020902283927], [129.05682879341128, 35.53069979139176], [129.05582321213848, 35.53226752700897], [129.05559380803493, 35.5321900932263], [129.05354823396848, 35.531499609577324], [129.04823411974908, 35.5295790608013], [129.04765227229686, 35.529461979888914], [129.04581905939108, 35.5294530926733], [129.04324523331718, 35.52911968332492], [129.04230278711577, 35.528595418559895], [129.0392640517035, 35.527549216614936], [129.0333344113645, 35.52582888321759], [129.0324557740833, 35.52567997299093], [129.031056203906, 35.52600127350741], [129.03004833615807, 35.52624247054471], [129.02734328586635, 35.527114389579296], [129.02415259844523, 35.52579011754546], [129.0203338566575, 35.52412914728657], [129.01295538306337, 35.523140760391264], [129.01165599746162, 35.523123270121964], [129.01087789328452, 35.52321416551632], [129.00903249764943, 35.52399180823721], [129.00896437057386, 35.52489522488072], [129.00903402221218, 35.525546978757234], [129.00925445387276, 35.52650529909653], [129.0093571455035, 35.52674343288707], [129.00951015346624, 35.52705732796736], [129.00955031936118, 35.52727096079853], [129.00969079594688, 35.528039308192554], [129.0096933892415, 35.52806099437412], [129.00955042583928, 35.52831970789075], [129.00759705723607, 35.52910887968127], [129.0073806784782, 35.52912509193486], [129.0042728099067, 35.52917913821539], [129.0020330377791, 35.52893201610548], [129.0018585233517, 35.52891215913734], [128.99777044130752, 35.52811473799056], [128.99539238571865, 35.52782439251263], [128.99458594512777, 35.528130796042035], [128.99456748163442, 35.52848061115089], [128.99457945385535, 35.529469782203535], [128.99463487088056, 35.53016364267604], [128.99466344478358, 35.53043136150444], [128.99551012833027, 35.53133763205651], [128.99607861677097, 35.53202279026727], [128.99620712644077, 35.53225769584951], [128.9961347021426, 35.533233911829456], [128.9960483541257, 35.53367118324837], [128.99592133129096, 35.534312081541394], [128.99592161467544, 35.53524774792455], [128.99617846847548, 35.53572558128578], [128.99643136842397, 35.53619596208956], [128.99723679108396, 35.53689252592593], [128.99802189883744, 35.53764612238337], [128.99883355214195, 35.5385420918582], [128.99896117704185, 35.54000148945775], [128.9983489307813, 35.541720699807506], [128.99659111839762, 35.54403528670242], [128.99441282126116, 35.54575187085855], [128.9944014459945, 35.54575538550505], [128.99229112325006, 35.54737110788873], [128.99094254630407, 35.54896769841806], [128.9903294772293, 35.54991118346321], [128.98934785284192, 35.55160482380992], [128.9874246883645, 35.55071050099405], [128.9854831904579, 35.549544208892314], [128.98434553850262, 35.54869204813155], [128.98219415216332, 35.54722725157003], [128.9809219865529, 35.54637321114387], [128.98038609262798, 35.54703416048704], [128.97967899768815, 35.548635239323], [128.9787857489525, 35.54968987506449], [128.97702888279153, 35.55156352609806], [128.97618738696448, 35.55223355076053], [128.9752094636996, 35.55322744011026], [128.97291614198573, 35.55606262588628], [128.97236773459153, 35.55712263858548], [128.9713444033724, 35.559877114847005], [128.97119034737432, 35.56029998383248], [128.97185561263882, 35.56023761913542], [128.97562681036715, 35.561899262032874], [128.97697947480273, 35.56275450805025], [128.97790547715732, 35.563446998626574], [128.97957330705492, 35.5634283049814], [128.9816576083494, 35.5638501548559], [128.9849924493615, 35.56459661736499], [128.98701089419637, 35.56539593115156], [128.98932013344145, 35.5663414192546], [128.99318407721492, 35.567346125381604], [128.99408020694509, 35.56699693209773], [128.99581423463135, 35.567885502244344], [129.0030808855627, 35.57511512662575], [129.00377697030254, 35.57617568448547], [129.00432687911578, 35.57678558573244], [129.00450184511402, 35.57697767449351], [129.00484437767454, 35.57729889053409], [129.00793072682745, 35.580191626813374], [129.0122546807832, 35.58269747203017], [129.01305081400767, 35.58296553631882], [129.0144728152107, 35.58257177977883], [129.01728671267, 35.58324346916622], [129.01889543364894, 35.58381993289332], [129.01919584393573, 35.58426363588862], [129.01882330127646, 35.58505428834206], [129.01893193155396, 35.58676123681129], [129.01943002039948, 35.58765189110119], [129.0205134534192, 35.58862145147178], [129.0216149610088, 35.58938329007037], [129.0220428272402, 35.5898880803913], [129.02275488724942, 35.59126495755514], [129.02301897052794, 35.59622735855703], [129.02462285803563, 35.59991614902243], [129.0243699417205, 35.60126447188146], [129.02430621520293, 35.60153092724864], [129.02304787641904, 35.602433286988706], [129.02264797282785, 35.60295357247307], [129.02290260576746, 35.60405901060073], [129.02360085706306, 35.60924551736203], [129.02301841682998, 35.61343942869786], [129.0224548609788, 35.614223359507896], [129.02035161224873, 35.615232167723526], [129.019413504042, 35.61559423055301], [129.0166749853083, 35.616288518380074], [129.01327675270306, 35.61533516587198], [129.00850135318714, 35.61593743187405], [129.00791724158378, 35.616191659997796], [129.00646749240119, 35.61850028253367], [129.00574091468724, 35.61905277308415], [129.00273979074169, 35.62025845564048], [129.00386549887415, 35.62170775141542], [129.00606462526406, 35.623457667841755], [129.008939583141, 35.625341678565164], [129.01026538943168, 35.62605829102396], [129.0126217348548, 35.62688433077246], [129.01472928272352, 35.627775775990806], [129.01677653225568, 35.6287698305134], [129.018023180821, 35.62964775940065], [129.0186190280124, 35.63074216880407], [129.01933029738933, 35.63236426928541], [129.02007571947954, 35.63402561894067], [129.02067209903785, 35.63496552820996], [129.0209092155531, 35.635083107732314], [129.02477079037877, 35.636098826901915], [129.02661073038703, 35.63639548351335], [129.0268692268712, 35.63614142002185], [129.02852344295619, 35.63486738470607], [129.02896858434883, 35.63464454027288], [129.03043354073998, 35.63400591707368], [129.03548622404097, 35.63202091460414], [129.0363779170917, 35.63216409928141], [129.03696705782116, 35.63246172911167], [129.03723260592025, 35.63319381729744], [129.0373382097278, 35.63360332024431], [129.03796743892963, 35.6348716432902], [129.04067011856142, 35.63727324569188], [129.0433434043186, 35.64096747115846], [129.04383072377308, 35.64203511321148], [129.04417054512572, 35.64285696284449], [129.04446879278584, 35.643618782556565], [129.04462973113417, 35.64447860230378], [129.04473156718709, 35.64490767493503], [129.0450993033972, 35.646301528521285], [129.04607888874082, 35.64912738112785], [129.04690108035405, 35.65051760682825], [129.04850061512383, 35.650183347323406], [129.05058404026727, 35.649480106256654], [129.05204644478496, 35.649059995569296], [129.0548036944722, 35.64849544196855], [129.05670954911133, 35.64833830905748], [129.0576820493995, 35.64825624384742], [129.06330616738924, 35.64663467288906], [129.0693022654704, 35.645413511719866], [129.06930942366685, 35.64541057858756], [129.0696220448333, 35.64527905358299], [129.0705393833016, 35.64489271916356], [129.0711090843263, 35.64449743145914], [129.07118940697057, 35.64444127063246], [129.07177225186476, 35.6440206959989], [129.07217627788452, 35.64372906174299], [129.0721976073561, 35.643713628413124], [129.07222249491517, 35.64368870230829], [129.07554602196655, 35.64035588855456], [129.07769039638134, 35.64149331221965], [129.0784277052644, 35.64188439638029], [129.0789555068924, 35.64216447434276], [129.07911867584255, 35.64225796716897], [129.0796621300659, 35.642569463526016], [129.08068147314364, 35.64315376170886], [129.08085479919868, 35.64325313474673], [129.08091862447546, 35.643492784533436], [129.08103214436287, 35.64391954761633], [129.08131080236402, 35.644967598931906], [129.0813627932396, 35.64516367475812], [129.08115024655663, 35.646691884599704], [129.08113014924731, 35.64683513397575], [129.0807429636051, 35.64781556526053], [129.08068856313503, 35.64795307311114], [129.08053821350137, 35.648141945078294], [129.0798255347091, 35.649036468308935], [129.07976438012184, 35.64911313132398], [129.07797758096936, 35.649882855710494], [129.07617653854905, 35.65091735485734], [129.07535999787277, 35.6517878785219], [129.07532407773195, 35.65182636717371], [129.07217667466512, 35.655638230917965], [129.06807625201233, 35.65856345175235], [129.0680341709172, 35.658617397821956], [129.06789322957457, 35.65879849394791], [129.0674697931806, 35.66089797837639], [129.0672733611301, 35.66199195085117], [129.0673923683487, 35.662178004063065], [129.06845303514754, 35.66374290018493], [129.06903957027254, 35.669052212267694], [129.06715348835243, 35.671346468486504], [129.06809482624024, 35.67319064158766], [129.06900048040413, 35.67375656304767], [129.07118102238192, 35.67551464527631], [129.0730282745899, 35.677379381551305], [129.07299369899837, 35.67738982958046], [129.07229543130842, 35.67760022142884], [129.07152398079822, 35.678090079967575], [129.07070530743786, 35.67863565969154], [129.06999808161729, 35.67998326124788], [129.06980194313468, 35.681436537037364], [129.0698768313378, 35.68237223525529], [129.07188635798792, 35.68435373145483], [129.07269869279224, 35.685282509506436], [129.07374278493612, 35.68653703044713], [129.0739463551735, 35.686787805386565], [129.07411517419303, 35.687042700983625], [129.07410833627847, 35.687165305885685], [129.074071422411, 35.68731250664982], [129.07397726495086, 35.68756868760863], [129.07397364101035, 35.687775857419666], [129.07408733613667, 35.68800747508263], [129.07434982162718, 35.688440541901016], [129.07722107459787, 35.69293562190192], [129.0804648827788, 35.69590486715709], [129.08306798407955, 35.697643590108534], [129.08480964387894, 35.697820407752424], [129.08573838817424, 35.69809126976046], [129.0873470347654, 35.6990050156957], [129.08992525794795, 35.700971679088376], [129.09024380648432, 35.702566267804784], [129.09029098942693, 35.70267500947026], [129.09101599356055, 35.70273814871472], [129.09177203008625, 35.70280400319316], [129.09273255922977, 35.70288770039489], [129.0928969213771, 35.7029020236857], [129.09334535097005, 35.7029411128329], [129.0936892924918, 35.70297117331696], [129.09736006423557, 35.704302832564785], [129.1016623331601, 35.70599983583995], [129.10175903727782, 35.706067143891026], [129.1020776047365, 35.706142540088216], [129.10290544332875, 35.70633814687072], [129.10320732269182, 35.70640946206742], [129.10348632949422, 35.70641148806692], [129.10501256585516, 35.706422126639694], [129.11036727122325, 35.70740629815666], [129.112746235608, 35.70838364026474], [129.11569783746094, 35.708478513318866], [129.11713127067026, 35.70723601159581], [129.11750042569582, 35.70666508817654], [129.11962670112715, 35.70700203790732], [129.1228249078019, 35.70780565107414], [129.12400925049468, 35.708201931190814], [129.1241267198462, 35.70824435168841], [129.12421212360533, 35.70827523089013], [129.12427265791226, 35.70848774447973], [129.12430388381932, 35.70859799197492], [129.1243077658146, 35.708614116478266], [129.12482473754758, 35.710050516971584], [129.1256964116675, 35.71244043252462], [129.12620535651172, 35.71357270415041], [129.12699212245195, 35.71403638318711], [129.1273641305169, 35.71412047113296], [129.13136693952688, 35.71276114158847], [129.13416347493833, 35.71210914559662], [129.1352928296512, 35.712342404918566], [129.1367782700916, 35.71286458190291], [129.1364496183005, 35.71311200723448], [129.13599606143143, 35.71346612374594], [129.13581095437814, 35.71363258362748], [129.13610887248115, 35.71442010563672], [129.13656949979512, 35.715482378352924], [129.13792976810547, 35.71708156236823], [129.1394962575747, 35.71822920182974], [129.13951493658809, 35.718242951475524], [129.13949888964578, 35.71826281062409], [129.1375346829268, 35.72069933014264], [129.138399056024, 35.72178835340605], [129.1409884211855, 35.723851531935544], [129.1413093821567, 35.72410332505339], [129.1420466627863, 35.72434968803661], [129.1445325909645, 35.724827062903444], [129.1461131562188, 35.7249188472762], [129.14613113993607, 35.72491979030361], [129.14721446178206, 35.72466506328066], [129.14872472603054, 35.72347616794177], [129.1498367332729, 35.723313127856294], [129.15286884826483, 35.72196308420607], [129.15483307337934, 35.72094225864457], [129.15627609930155, 35.719763757326504], [129.1580524034189, 35.71764159179353], [129.15939299311222, 35.71601028009454], [129.15948456472066, 35.71585939525013]]]]}, "properties": {"name": "\uc6b8\uc8fc\uad70", "base_year": "2018", "name_eng": "Ulju-gun", "code": "26310"}}]}