{"type": "FeatureCollection", "features": [{"type": "Feature", "geometry": {"type": "MultiPolygon", "coordinates": [[[[128.59507982409684, 35.87584401809222], [128.5950790442808, 35.875323862304526], [128.59499352882213, 35.87528831531351], [128.59748190951788, 35.87536974949179], [128.6013763637774, 35.874602323099914], [128.60343186161234, 35.873993853582746], [128.603859985139, 35.87387345541408], [128.60439500651228, 35.87379444986257], [128.60480260466326, 35.87377662458332], [128.60483670752123, 35.873776609323784], [128.60597311459773, 35.87381802335713], [128.606434025362, 35.8738759493094], [128.60661936014478, 35.873899704741056], [128.6072886047177, 35.87399288549262], [128.60732880351736, 35.87400282785916], [128.60845186864364, 35.874315113227006], [128.60883064025197, 35.87442821688622], [128.61061715713134, 35.87497074709717], [128.61078532324026, 35.87488608628403], [128.61256562462063, 35.87392147334835], [128.61323670567432, 35.87238397625059], [128.61354332926462, 35.871676307230594], [128.61432815838418, 35.8689663053062], [128.61466446587042, 35.86813553469617], [128.613669546091, 35.865378418692075], [128.6136021712257, 35.86524542205703], [128.61352527034023, 35.865098183371494], [128.6132886670625, 35.86469082966847], [128.61290077050305, 35.86406993779449], [128.6126923633463, 35.86385360310124], [128.61239128358628, 35.86369257148559], [128.61140698465846, 35.863211138875236], [128.61055567519762, 35.86285600990388], [128.61033535967303, 35.86272180695359], [128.6099917442482, 35.86248704948225], [128.60966766952083, 35.862085157512375], [128.60951074682583, 35.86177279852949], [128.60937946462062, 35.86115167005429], [128.60866771431358, 35.86079370761852], [128.60822407003678, 35.8598078137445], [128.60814479135706, 35.859446236963066], [128.6080320532598, 35.85864499909458], [128.60799117491038, 35.85829577367093], [128.60798898984766, 35.85742892530316], [128.60801893162096, 35.857028004684764], [128.60809307221263, 35.85605661019913], [128.60811269103442, 35.8558015854158], [128.60812740088687, 35.8556307839117], [128.60824410436035, 35.85501770857944], [128.6083101534029, 35.85490598347682], [128.60277757269037, 35.85523910339861], [128.6020500237732, 35.85526620067398], [128.60052809411636, 35.85536031321936], [128.59808091099637, 35.855523949553614], [128.59603498157603, 35.85641290955691], [128.59476368223693, 35.85655806936343], [128.59467374830527, 35.856568336332806], [128.5877946979517, 35.856764613829036], [128.5842277104725, 35.856453738467096], [128.5828563265427, 35.85633673415873], [128.57445399641307, 35.86006670652148], [128.5743671981078, 35.86118035507701], [128.5741765603408, 35.86260146943061], [128.57417456826062, 35.8626161917676], [128.57390030057138, 35.864369830814425], [128.57384340504638, 35.864746892345984], [128.5738263517408, 35.86486192756617], [128.57377272413268, 35.86537486889014], [128.57473178575918, 35.86614044600791], [128.57500642698315, 35.8663359477771], [128.57567712447155, 35.86680847345575], [128.57655174423743, 35.86739857017476], [128.57669194148002, 35.86749057144324], [128.57728299794718, 35.86786572868446], [128.5776237253533, 35.86813920562407], [128.57841302676152, 35.86878314686191], [128.57884091274104, 35.86923392179066], [128.5790962459497, 35.86950626622213], [128.57911118739815, 35.8695315299431], [128.57921822136413, 35.86973900983903], [128.57961105284159, 35.87033118696766], [128.5793953136076, 35.87280284899854], [128.57920905061707, 35.87259009308234], [128.57912560078313, 35.87251410176511], [128.57898151458474, 35.872422327770096], [128.57885950161617, 35.87234533391647], [128.5787922811448, 35.87232269354569], [128.57729829496145, 35.87192123124704], [128.57675917213942, 35.87188290195075], [128.5755836920142, 35.87309586282409], [128.5755360378525, 35.873413282789606], [128.57549066448348, 35.873790964424956], [128.57549336233487, 35.87386025605526], [128.57550367258318, 35.873903171910634], [128.57556599952744, 35.87408379917923], [128.57651100514425, 35.875987207746014], [128.57651602989404, 35.87599654257134], [128.57652695015057, 35.87601439841993], [128.57657455523986, 35.876075862229136], [128.57668874477272, 35.87616302596135], [128.57669507496098, 35.87616699379399], [128.57672007160917, 35.87618265345453], [128.57677294949158, 35.87620447688531], [128.57691019142007, 35.87623809909524], [128.57842443047758, 35.87591375359534], [128.57773522638837, 35.879577900194796], [128.57999719367967, 35.87913241285244], [128.58407909889573, 35.87829730878386], [128.5883250029831, 35.87748000300613], [128.5882971109555, 35.87728284081085], [128.58909238362733, 35.87712424314314], [128.58984465897277, 35.876998972529506], [128.59340077937867, 35.87629453123644], [128.59461920122476, 35.87604472910227], [128.59507982409684, 35.87584401809222]]]]}, "properties": {"name": "\uc911\uad6c", "base_year": "2018", "name_eng": "Jung-gu", "code": "22010"}}, {"type": "Feature", "geometry": {"type": "MultiPolygon", "coordinates": [[[[128.6960412831216, 36.01557334862877], [128.6968012359546, 36.013172196504996], [128.70138207401814, 36.0108526013238], [128.70442225021262, 36.0100779010664], [128.70643440700067, 36.00975026251946], [128.70728167698903, 36.00971395745712], [128.70801822301084, 36.00968239222964], [128.71185060079532, 36.00916232726938], [128.71589379485866, 36.00850174623424], [128.71786484829812, 36.008127068750944], [128.72088444196757, 36.00703325321635], [128.72132863079787, 36.00670982536389], [128.72164014476408, 36.00627081358954], [128.7226590912381, 36.006131390702684], [128.72635845976157, 36.003653120955484], [128.726877924634, 36.003227908278014], [128.72687795522037, 36.00322787731313], [128.72781428353042, 36.002226887237335], [128.72860555162617, 36.00071910433001], [128.73040224876496, 35.997982561756736], [128.73187303320898, 35.99752713640833], [128.73204098491803, 35.99738617188923], [128.73262026418928, 35.99689995372043], [128.7338143453383, 35.99542602830393], [128.73398641972, 35.9950678815926], [128.73420382249833, 35.99461528373173], [128.73470067881007, 35.99307570308921], [128.7348557080707, 35.992956039210966], [128.73415626736966, 35.991806536487225], [128.73316403925008, 35.990688302585795], [128.73311072369307, 35.99066013872871], [128.73305092070407, 35.99062854539865], [128.73206406425572, 35.99010712864999], [128.7318780398797, 35.98982129937437], [128.73159183006484, 35.9893812998822], [128.73118684834404, 35.98751143711617], [128.73097394673397, 35.98536143559031], [128.73223979742792, 35.98375306560554], [128.7329345561592, 35.98327933579846], [128.73319290826421, 35.98310317689816], [128.73319297427378, 35.983103141961394], [128.73540024473562, 35.98221380005008], [128.73670283688682, 35.98114855476131], [128.73703408829937, 35.980296722484134], [128.7372826516744, 35.979164786879004], [128.7380274184862, 35.97751596745654], [128.73882320798575, 35.97680525559275], [128.7402939260819, 35.97581440952966], [128.74152358303374, 35.97526943909619], [128.74308621056204, 35.9748697107157], [128.7437539531428, 35.97467247143149], [128.7453354977298, 35.97403138872467], [128.74583515520249, 35.97350120509967], [128.74608801711938, 35.973074859179164], [128.7462102552109, 35.97286862809085], [128.7453969507409, 35.96921889817169], [128.7442557911566, 35.96653554889757], [128.74333433564587, 35.96255929587376], [128.742994632671, 35.95994539039464], [128.7429104725039, 35.959819612855284], [128.742791939171, 35.95964252794895], [128.74247960711028, 35.9592677436993], [128.74187880897634, 35.95883238439181], [128.74111951535056, 35.958592211821596], [128.7403100202361, 35.958147199953025], [128.73890603828508, 35.95723715436781], [128.73857223503936, 35.956813674744645], [128.7383510704285, 35.956520073514895], [128.73827473239842, 35.95641867948977], [128.73803964343944, 35.956106139438866], [128.73796057348892, 35.9559433932676], [128.739811259712, 35.95479697308876], [128.74067108896196, 35.95330529573081], [128.7424388809564, 35.9496008916377], [128.7422965429564, 35.949064550490185], [128.7422471720562, 35.94779301985524], [128.743704161302, 35.944925222998194], [128.74380114855205, 35.944680015199474], [128.74408670174384, 35.943958020903416], [128.7440355657892, 35.94377444645444], [128.7438137877669, 35.942978369789635], [128.74093007773726, 35.93916374446768], [128.73974547661211, 35.93747218150896], [128.74081773305028, 35.93686586479993], [128.73945270245596, 35.93506033348183], [128.7382134651543, 35.93306682982976], [128.73843032276727, 35.93112546621553], [128.73834052604562, 35.930518512152474], [128.7377006781664, 35.92956836955187], [128.7367087983259, 35.92957402921098], [128.73764612932737, 35.9281028924685], [128.7387354827738, 35.926953699764056], [128.73892809586872, 35.92675294690772], [128.7393563886305, 35.92635842973514], [128.74009588081688, 35.925661466688304], [128.74112424108765, 35.92391192996872], [128.74254550256177, 35.921436087729724], [128.74255574302606, 35.921397923241685], [128.74264716134076, 35.921051639523824], [128.74283057082022, 35.920283697193724], [128.7440265245941, 35.919384845729134], [128.74559252717293, 35.918605739267086], [128.7484935053674, 35.91787954801711], [128.74888309665087, 35.917476831427436], [128.7508747136569, 35.91678776190443], [128.75132363202678, 35.916770626156115], [128.75219952632463, 35.91673706713094], [128.75482430275858, 35.91530103329819], [128.7548653762132, 35.91527527434426], [128.75514833044033, 35.915097780281826], [128.75524419173595, 35.91503763706969], [128.75529582300376, 35.915005191755306], [128.7563924568886, 35.91360629494049], [128.75693659547687, 35.912683634765784], [128.75741894679368, 35.91175324033408], [128.7591790124749, 35.90830083009246], [128.75980136823893, 35.90683332033981], [128.7593068310212, 35.90662197462401], [128.7579203063848, 35.90602941194705], [128.7570301022077, 35.90513227602103], [128.7567349117175, 35.90466678684121], [128.75661716067648, 35.903942834481555], [128.7565558676611, 35.90356554831269], [128.75701808550474, 35.89984283331816], [128.75728613398033, 35.89781172505235], [128.75737360326585, 35.897152775894256], [128.7575073480983, 35.896265879477376], [128.75761259025404, 35.89594407373053], [128.75781184702615, 35.89533484533585], [128.7602177163405, 35.89086066188939], [128.76133223234132, 35.887521401155496], [128.7609953258005, 35.88351188941092], [128.7606615786224, 35.88252098030481], [128.76010889556034, 35.88145781149242], [128.75883832181302, 35.879382947759424], [128.7576836805304, 35.87809773500243], [128.75835963781674, 35.87618002477594], [128.76070143649108, 35.8738684567354], [128.75958815695577, 35.87241764011176], [128.75884408892122, 35.8706065844291], [128.7598708946066, 35.86845986727833], [128.7598185632574, 35.86678380490608], [128.75981526676313, 35.866676523102825], [128.75980319994025, 35.86630409495811], [128.7597952940818, 35.86607494456876], [128.7592600621708, 35.865740965148284], [128.75925999177738, 35.86574092621821], [128.75834559519708, 35.86531279352441], [128.75795561896248, 35.86513810691687], [128.75773134102508, 35.865037642180965], [128.75755451703583, 35.86495264662164], [128.75737263877227, 35.86486514511409], [128.7567868817505, 35.864582310505455], [128.7564893224777, 35.86443853619549], [128.75637154515087, 35.864380413877456], [128.75634517423165, 35.86436736843809], [128.7559258098282, 35.864157843811896], [128.75592577180768, 35.8641578207692], [128.75534806971956, 35.863780493864496], [128.75509839741616, 35.86357735452185], [128.75507317253954, 35.863548036529615], [128.75504434078385, 35.86351431790205], [128.75483641703542, 35.86326250725973], [128.7531218854242, 35.86098122771381], [128.75257935339792, 35.8602369834147], [128.75224341024543, 35.859637290189184], [128.75087718172082, 35.85764685603991], [128.75075169525758, 35.85750873189852], [128.75057925533628, 35.85743802912521], [128.7478973371646, 35.856569454955746], [128.7469686518615, 35.85627432505698], [128.74612077169925, 35.85601940268345], [128.74583740676584, 35.85595339563963], [128.74548920835662, 35.85586439533585], [128.745268398572, 35.855748484084], [128.74517871444894, 35.855696850670164], [128.74117944419936, 35.852885617687576], [128.74017248652902, 35.852130286039866], [128.7392313486987, 35.851637317429095], [128.7389517910879, 35.85149344454095], [128.73857236620867, 35.85129822502726], [128.73780207911608, 35.85120348331425], [128.7375810504228, 35.85117632108995], [128.73745356864154, 35.85116069406929], [128.7370173370094, 35.85120690562406], [128.73628227273528, 35.85128485487384], [128.73501973653816, 35.85144190940883], [128.73443448175578, 35.8517753240202], [128.733772194439, 35.85216193763657], [128.7337030160196, 35.8522024208303], [128.73346921444937, 35.85233926786522], [128.7266146424908, 35.85685649066317], [128.7255975010363, 35.85772683909847], [128.72590718478344, 35.8579418347286], [128.72411314018822, 35.85994211351364], [128.71735951810416, 35.86071705086433], [128.71508863273823, 35.86086186831957], [128.71143391203043, 35.860818687210106], [128.71113677740743, 35.86070068058274], [128.71034307384355, 35.86028470357936], [128.70588080162202, 35.858132441464896], [128.70374515976613, 35.857588832925124], [128.69962237571224, 35.857772167697746], [128.6979027365707, 35.85857667252341], [128.69445835245943, 35.858762447424596], [128.69089688688007, 35.85890840520231], [128.68702882916307, 35.85905118644301], [128.68680935350642, 35.85901946181957], [128.68674255267976, 35.859011507377446], [128.68615905984979, 35.858973269625636], [128.6860219895998, 35.85896701561205], [128.68549818678687, 35.85911470164944], [128.6853612134167, 35.85915528168642], [128.68197415792292, 35.860370536503304], [128.68148136041538, 35.86067751222676], [128.68078701411437, 35.86122743110975], [128.68039485480654, 35.86164779253171], [128.68002387573696, 35.86214446498713], [128.6799784196657, 35.86274199218673], [128.68023784688017, 35.86341155074259], [128.67989086938707, 35.866694348435395], [128.67914008849763, 35.86801790639589], [128.6782851605572, 35.86966103717153], [128.67815591449323, 35.8700616310138], [128.67770668237762, 35.87086870313591], [128.6775353608441, 35.87111005267375], [128.67581344124355, 35.87326664912892], [128.6731061970486, 35.873831705562495], [128.67289094926755, 35.873226104482995], [128.67233857924413, 35.873018263248106], [128.67197574035583, 35.87288521322259], [128.6673627723809, 35.87242838986661], [128.66730486142023, 35.87243827113446], [128.66608375438997, 35.8726622594962], [128.66494839936564, 35.87283385295619], [128.66390193249256, 35.87310751035129], [128.66227194909484, 35.87377817224585], [128.66081732809226, 35.87467420208341], [128.6593992815927, 35.87681239768588], [128.65903823028162, 35.87658539803275], [128.65641195301686, 35.87601559397872], [128.65575874195596, 35.876057254618594], [128.655663742996, 35.876074825830266], [128.65523040704795, 35.876159000240776], [128.65503923037232, 35.87621446693338], [128.65483000510508, 35.87628359862945], [128.65468939343978, 35.876345288867086], [128.65442083046335, 35.87648054596872], [128.6542012143873, 35.87661885360525], [128.65355845627934, 35.87709544374303], [128.6528906934274, 35.87755525633666], [128.65240669368436, 35.87786560676701], [128.6520454293851, 35.87808292944602], [128.65196633202316, 35.878112252971995], [128.6515075643599, 35.8782780107026], [128.65127271183016, 35.87833088077796], [128.6510859645994, 35.87832768505582], [128.64880286713918, 35.87780659472705], [128.64508349078366, 35.87642527488678], [128.64495442120392, 35.87660724747582], [128.63962115676964, 35.87347205197004], [128.63875229200448, 35.87303365280886], [128.63710436660955, 35.872565728637404], [128.63512111008646, 35.87200599805956], [128.63369951144702, 35.87104210528505], [128.63071403553982, 35.86768351280342], [128.63024771401473, 35.867176453293645], [128.6300257308995, 35.866935766317106], [128.6298093774525, 35.86670611964487], [128.62710646395988, 35.866924938638356], [128.62707781206808, 35.86692789772276], [128.6184469179112, 35.86777198872419], [128.61798946466027, 35.867814584138266], [128.61484403257597, 35.86811813156916], [128.61466446587042, 35.86813553469617], [128.61432815838418, 35.8689663053062], [128.61354332926462, 35.871676307230594], [128.61323670567432, 35.87238397625059], [128.61256562462063, 35.87392147334835], [128.61078532324026, 35.87488608628403], [128.61061715713134, 35.87497074709717], [128.60808372690786, 35.87621935889306], [128.60682572085454, 35.876941635875696], [128.60701036906013, 35.877580838592905], [128.60719439430204, 35.877669775259236], [128.60736424664037, 35.87775134944534], [128.6082098349098, 35.87814309646169], [128.6087822537601, 35.87840431997268], [128.609314750064, 35.87864458665933], [128.61033456661613, 35.87949630928109], [128.61177413285475, 35.88106613896279], [128.61197060654882, 35.881808624401664], [128.61442124906782, 35.88508375694976], [128.6145873637261, 35.885110876867884], [128.6145874081992, 35.88511088817541], [128.61511833798477, 35.88529927534919], [128.61527597040197, 35.88542286401392], [128.61539752152297, 35.885742164138534], [128.61554653549734, 35.88622905020754], [128.61565508157932, 35.88673246247447], [128.61585098704083, 35.887154407814975], [128.6159964063562, 35.887435101628576], [128.61628745028042, 35.88793953808575], [128.61647843531148, 35.88818542141976], [128.61690770024998, 35.88872900603391], [128.61698429488956, 35.888818132027346], [128.6198792462227, 35.890944901288144], [128.6221555960808, 35.892432256971766], [128.62501904361787, 35.89114361226371], [128.62795037092278, 35.8894683422365], [128.63164531239525, 35.89311686421366], [128.63174482992983, 35.89403406815821], [128.63055317669455, 35.895412332227615], [128.62883491024684, 35.897654284952985], [128.62693275005495, 35.90419092478177], [128.62696604083138, 35.90446790866934], [128.62703542108875, 35.904973496169056], [128.62743444437743, 35.905934399975585], [128.6282599963389, 35.90739672927802], [128.62911557377083, 35.907416795224165], [128.63067882776508, 35.90746438534561], [128.63156220689692, 35.90750536934414], [128.63205261164984, 35.90788350814012], [128.63249592164456, 35.914001126178974], [128.6325943427674, 35.91586740710121], [128.63260148954404, 35.916748994036794], [128.6323276922667, 35.920664669877624], [128.63218909935168, 35.92115056607001], [128.6320854299121, 35.9215266754581], [128.63199430613696, 35.9223351638135], [128.63193324185693, 35.92341361921141], [128.63189017681725, 35.92434709765518], [128.6318870838466, 35.924674326535296], [128.6318688383775, 35.92595733712617], [128.63179752607812, 35.9264250711232], [128.63148561797587, 35.927126978820134], [128.63128027880833, 35.92751704947729], [128.6291855326447, 35.92962026090535], [128.6286762804338, 35.929659065748695], [128.62808933978187, 35.92969095520978], [128.62807883283872, 35.92968981341732], [128.6275368065804, 35.92962296043224], [128.62794083185383, 35.92978104344577], [128.62818360201723, 35.929881538729255], [128.62854993381214, 35.930292108602586], [128.62855968660256, 35.93030304466972], [128.62854618159983, 35.93107864610962], [128.6282472235512, 35.93190364012632], [128.6278096975519, 35.932207949788385], [128.6265596144436, 35.93390634034618], [128.6252593092809, 35.93568341435201], [128.62497808550523, 35.9383201540366], [128.62603085819262, 35.9390098102245], [128.62660313396546, 35.939515385648875], [128.62675744047974, 35.9409899491115], [128.62658004099973, 35.94536928949544], [128.626091475675, 35.94570850032343], [128.6258408254495, 35.94588124802402], [128.62509058412752, 35.94616595482796], [128.62448885639947, 35.94625233141817], [128.62421609825154, 35.94619629689192], [128.623493691533, 35.94605288532845], [128.62331500126734, 35.94618551863044], [128.6231554745614, 35.94843949063355], [128.6234463683977, 35.95228830083649], [128.6242900842757, 35.95464111394898], [128.6252603152905, 35.955659964696096], [128.62630996805382, 35.95637749435881], [128.62654148161613, 35.95653015459971], [128.62656285464195, 35.956557539471376], [128.62670000978667, 35.9580398885962], [128.6266952438633, 35.95813232379149], [128.625189267328, 35.960655455043415], [128.6251557940418, 35.960695049266235], [128.6243471683872, 35.961228184848444], [128.6238524175986, 35.961441972813375], [128.62252949734946, 35.96217278052268], [128.62214977012368, 35.96342480465709], [128.62277471029182, 35.96432805305526], [128.62325995756692, 35.96547903594625], [128.62296893294072, 35.96593593506794], [128.6229504444515, 35.965964957548906], [128.62037986630432, 35.96909376349283], [128.6189144665014, 35.96997881738175], [128.61859489308898, 35.97025613372011], [128.61829726611785, 35.9705738926317], [128.6184040877439, 35.972005204075984], [128.61856102957728, 35.97223445269688], [128.61902278701322, 35.97289916800244], [128.61981775667604, 35.973927674336956], [128.61986860468238, 35.974022354154975], [128.61988189058476, 35.97404739225196], [128.6197604381584, 35.97474569915417], [128.61924488359008, 35.97596729619392], [128.61891469900505, 35.976488444785815], [128.61873483862482, 35.97660289532403], [128.6174522083355, 35.97727618180321], [128.6138326456243, 35.980778971774555], [128.61349761345085, 35.981746590608736], [128.61292864345558, 35.98254060395677], [128.61260036158802, 35.982822407225036], [128.61242885925935, 35.98296941848189], [128.6120171208381, 35.983322322548084], [128.60986918982738, 35.98500720992996], [128.60942646884249, 35.98533690478637], [128.6062648598645, 35.987100106126825], [128.60498021680462, 35.987600278081764], [128.60347999722612, 35.98780862621927], [128.6033780542052, 35.98782278325509], [128.60613397096995, 35.99120358440045], [128.6076931840171, 35.9931139241823], [128.61156406117445, 35.99766224057495], [128.61182369769045, 35.99795584645649], [128.61363260937466, 35.999538611081185], [128.61449432696313, 35.99997420531311], [128.6157165945635, 36.0009771550787], [128.6161513592743, 36.0021421921955], [128.61665188914506, 36.00364199904139], [128.6170327826512, 36.005055558316265], [128.61866965441456, 36.006411643715744], [128.62052306883515, 36.00601887064385], [128.62188289595494, 36.006029508389865], [128.62359794065523, 36.00639464609281], [128.62376306186852, 36.00670640203599], [128.62403749569893, 36.00746497742795], [128.62445558837507, 36.00765671121312], [128.62505814853364, 36.00775105902794], [128.62609858573165, 36.00785270489318], [128.63058109852582, 36.00712085251829], [128.6326672581694, 36.0081917742276], [128.63479274325954, 36.00900384659887], [128.635387903711, 36.009055514562554], [128.63720541850122, 36.009176017844254], [128.6377974796601, 36.009147263510215], [128.63881113591316, 36.00924268073409], [128.63995924188012, 36.00957139692192], [128.6407204024587, 36.0105148702584], [128.64071050295485, 36.01053053757136], [128.64134406384812, 36.0104175279671], [128.64285691579616, 36.01029996345998], [128.6443570655167, 36.010538494563214], [128.6447193061731, 36.01047439656925], [128.64698645561066, 36.00954528909949], [128.64849168693428, 36.008812474700626], [128.64896566163827, 36.00838891506124], [128.6503238299282, 36.007636124741815], [128.65101082001107, 36.00730678167598], [128.65309085237234, 36.00806521675572], [128.65382485099744, 36.008992260747895], [128.65493250366143, 36.00937263682731], [128.65655470348995, 36.00986192628101], [128.65816647139434, 36.009868109136846], [128.66062582866604, 36.00990000451699], [128.66063311578756, 36.00990017921288], [128.66417966889196, 36.01011125739731], [128.66543646652676, 36.01051030392069], [128.66553901694016, 36.01064038505801], [128.66672269134415, 36.01214288551831], [128.6676383923645, 36.01265281636687], [128.6695232933371, 36.01326554313227], [128.6741551615744, 36.01336476373697], [128.67745313643115, 36.01324649090256], [128.6795875903498, 36.01444384223676], [128.68008628699403, 36.01481645543112], [128.6865040439253, 36.01448877139031], [128.69427255030558, 36.01585125360629], [128.69559642916082, 36.0161651229718], [128.6960412831216, 36.01557334862877]]]]}, "properties": {"name": "\ub3d9\uad6c", "base_year": "2018", "name_eng": "Dong-gu", "code": "22020"}}, {"type": "Feature", "geometry": {"type": "MultiPolygon", "coordinates": [[[[128.56297540554647, 35.8895689598506], [128.5681442923493, 35.888735655449494], [128.5685027842234, 35.88875686363085], [128.57389192603605, 35.887904321370435], [128.5740684951111, 35.88792091245555], [128.57474791827153, 35.887814111820994], [128.575925413224, 35.88759565066383], [128.57620328889908, 35.88748558484612], [128.5794193062462, 35.8861674312332], [128.57982976343735, 35.885987830683526], [128.58184489109672, 35.88510423676181], [128.57999719367967, 35.87913241285244], [128.57773522638837, 35.879577900194796], [128.57842443047758, 35.87591375359534], [128.57691019142007, 35.87623809909524], [128.57677294949158, 35.87620447688531], [128.57672007160917, 35.87618265345453], [128.57669507496098, 35.87616699379399], [128.57668874477272, 35.87616302596135], [128.57657455523986, 35.876075862229136], [128.57652695015057, 35.87601439841993], [128.57651602989404, 35.87599654257134], [128.57651100514425, 35.875987207746014], [128.57556599952744, 35.87408379917923], [128.57550367258318, 35.873903171910634], [128.57549336233487, 35.87386025605526], [128.57549066448348, 35.873790964424956], [128.5755360378525, 35.873413282789606], [128.5755836920142, 35.87309586282409], [128.57675917213942, 35.87188290195075], [128.57729829496145, 35.87192123124704], [128.5787922811448, 35.87232269354569], [128.57885950161617, 35.87234533391647], [128.57898151458474, 35.872422327770096], [128.57912560078313, 35.87251410176511], [128.57920905061707, 35.87259009308234], [128.5793953136076, 35.87280284899854], [128.57961105284159, 35.87033118696766], [128.57921822136413, 35.86973900983903], [128.57911118739815, 35.8695315299431], [128.5790962459497, 35.86950626622213], [128.57884091274104, 35.86923392179066], [128.57841302676152, 35.86878314686191], [128.5776237253533, 35.86813920562407], [128.57728299794718, 35.86786572868446], [128.57669194148002, 35.86749057144324], [128.57655174423743, 35.86739857017476], [128.57567712447155, 35.86680847345575], [128.57500642698315, 35.8663359477771], [128.57473178575918, 35.86614044600791], [128.57377272413268, 35.86537486889014], [128.5738263517408, 35.86486192756617], [128.57384340504638, 35.864746892345984], [128.57390030057138, 35.864369830814425], [128.57417456826062, 35.8626161917676], [128.5741765603408, 35.86260146943061], [128.56780894636833, 35.86093524990597], [128.56676731928152, 35.86071500662021], [128.55849912490575, 35.85822382028397], [128.55739190427258, 35.857841597958384], [128.55654346699086, 35.857548699837174], [128.54809095334195, 35.85430405978787], [128.5480511579461, 35.85444966947177], [128.54505753869498, 35.85606864339603], [128.5435901081297, 35.85577806251109], [128.54168059941077, 35.85636203625918], [128.54052730039763, 35.85736249392218], [128.53996078327796, 35.85872211983383], [128.53327156158994, 35.85875393942386], [128.53376972487106, 35.86136065367679], [128.53286355704532, 35.861579032761746], [128.53134743988116, 35.86156291397081], [128.531195177549, 35.86156488819661], [128.53070464590692, 35.86157125430557], [128.53033770883405, 35.861576421424985], [128.5292487561091, 35.861600685903255], [128.52869124247232, 35.86161508804123], [128.5275956540544, 35.861644394462004], [128.5273811971352, 35.861792185538434], [128.5273523736398, 35.86181205198379], [128.5265263245021, 35.86310025951245], [128.52649472094254, 35.863207435835655], [128.52769595896444, 35.86455950674421], [128.52739012903186, 35.86486139848088], [128.52482102238397, 35.86711823849915], [128.52339811966567, 35.867362593359836], [128.52314285578566, 35.867391326177426], [128.52190756639658, 35.86733775207794], [128.51913193188344, 35.86941851624579], [128.52019773805188, 35.87096072919824], [128.5209827327351, 35.87230955256658], [128.52115249367878, 35.872653913287884], [128.5203525187983, 35.87641408005527], [128.52018161598878, 35.87691667361076], [128.52001932310694, 35.877320437855325], [128.51974862192972, 35.87795358495801], [128.51960930100384, 35.878223947862885], [128.5187883607076, 35.87976295762754], [128.51818211971175, 35.88032416171103], [128.51797326964316, 35.880433674702445], [128.51640346066566, 35.88298021680443], [128.51634665437, 35.88307331552124], [128.51661664337922, 35.88380796792927], [128.5168197335777, 35.88401141472697], [128.51765024185553, 35.88466180867455], [128.52156064162222, 35.88576602076199], [128.52480863718594, 35.886432775900595], [128.5250962747002, 35.88663315187477], [128.52578376914957, 35.88711223599256], [128.52636337149616, 35.88834017701364], [128.52844174564692, 35.88630278395184], [128.53393284245703, 35.885670727025996], [128.53423933120806, 35.88572699189487], [128.53445621884984, 35.88576765353445], [128.5346952774058, 35.88581782912521], [128.5361646367031, 35.88645352002119], [128.53639079832558, 35.88677407731312], [128.53665905442568, 35.88716612011808], [128.53719608094386, 35.88795929072895], [128.53734900740912, 35.888206527688716], [128.53829949572543, 35.88984193180731], [128.5384694401117, 35.8903192083571], [128.53855062238694, 35.89071967805679], [128.53857676025916, 35.89094220056655], [128.53858664943633, 35.89104260518229], [128.53860844420453, 35.89120947111151], [128.53877129991375, 35.891506229635134], [128.54000293688415, 35.89267892303576], [128.5407410690058, 35.89338133059526], [128.54088294615883, 35.89351548695761], [128.5426168636498, 35.8941205094548], [128.54367658261546, 35.894487399510545], [128.54379464057362, 35.894528245627384], [128.54519761794265, 35.894775883361746], [128.54639416221627, 35.894991105477516], [128.5518943224368, 35.89721787356197], [128.55324607929617, 35.89543530690915], [128.55305327669387, 35.89530925721769], [128.55228227812026, 35.89457639558158], [128.55178618814026, 35.89400464136373], [128.55181930741455, 35.89396360877992], [128.55389289178518, 35.891697010853086], [128.55412846312822, 35.891439768655175], [128.5542311109079, 35.891328501920825], [128.55436318496896, 35.891190768328016], [128.5545622150656, 35.891046970565874], [128.55463680694712, 35.89099382656228], [128.55467218983352, 35.89097279972597], [128.55469213260156, 35.890960989018026], [128.5547597770309, 35.89092092812343], [128.55478108352978, 35.89090910722657], [128.5548511253748, 35.89087471769098], [128.55493025977844, 35.89084096949435], [128.55508470139054, 35.89078281610532], [128.55518983239267, 35.89074704883975], [128.5553440487057, 35.89070433906339], [128.55551323197798, 35.89066578898368], [128.55681307222846, 35.890471787580054], [128.56169255350272, 35.88974948397213], [128.56297540554647, 35.8895689598506]]]]}, "properties": {"name": "\uc11c\uad6c", "base_year": "2018", "name_eng": "Seo-gu", "code": "22030"}}, {"type": "Feature", "geometry": {"type": "MultiPolygon", "coordinates": [[[[128.57445399641307, 35.86006670652148], [128.5828563265427, 35.85633673415873], [128.5842277104725, 35.856453738467096], [128.5877946979517, 35.856764613829036], [128.59467374830527, 35.856568336332806], [128.59476368223693, 35.85655806936343], [128.59603498157603, 35.85641290955691], [128.59808091099637, 35.855523949553614], [128.60052809411636, 35.85536031321936], [128.6020500237732, 35.85526620067398], [128.60277757269037, 35.85523910339861], [128.6083101534029, 35.85490598347682], [128.60869147174736, 35.85426024231324], [128.60874839440353, 35.85399415534316], [128.6088281907523, 35.85360743186161], [128.60883503362882, 35.85327875440152], [128.60881010036135, 35.85240833331391], [128.6082506489848, 35.84917159921596], [128.60808237133077, 35.844740661380946], [128.60762157837726, 35.84300906830719], [128.60753381307055, 35.842532024580514], [128.60753102683492, 35.841914617246445], [128.60755919629628, 35.84146691999197], [128.60751062322956, 35.840977754846506], [128.60739831452045, 35.84001998635559], [128.60726548875834, 35.83953568871124], [128.60712877245209, 35.839298125615464], [128.60699224887992, 35.83912808240104], [128.6068830279185, 35.83913002436165], [128.60644026704296, 35.839113729355674], [128.6059446328193, 35.836226448351745], [128.60581061554342, 35.83487539686905], [128.60614684148777, 35.83248958215517], [128.60623504330408, 35.83208193214451], [128.60687964507008, 35.83026229474136], [128.60759467415681, 35.827973996720935], [128.60765649065425, 35.82710264592713], [128.60683926672763, 35.827147079052565], [128.60612606479023, 35.82718170849504], [128.6054921880269, 35.82715139534157], [128.60495472582414, 35.82679879092877], [128.6045965076905, 35.8252474986397], [128.60424856437035, 35.82360144666057], [128.60412159019344, 35.82262557152169], [128.60067797522106, 35.815697738574265], [128.59983324499206, 35.81478980386772], [128.59817142599195, 35.814298868031585], [128.59713924586597, 35.81402228266365], [128.5965072165551, 35.813865897243915], [128.59429828909663, 35.81309044891702], [128.59231708021227, 35.81126525267796], [128.59148516892856, 35.80927022589589], [128.58780226450102, 35.80766842706694], [128.58417470977548, 35.80719302296932], [128.5838269481434, 35.807355494714926], [128.58335524315385, 35.80917222294452], [128.5821960027137, 35.81126543296216], [128.58164087746252, 35.812027580224004], [128.57990861265824, 35.811745065349704], [128.57934799573604, 35.81202284420311], [128.57736594864087, 35.81409703708046], [128.57572192000586, 35.81626335884983], [128.57077712757953, 35.81940756990576], [128.57108578510378, 35.82065358358892], [128.57098972228832, 35.82202874434936], [128.57050556777028, 35.82279676594232], [128.56936274354936, 35.824300430909105], [128.5686125833679, 35.82493170169559], [128.56729758026913, 35.82348556063955], [128.5634308472491, 35.824212490480285], [128.5631162618498, 35.82432689176978], [128.5622783499171, 35.82552586816867], [128.5612800177396, 35.82737519743963], [128.56117085771317, 35.827586348265044], [128.56088988818288, 35.82816232191394], [128.56085374541163, 35.828282517471706], [128.5610491445187, 35.82831687696362], [128.5608858188402, 35.828813418427416], [128.560237734892, 35.82999597643508], [128.55810247197982, 35.83289710153686], [128.55757195466595, 35.83337434962489], [128.55744511927298, 35.83346196246239], [128.55549996979755, 35.834410973357656], [128.5577286480635, 35.83764595365772], [128.55750939914293, 35.83763037302832], [128.5609270107904, 35.842050531471166], [128.5616052295182, 35.84293245258702], [128.56198995860072, 35.843430406359886], [128.56210393532427, 35.84354167132446], [128.562135616038, 35.84357031542045], [128.56364385319912, 35.844773318059], [128.56384438629445, 35.8449330100598], [128.5641204230017, 35.84515266534992], [128.5641560714959, 35.845180480374935], [128.56509692452255, 35.845914524267236], [128.57103534478549, 35.84955275976352], [128.5718799232938, 35.85006846515232], [128.57337835502105, 35.850963986293586], [128.5736070641661, 35.85121581139347], [128.57445399641307, 35.86006670652148]]]]}, "properties": {"name": "\ub0a8\uad6c", "base_year": "2018", "name_eng": "Nam-gu", "code": "22040"}}, {"type": "Feature", "geometry": {"type": "MultiPolygon", "coordinates": [[[[128.6174522083355, 35.97727618180321], [128.61873483862482, 35.97660289532403], [128.61891469900505, 35.976488444785815], [128.61924488359008, 35.97596729619392], [128.6197604381584, 35.97474569915417], [128.61988189058476, 35.97404739225196], [128.61986860468238, 35.974022354154975], [128.61981775667604, 35.973927674336956], [128.61902278701322, 35.97289916800244], [128.61856102957728, 35.97223445269688], [128.6184040877439, 35.972005204075984], [128.61829726611785, 35.9705738926317], [128.61859489308898, 35.97025613372011], [128.6189144665014, 35.96997881738175], [128.62037986630432, 35.96909376349283], [128.6229504444515, 35.965964957548906], [128.62296893294072, 35.96593593506794], [128.62325995756692, 35.96547903594625], [128.62277471029182, 35.96432805305526], [128.62214977012368, 35.96342480465709], [128.62252949734946, 35.96217278052268], [128.6238524175986, 35.961441972813375], [128.6243471683872, 35.961228184848444], [128.6251557940418, 35.960695049266235], [128.625189267328, 35.960655455043415], [128.6266952438633, 35.95813232379149], [128.62670000978667, 35.9580398885962], [128.62656285464195, 35.956557539471376], [128.62654148161613, 35.95653015459971], [128.62630996805382, 35.95637749435881], [128.6252603152905, 35.955659964696096], [128.6242900842757, 35.95464111394898], [128.6234463683977, 35.95228830083649], [128.6231554745614, 35.94843949063355], [128.62331500126734, 35.94618551863044], [128.623493691533, 35.94605288532845], [128.62421609825154, 35.94619629689192], [128.62448885639947, 35.94625233141817], [128.62509058412752, 35.94616595482796], [128.6258408254495, 35.94588124802402], [128.626091475675, 35.94570850032343], [128.62658004099973, 35.94536928949544], [128.62675744047974, 35.9409899491115], [128.62660313396546, 35.939515385648875], [128.62603085819262, 35.9390098102245], [128.62497808550523, 35.9383201540366], [128.6252593092809, 35.93568341435201], [128.6265596144436, 35.93390634034618], [128.6278096975519, 35.932207949788385], [128.6282472235512, 35.93190364012632], [128.62854618159983, 35.93107864610962], [128.62855968660256, 35.93030304466972], [128.62854993381214, 35.930292108602586], [128.62818360201723, 35.929881538729255], [128.62794083185383, 35.92978104344577], [128.6275368065804, 35.92962296043224], [128.62807883283872, 35.92968981341732], [128.62808933978187, 35.92969095520978], [128.6286762804338, 35.929659065748695], [128.6291855326447, 35.92962026090535], [128.63128027880833, 35.92751704947729], [128.63148561797587, 35.927126978820134], [128.63179752607812, 35.9264250711232], [128.6318688383775, 35.92595733712617], [128.6318870838466, 35.924674326535296], [128.63189017681725, 35.92434709765518], [128.63193324185693, 35.92341361921141], [128.63199430613696, 35.9223351638135], [128.6320854299121, 35.9215266754581], [128.63218909935168, 35.92115056607001], [128.6323276922667, 35.920664669877624], [128.63260148954404, 35.916748994036794], [128.6325943427674, 35.91586740710121], [128.63249592164456, 35.914001126178974], [128.63205261164984, 35.90788350814012], [128.63156220689692, 35.90750536934414], [128.63067882776508, 35.90746438534561], [128.62911557377083, 35.907416795224165], [128.6282599963389, 35.90739672927802], [128.62743444437743, 35.905934399975585], [128.62703542108875, 35.904973496169056], [128.62696604083138, 35.90446790866934], [128.62693275005495, 35.90419092478177], [128.62883491024684, 35.897654284952985], [128.63055317669455, 35.895412332227615], [128.63174482992983, 35.89403406815821], [128.63164531239525, 35.89311686421366], [128.62795037092278, 35.8894683422365], [128.62501904361787, 35.89114361226371], [128.6221555960808, 35.892432256971766], [128.6198792462227, 35.890944901288144], [128.61698429488956, 35.888818132027346], [128.61690770024998, 35.88872900603391], [128.61647843531148, 35.88818542141976], [128.61628745028042, 35.88793953808575], [128.6159964063562, 35.887435101628576], [128.61585098704083, 35.887154407814975], [128.61565508157932, 35.88673246247447], [128.61554653549734, 35.88622905020754], [128.61539752152297, 35.885742164138534], [128.61527597040197, 35.88542286401392], [128.61511833798477, 35.88529927534919], [128.6145874081992, 35.88511088817541], [128.6145873637261, 35.885110876867884], [128.61442124906782, 35.88508375694976], [128.61197060654882, 35.881808624401664], [128.61177413285475, 35.88106613896279], [128.61033456661613, 35.87949630928109], [128.609314750064, 35.87864458665933], [128.6087822537601, 35.87840431997268], [128.6082098349098, 35.87814309646169], [128.60736424664037, 35.87775134944534], [128.60719439430204, 35.877669775259236], [128.60701036906013, 35.877580838592905], [128.60682572085454, 35.876941635875696], [128.60808372690786, 35.87621935889306], [128.61061715713134, 35.87497074709717], [128.60883064025197, 35.87442821688622], [128.60845186864364, 35.874315113227006], [128.60732880351736, 35.87400282785916], [128.6072886047177, 35.87399288549262], [128.60661936014478, 35.873899704741056], [128.606434025362, 35.8738759493094], [128.60597311459773, 35.87381802335713], [128.60483670752123, 35.873776609323784], [128.60480260466326, 35.87377662458332], [128.60439500651228, 35.87379444986257], [128.603859985139, 35.87387345541408], [128.60343186161234, 35.873993853582746], [128.6013763637774, 35.874602323099914], [128.59748190951788, 35.87536974949179], [128.59499352882213, 35.87528831531351], [128.5950790442808, 35.875323862304526], [128.59507982409684, 35.87584401809222], [128.59461920122476, 35.87604472910227], [128.59340077937867, 35.87629453123644], [128.58984465897277, 35.876998972529506], [128.58909238362733, 35.87712424314314], [128.5882971109555, 35.87728284081085], [128.5883250029831, 35.87748000300613], [128.58407909889573, 35.87829730878386], [128.57999719367967, 35.87913241285244], [128.58184489109672, 35.88510423676181], [128.57982976343735, 35.885987830683526], [128.5794193062462, 35.8861674312332], [128.57620328889908, 35.88748558484612], [128.575925413224, 35.88759565066383], [128.57474791827153, 35.887814111820994], [128.5740684951111, 35.88792091245555], [128.57389192603605, 35.887904321370435], [128.5685027842234, 35.88875686363085], [128.5681442923493, 35.888735655449494], [128.56297540554647, 35.8895689598506], [128.56169255350272, 35.88974948397213], [128.55681307222846, 35.890471787580054], [128.55551323197798, 35.89066578898368], [128.5553440487057, 35.89070433906339], [128.55518983239267, 35.89074704883975], [128.55508470139054, 35.89078281610532], [128.55493025977844, 35.89084096949435], [128.5548511253748, 35.89087471769098], [128.55478108352978, 35.89090910722657], [128.5547597770309, 35.89092092812343], [128.55469213260156, 35.890960989018026], [128.55467218983352, 35.89097279972597], [128.55463680694712, 35.89099382656228], [128.5545622150656, 35.891046970565874], [128.55436318496896, 35.891190768328016], [128.5542311109079, 35.891328501920825], [128.55412846312822, 35.891439768655175], [128.55389289178518, 35.891697010853086], [128.55181930741455, 35.89396360877992], [128.55178618814026, 35.89400464136373], [128.55228227812026, 35.89457639558158], [128.55305327669387, 35.89530925721769], [128.55324607929617, 35.89543530690915], [128.5518943224368, 35.89721787356197], [128.54639416221627, 35.894991105477516], [128.54519761794265, 35.894775883361746], [128.54379464057362, 35.894528245627384], [128.54367658261546, 35.894487399510545], [128.5426168636498, 35.8941205094548], [128.54088294615883, 35.89351548695761], [128.5407410690058, 35.89338133059526], [128.54000293688415, 35.89267892303576], [128.53877129991375, 35.891506229635134], [128.53860844420453, 35.89120947111151], [128.53858664943633, 35.89104260518229], [128.53857676025916, 35.89094220056655], [128.53855062238694, 35.89071967805679], [128.5384694401117, 35.8903192083571], [128.53829949572543, 35.88984193180731], [128.53734900740912, 35.888206527688716], [128.53719608094386, 35.88795929072895], [128.53665905442568, 35.88716612011808], [128.53639079832558, 35.88677407731312], [128.5361646367031, 35.88645352002119], [128.5346952774058, 35.88581782912521], [128.53445621884984, 35.88576765353445], [128.53423933120806, 35.88572699189487], [128.53393284245703, 35.885670727025996], [128.52844174564692, 35.88630278395184], [128.52636337149616, 35.88834017701364], [128.5260183227783, 35.8884497733165], [128.52489632070015, 35.88893332914377], [128.52435922510762, 35.88916661251322], [128.52328547237133, 35.88972033983776], [128.52300392369594, 35.88988253646107], [128.52106646646277, 35.890807687384424], [128.51913552737122, 35.891632191299], [128.51328547457192, 35.893239862836936], [128.51301222069236, 35.893273528204624], [128.51264648177602, 35.89331827774736], [128.5120459012794, 35.89335382065543], [128.50883857631655, 35.893336819425514], [128.50818778630008, 35.89328079873588], [128.5077496335027, 35.893233122161334], [128.50695867065104, 35.8929340374805], [128.5048254820693, 35.891448050861264], [128.50494937258551, 35.89169061580885], [128.50584510250397, 35.89668068781751], [128.50596894692245, 35.9003937106256], [128.50587397364774, 35.901230708274085], [128.50575296625573, 35.90167173178278], [128.5056130877851, 35.902138443715295], [128.50694681830913, 35.90575418365234], [128.50768556540115, 35.90696204125577], [128.5101207387014, 35.909933819751366], [128.51067117589395, 35.90995401321532], [128.51118153214318, 35.91034598957546], [128.51345706175815, 35.91152098262761], [128.5140754694569, 35.91154265482666], [128.51466277035604, 35.911084498870586], [128.51490109880172, 35.91099783859927], [128.51501228073263, 35.910997757042345], [128.5169027897701, 35.91184343649901], [128.51757000538402, 35.91298504041498], [128.51927222963798, 35.91464858620626], [128.52117530564527, 35.915957247824046], [128.52233074902512, 35.91656509451168], [128.5231590853773, 35.917566681984844], [128.52316405878366, 35.91876309287885], [128.52305558266792, 35.9192594829932], [128.52327604581592, 35.91959938601634], [128.5255963440357, 35.922011006519185], [128.52671270824212, 35.92273187625667], [128.52765180763677, 35.923213462371], [128.52864480589767, 35.92367029115845], [128.52946573759314, 35.9236229256266], [128.53000304883662, 35.926330421826734], [128.53009358775836, 35.92726945237897], [128.5302217402251, 35.92789426395254], [128.53030816239945, 35.928208925604096], [128.53058880526527, 35.92886288604799], [128.53066882946564, 35.92903901280596], [128.53102524810737, 35.929609093131475], [128.5313046977667, 35.93005237658179], [128.5334622925402, 35.932848234470185], [128.5343750782531, 35.93533386959101], [128.53427087283202, 35.93601619569871], [128.53433675861385, 35.93669553604351], [128.5343907416337, 35.936996288524824], [128.53511794183657, 35.93848637619746], [128.53477764457097, 35.941837703163664], [128.5342807320032, 35.94231813453192], [128.53335765922785, 35.945523393644464], [128.53401827675657, 35.94608299977265], [128.53380583455237, 35.94832715556759], [128.5336454207435, 35.94918097479972], [128.5330107882179, 35.94952921240907], [128.53258287903395, 35.950448567434165], [128.53254866259823, 35.95054234957274], [128.53299844846987, 35.95284184573653], [128.53321949453624, 35.95368579666904], [128.53341070318552, 35.9540928055351], [128.5338126512705, 35.95502255431106], [128.53407827903953, 35.9556381068889], [128.5344959286956, 35.95692323146842], [128.5347935052304, 35.95820713940037], [128.5348108050462, 35.95838317022654], [128.5334781664954, 35.960876187030294], [128.5328197225298, 35.96125505083126], [128.53252739836296, 35.961267058050616], [128.53191862916904, 35.96128689442415], [128.5308882794721, 35.961555946252616], [128.5305607688036, 35.96190605082292], [128.5304973065212, 35.96198974079152], [128.5295172379796, 35.965600989668395], [128.52929894603906, 35.96745923043627], [128.5283135096751, 35.97042954848281], [128.5277409612281, 35.971495373215745], [128.52665054884045, 35.97544740576244], [128.52827949888012, 35.97900826838186], [128.52878919714777, 35.9803818399632], [128.53124055279451, 35.98056233240196], [128.5336396210986, 35.97956581142776], [128.53728214470192, 35.977500989405705], [128.54100384119664, 35.975972616027185], [128.5428233752039, 35.97524187021335], [128.54348603153056, 35.97477490032087], [128.54373556074128, 35.97444080386028], [128.54357635096824, 35.97343415311058], [128.54366051944262, 35.97316610732739], [128.54565753518528, 35.97022273365194], [128.5462424500047, 35.96895052333815], [128.54641560350558, 35.96754309870165], [128.5463401086297, 35.966335424472156], [128.5466738120628, 35.965665980114885], [128.5485815823983, 35.9638625062993], [128.55056952078218, 35.96246151267621], [128.5533308142069, 35.960780376734704], [128.55402564063198, 35.963116092227516], [128.55595460332577, 35.96883734138325], [128.55630319998522, 35.97145688125979], [128.55636681076126, 35.9717384435164], [128.55706575091855, 35.9722300015065], [128.55851788951458, 35.972749879398854], [128.56031553390716, 35.97287650836978], [128.5616645999554, 35.97253036508455], [128.5647073385513, 35.97293737383494], [128.5647074697653, 35.972937481758095], [128.56567709990583, 35.97373296740721], [128.5656765735687, 35.97382648441317], [128.56567040538621, 35.97492081836594], [128.57283757102303, 35.97831254240138], [128.57856128960907, 35.978432023232045], [128.58124270777958, 35.97804535540224], [128.58322030089207, 35.97728088020926], [128.58350677753367, 35.9773841783115], [128.5879860326511, 35.978975988510726], [128.59015554281814, 35.979235355669694], [128.5930415652542, 35.980841650643754], [128.59292518354667, 35.98336183023413], [128.59612382179694, 35.984548824779864], [128.59839560795928, 35.9850603974786], [128.600564202432, 35.98548798414761], [128.6028736150804, 35.9859006082152], [128.6033780542052, 35.98782278325509], [128.60347999722612, 35.98780862621927], [128.60498021680462, 35.987600278081764], [128.6062648598645, 35.987100106126825], [128.60942646884249, 35.98533690478637], [128.60986918982738, 35.98500720992996], [128.6120171208381, 35.983322322548084], [128.61242885925935, 35.98296941848189], [128.61260036158802, 35.982822407225036], [128.61292864345558, 35.98254060395677], [128.61349761345085, 35.981746590608736], [128.6138326456243, 35.980778971774555], [128.6174522083355, 35.97727618180321]]]]}, "properties": {"name": "\ubd81\uad6c", "base_year": "2018", "name_eng": "Buk-gu", "code": "22050"}}, {"type": "Feature", "geometry": {"type": "MultiPolygon", "coordinates": [[[[128.65468939343978, 35.876345288867086], [128.65483000510508, 35.87628359862945], [128.65503923037232, 35.87621446693338], [128.65523040704795, 35.876159000240776], [128.655663742996, 35.876074825830266], [128.65575874195596, 35.876057254618594], [128.65641195301686, 35.87601559397872], [128.65903823028162, 35.87658539803275], [128.6593992815927, 35.87681239768588], [128.66081732809226, 35.87467420208341], [128.66227194909484, 35.87377817224585], [128.66390193249256, 35.87310751035129], [128.66494839936564, 35.87283385295619], [128.66608375438997, 35.8726622594962], [128.66730486142023, 35.87243827113446], [128.6673627723809, 35.87242838986661], [128.67197574035583, 35.87288521322259], [128.67233857924413, 35.873018263248106], [128.67289094926755, 35.873226104482995], [128.6731061970486, 35.873831705562495], [128.67581344124355, 35.87326664912892], [128.6775353608441, 35.87111005267375], [128.67770668237762, 35.87086870313591], [128.67815591449323, 35.8700616310138], [128.6782851605572, 35.86966103717153], [128.67914008849763, 35.86801790639589], [128.67989086938707, 35.866694348435395], [128.68023784688017, 35.86341155074259], [128.6799784196657, 35.86274199218673], [128.68002387573696, 35.86214446498713], [128.68039485480654, 35.86164779253171], [128.68078701411437, 35.86122743110975], [128.68148136041538, 35.86067751222676], [128.68197415792292, 35.860370536503304], [128.6853612134167, 35.85915528168642], [128.68549818678687, 35.85911470164944], [128.6860219895998, 35.85896701561205], [128.68615905984979, 35.858973269625636], [128.68674255267976, 35.859011507377446], [128.68680935350642, 35.85901946181957], [128.68702882916307, 35.85905118644301], [128.69089688688007, 35.85890840520231], [128.69445835245943, 35.858762447424596], [128.6979027365707, 35.85857667252341], [128.69962237571224, 35.857772167697746], [128.70374515976613, 35.857588832925124], [128.70588080162202, 35.858132441464896], [128.71034307384355, 35.86028470357936], [128.71113677740743, 35.86070068058274], [128.71143391203043, 35.860818687210106], [128.71508863273823, 35.86086186831957], [128.71735951810416, 35.86071705086433], [128.72411314018822, 35.85994211351364], [128.72590718478344, 35.8579418347286], [128.7255975010363, 35.85772683909847], [128.72500714618192, 35.85784736451214], [128.72479433033243, 35.8579394063744], [128.72435151326857, 35.857999251941074], [128.72435146014578, 35.85799925428558], [128.72414554667267, 35.85798330183567], [128.7230535161301, 35.857868899743494], [128.7229938291429, 35.85784440911193], [128.72187409409128, 35.856947792436905], [128.72274478220282, 35.85544515555076], [128.72371770036384, 35.85497354974378], [128.72416177876195, 35.854813198786964], [128.7244071775026, 35.85463055188877], [128.7254241447886, 35.853813355260975], [128.7254241752781, 35.85381332159259], [128.7254483752957, 35.85376803776441], [128.72566077808582, 35.851307110805806], [128.72653353646743, 35.84800548699243], [128.72687157115163, 35.847212432221895], [128.72696511330625, 35.84650103693478], [128.72675247565525, 35.844572871413824], [128.72672895820475, 35.8444291669764], [128.7263032784496, 35.842511334739974], [128.72579665883586, 35.841948823505945], [128.72438198970744, 35.84021067493869], [128.72409073715062, 35.839439741828734], [128.72407067825918, 35.838464849459456], [128.7240854477971, 35.83839606554004], [128.72412163287675, 35.83832800647803], [128.72424223962403, 35.83813009845608], [128.72474843897302, 35.83737406321546], [128.7251988679302, 35.83651167384142], [128.725165044044, 35.83639332556528], [128.7250797271705, 35.83615856894635], [128.7250097020055, 35.83600195089548], [128.72417598537547, 35.835626206842974], [128.72199394255844, 35.8347217360396], [128.72180163845647, 35.8346715852342], [128.72171378720125, 35.834677152094706], [128.72169671391603, 35.834678241654274], [128.72155660497444, 35.834883844619995], [128.72146114638602, 35.83505055309941], [128.72110048305834, 35.835621689315964], [128.7210120549318, 35.83568129528383], [128.7209954571578, 35.835692477320855], [128.72041736937373, 35.83601768038501], [128.72022503839975, 35.836031272651994], [128.71977011468275, 35.83605828056766], [128.71918889062073, 35.83585689730445], [128.7180336073686, 35.83488844492261], [128.71412241802008, 35.83178815431249], [128.7116295071021, 35.82985900345483], [128.71128587971862, 35.8295393768848], [128.71090656109814, 35.82910698165785], [128.7107204327052, 35.82889293427073], [128.71037263151493, 35.82842873377118], [128.7103638795757, 35.82836935706338], [128.71035368014654, 35.828299737024274], [128.7103367538917, 35.82818285662768], [128.71032767350488, 35.82812014566052], [128.70980868380735, 35.827814695987584], [128.70890806722267, 35.826904279474356], [128.70890804358177, 35.82690425356703], [128.70863734690786, 35.82656793685359], [128.70862299088543, 35.82638199629763], [128.70857062531604, 35.823372127437565], [128.70861893837517, 35.823125594880665], [128.7086672512938, 35.822879071314404], [128.70906476281678, 35.821598337843184], [128.70959546559274, 35.82109601242066], [128.710695756192, 35.82043803910427], [128.71213635728722, 35.81938278686764], [128.7132105401152, 35.818236158365096], [128.71358597080334, 35.81783121920088], [128.71388536105928, 35.817508178948586], [128.71409114377064, 35.81685108188198], [128.7141271070836, 35.81617191599292], [128.71412218229125, 35.81537822976451], [128.71414129868302, 35.815302515864644], [128.71485049084828, 35.81265988312889], [128.71584019634577, 35.809347595061205], [128.71657731492027, 35.80872776314418], [128.71752061383356, 35.80684707701617], [128.71684925472454, 35.806643973329706], [128.71024250490007, 35.80429037975593], [128.71016038811044, 35.80424554246142], [128.7077885973381, 35.80251950303403], [128.70777140262877, 35.80249312664265], [128.7077268347955, 35.80239219394761], [128.70602906475014, 35.79993662209165], [128.7054306791054, 35.79978362719132], [128.7038713512131, 35.79931224759324], [128.70262805185132, 35.7986016784119], [128.70257460670368, 35.79856493709623], [128.7006286382673, 35.79694950990141], [128.70049384311073, 35.796758502378665], [128.70040652997892, 35.79662703847115], [128.70034822205346, 35.796230619640795], [128.70033483124175, 35.79574813544273], [128.70030627033034, 35.795436851548544], [128.70023381514793, 35.7953538666861], [128.69980854824666, 35.7950490506581], [128.69747084919774, 35.794351446132005], [128.6965321208695, 35.79457664024545], [128.69554464656005, 35.795298232627445], [128.69496243070532, 35.79598845861776], [128.69456442545456, 35.796780268873924], [128.69330672945782, 35.796788321942785], [128.69266073013773, 35.79657782184702], [128.691257005131, 35.795687314981805], [128.69109868436274, 35.79537344115453], [128.6910263060773, 35.79505133910868], [128.69096462885167, 35.794422838395704], [128.69089309701747, 35.79419339230461], [128.69044498103415, 35.79341955213736], [128.69021726460093, 35.7931298579336], [128.68976794308054, 35.792757349884845], [128.6883161538599, 35.79238138612775], [128.6880267449575, 35.792311344051306], [128.68727788022713, 35.79229657406784], [128.68251170356643, 35.79014861899169], [128.68250196725634, 35.79013130012755], [128.68134865229212, 35.79081330119822], [128.6786583790532, 35.79303612493545], [128.67660902322478, 35.79379293607941], [128.67490364332016, 35.79516588069844], [128.67274852230835, 35.7952678293198], [128.66912756909386, 35.796064288252104], [128.66891275997736, 35.796328049153885], [128.66846132898067, 35.79685019572038], [128.6644877570711, 35.79789499244193], [128.66252785009974, 35.798392191923185], [128.66119739796275, 35.798509126088874], [128.66057351275742, 35.79852840275418], [128.65667788036106, 35.798583453419354], [128.653491734971, 35.79925771032743], [128.65251413915752, 35.79981970523111], [128.65190005328606, 35.800611661277244], [128.65129714107027, 35.80282566120518], [128.6495472779476, 35.802936869764835], [128.64662870890402, 35.80247640732298], [128.64471231596897, 35.802225395722516], [128.6427060868236, 35.80212096558261], [128.64091853172056, 35.80228330563268], [128.64028708273236, 35.802842556297485], [128.6377128609486, 35.803525893363194], [128.63452421806616, 35.803691037115286], [128.63330805601078, 35.8036350606783], [128.63164758437617, 35.803446871574444], [128.63101471967136, 35.80318447400434], [128.63101471561248, 35.80317825502574], [128.62914093291798, 35.80254372399977], [128.62881830591382, 35.80282567215523], [128.62780677492157, 35.80378595676558], [128.62673904672715, 35.80481824502897], [128.62652021883406, 35.804939139751234], [128.6263405547915, 35.80503627593864], [128.62579695145422, 35.80522212809595], [128.6253437187856, 35.805332500911106], [128.62308620743164, 35.8058642907062], [128.61965240080482, 35.80515962940855], [128.61638792554487, 35.80358154241664], [128.60881216226107, 35.80471160909237], [128.60469868561736, 35.80569265701894], [128.60349028975875, 35.806034725923915], [128.6024043686552, 35.806298856641085], [128.6014851108205, 35.806211859372006], [128.60062571310434, 35.80607719091059], [128.59755702153495, 35.80598674413522], [128.59712438488842, 35.806728916010044], [128.59235713107321, 35.80900614718891], [128.59148516892856, 35.80927022589589], [128.59231708021227, 35.81126525267796], [128.59429828909663, 35.81309044891702], [128.5965072165551, 35.813865897243915], [128.59713924586597, 35.81402228266365], [128.59817142599195, 35.814298868031585], [128.59983324499206, 35.81478980386772], [128.60067797522106, 35.815697738574265], [128.60412159019344, 35.82262557152169], [128.60424856437035, 35.82360144666057], [128.6045965076905, 35.8252474986397], [128.60495472582414, 35.82679879092877], [128.6054921880269, 35.82715139534157], [128.60612606479023, 35.82718170849504], [128.60683926672763, 35.827147079052565], [128.60765649065425, 35.82710264592713], [128.60759467415681, 35.827973996720935], [128.60687964507008, 35.83026229474136], [128.60623504330408, 35.83208193214451], [128.60614684148777, 35.83248958215517], [128.60581061554342, 35.83487539686905], [128.6059446328193, 35.836226448351745], [128.60644026704296, 35.839113729355674], [128.6068830279185, 35.83913002436165], [128.60699224887992, 35.83912808240104], [128.60712877245209, 35.839298125615464], [128.60726548875834, 35.83953568871124], [128.60739831452045, 35.84001998635559], [128.60751062322956, 35.840977754846506], [128.60755919629628, 35.84146691999197], [128.60753102683492, 35.841914617246445], [128.60753381307055, 35.842532024580514], [128.60762157837726, 35.84300906830719], [128.60808237133077, 35.844740661380946], [128.6082506489848, 35.84917159921596], [128.60881010036135, 35.85240833331391], [128.60883503362882, 35.85327875440152], [128.6088281907523, 35.85360743186161], [128.60874839440353, 35.85399415534316], [128.60869147174736, 35.85426024231324], [128.6083101534029, 35.85490598347682], [128.60824410436035, 35.85501770857944], [128.60812740088687, 35.8556307839117], [128.60811269103442, 35.8558015854158], [128.60809307221263, 35.85605661019913], [128.60801893162096, 35.857028004684764], [128.60798898984766, 35.85742892530316], [128.60799117491038, 35.85829577367093], [128.6080320532598, 35.85864499909458], [128.60814479135706, 35.859446236963066], [128.60822407003678, 35.8598078137445], [128.60866771431358, 35.86079370761852], [128.60937946462062, 35.86115167005429], [128.60951074682583, 35.86177279852949], [128.60966766952083, 35.862085157512375], [128.6099917442482, 35.86248704948225], [128.61033535967303, 35.86272180695359], [128.61055567519762, 35.86285600990388], [128.61140698465846, 35.863211138875236], [128.61239128358628, 35.86369257148559], [128.6126923633463, 35.86385360310124], [128.61290077050305, 35.86406993779449], [128.6132886670625, 35.86469082966847], [128.61352527034023, 35.865098183371494], [128.6136021712257, 35.86524542205703], [128.613669546091, 35.865378418692075], [128.61466446587042, 35.86813553469617], [128.61484403257597, 35.86811813156916], [128.61798946466027, 35.867814584138266], [128.6184469179112, 35.86777198872419], [128.62707781206808, 35.86692789772276], [128.62710646395988, 35.866924938638356], [128.6298093774525, 35.86670611964487], [128.6300257308995, 35.866935766317106], [128.63024771401473, 35.867176453293645], [128.63071403553982, 35.86768351280342], [128.63369951144702, 35.87104210528505], [128.63512111008646, 35.87200599805956], [128.63710436660955, 35.872565728637404], [128.63875229200448, 35.87303365280886], [128.63962115676964, 35.87347205197004], [128.64495442120392, 35.87660724747582], [128.64508349078366, 35.87642527488678], [128.64880286713918, 35.87780659472705], [128.6510859645994, 35.87832768505582], [128.65127271183016, 35.87833088077796], [128.6515075643599, 35.8782780107026], [128.65196633202316, 35.878112252971995], [128.6520454293851, 35.87808292944602], [128.65240669368436, 35.87786560676701], [128.6528906934274, 35.87755525633666], [128.65355845627934, 35.87709544374303], [128.6542012143873, 35.87661885360525], [128.65442083046335, 35.87648054596872], [128.65468939343978, 35.876345288867086]]]]}, "properties": {"name": "\uc218\uc131\uad6c", "base_year": "2018", "name_eng": "Suseong-gu", "code": "22060"}}, {"type": "Feature", "geometry": {"type": "MultiPolygon", "coordinates": [[[[128.48271590647235, 35.815517109240766], [128.48275579562602, 35.81593674637132], [128.48293021803912, 35.8177728117497], [128.48295230651252, 35.818005752514004], [128.48299134965634, 35.818915572384476], [128.48305892606786, 35.82050544169562], [128.48306896076616, 35.821138807607255], [128.48304824329512, 35.821511093059286], [128.4829650014017, 35.82300520339208], [128.48286982047125, 35.823708151255744], [128.482783162992, 35.82434735253195], [128.4824594975301, 35.82600300000635], [128.48202244223808, 35.82708728850549], [128.48196992687107, 35.827217582524376], [128.48145864705336, 35.82875130266721], [128.4810830377874, 35.83013312808022], [128.4767314926036, 35.83164697223683], [128.47528347082257, 35.832150670703484], [128.47437851785315, 35.83246552198357], [128.47415503799, 35.832543273433075], [128.47318776143644, 35.8331794566051], [128.4730604727203, 35.83326447817246], [128.47278363476596, 35.83344939521889], [128.47254621046008, 35.83360833037875], [128.46869458058802, 35.8384643648989], [128.46888138945934, 35.83959529091963], [128.46938627592704, 35.84183609080401], [128.46962273622316, 35.84268946798186], [128.4702352913423, 35.844387605975754], [128.47077371663838, 35.84586292487305], [128.4710203489463, 35.846916386249326], [128.47116952364155, 35.84790276219814], [128.47178516373472, 35.85207548674795], [128.47210131185994, 35.854395566146074], [128.47240380359077, 35.855581859744404], [128.47307696786785, 35.858221263683205], [128.4738095430556, 35.85822205566363], [128.47658951024727, 35.861550711572214], [128.4768017969981, 35.86200091000249], [128.4795487561139, 35.86616099569964], [128.47977563012765, 35.866380414974444], [128.48174773788102, 35.86828024778593], [128.48304555632643, 35.86772278911438], [128.48380896666256, 35.86780836674554], [128.48439744253469, 35.86790363445458], [128.4850125126145, 35.86801040043205], [128.4860170424868, 35.86810814962084], [128.48615518840765, 35.868113005924535], [128.4867406366914, 35.86810289152519], [128.48717251047475, 35.8679466857404], [128.487304037539, 35.86789910870409], [128.48773181226292, 35.86766397277478], [128.48776637965238, 35.867635076400305], [128.49036176613916, 35.866209190068844], [128.493381140774, 35.864636129571096], [128.49487350018788, 35.864619196551395], [128.49832733510968, 35.86408865283831], [128.49840661025843, 35.86407193917429], [128.4998917474344, 35.86368102783299], [128.50056642385888, 35.86344065574265], [128.5021176391837, 35.86444338193774], [128.50474009804782, 35.865676261993], [128.50658909909984, 35.86603633974706], [128.5077724595147, 35.865951093888654], [128.50818792824342, 35.8662518316645], [128.50832938402178, 35.86648386080718], [128.50844108533934, 35.86666711391457], [128.5090965887172, 35.86776604714966], [128.50924229162132, 35.86867759453236], [128.50936592026017, 35.869286246292184], [128.5094414577004, 35.869567757677544], [128.51228180454666, 35.86810825905144], [128.51579959440056, 35.86774083396819], [128.51913193177057, 35.86941851731278], [128.52190756631137, 35.86733775294042], [128.52314285724825, 35.86739132686034], [128.5233981196064, 35.867362594048664], [128.52482102235354, 35.86711823907504], [128.52739012910783, 35.864861399169435], [128.52769595892062, 35.86455950736775], [128.52649472091846, 35.863207436566455], [128.52652632459512, 35.86310026034967], [128.52735237363146, 35.86181205276199], [128.52738119724052, 35.861792186239065], [128.52759565416304, 35.86164439508161], [128.528691242846, 35.86161508891741], [128.52924875615068, 35.861600686691595], [128.53033771027327, 35.86157642214851], [128.53070464730953, 35.86157125503821], [128.53119517762502, 35.86156488896969], [128.53134743996014, 35.861562914972765], [128.53286355718546, 35.86157903380809], [128.53376972621106, 35.861360654667905], [128.53327156299247, 35.85875394040387], [128.53996078327742, 35.858722120452605], [128.5405273017185, 35.857362494770754], [128.54168059936322, 35.85636203725167], [128.54359010814954, 35.85577806352501], [128.54505753867528, 35.85606864428174], [128.54805115947462, 35.85444967031668], [128.5480909532937, 35.85430406080325], [128.55654346707067, 35.857548700876976], [128.557391904485, 35.857841598562075], [128.55849912624365, 35.85822382093762], [128.56676732041714, 35.86071500766647], [128.56780894742192, 35.8609352508024], [128.57417656023682, 35.862601470298586], [128.5743671981555, 35.86118035580363], [128.5744539966137, 35.860066707200076], [128.57360706550847, 35.851215812133184], [128.57337835554205, 35.850963987317094], [128.57187992337512, 35.85006846588746], [128.57103534485228, 35.84955276070658], [128.56509692446397, 35.845914524897964], [128.56415607272928, 35.84518048098808], [128.56412042433718, 35.84515266615849], [128.563844386805, 35.84493301063531], [128.56364385442114, 35.84477331911597], [128.5621356160814, 35.8435703160767], [128.56210393537847, 35.84354167206249], [128.56198995998665, 35.84343040705973], [128.56160522965206, 35.842932453218694], [128.560927010702, 35.84205053148762], [128.55750939918116, 35.83763037403326], [128.55772864813628, 35.83764595465971], [128.555499969757, 35.83441097339482], [128.55744511924885, 35.83346196218948], [128.55757195503168, 35.83337434940139], [128.5581024719388, 35.83289710153969], [128.5602377351019, 35.82999597660562], [128.56088581891404, 35.82881341820735], [128.56104914451396, 35.82831687709467], [128.56085374560627, 35.82828251722768], [128.56088988815426, 35.82816232179162], [128.56117085792084, 35.827586348027076], [128.56128001791708, 35.827375197612206], [128.56227834980928, 35.82552586786304], [128.5631162618093, 35.82432689156834], [128.56343084713097, 35.82421249054013], [128.56729758033674, 35.82348556076467], [128.56861258329073, 35.824931701499764], [128.56936274365074, 35.82430043153578], [128.57050556786794, 35.82279676604692], [128.5709897224119, 35.82202874428998], [128.57108578524833, 35.82065358364468], [128.57077712755583, 35.819407570471924], [128.57572192050498, 35.81626335938577], [128.5773659499012, 35.81409703763511], [128.5793479959635, 35.812022844795194], [128.57990861266882, 35.81174506636635], [128.58164087787608, 35.81202758082673], [128.58219600277906, 35.81126543355745], [128.5833552431687, 35.80917222356051], [128.5838269494342, 35.807355494812285], [128.58417470972662, 35.80719302366778], [128.58780226445015, 35.80766842777071], [128.58663795359527, 35.80502309551856], [128.5862608279867, 35.804493124688214], [128.5854872362214, 35.80288326475328], [128.5858167055867, 35.801938654409234], [128.5864300821174, 35.800940210628696], [128.5863836010734, 35.800656746962574], [128.58626113508757, 35.79991728006453], [128.58523491870443, 35.79894613106457], [128.58090930760574, 35.798037686022724], [128.5802869357005, 35.79733983414799], [128.57924742817005, 35.796570246592815], [128.57854068241096, 35.79617503522863], [128.57644441629276, 35.795924383926675], [128.57494794518786, 35.796030020920455], [128.57318747599425, 35.79651847128063], [128.5712481610115, 35.79699960550839], [128.56935402415633, 35.79739381356725], [128.56722662861776, 35.795295303420794], [128.5669688068745, 35.79503306052926], [128.5669548483745, 35.79501885626842], [128.56824820529692, 35.79214953585058], [128.56871688388685, 35.79013168475366], [128.569309031535, 35.78634131246429], [128.56920367759668, 35.78331092658378], [128.56923515379341, 35.7828854395748], [128.56976962143787, 35.78196180958649], [128.57019732247375, 35.7812625484624], [128.57026852560816, 35.779898996725734], [128.56522520510939, 35.77456711720029], [128.56504286987024, 35.7744474917933], [128.56369924073985, 35.773864156305216], [128.56302162089926, 35.77411323772126], [128.5625552682422, 35.77428094542635], [128.5619096696754, 35.77432271625079], [128.5595658792197, 35.774014279834496], [128.55850492016094, 35.77368773986632], [128.55731356286415, 35.773022510206324], [128.55615318180634, 35.77297825332478], [128.55447429870756, 35.772942351811515], [128.5542597983376, 35.77322651379259], [128.55402984275884, 35.77430615339418], [128.5533702032148, 35.77752697267462], [128.5520528827712, 35.779300879968304], [128.5501420083087, 35.77972316008016], [128.5489144407196, 35.78034306060041], [128.54852040129833, 35.78077176865985], [128.54679214758224, 35.78318316978628], [128.54666390788302, 35.78340588505611], [128.54652364119497, 35.78366579814831], [128.54640692025575, 35.783986077151255], [128.54598928304117, 35.78523538492583], [128.54453367405122, 35.78639747586773], [128.54337191527014, 35.78681132024806], [128.54197089204553, 35.78757985874102], [128.54146346902564, 35.78815455204706], [128.54141832127002, 35.788913836443115], [128.5413825393793, 35.78983905025336], [128.54018298208365, 35.7882654524803], [128.5379866630803, 35.78693289924191], [128.5371022186306, 35.7867512083675], [128.53607658993968, 35.786722604455406], [128.53318694603246, 35.786645713271184], [128.53068725754994, 35.78736801583733], [128.52880588279592, 35.78814427370111], [128.52812196791595, 35.79049825438123], [128.52760443614707, 35.7926389837001], [128.52734385050096, 35.79293324335042], [128.52600970033726, 35.79294882317082], [128.52281801032387, 35.79386095773585], [128.51864245466865, 35.79727148812224], [128.51817901930946, 35.797689935204126], [128.51785375912317, 35.797984674839434], [128.51738432579177, 35.79843508316947], [128.5166365000051, 35.79940243891721], [128.51544812857853, 35.801769104788995], [128.5147491998289, 35.8036323402418], [128.51451909333295, 35.80579276682167], [128.5135789525019, 35.805754114542175], [128.5127082667869, 35.805633509800664], [128.51232445951416, 35.80548100169445], [128.5122107250088, 35.80543580412128], [128.51188425544208, 35.805306079827275], [128.51138407683672, 35.8052921671922], [128.51054329813624, 35.805750538150626], [128.51053712557257, 35.8057547787717], [128.51049135409562, 35.80578926989554], [128.5104717196761, 35.80580481251816], [128.5103915527253, 35.80588038223569], [128.51047609019957, 35.80599880841245], [128.50946148421332, 35.805858733946636], [128.5088579294324, 35.80578587000514], [128.50839997862252, 35.80573157144101], [128.5078856207868, 35.806194787423266], [128.50850792537926, 35.8077434631104], [128.50927998292667, 35.80816878371434], [128.5103499531286, 35.80851694635279], [128.51113443375385, 35.80879023633028], [128.51128841176728, 35.808845204950195], [128.51337759500134, 35.809888869769686], [128.51263476273013, 35.81110639979332], [128.51131826907783, 35.81178056504722], [128.51105897659642, 35.811896880331524], [128.51021396739375, 35.81224525073186], [128.50952388652183, 35.81248962758205], [128.50918304922772, 35.812540592318086], [128.50670842687705, 35.814341371724964], [128.5061388828795, 35.814908265929006], [128.50266592436037, 35.81683293717669], [128.50235107667336, 35.81700628962814], [128.50173393651397, 35.81730912865278], [128.5016286236707, 35.81736066559056], [128.5015534417769, 35.817391956960115], [128.5012409650807, 35.817521792666035], [128.50065289441892, 35.81775869824408], [128.50003109514688, 35.81797115862697], [128.49840261293346, 35.818360052878944], [128.4900401957112, 35.82003466941721], [128.48656689268586, 35.81803731575196], [128.48385370997502, 35.81631902525136], [128.48271590647235, 35.815517109240766]]]]}, "properties": {"name": "\ub2ec\uc11c\uad6c", "base_year": "2018", "name_eng": "Dalseo-gu", "code": "22070"}}, {"type": "Feature", "geometry": {"type": "MultiPolygon", "coordinates": [[[[128.50266592436037, 35.81683293717669], [128.5061388828795, 35.814908265929006], [128.50670842687705, 35.814341371724964], [128.50918304922772, 35.812540592318086], [128.50952388652183, 35.81248962758205], [128.51021396739375, 35.81224525073186], [128.51105897659642, 35.811896880331524], [128.51131826907783, 35.81178056504722], [128.51263476273013, 35.81110639979332], [128.51337759500134, 35.809888869769686], [128.51128841176728, 35.808845204950195], [128.51113443375385, 35.80879023633028], [128.5103499531286, 35.80851694635279], [128.50927998292667, 35.80816878371434], [128.50850792537926, 35.8077434631104], [128.5078856207868, 35.806194787423266], [128.50839997862252, 35.80573157144101], [128.5088579294324, 35.80578587000514], [128.50946148421332, 35.805858733946636], [128.51047609019957, 35.80599880841245], [128.5103915527253, 35.80588038223569], [128.5104717196761, 35.80580481251816], [128.51049135409562, 35.80578926989554], [128.51053712557257, 35.8057547787717], [128.51054329813624, 35.805750538150626], [128.51138407683672, 35.8052921671922], [128.51188425544208, 35.805306079827275], [128.5122107250088, 35.80543580412128], [128.51232445951416, 35.80548100169445], [128.5127082667869, 35.805633509800664], [128.5135789525019, 35.805754114542175], [128.51451909333295, 35.80579276682167], [128.5147491998289, 35.8036323402418], [128.51544812857853, 35.801769104788995], [128.5166365000051, 35.79940243891721], [128.51738432579177, 35.79843508316947], [128.51785375912317, 35.797984674839434], [128.51817901930946, 35.797689935204126], [128.51864245466865, 35.79727148812224], [128.52281801032387, 35.79386095773585], [128.52600970033726, 35.79294882317082], [128.52734385050096, 35.79293324335042], [128.52760443614707, 35.7926389837001], [128.52812196791595, 35.79049825438123], [128.52880588279592, 35.78814427370111], [128.53068725754994, 35.78736801583733], [128.53318694603246, 35.786645713271184], [128.53607658993968, 35.786722604455406], [128.5371022186306, 35.7867512083675], [128.5379866630803, 35.78693289924191], [128.54018298208365, 35.7882654524803], [128.5413825393793, 35.78983905025336], [128.54141832127002, 35.788913836443115], [128.54146346902564, 35.78815455204706], [128.54197089204553, 35.78757985874102], [128.54337191527014, 35.78681132024806], [128.54453367405122, 35.78639747586773], [128.54598928304117, 35.78523538492583], [128.54640692025575, 35.783986077151255], [128.54652364119497, 35.78366579814831], [128.54666390788302, 35.78340588505611], [128.54679214758224, 35.78318316978628], [128.54852040129833, 35.78077176865985], [128.5489144407196, 35.78034306060041], [128.5501420083087, 35.77972316008016], [128.5520528827712, 35.779300879968304], [128.5533702032148, 35.77752697267462], [128.55402984275884, 35.77430615339418], [128.5542597983376, 35.77322651379259], [128.55447429870756, 35.772942351811515], [128.55615318180634, 35.77297825332478], [128.55731356286415, 35.773022510206324], [128.55850492016094, 35.77368773986632], [128.5595658792197, 35.774014279834496], [128.5619096696754, 35.77432271625079], [128.5625552682422, 35.77428094542635], [128.56302162089926, 35.77411323772126], [128.56369924073985, 35.773864156305216], [128.56504286987024, 35.7744474917933], [128.56522520510939, 35.77456711720029], [128.57026852560816, 35.779898996725734], [128.57019732247375, 35.7812625484624], [128.56976962143787, 35.78196180958649], [128.56923515379341, 35.7828854395748], [128.56920367759668, 35.78331092658378], [128.569309031535, 35.78634131246429], [128.56871688388685, 35.79013168475366], [128.56824820529692, 35.79214953585058], [128.5669548483745, 35.79501885626842], [128.5669688068745, 35.79503306052926], [128.56722662861776, 35.795295303420794], [128.56935402415633, 35.79739381356725], [128.5712481610115, 35.79699960550839], [128.57318747599425, 35.79651847128063], [128.57494794518786, 35.796030020920455], [128.57644441629276, 35.795924383926675], [128.57854068241096, 35.79617503522863], [128.57924742817005, 35.796570246592815], [128.5802869357005, 35.79733983414799], [128.58090930760574, 35.798037686022724], [128.58523491870443, 35.79894613106457], [128.58626113508757, 35.79991728006453], [128.5863836010734, 35.800656746962574], [128.5864300821174, 35.800940210628696], [128.5858167055867, 35.801938654409234], [128.5854872362214, 35.80288326475328], [128.5862608279867, 35.804493124688214], [128.58663795359527, 35.80502309551856], [128.58780226445015, 35.80766842777071], [128.59148516922303, 35.80927022679812], [128.5923571310471, 35.80900614796286], [128.59712438539947, 35.80672891654403], [128.59755702193996, 35.80598674489645], [128.60062571349314, 35.806077191907036], [128.60148511121992, 35.80621186019401], [128.60240436876958, 35.806298857172514], [128.60349029018462, 35.80603472654846], [128.60469868550868, 35.805692657754925], [128.60881216230717, 35.80471160976267], [128.61638792556403, 35.803581543089805], [128.61965240089154, 35.8051596300406], [128.62308620744088, 35.805864291360095], [128.62534371922314, 35.805332501664886], [128.62579695148247, 35.80522212879546], [128.62634055485532, 35.805036276091954], [128.62652021913962, 35.804939139881135], [128.6267390469495, 35.80481824584728], [128.62780677547212, 35.80378595748308], [128.62881830590422, 35.802825672925515], [128.62914093298468, 35.80254372466369], [128.63101471559426, 35.803178255642926], [128.63101472000574, 35.80318447479254], [128.6316475843558, 35.80344687234573], [128.63330805601615, 35.80363506128293], [128.6345242180263, 35.80369103773091], [128.6377128612739, 35.80352589404315], [128.6402870830299, 35.80284255707455], [128.64091853162552, 35.80228330646717], [128.64270608688247, 35.802120966145345], [128.64471231638316, 35.80222539588832], [128.64662870938136, 35.80247640797241], [128.64954727793287, 35.80293686971724], [128.6512971413808, 35.8028256611536], [128.6519000532283, 35.80061166116756], [128.6525141390997, 35.79981970519276], [128.6534917352944, 35.79925771019386], [128.65667788067134, 35.79858345417336], [128.6605735126801, 35.79852840285865], [128.66119739790295, 35.79850912665626], [128.66252785056452, 35.79839219207699], [128.6644877571945, 35.79789499319772], [128.6684613292147, 35.79685019561227], [128.66891275993848, 35.79632804930112], [128.66912756946041, 35.79606428811629], [128.67274852227717, 35.795267829253895], [128.6749036436986, 35.79516588063734], [128.67660902348268, 35.793792936638425], [128.67865837942907, 35.79303612558046], [128.68134865247868, 35.790813301972754], [128.68250196730435, 35.79013130095804], [128.68140376034316, 35.785864601269516], [128.68139676269777, 35.78502243093113], [128.6814636496926, 35.784552431304064], [128.68156236244437, 35.78396282208415], [128.6818239997831, 35.78314910673266], [128.68185598100533, 35.78306755571123], [128.68297601738237, 35.78099486037525], [128.6839492110188, 35.77956894106523], [128.68492830737003, 35.778237750573744], [128.68549772828476, 35.77804783089295], [128.68573583091515, 35.77801555114771], [128.68601647869988, 35.77804321672819], [128.68645836279347, 35.77741896582801], [128.6870704729062, 35.77549885994832], [128.687180866153, 35.773824357786], [128.6870575680769, 35.77319708383657], [128.68704130240508, 35.773129033700386], [128.68696020378204, 35.7728601378675], [128.6864451802287, 35.77191976860348], [128.68609067814762, 35.77122553725939], [128.68613223866973, 35.769967364039786], [128.68635016064584, 35.76872367459169], [128.6864560500276, 35.76852619840503], [128.68683907626925, 35.76825073862645], [128.6870540802254, 35.768123475648736], [128.68705919358246, 35.76812825547317], [128.68711738301252, 35.76817587730162], [128.68861641689142, 35.76802285844513], [128.68904046802558, 35.76758970774851], [128.68939389206278, 35.767132127532896], [128.69130658638755, 35.764291960421765], [128.69143371763093, 35.763948105344966], [128.69146864477085, 35.76304890009733], [128.69147287263675, 35.76274006795273], [128.69257537922343, 35.759275267549484], [128.69319792569465, 35.75888634856193], [128.69420054755554, 35.758142912679766], [128.6948083342162, 35.7575240279543], [128.695012527433, 35.7572755829659], [128.69521798656413, 35.75687241398695], [128.69548563603138, 35.75574218388898], [128.69378602733974, 35.7492489180652], [128.6936281934048, 35.74897052901921], [128.69328967269843, 35.74878974229778], [128.69276674459533, 35.74851688835805], [128.69243775044492, 35.74670493859847], [128.69273056036647, 35.745464390779915], [128.69365712281757, 35.74365342982229], [128.69210599678254, 35.74228943054947], [128.69013125376847, 35.740700312362975], [128.68928391858395, 35.740193554156576], [128.68912569796862, 35.73977279559209], [128.68907895959538, 35.73811465445324], [128.69027878909012, 35.737009858706024], [128.69138840345832, 35.73615688290202], [128.69194706490669, 35.73530078526944], [128.691999714309, 35.733263441533595], [128.6911647011387, 35.7313435805706], [128.69096425387977, 35.73088883581245], [128.69055579694808, 35.73047143293503], [128.69015993114613, 35.73015906679281], [128.68778915910252, 35.72853965526449], [128.68676511722765, 35.728033076192396], [128.68588251832094, 35.72768410987453], [128.68499864426892, 35.72707838377324], [128.6831374870682, 35.72557828530491], [128.68308219897685, 35.725312480531144], [128.68310898395913, 35.72473049607139], [128.68326168680952, 35.723224083621375], [128.6834263718423, 35.72271652030987], [128.68352409865142, 35.722367790960156], [128.68353845016495, 35.72226348889446], [128.68352489934585, 35.72178807081865], [128.68323970931894, 35.721454443732426], [128.67958774874364, 35.72093457034162], [128.67827667719916, 35.72102333733701], [128.676839798236, 35.7211306603983], [128.67509260959224, 35.721212744836585], [128.67335492879482, 35.72100311664118], [128.67176977993338, 35.720525665281436], [128.67169475443586, 35.72038997309018], [128.67093287783234, 35.718894377329406], [128.67067390114153, 35.71886243710163], [128.66630043203298, 35.71926758584841], [128.66352370505302, 35.720502514107864], [128.66023003482147, 35.719414829724315], [128.6566102430983, 35.71785955289266], [128.655626390141, 35.716385566921616], [128.65540387494022, 35.71595257167208], [128.65510197027257, 35.71526644393203], [128.65345278865658, 35.71387770300242], [128.64727033852773, 35.71149160915371], [128.64673172616045, 35.70940427516975], [128.64621197049226, 35.70817378453355], [128.64349426245948, 35.70699735729805], [128.64026769174015, 35.7062020568526], [128.63824799023425, 35.705790562709296], [128.6371176304446, 35.705785108581736], [128.63672168034518, 35.706119577774835], [128.63504156965158, 35.70632480375663], [128.6309262941554, 35.706792365604194], [128.6305011263231, 35.706672214437006], [128.6266924976357, 35.70471573475891], [128.6244976030365, 35.703354954537595], [128.6239974730407, 35.702296705192076], [128.61977671181702, 35.70285006020669], [128.6197881846472, 35.704508632836905], [128.61871767159582, 35.705224137128496], [128.61824738421237, 35.70548178267627], [128.61745414030474, 35.706024999660244], [128.6139160565601, 35.70984087627347], [128.61384272137377, 35.71015686762299], [128.61387057043876, 35.7133361344382], [128.61395121087398, 35.71417410147701], [128.61428394468953, 35.71456301453657], [128.61562485622193, 35.715555295768866], [128.6166671566933, 35.71637757583964], [128.61688478521887, 35.71681561825421], [128.61692572997953, 35.71763531511662], [128.61616613658597, 35.719574640615086], [128.61582489935762, 35.72016730137245], [128.61524049895206, 35.72086767441535], [128.61405798271784, 35.722113620407754], [128.6127039966886, 35.7224913813863], [128.6126570707992, 35.72250446795136], [128.6099344756628, 35.72487576161886], [128.6099138034174, 35.72532580371297], [128.61010370283367, 35.726213010805296], [128.61125542072176, 35.72734811578592], [128.61211444154978, 35.72813762886683], [128.61302185531227, 35.72893976423084], [128.61379487200037, 35.729164500801794], [128.61454785428404, 35.72961709450784], [128.6149324645909, 35.73031844914243], [128.61479842464803, 35.730942007138715], [128.61457059261323, 35.73131484932895], [128.61422607355118, 35.73173608163673], [128.61374475010834, 35.732433911354], [128.61411679729926, 35.73393506063108], [128.613890720938, 35.73689026569526], [128.61243466669254, 35.738518904838756], [128.60919534415606, 35.73891384700147], [128.6090968242906, 35.73891889673281], [128.6074989631778, 35.738998348919836], [128.60613153286647, 35.73808199589514], [128.6051247542781, 35.73755155400779], [128.60268934868202, 35.73672537832385], [128.6010085340098, 35.736620685751944], [128.59938537642776, 35.73662497021038], [128.59782589712344, 35.73679644128298], [128.59562182414044, 35.73721135815594], [128.59519732546468, 35.737212430105124], [128.59424461863637, 35.73707503038265], [128.59383151444123, 35.73639377512256], [128.5941141880364, 35.73554501462713], [128.5921628314398, 35.732655998103525], [128.59134302032405, 35.73225444352191], [128.58960087702363, 35.731503762696896], [128.58914152183135, 35.731754281103335], [128.5851472078314, 35.73454484746507], [128.58473001964356, 35.73526689859823], [128.58464374865363, 35.73541679629462], [128.58397487757517, 35.73639030724961], [128.58321454804158, 35.737401657118376], [128.58241580673632, 35.738333440775136], [128.5805159048433, 35.73866660196919], [128.57646118096955, 35.73680594560276], [128.5738050698256, 35.73555359745803], [128.57172896271751, 35.734572895446696], [128.57084094584857, 35.73453253354538], [128.56801296602194, 35.73558277585806], [128.5676570870196, 35.7361630583746], [128.56664574829878, 35.73694599200538], [128.56476718759848, 35.7367624887743], [128.56384836591567, 35.73614208473038], [128.56354936410438, 35.73587574653333], [128.56334857792208, 35.73514111938955], [128.56301483481613, 35.73385473451707], [128.56152863903506, 35.73063025184265], [128.56098706549383, 35.72971367176574], [128.5596862231782, 35.728902462724356], [128.55865201857077, 35.72881684651338], [128.55805235595582, 35.72865149246605], [128.55551356904587, 35.72784345758617], [128.55293842266477, 35.72666322320444], [128.55233077824144, 35.72635382414854], [128.54755769261325, 35.72345555871933], [128.5466140046197, 35.7227181069831], [128.54546584463574, 35.72109654029557], [128.5440857265281, 35.71943408983171], [128.5434514492148, 35.71928067069183], [128.5427123636843, 35.71910752565188], [128.54194227539202, 35.718962145593835], [128.53832780406762, 35.71800070288041], [128.53331002034778, 35.71646726013446], [128.53145300256568, 35.714806497037145], [128.53070446148595, 35.713764804569045], [128.53029941827066, 35.713489001743504], [128.52903420993653, 35.7131858140633], [128.52790486747386, 35.71274079356848], [128.52853306008524, 35.711775904189615], [128.52873906126334, 35.71147164537351], [128.5290025513641, 35.711270380626765], [128.5293430592797, 35.711010280719435], [128.5300330207076, 35.71022276642168], [128.53056084551656, 35.70940003378892], [128.53131770082703, 35.70699200670641], [128.53249921726726, 35.705082016717775], [128.53388666638946, 35.703260184099044], [128.53261812926445, 35.7007113966119], [128.53186411444517, 35.696616250124116], [128.53420744519585, 35.69481642218336], [128.5346936562536, 35.69372860621229], [128.5341473287832, 35.692303371252976], [128.53380424172798, 35.69149758672307], [128.53278031812314, 35.690098961805845], [128.531319801583, 35.68786031726345], [128.53142257388342, 35.68545358221401], [128.5317990388664, 35.68333411823922], [128.52985121643272, 35.6830153339775], [128.52792537931745, 35.68315511543912], [128.52469680508477, 35.682031735743024], [128.521794540148, 35.68090909988398], [128.5181651555458, 35.679428037159596], [128.51616070876975, 35.67719851370551], [128.51613063817885, 35.6769435237075], [128.51480215289024, 35.67541667060482], [128.51340529777755, 35.6750646961143], [128.5110370502111, 35.67463136997021], [128.5094550606539, 35.67471463790208], [128.5087715127251, 35.67433950302226], [128.50827021084274, 35.67383875328969], [128.50784968969245, 35.67331469992571], [128.5075511891288, 35.67285771487766], [128.5075197637028, 35.67271167939421], [128.50742739484303, 35.67228013400044], [128.50779907018583, 35.671452673626305], [128.50838687568918, 35.67074926329567], [128.5089765695492, 35.670048011228275], [128.5090450962403, 35.669773675330795], [128.5091781263336, 35.669036956540424], [128.50914870759192, 35.665454693065776], [128.50802727786763, 35.66372103797168], [128.5081074954382, 35.66200951542696], [128.507948840034, 35.658489445200814], [128.507800939278, 35.65766736820846], [128.5071667785706, 35.655397263845316], [128.50684420766876, 35.652215331521184], [128.506816339856, 35.65031426710116], [128.50681391793253, 35.65014840502322], [128.50827687811582, 35.64925453924153], [128.50914407108502, 35.648283743111485], [128.5106104620919, 35.64657056161313], [128.51067513181522, 35.646348472094765], [128.51071108641645, 35.64569260252355], [128.51067506200732, 35.64534703381772], [128.50988549105242, 35.64300574515859], [128.50982212861317, 35.64292967982418], [128.50929690519257, 35.64231651912157], [128.50885069545885, 35.64188574425183], [128.50726643217666, 35.64044814213077], [128.50623621233183, 35.63955696979023], [128.50571026774813, 35.63927220391941], [128.50515013207206, 35.63907558394028], [128.50484720186577, 35.638976620098354], [128.50379826480915, 35.638782562942055], [128.50274620787968, 35.638737619616414], [128.50217844641327, 35.6387656225679], [128.50123580153038, 35.63892314867698], [128.49962523076036, 35.63903368642768], [128.49569360791492, 35.63903648531478], [128.4956036382873, 35.63895730188018], [128.4954639772061, 35.638757407322245], [128.48967072673386, 35.63626916481071], [128.48837092935625, 35.635904001626535], [128.48301929566364, 35.635037823518005], [128.4827090857286, 35.6349905226578], [128.4823155060384, 35.63498903572596], [128.4821699188532, 35.6350165805129], [128.48190261373307, 35.635092190358904], [128.48134003365163, 35.63526570031265], [128.48098886713387, 35.636197765130646], [128.4806922769769, 35.63713967229568], [128.4806916364863, 35.63743076301866], [128.4806915480101, 35.637526034407585], [128.480675949454, 35.63795293685456], [128.4805884580275, 35.638675422654266], [128.4805494801581, 35.638953592986894], [128.48011725076566, 35.63972181357396], [128.47945994448398, 35.64022755351796], [128.47849424476817, 35.64052835647778], [128.47725629437417, 35.64051754944565], [128.47699404680827, 35.64047084971674], [128.47648316590255, 35.6403239791951], [128.47618743328053, 35.64020682173625], [128.47564838672454, 35.63973672083517], [128.47435663520207, 35.63858453231721], [128.47106588813492, 35.636779091587414], [128.47069078259528, 35.6366153376179], [128.46945703812796, 35.63662069382267], [128.46626306504467, 35.63674405139926], [128.46574206411552, 35.63702644816519], [128.46542635926525, 35.6371994474544], [128.463277872874, 35.63842093179484], [128.46282871080714, 35.63869238708643], [128.46034491994456, 35.64058355351132], [128.4598333894169, 35.64049910743954], [128.4595534566849, 35.64044363868398], [128.458790000892, 35.64023268393459], [128.45842059583742, 35.64006332855185], [128.4575077094326, 35.63962869137689], [128.45747192985874, 35.639598986233466], [128.45744697785713, 35.63956310266239], [128.45742694830787, 35.63952733073864], [128.4574202882828, 35.639434902289025], [128.45749533206495, 35.63912522164484], [128.45749111866732, 35.63896828379469], [128.45739978744373, 35.63864640540838], [128.4573317882585, 35.638485004247755], [128.45648221996626, 35.637413205010965], [128.45320116674125, 35.636897581456196], [128.4524614065174, 35.63696914399976], [128.45038359739618, 35.63769050461679], [128.44836411041945, 35.63772170842056], [128.44735959964154, 35.63827170573439], [128.44715980884095, 35.63835489394623], [128.44695420597162, 35.63841333162782], [128.44681984614704, 35.63843212620613], [128.44669136911114, 35.63843976332243], [128.4464760181544, 35.63841360844482], [128.4463696868446, 35.638279487663034], [128.4457661721935, 35.63670147479222], [128.4430879585399, 35.63539054972971], [128.44189329108832, 35.634620245017736], [128.44107355411938, 35.633991429938696], [128.44126410870214, 35.63311425444838], [128.44132596227382, 35.632829534419635], [128.44130459051797, 35.632551131175894], [128.44045385726275, 35.63059028223181], [128.43985384035716, 35.63043411766249], [128.43958306193323, 35.630366845539896], [128.43884984100214, 35.6303185577143], [128.43862920953902, 35.630412962952185], [128.43785822394983, 35.630757591628665], [128.4377013101297, 35.63070562896805], [128.437613189719, 35.63067643914114], [128.43706804680673, 35.63013971240937], [128.43656368682994, 35.62925992615659], [128.43217442444893, 35.624009780515124], [128.42848827228832, 35.623101047920564], [128.42577705676192, 35.6249003737786], [128.42537041663957, 35.62516635030816], [128.42521476802813, 35.625243854925984], [128.42468187875812, 35.6254122024352], [128.42310685347672, 35.6252020555108], [128.42294426154174, 35.62517486836441], [128.42277205205693, 35.6251036056855], [128.42269631662222, 35.62505753129073], [128.42250022184479, 35.62487874077877], [128.42225891054505, 35.6246271721279], [128.4219031397615, 35.62420892167472], [128.42171836343448, 35.62396931255658], [128.42150527893307, 35.62364468686005], [128.42074102955755, 35.622375874608245], [128.41866941486109, 35.6211117803834], [128.4157545671375, 35.619986299298105], [128.41527810710087, 35.61890423370739], [128.4139184019997, 35.61723342338646], [128.41299870804718, 35.61655807423009], [128.40685560549272, 35.61451245006829], [128.40487901682403, 35.61632434701216], [128.4041509721424, 35.617041674840095], [128.40412516890905, 35.617066567156776], [128.4035460736481, 35.61739543372966], [128.4034934394196, 35.61741117914495], [128.40292517524426, 35.61730504592678], [128.39929245057812, 35.61591912456467], [128.396449521366, 35.61477590818688], [128.3957749417665, 35.61413420273456], [128.39519472870703, 35.61451010569283], [128.39012895406353, 35.612381155316115], [128.38903590502537, 35.61144820751538], [128.3883842558041, 35.61077447469839], [128.38775183466836, 35.610151307037206], [128.38622159646096, 35.61009094225197], [128.38492583102962, 35.61007110721417], [128.38442606961058, 35.609914890773574], [128.38440678963346, 35.609908863384604], [128.3839486737811, 35.60959846212273], [128.38242123903757, 35.606557029935374], [128.3823989236911, 35.60653989893914], [128.37782400972569, 35.60681657721736], [128.37707891476936, 35.60698007647437], [128.3727388842688, 35.60844908653905], [128.37154276350185, 35.6092854455868], [128.37136311622228, 35.609414470073766], [128.37124639143622, 35.609590651689416], [128.3711482848669, 35.61023282535148], [128.37174762478122, 35.61088094214918], [128.37234697704275, 35.61152904968691], [128.37341352835952, 35.612486217304486], [128.37529199300346, 35.61292341064654], [128.3761495089424, 35.61311651684087], [128.37841192078375, 35.6136485954728], [128.38837581578707, 35.61792828657501], [128.38886252021686, 35.61841651967374], [128.38933010680225, 35.6188924241859], [128.3896498427666, 35.61922077471602], [128.39330599068208, 35.62324897581315], [128.39391662611436, 35.62404549888132], [128.3943649968264, 35.624640324256625], [128.39526516616098, 35.6258374057571], [128.3957978833884, 35.62673663101732], [128.39640039470515, 35.62776252509319], [128.40125141588112, 35.63272869613213], [128.40131383386014, 35.6329940625465], [128.40141830016955, 35.6334381949015], [128.40185247239384, 35.635302456465254], [128.40195430523494, 35.6357430512689], [128.40187286822768, 35.63633947564999], [128.40172166253717, 35.63735759495252], [128.40162857927584, 35.63796651385356], [128.40146041354697, 35.639015230255005], [128.4000366286238, 35.645554882797505], [128.39938231608105, 35.64655777679957], [128.3979116004844, 35.64880922288108], [128.39281730737738, 35.6529916295216], [128.3918310407591, 35.653682643617856], [128.388113943767, 35.65592509463632], [128.38345097792055, 35.658730757258354], [128.37473708938919, 35.66494204339251], [128.373979412872, 35.66550435099398], [128.37331228808011, 35.66600780569958], [128.37251111198424, 35.666620636074235], [128.36231941909085, 35.675574266808255], [128.36106861265037, 35.677149411805374], [128.360478730334, 35.67789306452726], [128.3599309011978, 35.67858562137195], [128.35844750126842, 35.680511582463815], [128.35823042425304, 35.68079351847438], [128.35796817816322, 35.68114244581839], [128.3571864251308, 35.68219523283232], [128.35708033734718, 35.6823818130754], [128.35693445851715, 35.682638376769674], [128.35672301717693, 35.683017259540044], [128.35595370567108, 35.68439727146422], [128.35528149226676, 35.68596530463678], [128.3549920161952, 35.68664579491415], [128.35456735971317, 35.68765923100013], [128.3536663600916, 35.68997881699525], [128.35344057637246, 35.690566766318774], [128.35329814537033, 35.69092249611366], [128.35245637489672, 35.69365166962562], [128.35229319652484, 35.69418863327124], [128.35221994285698, 35.694497413463544], [128.35205428214348, 35.69521606417036], [128.35154836850475, 35.6974577943062], [128.35147571427265, 35.69943032973306], [128.35172842440167, 35.70310227940586], [128.35179674711554, 35.70401563814321], [128.35230067393678, 35.70449236339833], [128.35534337669304, 35.70733319277328], [128.3567516718971, 35.70805812497786], [128.35790080943372, 35.70853944981402], [128.3588782987735, 35.70870122966651], [128.36176948699136, 35.70823347765146], [128.36498678645475, 35.707441403446744], [128.37208160658395, 35.70510237301649], [128.37480222492368, 35.70395692132861], [128.37692495843655, 35.70306292057819], [128.37816360078534, 35.70268302682727], [128.3806269196507, 35.701950349929696], [128.38272126285912, 35.701515087780976], [128.38528887453415, 35.70139260274526], [128.3868024715222, 35.70132011819482], [128.38724479908527, 35.70129726837549], [128.39202839757516, 35.70094034983369], [128.39706277779072, 35.70022325740773], [128.40613993313926, 35.697701655288796], [128.4122017567995, 35.69584189949824], [128.41454130800088, 35.695978522381864], [128.41540886549936, 35.69603125489411], [128.4191142911605, 35.696393347025165], [128.42046207997313, 35.6967704931299], [128.4222234927416, 35.69726914075482], [128.4226692678816, 35.69747283323808], [128.4229519850519, 35.69760546965945], [128.42313899772006, 35.69769814463954], [128.42320642760353, 35.69773806969427], [128.42545834249077, 35.69922939987113], [128.4321466283698, 35.7048945449729], [128.43278947124767, 35.705536215561615], [128.4330657462304, 35.705812161863676], [128.4331310999821, 35.70587855925772], [128.43318733175636, 35.705948745675165], [128.4333892518681, 35.70623083557029], [128.4339807822683, 35.70707029192992], [128.43458860071846, 35.70927352482139], [128.43482038435198, 35.71053935894611], [128.43484894590955, 35.711479829713305], [128.4348610896174, 35.712385777602336], [128.43488936613088, 35.71475772225822], [128.43463513473515, 35.71625687909333], [128.4338581262549, 35.721301801681854], [128.43371987591885, 35.72193134391076], [128.433641316263, 35.722275982037885], [128.43338206912213, 35.72292317657183], [128.4332072754478, 35.72333484728855], [128.43252793314647, 35.72456523183792], [128.4318159130991, 35.72559810015625], [128.4305295027653, 35.726429008780066], [128.4294517627943, 35.727121281562425], [128.428417566798, 35.72779906242507], [128.4238897155738, 35.73102819515052], [128.42349002106278, 35.73139796345668], [128.42270473163637, 35.732139814203364], [128.42231256622836, 35.73251543484881], [128.4216460734658, 35.733134668868914], [128.41876788302102, 35.734625632533124], [128.41609030527275, 35.7361452372182], [128.4126187927314, 35.737951036437245], [128.39918429029538, 35.74417624976341], [128.39700088464434, 35.74503689936275], [128.39632260038252, 35.745306063531686], [128.39603711465568, 35.745468880331174], [128.39324439674442, 35.747084273971936], [128.39223496693376, 35.74772082082487], [128.39124694996124, 35.74835267226061], [128.39039200789003, 35.74941401643781], [128.3898795371873, 35.75032484598879], [128.38773359560943, 35.75357881110491], [128.38610550125762, 35.755341006370436], [128.3841593371695, 35.757398264536704], [128.3840742274096, 35.75747601118959], [128.38368076555327, 35.75790412931305], [128.3834283545872, 35.75826474667546], [128.3832941640511, 35.758585218387054], [128.38326995327947, 35.75899775768434], [128.38337413406313, 35.759569340637455], [128.38346927250018, 35.760086848407774], [128.384385913866, 35.761611337829045], [128.38769449989567, 35.76669320366607], [128.38963135298533, 35.76998713291328], [128.38996425180736, 35.77044207214312], [128.39038902648713, 35.77101915424306], [128.3908624404232, 35.771651710104045], [128.39157568536416, 35.77258251320998], [128.39212322346043, 35.773291982851745], [128.39258127028165, 35.77372152064246], [128.39314654539703, 35.774244517641286], [128.39408565542448, 35.775090666421875], [128.39467778718347, 35.775622966932154], [128.39498521540565, 35.77589437754882], [128.39557614513149, 35.77641313817394], [128.3958041860554, 35.77660968554444], [128.39634349262877, 35.777133915874586], [128.3969031832321, 35.77768387777941], [128.3975852917425, 35.778646075933096], [128.39808084977494, 35.77952602502183], [128.39829579788932, 35.779914396105426], [128.3986479939363, 35.78065442577309], [128.39881002844203, 35.78099833341806], [128.39910571386224, 35.781852573579776], [128.3992060412364, 35.782149107090895], [128.39928893407088, 35.78259832555206], [128.39938739623602, 35.78320381431883], [128.40068046392005, 35.786495268332175], [128.40149646467486, 35.787996586239196], [128.40262964175736, 35.79003802065824], [128.40628894151513, 35.79638868848207], [128.40811916953882, 35.79920836948901], [128.41054500680025, 35.79935075257245], [128.41073587655913, 35.801089594356625], [128.4111112112888, 35.80147385435883], [128.4118738510995, 35.80224961906092], [128.4122127035106, 35.80259429281272], [128.41244043283749, 35.80282436794813], [128.41299165832766, 35.80282283368595], [128.41363648852106, 35.80282102908447], [128.41577208983236, 35.802814942621765], [128.41578515377606, 35.80581583750375], [128.41578628904028, 35.80609213631276], [128.41614857831064, 35.80609108889137], [128.41878023726568, 35.80608338838523], [128.42029235193436, 35.80607893548076], [128.4205838352429, 35.806194550468156], [128.42081603871344, 35.806304135925124], [128.42081939954144, 35.80705565270156], [128.42082850873368, 35.80910857579789], [128.4208295159648, 35.80935457330406], [128.42105550618984, 35.809353916660726], [128.44094548315252, 35.809294181088255], [128.4409386666927, 35.807762316076484], [128.44093071441998, 35.806040903329865], [128.44102906377432, 35.8060167211193], [128.44969143327526, 35.80598956420891], [128.4618665319803, 35.805853344610355], [128.4704331552507, 35.80592233610931], [128.4710087594729, 35.80605963999435], [128.47197860956857, 35.80641878094884], [128.47227520027252, 35.80653161541556], [128.473683127992, 35.80713968770033], [128.47279334135817, 35.80898206527544], [128.4731321632361, 35.809134910652716], [128.47326047720122, 35.80919277399985], [128.47427966290851, 35.809885728148004], [128.47774005302367, 35.81223859943746], [128.4778983008688, 35.81234627554536], [128.47983749225412, 35.81429988004095], [128.48068235537443, 35.815151136107566], [128.48095556568055, 35.81542653169471], [128.48095889650918, 35.81542988928915], [128.48099947147443, 35.81547075657367], [128.48153705319166, 35.81601215239517], [128.48269917652223, 35.81552413388347], [128.48271590647235, 35.815517109240766], [128.48385370997502, 35.81631902525136], [128.48656689268586, 35.81803731575196], [128.4900401957112, 35.82003466941721], [128.49840261293346, 35.818360052878944], [128.50003109514688, 35.81797115862697], [128.50065289441892, 35.81775869824408], [128.5012409650807, 35.817521792666035], [128.5015534417769, 35.817391956960115], [128.5016286236707, 35.81736066559056], [128.50173393651397, 35.81730912865278], [128.50235107667336, 35.81700628962814], [128.50266592436037, 35.81683293717669]]], [[[128.4758385363337, 35.935473910149774], [128.47641886715627, 35.93443933717815], [128.4764591826947, 35.934080699488206], [128.47656447263262, 35.93297199256282], [128.47664319826745, 35.932050697538074], [128.4761727303245, 35.9282131894479], [128.47535644747563, 35.92641701169562], [128.4744109931209, 35.92508346416751], [128.47361230369233, 35.923886576936916], [128.47326428222848, 35.9232144153447], [128.47330802240617, 35.92183325951005], [128.47336478242872, 35.92120364936171], [128.47376338980675, 35.91992396391795], [128.47397043399116, 35.917417286028616], [128.47364171369298, 35.91651859542036], [128.47275537416263, 35.914435920881765], [128.47259163813223, 35.91426832801168], [128.47210367467414, 35.913769277893664], [128.47094602114586, 35.91270040356569], [128.46872055675195, 35.91084461516559], [128.46788987716948, 35.910690890950015], [128.46662282021518, 35.91019259624673], [128.46596063105656, 35.90950591057899], [128.46539901957019, 35.9085904677917], [128.4658564774063, 35.907904184667636], [128.46673725055584, 35.90710646650896], [128.4673399401315, 35.90642327681997], [128.46734966868803, 35.906381504224846], [128.46760173282595, 35.90529410832571], [128.46755519804682, 35.903029414988524], [128.4677546495235, 35.90021848904408], [128.46837904335263, 35.899470833146715], [128.4689057934296, 35.899135957556524], [128.46909837827974, 35.89901352263223], [128.47077407203545, 35.89787984466243], [128.47201481876155, 35.896509923014335], [128.4732943262813, 35.89549810208571], [128.47459701581374, 35.894802404003556], [128.47526956286873, 35.89445753938739], [128.47568385525082, 35.89468290549836], [128.4767633223177, 35.89536462251409], [128.47741074019882, 35.89606268695545], [128.4784767994675, 35.89682429633693], [128.47916502074895, 35.89661456434075], [128.48259079987037, 35.89520492368863], [128.48394342876932, 35.894519966529465], [128.48448903610165, 35.89434222203004], [128.484882897579, 35.89551862834286], [128.48512389846852, 35.89586726935774], [128.48591760263074, 35.896462292635725], [128.48785475752072, 35.89755096293938], [128.4879804886246, 35.897615750612346], [128.48846079345805, 35.89776209802192], [128.4889309093665, 35.897850154980425], [128.48990732459208, 35.89773242742224], [128.4906169714287, 35.89757917440027], [128.49200638363396, 35.89632993772763], [128.49352396943013, 35.893320370504114], [128.49472186741687, 35.89078926867395], [128.4963574441966, 35.88922766917105], [128.4989670560099, 35.889914955323924], [128.49913673541, 35.88994897370165], [128.49936353998606, 35.88987659824514], [128.49959747677752, 35.88957076899194], [128.50012915577506, 35.8884344512367], [128.50027341156863, 35.88781199395762], [128.50027698136245, 35.8875285525048], [128.50028236759238, 35.88707979541283], [128.50033587327692, 35.88644811838365], [128.50039988087318, 35.88646482365966], [128.50105322181597, 35.886644368529296], [128.50136234047125, 35.88672947987481], [128.50149407053738, 35.886765915631514], [128.50192122450778, 35.886934260544606], [128.50224953455583, 35.887069312974155], [128.50297959797953, 35.887659607264744], [128.50388376763226, 35.88842955979204], [128.5040877084446, 35.88860949732427], [128.50458863164616, 35.88915169038844], [128.5041608749376, 35.88959020023979], [128.50482548318345, 35.8914480510076], [128.50695867056425, 35.89293403822678], [128.50774963371444, 35.89323312281529], [128.50818778621016, 35.89328079889583], [128.50883857638664, 35.89333682000143], [128.5120459016449, 35.89335382148418], [128.51264648190042, 35.89331827859311], [128.51301222090453, 35.893273529059314], [128.51328547484758, 35.8932398637492], [128.51913552747652, 35.89163219199963], [128.52106646692758, 35.890807688273924], [128.52300392385203, 35.8898825370697], [128.52328547274035, 35.88972034000876], [128.52435922530256, 35.889166613450804], [128.52489632084277, 35.888933329292925], [128.52601832282627, 35.888449773928706], [128.526363371807, 35.888340177960785], [128.52578376915997, 35.887112236544326], [128.52509627521596, 35.88663315277263], [128.52480863735434, 35.88643277662446], [128.5215606415726, 35.88576602136092], [128.51765024183524, 35.884661809456375], [128.51681973349005, 35.88401141557011], [128.51661664346017, 35.88380796884494], [128.51634665433463, 35.88307331622131], [128.51640346114291, 35.882980217407706], [128.5179732697207, 35.88043367526422], [128.518182119837, 35.880324162619274], [128.51878836067263, 35.87976295827391], [128.51960930099852, 35.87822394803708], [128.51974862198222, 35.877953585929376], [128.52001932304123, 35.877320438718534], [128.52018161589513, 35.87691667415021], [128.5203525191904, 35.87641408084944], [128.5211524941202, 35.872653913966296], [128.52098273278366, 35.872309553483404], [128.52019773843088, 35.87096072931283], [128.51913193177057, 35.86941851731278], [128.51579959440056, 35.86774083396819], [128.51228180454666, 35.86810825905144], [128.5094414577004, 35.869567757677544], [128.50936592026017, 35.869286246292184], [128.50924229162132, 35.86867759453236], [128.5090965887172, 35.86776604714966], [128.50844108533934, 35.86666711391457], [128.50832938402178, 35.86648386080718], [128.50818792824342, 35.8662518316645], [128.5077724595147, 35.865951093888654], [128.50658909909984, 35.86603633974706], [128.50474009804782, 35.865676261993], [128.5021176391837, 35.86444338193774], [128.50056642385888, 35.86344065574265], [128.4998917474344, 35.86368102783299], [128.49840661025843, 35.86407193917429], [128.49832733510968, 35.86408865283831], [128.49487350018788, 35.864619196551395], [128.493381140774, 35.864636129571096], [128.49036176613916, 35.866209190068844], [128.48776637965238, 35.867635076400305], [128.48773181226292, 35.86766397277478], [128.487304037539, 35.86789910870409], [128.48717251047475, 35.8679466857404], [128.4867406366914, 35.86810289152519], [128.48615518840765, 35.868113005924535], [128.4860170424868, 35.86810814962084], [128.4850125126145, 35.86801040043205], [128.48439744253469, 35.86790363445458], [128.48380896666256, 35.86780836674554], [128.48304555632643, 35.86772278911438], [128.48174773788102, 35.86828024778593], [128.47977563012765, 35.866380414974444], [128.4795487561139, 35.86616099569964], [128.4768017969981, 35.86200091000249], [128.47658951024727, 35.861550711572214], [128.4738095430556, 35.85822205566363], [128.47307696786785, 35.858221263683205], [128.47240380359077, 35.855581859744404], [128.47210131185994, 35.854395566146074], [128.47178516373472, 35.85207548674795], [128.47116952364155, 35.84790276219814], [128.4710203489463, 35.846916386249326], [128.47077371663838, 35.84586292487305], [128.4702352913423, 35.844387605975754], [128.46962273622316, 35.84268946798186], [128.46938627592704, 35.84183609080401], [128.46888138945934, 35.83959529091963], [128.46874707523756, 35.83955193323746], [128.46660448381684, 35.839732381813626], [128.46569868242798, 35.84000379266691], [128.46035600284716, 35.84160501656379], [128.45885295763713, 35.842385616619126], [128.4579901607849, 35.84283370701397], [128.45543278821688, 35.84416186197615], [128.4547896233691, 35.84445738323796], [128.45000155864278, 35.84665686952372], [128.44472034271743, 35.84792071200979], [128.4427060764928, 35.848019187051264], [128.4408342433888, 35.84811065158037], [128.43862030924174, 35.848216977728335], [128.43618218798645, 35.8483340852853], [128.43467689471368, 35.84872024082768], [128.43344805598795, 35.849035531556055], [128.4314080282413, 35.84955900624313], [128.42259715843593, 35.85030839713092], [128.41917784108338, 35.85055294867245], [128.4167789479346, 35.851456881006044], [128.41598215864332, 35.85175705346461], [128.41095644744408, 35.85188764520246], [128.39668539742277, 35.852010200121924], [128.38953374161042, 35.852011286244974], [128.38759190278864, 35.852406179686234], [128.3865417570208, 35.85130538861721], [128.3835101740539, 35.85283465134426], [128.3834671423592, 35.85347820708938], [128.3834458499023, 35.854143596041105], [128.3834590005847, 35.85839156508391], [128.38347581633332, 35.86090513561259], [128.383594817843, 35.86255468800048], [128.38420918812452, 35.865656047434726], [128.38491882391955, 35.86716807425911], [128.3853481749589, 35.86799115485185], [128.385746430979, 35.86857377018156], [128.3861031107468, 35.868912351808014], [128.38652270651176, 35.86930962762415], [128.38662483502836, 35.869413296809846], [128.38700859980662, 35.869845905251736], [128.38716959901936, 35.87003310326598], [128.38827328872634, 35.87148165798799], [128.38844951416849, 35.871760154736606], [128.38885892429442, 35.872654101714936], [128.38940323756154, 35.874172899609015], [128.38956235738098, 35.87464093531252], [128.39066044207055, 35.87894393407582], [128.39476295576918, 35.887368909527105], [128.39599699961627, 35.889861852615795], [128.39641476171107, 35.89051673608703], [128.3967832802567, 35.89098048225243], [128.39700611583658, 35.891209397916995], [128.3971933357361, 35.89141512581609], [128.39755890877478, 35.89182305805086], [128.39773277204372, 35.89212091396254], [128.39806677311623, 35.89270855431915], [128.39891632893742, 35.89537846357303], [128.39896772852376, 35.895561751100026], [128.39913478991073, 35.89631882773578], [128.39898171123443, 35.89888111711993], [128.39897668798204, 35.89992652506172], [128.40184860214336, 35.900380229281296], [128.40247405043564, 35.90047722224424], [128.40414774500505, 35.90051826332696], [128.40712875882767, 35.9007248337], [128.40892651593862, 35.903178208050775], [128.40925553458206, 35.904405761937014], [128.40958557690143, 35.90540056799762], [128.40968081661478, 35.905650665804075], [128.40969540204478, 35.90568896239737], [128.4101657356433, 35.90654590441819], [128.4138286623203, 35.911248237329524], [128.41482372394432, 35.91235440014307], [128.4164885455938, 35.91370450281233], [128.41754157993657, 35.916100455601885], [128.41801204025674, 35.917800265230824], [128.41798211880646, 35.91824488499959], [128.4179490576628, 35.91915007627719], [128.41853881966574, 35.921329734465104], [128.42026842266773, 35.92210427886113], [128.42058469916878, 35.92206276696347], [128.42139825457866, 35.92193406611991], [128.42346680839694, 35.92279264576937], [128.4237820147623, 35.92311478235171], [128.424558606629, 35.92465135597478], [128.42472604259677, 35.92506771603545], [128.4246673093813, 35.92692105655836], [128.4249015935927, 35.9280407018473], [128.42628147764736, 35.92734530867812], [128.42650012274686, 35.92724061569876], [128.4266324390428, 35.92721419545758], [128.4275443559082, 35.92733373465012], [128.42760373456835, 35.92739522069338], [128.42770973703955, 35.92757843175373], [128.42771950813383, 35.92762159343711], [128.42772363694522, 35.92766379117223], [128.4276465256501, 35.927815765664], [128.4275671194291, 35.927909608782706], [128.42749024320537, 35.92798148244121], [128.42745072946656, 35.92801216171963], [128.42751568189863, 35.928155072177844], [128.42755228342688, 35.92821611735901], [128.4276197085901, 35.92832828908017], [128.42802089193358, 35.92893031363183], [128.4286276254167, 35.929407083914285], [128.43097105741683, 35.93068098427061], [128.43283207683578, 35.9311303951489], [128.4329275044036, 35.931003907924506], [128.43300758148308, 35.93099231917552], [128.4387450653682, 35.93151925022295], [128.43982327397225, 35.932275641290815], [128.44013035975667, 35.93253078894875], [128.44039493896497, 35.9331889482701], [128.44042521230205, 35.93326427836326], [128.44052920237584, 35.93352317954156], [128.44072439132466, 35.93400913246265], [128.44110778313325, 35.934944176395625], [128.44156143016593, 35.93520687247413], [128.44237988546084, 35.935282570156616], [128.44508312738682, 35.9351507526032], [128.44835085470987, 35.93479056411351], [128.44924427476263, 35.934871866619886], [128.45033818182017, 35.93504165649553], [128.45073221964844, 35.93529598689971], [128.4520921795467, 35.93617440488495], [128.45277734279003, 35.93661717440689], [128.45378974511607, 35.938893794196574], [128.45361083137607, 35.939559317178805], [128.45347494709162, 35.94006549994143], [128.45348125982497, 35.94010646205447], [128.4538390179371, 35.942338219640305], [128.45415527463828, 35.94314943773851], [128.45541405561937, 35.942830613431006], [128.45607287638083, 35.94216462032422], [128.45708875245572, 35.94177065655171], [128.45779804729497, 35.94157003213257], [128.45986620411722, 35.94144851305683], [128.46078432754774, 35.94095853859369], [128.4622174002132, 35.93996511174332], [128.46343228589708, 35.93869340088139], [128.46791213465204, 35.93852683162718], [128.4698536155014, 35.93825809459295], [128.4724453393991, 35.937368640882816], [128.47432283756262, 35.93651525589554], [128.4753094864791, 35.93594693636396], [128.4758385363337, 35.935473910149774]]]]}, "properties": {"name": "\ub2ec\uc131\uad70", "base_year": "2018", "name_eng": "Dalseong-gun", "code": "22310"}}, {"type": "Feature", "geometry": {"type": "MultiPolygon", "coordinates": [[[[128.48354, 36.30784], [128.4844, 36.30749], [128.48468, 36.30753], [128.48568, 36.3077], [128.48619, 36.30813], [128.48773, 36.30811], [128.48873, 36.30753], [128.4891, 36.30729], [128.4894, 36.30699], [128.49036, 36.30602], [128.49218, 36.30456], [128.49619, 36.30349], [128.49826, 36.30339], [128.50024, 36.30379], [128.5022, 36.30376], [128.50702, 36.30363], [128.50914, 36.30215], [128.51035, 36.30104], [128.51073, 36.30071], [128.51078, 36.30067], [128.51321, 36.30087], [128.51431, 36.30119], [128.51589, 36.30183], [128.51805, 36.30193], [128.51866, 36.30102], [128.51897, 36.30076], [128.51961, 36.30025], [128.52317, 36.2996], [128.52454, 36.29989], [128.52495, 36.29997], [128.52588, 36.29931], [128.52849, 36.29519], [128.52932, 36.29378], [128.52994, 36.29383], [128.53169, 36.29445], [128.53255, 36.29481], [128.53332, 36.2951], [128.53567, 36.29583], [128.53591, 36.29556], [128.53613, 36.29485], [128.53754, 36.29447], [128.53843, 36.29435], [128.54332, 36.29297], [128.54551, 36.29195], [128.54546, 36.29181], [128.54527, 36.29057], [128.54567, 36.2901], [128.54732, 36.2894], [128.54748, 36.28915], [128.54778, 36.28869], [128.54986, 36.28424], [128.54996, 36.28142], [128.55183, 36.27503], [128.55198, 36.27495], [128.55275, 36.27456], [128.55369, 36.27433], [128.55756, 36.27407], [128.55885, 36.27467], [128.55916, 36.275], [128.5594, 36.27515], [128.55988, 36.2754], [128.56021, 36.27555], [128.56334, 36.27584], [128.56443, 36.27547], [128.56505, 36.27516], [128.56531, 36.27503], [128.56597, 36.27446], [128.56664, 36.27424], [128.56675, 36.27421], [128.5685, 36.27442], [128.56906, 36.27451], [128.56996, 36.27466], [128.57125, 36.2751], [128.57171, 36.27535], [128.57172, 36.27536], [128.57318, 36.27651], [128.57359, 36.27686], [128.57399, 36.27735], [128.57414, 36.27826], [128.57415, 36.27839], [128.57416, 36.27842], [128.57581, 36.27993], [128.57808, 36.27978], [128.57858, 36.27973], [128.5877, 36.27831], [128.58871, 36.2777], [128.58881, 36.27728], [128.59066, 36.27713], [128.59302, 36.27709], [128.59407, 36.27753], [128.5945, 36.27772], [128.5956, 36.27704], [128.59643, 36.2757], [128.59651, 36.27554], [128.5975, 36.27332], [128.59772, 36.27274], [128.5975, 36.27227], [128.59741, 36.27175], [128.59763, 36.27133], [128.59768, 36.2713], [128.59769, 36.2713], [128.5977, 36.27129], [128.59942, 36.27049], [128.60024, 36.27032], [128.60179, 36.27006], [128.60337, 36.26993], [128.60511, 36.27025], [128.60555, 36.27048], [128.60677, 36.27113], [128.60891, 36.27121], [128.61059, 36.27068], [128.61355, 36.26971], [128.615, 36.26842], [128.619, 36.26803], [128.6196, 36.2681], [128.61961, 36.2681], [128.62375, 36.26703], [128.62448, 36.26672], [128.62495, 36.26647], [128.62504, 36.26643], [128.62562, 36.26607], [128.62683, 36.2653], [128.62821, 36.26436], [128.62903, 36.26379], [128.62953, 36.26325], [128.63066, 36.26255], [128.63404, 36.26164], [128.63475, 36.26155], [128.63564, 36.26154], [128.63614, 36.26151], [128.63986, 36.25829], [128.64025, 36.2579], [128.6406, 36.25751], [128.64056, 36.25319], [128.63972, 36.25198], [128.63851, 36.25183], [128.63849, 36.25183], [128.6387, 36.24783], [128.63878, 36.24769], [128.63963, 36.24744], [128.63991, 36.24708], [128.63994, 36.24704], [128.64137, 36.2448], [128.63986, 36.24447], [128.63894, 36.24295], [128.63919, 36.2423], [128.63946, 36.24139], [128.63947, 36.24132], [128.63647, 36.24039], [128.63627, 36.24037], [128.63574, 36.24036], [128.63313, 36.23866], [128.63431, 36.2364], [128.63521, 36.2353], [128.6364, 36.23365], [128.63665, 36.2331], [128.63718, 36.22842], [128.63717, 36.22797], [128.63707, 36.2276], [128.63645, 36.22706], [128.63641, 36.22702], [128.63446, 36.226], [128.63291, 36.22551], [128.63291, 36.22551], [128.6346, 36.22469], [128.63627, 36.22383], [128.63582, 36.22079], [128.63489, 36.21847], [128.63455, 36.21813], [128.63384, 36.21742], [128.63384, 36.21742], [128.63205, 36.21687], [128.63202, 36.21686], [128.63182, 36.21621], [128.63208, 36.2159], [128.63353, 36.21423], [128.63431, 36.21367], [128.63461, 36.21279], [128.63456, 36.21208], [128.63487, 36.21089], [128.63541, 36.209], [128.63829, 36.20795], [128.63945, 36.20753], [128.64192, 36.21074], [128.64433, 36.21367], [128.6487, 36.21807], [128.64872, 36.21807], [128.64899, 36.21804], [128.64905, 36.21803], [128.64915, 36.21799], [128.65044, 36.2175], [128.65203, 36.21709], [128.65303, 36.21713], [128.65561, 36.21835], [128.65587, 36.21906], [128.65586, 36.21914], [128.65699, 36.22014], [128.65976, 36.22138], [128.66027, 36.22124], [128.66092, 36.22105], [128.66118, 36.22095], [128.6625, 36.22039], [128.66248, 36.22033], [128.66239, 36.22011], [128.66245, 36.21903], [128.66464, 36.21896], [128.66546, 36.21715], [128.66613, 36.21545], [128.66794, 36.21155], [128.66938, 36.20937], [128.66951, 36.20925], [128.6719, 36.20815], [128.67201, 36.20815], [128.67208, 36.20821], [128.67211, 36.20822], [128.67242, 36.20862], [128.6731, 36.21023], [128.67332, 36.21102], [128.67389, 36.21194], [128.67485, 36.21272], [128.68153, 36.21479], [128.68357, 36.21485], [128.68798, 36.21376], [128.68835, 36.21343], [128.68841, 36.21332], [128.68846, 36.21321], [128.68878, 36.21269], [128.69017, 36.21219], [128.69159, 36.21254], [128.69205, 36.21298], [128.69229, 36.21327], [128.69308, 36.21384], [128.69421, 36.21396], [128.69625, 36.21277], [128.69735, 36.21167], [128.69781, 36.21075], [128.69778, 36.21034], [128.6979, 36.21021], [128.69967, 36.20899], [128.69989, 36.20884], [128.69833, 36.20775], [128.6963, 36.20448], [128.69629, 36.20441], [128.69628, 36.20385], [128.69626, 36.20276], [128.69633, 36.20215], [128.69636, 36.20214], [128.6964, 36.20213], [128.69884, 36.20128], [128.69914, 36.20119], [128.70003, 36.20128], [128.70136, 36.20118], [128.70189, 36.20108], [128.70404, 36.19927], [128.70857, 36.19858], [128.71218, 36.19912], [128.7122, 36.19913], [128.7135, 36.20003], [128.71709, 36.20031], [128.71863, 36.20011], [128.71864, 36.20008], [128.71913, 36.19868], [128.71913, 36.19808], [128.721, 36.19811], [128.72324, 36.19915], [128.72477, 36.20052], [128.72555, 36.20076], [128.72748, 36.20076], [128.72848, 36.19981], [128.72927, 36.19898], [128.72952, 36.19881], [128.73242, 36.19941], [128.73307, 36.19969], [128.735, 36.20073], [128.73692, 36.20032], [128.73847, 36.19994], [128.74045, 36.19918], [128.74047, 36.19917], [128.74174, 36.19853], [128.74308, 36.19744], [128.74405, 36.196], [128.74515, 36.19496], [128.74592, 36.19445], [128.74709, 36.19493], [128.74959, 36.19596], [128.75039, 36.19712], [128.75049, 36.19783], [128.75052, 36.19809], [128.75017, 36.19861], [128.74997, 36.19888], [128.7516, 36.20166], [128.75269, 36.20281], [128.75421, 36.20263], [128.75499, 36.20244], [128.75598, 36.20247], [128.75799, 36.20285], [128.75857, 36.20116], [128.75885, 36.20076], [128.75959, 36.20021], [128.76063, 36.19971], [128.76137, 36.19938], [128.76274, 36.19935], [128.76334, 36.19933], [128.76336, 36.19932], [128.76577, 36.19698], [128.76585, 36.19658], [128.7665, 36.19605], [128.76923, 36.19388], [128.76996, 36.19343], [128.77167, 36.19434], [128.77239, 36.19472], [128.77279, 36.19484], [128.77485, 36.1949], [128.7811, 36.19415], [128.78528, 36.19354], [128.7877, 36.1931], [128.78967, 36.1923], [128.79113, 36.19169], [128.79209, 36.19129], [128.7936, 36.19091], [128.79439, 36.19071], [128.79645, 36.19082], [128.7965, 36.19091], [128.79799, 36.19345], [128.79845, 36.19459], [128.79886, 36.19604], [128.80087, 36.19741], [128.80104, 36.19753], [128.80152, 36.19787], [128.80234, 36.19941], [128.80321, 36.20105], [128.80379, 36.20318], [128.8029, 36.20419], [128.80286, 36.20422], [128.80229, 36.20459], [128.80164, 36.20579], [128.80167, 36.2058], [128.80337, 36.20626], [128.80523, 36.207], [128.8042, 36.2097], [128.8041, 36.20981], [128.80671, 36.21014], [128.80787, 36.21011], [128.8109, 36.21034], [128.81337, 36.21053], [128.81384, 36.21072], [128.8142, 36.21098], [128.81558, 36.21209], [128.8156, 36.21212], [128.81618, 36.21283], [128.81722, 36.21384], [128.81854, 36.21483], [128.82296, 36.21709], [128.82521, 36.2179], [128.82523, 36.21791], [128.82656, 36.21824], [128.82932, 36.21794], [128.83068, 36.21805], [128.83166, 36.21687], [128.83214, 36.21626], [128.83247, 36.21577], [128.83422, 36.2146], [128.83537, 36.21458], [128.83896, 36.21515], [128.84367, 36.21556], [128.84981, 36.21336], [128.85473, 36.21086], [128.85742, 36.20897], [128.85837, 36.20781], [128.85935, 36.20724], [128.86034, 36.20695], [128.86163, 36.20732], [128.86378, 36.20664], [128.86869, 36.20553], [128.87122, 36.20516], [128.87311, 36.20214], [128.87417, 36.20016], [128.87436, 36.19981], [128.87437, 36.1998], [128.87591, 36.19879], [128.87605, 36.19869], [128.87705, 36.1987], [128.87722, 36.19871], [128.87831, 36.19882], [128.88077, 36.19886], [128.88189, 36.1987], [128.88313, 36.19842], [128.88317, 36.19839], [128.88257, 36.19701], [128.88237, 36.19608], [128.88234, 36.19529], [128.88256, 36.19373], [128.88238, 36.19245], [128.88131, 36.1917], [128.88076, 36.19023], [128.88077, 36.19022], [128.88346, 36.18844], [128.88375, 36.1873], [128.88417, 36.18527], [128.88508, 36.18401], [128.8878, 36.18298], [128.8899, 36.18224], [128.89028, 36.18199], [128.89105, 36.18083], [128.8913, 36.17862], [128.89119, 36.17803], [128.89094, 36.17622], [128.89095, 36.17621], [128.8917, 36.17549], [128.89254, 36.17519], [128.89416, 36.17389], [128.89501, 36.1732], [128.89475, 36.1702], [128.89445, 36.16941], [128.8955, 36.16757], [128.89682, 36.16605], [128.89817, 36.16471], [128.9002, 36.16238], [128.89669, 36.16033], [128.89548, 36.15982], [128.89227, 36.15529], [128.89004, 36.14725], [128.89018, 36.14619], [128.891, 36.14441], [128.89159, 36.14348], [128.88986, 36.14253], [128.87996, 36.14254], [128.87896, 36.14255], [128.87653, 36.14263], [128.8743, 36.14284], [128.87364, 36.14311], [128.87332, 36.14324], [128.87035, 36.14455], [128.87012, 36.14467], [128.86989, 36.14474], [128.86798, 36.14524], [128.86492, 36.14435], [128.8649, 36.14434], [128.86277, 36.14487], [128.86173, 36.14522], [128.85879, 36.14506], [128.85857, 36.14497], [128.8579, 36.14407], [128.85653, 36.14219], [128.85656, 36.14184], [128.85656, 36.14184], [128.85656, 36.14182], [128.85656, 36.14181], [128.8565, 36.14172], [128.85637, 36.14161], [128.85352, 36.13928], [128.85209, 36.13834], [128.85198, 36.13831], [128.85087, 36.13805], [128.85063, 36.13743], [128.85052, 36.13699], [128.85038, 36.13641], [128.85054, 36.13455], [128.85167, 36.13234], [128.85227, 36.13197], [128.85295, 36.13042], [128.85344, 36.12842], [128.85345, 36.12708], [128.85339, 36.12705], [128.85328, 36.127], [128.85236, 36.1266], [128.8512, 36.12463], [128.85172, 36.12307], [128.8522, 36.12191], [128.85246, 36.12129], [128.85226, 36.12071], [128.85222, 36.12059], [128.85168, 36.11954], [128.85095, 36.11818], [128.85054, 36.118], [128.84793, 36.11703], [128.84612, 36.1167], [128.84505, 36.11633], [128.84389, 36.11483], [128.8411, 36.11338], [128.83951, 36.11336], [128.83784, 36.11305], [128.83783, 36.11303], [128.83729, 36.11168], [128.83665, 36.10962], [128.83683, 36.10871], [128.83696, 36.10797], [128.83655, 36.10703], [128.83373, 36.10308], [128.83357, 36.10292], [128.83262, 36.10199], [128.83262, 36.10199], [128.83257, 36.10202], [128.83168, 36.10249], [128.83036, 36.10281], [128.82986, 36.10275], [128.82906, 36.10237], [128.82441, 36.10088], [128.82228, 36.10047], [128.82198, 36.10028], [128.81927, 36.09831], [128.81826, 36.09691], [128.81703, 36.0933], [128.81639, 36.09231], [128.81363, 36.09177], [128.81152, 36.09018], [128.81151, 36.09014], [128.81131, 36.08933], [128.8113, 36.08932], [128.81064, 36.08904], [128.80829, 36.08841], [128.80767, 36.08827], [128.80674, 36.08824], [128.80586, 36.0882], [128.80494, 36.08814], [128.80451, 36.08808], [128.80397, 36.08757], [128.80287, 36.08652], [128.80209, 36.08597], [128.79853, 36.08532], [128.7985, 36.08535], [128.79773, 36.08623], [128.79613, 36.08695], [128.79522, 36.08706], [128.79154, 36.08677], [128.79051, 36.08665], [128.79047, 36.08664], [128.78942, 36.08623], [128.78774, 36.08878], [128.78762, 36.08914], [128.78735, 36.08959], [128.78524, 36.09075], [128.78477, 36.091], [128.7801, 36.09323], [128.77648, 36.09567], [128.77611, 36.09572], [128.77408, 36.09584], [128.7701, 36.09683], [128.76939, 36.09718], [128.7682, 36.09867], [128.76685, 36.10018], [128.76553, 36.10054], [128.76452, 36.10066], [128.75949, 36.09757], [128.75858, 36.09684], [128.75759, 36.09571], [128.75755, 36.09567], [128.75468, 36.09223], [128.75367, 36.09078], [128.75091, 36.0918], [128.75026, 36.09207], [128.75032, 36.09214], [128.75184, 36.09412], [128.75275, 36.09583], [128.75282, 36.09832], [128.75263, 36.09901], [128.75144, 36.09948], [128.75128, 36.10044], [128.75145, 36.10127], [128.75172, 36.1018], [128.75176, 36.10187], [128.7517, 36.10261], [128.75166, 36.10291], [128.75164, 36.10305], [128.74689, 36.10801], [128.74573, 36.10903], [128.74516, 36.10925], [128.74494, 36.10735], [128.74473, 36.10579], [128.74413, 36.10235], [128.74375, 36.102], [128.74024, 36.09963], [128.73885, 36.09926], [128.73823, 36.09912], [128.73586, 36.0977], [128.73601, 36.09741], [128.73611, 36.09701], [128.73529, 36.09558], [128.73361, 36.09426], [128.73062, 36.09298], [128.72914, 36.09269], [128.72898, 36.09275], [128.72674, 36.09327], [128.72654, 36.09323], [128.72597, 36.09297], [128.72444, 36.09206], [128.72439, 36.09202], [128.72384, 36.09137], [128.72298, 36.09034], [128.72293, 36.09027], [128.7229, 36.09022], [128.72389, 36.08876], [128.72561, 36.0876], [128.7275, 36.08681], [128.72819, 36.08539], [128.7293, 36.08274], [128.72939, 36.08097], [128.72813, 36.07991], [128.72669, 36.07868], [128.72681, 36.07776], [128.7269, 36.07707], [128.72483, 36.07451], [128.72372, 36.07352], [128.72283, 36.07329], [128.72144, 36.07313], [128.72142, 36.07316], [128.72101, 36.07376], [128.71628, 36.07519], [128.71518, 36.07536], [128.71404, 36.07548], [128.71376, 36.07521], [128.71281, 36.07292], [128.71165, 36.06845], [128.71163, 36.06718], [128.71012, 36.06524], [128.70781, 36.0616], [128.70749, 36.06093], [128.70733, 36.06077], [128.70605, 36.05981], [128.70525, 36.05942], [128.70472, 36.05935], [128.70472, 36.05935], [128.70466, 36.05932], [128.70374, 36.05801], [128.70317, 36.05642], [128.70287, 36.05551], [128.7033, 36.05326], [128.70376, 36.05159], [128.7038, 36.0515], [128.70428, 36.05033], [128.70445, 36.04992], [128.70479, 36.04861], [128.70468, 36.04763], [128.70465, 36.04744], [128.70411, 36.04441], [128.70256, 36.04164], [128.70094, 36.03973], [128.70005, 36.03888], [128.69962, 36.03857], [128.69937, 36.03845], [128.6988, 36.03818], [128.69849, 36.03803], [128.69744, 36.03695], [128.69686, 36.03625], [128.69649, 36.0351], [128.6973, 36.03447], [128.69857, 36.03189], [128.69958, 36.02963], [128.69976, 36.02897], [128.69984, 36.02866], [128.69954, 36.02673], [128.6993, 36.02531], [128.69894, 36.02451], [128.69747, 36.02176], [128.69719, 36.02136], [128.6958, 36.01949], [128.69537, 36.01891], [128.69513, 36.01872], [128.69485, 36.01849], [128.69416, 36.01821], [128.6942, 36.01816], [128.6956, 36.01617], [128.69427, 36.01585], [128.6865, 36.01449], [128.68009, 36.01482], [128.67959, 36.01444], [128.67745, 36.01325], [128.67416, 36.01336], [128.66952, 36.01327], [128.66764, 36.01265], [128.66672, 36.01214], [128.66554, 36.01064], [128.66544, 36.01051], [128.66418, 36.01011], [128.66063, 36.0099], [128.66063, 36.0099], [128.65817, 36.00987], [128.65655, 36.00986], [128.65493, 36.00937], [128.65382, 36.00899], [128.65309, 36.00807], [128.65101, 36.00731], [128.65032, 36.00764], [128.64897, 36.00839], [128.64849, 36.00881], [128.64699, 36.00955], [128.64472, 36.01047], [128.64436, 36.01054], [128.64286, 36.0103], [128.64134, 36.01042], [128.64071, 36.01053], [128.63923, 36.01287], [128.63726, 36.01526], [128.6369, 36.01689], [128.63545, 36.01793], [128.63454, 36.01856], [128.63153, 36.02006], [128.62879, 36.02134], [128.62775, 36.02157], [128.62643, 36.02188], [128.62463, 36.02334], [128.62263, 36.02408], [128.62257, 36.02414], [128.62135, 36.02524], [128.6217, 36.02604], [128.62175, 36.02615], [128.6216, 36.02701], [128.62124, 36.02806], [128.62128, 36.03264], [128.62259, 36.03781], [128.62269, 36.03817], [128.62439, 36.03996], [128.62573, 36.04155], [128.62773, 36.04505], [128.62791, 36.04567], [128.62745, 36.04662], [128.62731, 36.04759], [128.62824, 36.04963], [128.62891, 36.05098], [128.62934, 36.05265], [128.62921, 36.05521], [128.62913, 36.05556], [128.629, 36.056], [128.62868, 36.0565], [128.6286, 36.05696], [128.62829, 36.05921], [128.62837, 36.05975], [128.62844, 36.05995], [128.62959, 36.06023], [128.63032, 36.06108], [128.63186, 36.06362], [128.63269, 36.06684], [128.63159, 36.06766], [128.62922, 36.06884], [128.62875, 36.07018], [128.62881, 36.07161], [128.62919, 36.07243], [128.63032, 36.07354], [128.6315, 36.07536], [128.63142, 36.07617], [128.6314, 36.07635], [128.63136, 36.07671], [128.63033, 36.07758], [128.6285, 36.07883], [128.62609, 36.08021], [128.62535, 36.08054], [128.62464, 36.07919], [128.62395, 36.07804], [128.62345, 36.07774], [128.6223, 36.07732], [128.62118, 36.07711], [128.61821, 36.07694], [128.61437, 36.07718], [128.60897, 36.07658], [128.60373, 36.07568], [128.60021, 36.07541], [128.59788, 36.07496], [128.59758, 36.07467], [128.59733, 36.07409], [128.59692, 36.07191], [128.59671, 36.07032], [128.59697, 36.06873], [128.59759, 36.06689], [128.59446, 36.06283], [128.59226, 36.0628], [128.59114, 36.06286], [128.58698, 36.06365], [128.58479, 36.06664], [128.58347, 36.06789], [128.58035, 36.06671], [128.58025, 36.06647], [128.58008, 36.06566], [128.5801, 36.06527], [128.579, 36.06384], [128.57739, 36.06278], [128.57699, 36.06267], [128.57625, 36.06261], [128.57566, 36.06264], [128.57563, 36.06264], [128.57304, 36.0612], [128.57267, 36.06075], [128.57233, 36.06031], [128.57199, 36.05985], [128.57139, 36.05934], [128.57008, 36.05852], [128.5695, 36.05827], [128.5694, 36.05823], [128.56909, 36.05871], [128.56895, 36.05925], [128.56892, 36.062], [128.56676, 36.06576], [128.56561, 36.06768], [128.56384, 36.06976], [128.56382, 36.07072], [128.56385, 36.07183], [128.56529, 36.07721], [128.56676, 36.08075], [128.568, 36.0837], [128.56821, 36.0846], [128.56901, 36.0885], [128.56756, 36.09555], [128.56754, 36.09558], [128.56721, 36.09611], [128.56711, 36.09628], [128.56572, 36.0978], [128.56489, 36.09822], [128.56459, 36.09822], [128.56386, 36.09821], [128.56336, 36.09833], [128.56314, 36.09857], [128.56296, 36.09882], [128.56279, 36.09964], [128.56284, 36.10034], [128.56293, 36.10047], [128.56401, 36.10142], [128.56462, 36.1026], [128.56493, 36.10391], [128.56522, 36.10962], [128.56367, 36.11075], [128.56284, 36.11112], [128.56283, 36.11215], [128.56308, 36.11363], [128.5632, 36.11376], [128.56374, 36.11438], [128.56375, 36.1144], [128.56376, 36.11445], [128.564, 36.11586], [128.56374, 36.11667], [128.56365, 36.11694], [128.56306, 36.11779], [128.56198, 36.11901], [128.56159, 36.11937], [128.55957, 36.12011], [128.55903, 36.11962], [128.55866, 36.11954], [128.55799, 36.11949], [128.55488, 36.12162], [128.55077, 36.12936], [128.54858, 36.13097], [128.54859, 36.13216], [128.54906, 36.13294], [128.55005, 36.13431], [128.55009, 36.13436], [128.55056, 36.1349], [128.55138, 36.13586], [128.55291, 36.13906], [128.5514, 36.14009], [128.55081, 36.14017], [128.55024, 36.14024], [128.54926, 36.14021], [128.5486, 36.14034], [128.54844, 36.14047], [128.54827, 36.1407], [128.54873, 36.14281], [128.54967, 36.14526], [128.54905, 36.14902], [128.54854, 36.1514], [128.54665, 36.15381], [128.54447, 36.15429], [128.5429, 36.15459], [128.5426, 36.15524], [128.54173, 36.158], [128.54096, 36.1599], [128.5401, 36.16107], [128.5401, 36.16107], [128.54008, 36.16109], [128.54043, 36.16172], [128.54212, 36.16371], [128.54445, 36.16601], [128.54487, 36.1661], [128.54487, 36.1661], [128.54614, 36.1653], [128.54647, 36.16508], [128.54665, 36.16498], [128.54732, 36.16461], [128.54831, 36.16426], [128.54848, 36.16426], [128.55034, 36.16437], [128.55144, 36.16458], [128.55237, 36.16491], [128.55338, 36.16669], [128.55367, 36.16751], [128.55396, 36.16831], [128.55395, 36.17015], [128.55389, 36.17101], [128.5538, 36.17204], [128.55402, 36.17291], [128.55418, 36.17347], [128.55478, 36.17467], [128.55682, 36.17722], [128.55649, 36.17744], [128.55599, 36.17776], [128.55393, 36.17811], [128.55165, 36.17812], [128.54993, 36.17805], [128.54883, 36.17781], [128.54874, 36.17845], [128.54873, 36.1794], [128.54864, 36.18004], [128.54788, 36.18084], [128.54497, 36.18398], [128.54159, 36.18869], [128.54088, 36.18964], [128.53871, 36.1924], [128.53734, 36.19411], [128.53661, 36.19493], [128.53661, 36.19493], [128.53652, 36.19497], [128.53388, 36.19616], [128.53364, 36.19626], [128.53116, 36.19725], [128.5286, 36.19769], [128.52635, 36.19914], [128.52621, 36.19932], [128.5255, 36.20022], [128.52446, 36.20072], [128.52285, 36.20137], [128.52193, 36.20089], [128.52143, 36.20066], [128.5211, 36.20057], [128.51931, 36.20032], [128.51819, 36.20038], [128.51601, 36.1997], [128.51578, 36.19912], [128.51576, 36.19904], [128.51557, 36.19812], [128.51533, 36.19664], [128.5153, 36.19658], [128.51528, 36.19651], [128.51428, 36.19419], [128.51342, 36.19223], [128.51322, 36.19203], [128.51319, 36.19202], [128.51184, 36.19162], [128.51063, 36.18969], [128.50975, 36.18813], [128.50907, 36.1873], [128.50711, 36.18557], [128.50537, 36.18509], [128.50294, 36.18488], [128.50294, 36.18488], [128.50211, 36.18558], [128.50179, 36.18609], [128.50171, 36.1873], [128.50182, 36.18861], [128.50192, 36.18999], [128.5018, 36.19046], [128.49887, 36.19601], [128.49646, 36.19598], [128.49544, 36.19647], [128.49473, 36.19736], [128.49439, 36.19779], [128.49389, 36.19899], [128.49321, 36.2007], [128.49373, 36.20361], [128.49379, 36.20398], [128.49407, 36.20622], [128.49324, 36.20915], [128.49213, 36.21209], [128.49156, 36.21272], [128.48949, 36.21375], [128.48792, 36.21472], [128.48773, 36.21559], [128.4882, 36.21633], [128.48863, 36.21685], [128.48902, 36.2176], [128.4894, 36.21917], [128.48939, 36.2198], [128.48916, 36.22028], [128.48506, 36.22427], [128.48402, 36.22455], [128.48301, 36.22466], [128.48165, 36.22395], [128.48155, 36.22387], [128.48113, 36.2237], [128.48075, 36.22385], [128.48052, 36.22396], [128.47953, 36.22447], [128.47953, 36.22518], [128.47974, 36.22562], [128.48048, 36.22612], [128.48134, 36.22663], [128.48185, 36.22682], [128.48229, 36.22703], [128.48268, 36.22732], [128.48509, 36.22963], [128.48556, 36.2302], [128.48561, 36.23026], [128.48563, 36.23031], [128.48588, 36.23099], [128.48584, 36.23162], [128.48574, 36.23197], [128.48505, 36.23356], [128.48438, 36.23341], [128.48432, 36.23347], [128.48415, 36.23357], [128.48278, 36.23401], [128.47956, 36.23463], [128.47845, 36.23471], [128.4763, 36.23331], [128.47576, 36.23253], [128.47577, 36.23162], [128.4716, 36.22916], [128.471, 36.22916], [128.46985, 36.22915], [128.46811, 36.22949], [128.46809, 36.22952], [128.46779, 36.22983], [128.46739, 36.23026], [128.46657, 36.22984], [128.46368, 36.22808], [128.46204, 36.22667], [128.46116, 36.22628], [128.45995, 36.22664], [128.45834, 36.22626], [128.45365, 36.22432], [128.45319, 36.22334], [128.45275, 36.22299], [128.4509, 36.22174], [128.45005, 36.22157], [128.44657, 36.22092], [128.44615, 36.22095], [128.44553, 36.221], [128.44529, 36.22117], [128.44492, 36.22142], [128.44452, 36.22137], [128.44386, 36.22122], [128.44143, 36.21885], [128.44095, 36.21836], [128.43906, 36.22051], [128.43785, 36.22275], [128.43763, 36.2239], [128.43766, 36.22521], [128.43777, 36.2271], [128.43712, 36.22805], [128.43698, 36.22823], [128.43659, 36.22872], [128.43456, 36.23189], [128.43434, 36.23352], [128.43431, 36.23361], [128.43424, 36.23379], [128.434, 36.23435], [128.43241, 36.23534], [128.43017, 36.23632], [128.4274, 36.23658], [128.42738, 36.23657], [128.42683, 36.23618], [128.42545, 36.23616], [128.42533, 36.23622], [128.4238, 36.237], [128.42331, 36.23823], [128.42357, 36.24036], [128.42166, 36.24276], [128.41765, 36.24586], [128.41746, 36.24771], [128.41744, 36.24794], [128.41744, 36.24794], [128.4178, 36.2492], [128.41788, 36.24939], [128.4188, 36.2517], [128.42018, 36.25206], [128.4201, 36.25338], [128.42007, 36.25378], [128.41923, 36.25546], [128.41718, 36.25644], [128.41665, 36.25684], [128.41642, 36.25715], [128.41618, 36.25767], [128.41617, 36.25769], [128.41871, 36.25818], [128.41987, 36.25913], [128.42058, 36.25971], [128.42156, 36.26186], [128.42103, 36.26412], [128.42074, 36.26619], [128.42076, 36.26637], [128.42115, 36.26768], [128.42258, 36.26978], [128.42397, 36.27096], [128.42573, 36.27269], [128.42627, 36.2733], [128.42651, 36.27463], [128.42644, 36.27541], [128.42541, 36.27669], [128.42407, 36.27783], [128.4215, 36.27955], [128.41922, 36.28006], [128.41846, 36.28031], [128.41384, 36.2827], [128.41352, 36.28289], [128.41144, 36.2857], [128.41048, 36.28712], [128.41044, 36.2872], [128.41066, 36.28753], [128.41116, 36.28825], [128.41357, 36.2906], [128.4139, 36.29127], [128.41373, 36.29176], [128.41321, 36.29222], [128.41304, 36.29287], [128.41282, 36.29369], [128.41414, 36.29607], [128.41651, 36.29872], [128.41776, 36.29928], [128.41982, 36.29916], [128.42066, 36.29871], [128.42068, 36.2987], [128.42789, 36.29891], [128.42993, 36.3006], [128.43185, 36.30264], [128.43185, 36.30266], [128.43187, 36.30304], [128.43188, 36.30349], [128.43189, 36.30369], [128.4319, 36.30407], [128.43192, 36.30439], [128.43193, 36.3044], [128.43197, 36.30443], [128.43211, 36.30455], [128.43259, 36.30491], [128.4334, 36.30538], [128.43461, 36.30569], [128.43537, 36.30537], [128.43566, 36.30518], [128.43619, 36.30443], [128.43733, 36.30432], [128.43852, 36.3051], [128.43855, 36.30516], [128.43893, 36.30595], [128.43905, 36.31104], [128.43902, 36.31185], [128.43881, 36.31335], [128.43835, 36.31379], [128.43804, 36.31404], [128.43861, 36.31468], [128.43879, 36.31481], [128.44019, 36.31576], [128.44199, 36.31597], [128.44278, 36.31647], [128.44338, 36.31686], [128.44511, 36.3184], [128.44631, 36.32077], [128.44704, 36.32269], [128.45163, 36.3272], [128.45387, 36.32724], [128.45544, 36.32689], [128.45544, 36.32689], [128.45543, 36.32667], [128.45539, 36.32618], [128.45545, 36.3254], [128.45576, 36.32502], [128.46261, 36.32277], [128.4658, 36.32214], [128.46755, 36.32193], [128.46858, 36.3218], [128.47102, 36.32091], [128.47133, 36.32044], [128.47332, 36.31711], [128.47342, 36.3143], [128.4734, 36.31368], [128.47326, 36.31273], [128.47319, 36.31218], [128.47373, 36.31188], [128.47407, 36.31169], [128.47759, 36.31108], [128.47804, 36.31106], [128.4789, 36.31103], [128.47913, 36.31103], [128.48088, 36.30976], [128.48354, 36.30784]]]]}, "properties": {"name": "\uad70\uc704\uad70", "code": "27720"}}]}