{"type":"FeatureCollection","features":[{"type":"Feature","geometry":{"type":"Polygon","coordinates":[[[127.02215,37.69972],[127.02769,37.70094],[127.03241,37.69184],[127.04111,37.6953],[127.04307,37.69523],[127.04509,37.69239],[127.04863,37.69406],[127.04982,37.68798],[127.0518,37.68581],[127.05223,37.68742],[127.05966,37.69033],[127.06339,37.69492],[127.07266,37.6938],[127.0811,37.69614],[127.08384,37.69427],[127.08518,37.69039],[127.096,37.68907],[127.09642,37.68564],[127.09195,37.67919],[127.09645,37.66969],[127.09458,37.66617],[127.09541,37.66389],[127.09121,37.65933],[127.09404,37.65254],[127.09269,37.64858],[127.09457,37.64457],[127.10658,37.64538],[127.11126,37.64238],[127.1122,37.63264],[127.10596,37.62733],[127.10407,37.62165],[127.11619,37.61895],[127.1181,37.60547],[127.1141,37.60013],[127.11666,37.59402],[127.11334,37.59326],[127.10897,37.58338],[127.10344,37.5806],[127.10114,37.57607],[127.10166,37.5724],[127.10423,37.57139],[127.10112,37.56105],[127.10493,37.55642],[127.11296,37.55879],[127.11523,37.55676],[127.12296,37.56349],[127.12861,37.56616],[127.13767,37.56842],[127.14895,37.56843],[127.16675,37.57898],[127.17715,37.5812],[127.17542,37.5783],[127.17568,37.5749],[127.182,37.56099],[127.18134,37.55296],[127.18354,37.54517],[127.17991,37.54657],[127.16316,37.54499],[127.15402,37.53451],[127.15316,37.52911],[127.1478,37.52215],[127.14578,37.52194],[127.14544,37.51606],[127.14211,37.51466],[127.14024,37.50985],[127.14113,37.50546],[127.14595,37.50323],[127.15082,37.50406],[127.15644,37.50186],[127.15773,37.50318],[127.16143,37.50002],[127.1574,37.48909],[127.14868,37.48404],[127.14715,37.47722],[127.14437,37.47733],[127.14353,37.47393],[127.13286,37.47463],[127.1328,37.46839],[127.12488,37.4696],[127.12449,37.46664],[127.11747,37.4622],[127.11689,37.45864],[127.11182,37.46164],[127.10434,37.46217],[127.10394,37.46005],[127.09931,37.45668],[127.09354,37.45589],[127.08882,37.44975],[127.08786,37.44489],[127.08144,37.44123],[127.07225,37.4422],[127.07384,37.43741],[127.06962,37.43061],[127.0657,37.42916],[127.05346,37.42881],[127.04737,37.4307],[127.04109,37.43777],[127.03557,37.439],[127.03517,37.44094],[127.03823,37.44518],[127.03578,37.4522],[127.03713,37.45521],[127.03467,37.46409],[127.03192,37.46552],[127.02993,37.46535],[127.026,37.45782],[127.01506,37.45483],[127.00923,37.45722],[127.00447,37.46407],[127.00368,37.46772],[126.99699,37.46718],[126.99677,37.46187],[126.98239,37.45592],[126.97458,37.45441],[126.97057,37.44945],[126.96429,37.44627],[126.96463,37.44204],[126.96298,37.4403],[126.94816,37.43863],[126.94022,37.43571],[126.93775,37.43739],[126.93665,37.44175],[126.93055,37.44547],[126.9284,37.45021],[126.9207,37.44152],[126.91319,37.4391],[126.91003,37.43432],[126.90663,37.4336],[126.90299,37.43407],[126.89898,37.4387],[126.89958,37.44037],[126.89578,37.44563],[126.89398,37.45272],[126.88964,37.45232],[126.88626,37.45636],[126.88544,37.46012],[126.88888,37.46095],[126.88286,37.46426],[126.88457,37.46565],[126.8718,37.485],[126.87273,37.48624],[126.87456,37.48537],[126.87679,37.48857],[126.87275,37.48843],[126.87284,37.49001],[126.87465,37.4899],[126.87413,37.49134],[126.87023,37.4896],[126.8695,37.49433],[126.86759,37.49482],[126.8527,37.48182],[126.84656,37.48163],[126.84503,37.47356],[126.84278,37.47497],[126.83461,37.47487],[126.83175,37.47765],[126.82787,37.47599],[126.81942,37.47633],[126.81767,37.47324],[126.81466,37.47476],[126.819,37.47916],[126.82129,37.48618],[126.82327,37.48791],[126.82091,37.49072],[126.81457,37.49319],[126.81301,37.4964],[126.81964,37.49921],[126.82222,37.50769],[126.82699,37.50853],[126.82695,37.51039],[126.82419,37.51052],[126.82426,37.51447],[126.82821,37.52903],[126.82531,37.52996],[126.82193,37.53505],[126.82212,37.54068],[126.81233,37.54074],[126.80719,37.54372],[126.80185,37.54272],[126.79933,37.54064],[126.79946,37.53773],[126.79442,37.53583],[126.7938,37.53999],[126.79056,37.54392],[126.78695,37.54598],[126.77791,37.54667],[126.77529,37.54897],[126.77155,37.54832],[126.76448,37.55537],[126.7707,37.55721],[126.77576,37.56194],[126.77784,37.55993],[126.77594,37.56521],[126.78136,37.56893],[126.78241,37.57361],[126.78756,37.57556],[126.79133,37.58122],[126.7922,37.58018],[126.7937,37.58159],[126.79344,37.58452],[126.80074,37.58784],[126.80029,37.59204],[126.79708,37.59774],[126.79994,37.60254],[126.80258,37.60503],[126.82005,37.5924],[126.85363,37.57179],[126.85363,37.5738],[126.86342,37.57687],[126.87626,37.57819],[126.87763,37.57975],[126.87754,37.58625],[126.88526,37.59389],[126.88734,37.59392],[126.88547,37.5911],[126.88761,37.58867],[126.89964,37.58982],[126.90121,37.5963],[126.90015,37.60312],[126.90211,37.60374],[126.9003,37.61119],[126.90336,37.61884],[126.90523,37.61907],[126.90712,37.62194],[126.9088,37.62909],[126.9062,37.63322],[126.91121,37.63591],[126.91228,37.64432],[126.90481,37.64913],[126.91372,37.64476],[126.92412,37.64611],[126.93614,37.65149],[126.94034,37.65677],[126.94751,37.65919],[126.94788,37.65713],[126.95711,37.65284],[126.95927,37.64213],[126.96333,37.63325],[126.95842,37.62947],[126.97537,37.6317],[126.9842,37.63634],[126.98586,37.64061],[126.98325,37.64368],[126.9851,37.64593],[126.98394,37.64961],[126.97966,37.65604],[126.98286,37.65645],[126.98654,37.65949],[126.98827,37.66439],[126.99402,37.66678],[126.99398,37.67491],[126.9922,37.67963],[127.00459,37.68507],[127.00866,37.68445],[127.00967,37.6967],[127.01388,37.6988],[127.01542,37.70146],[127.01983,37.70102],[127.02215,37.69972]]]},"properties":{"name":"서울특별시","code":"11"}},{"type":"Feature","geometry":{"type":"MultiPolygon","coordinates":[[[[128.8287,35.08997],[128.83516,35.08641],[128.83525,35.06729],[128.83267,35.0578],[128.83715,35.05408],[128.84195,35.05408],[128.84591,35.05645],[128.84579,35.05946],[128.85017,35.0511],[128.8512,35.04205],[128.84887,35.03417],[128.84324,35.03078],[128.84356,35.02764],[128.83943,35.01944],[128.83492,35.01557],[128.83457,35.01089],[128.84102,35.00687],[128.8374,35.00004],[128.83989,34.99747],[128.83746,34.9971],[128.82859,34.98863],[128.82729,34.98969],[128.8296,34.99529],[128.82173,34.99468],[128.8223,35.00087],[128.81818,35.00437],[128.82316,35.00465],[128.82365,35.007],[128.82011,35.00923],[128.82624,35.01035],[128.82723,35.01362],[128.82338,35.01683],[128.81096,35.02123],[128.80624,35.02123],[128.80482,35.02365],[128.80719,35.02493],[128.81317,35.02366],[128.81563,35.02784],[128.81413,35.03006],[128.80751,35.03171],[128.8077,35.03387],[128.81078,35.03342],[128.81196,35.035],[128.81155,35.04106],[128.80565,35.04746],[128.79946,35.04764],[128.79724,35.04979],[128.79687,35.05391],[128.80332,35.05535],[128.79095,35.05342],[128.79096,35.06169],[128.79439,35.06253],[128.79519,35.05974],[128.80591,35.06146],[128.80499,35.06676],[128.83239,35.07132],[128.83238,35.07761],[128.81151,35.07758],[128.8115,35.08299],[128.81853,35.083],[128.82154,35.08445],[128.82154,35.08585],[128.82643,35.08621],[128.82746,35.08892],[128.8287,35.08997]]],[[[128.95929,35.05014],[128.95265,35.07201],[128.9569,35.07277],[128.9526,35.07222],[128.95033,35.08178],[128.9548,35.09344],[128.95604,35.10644],[128.94882,35.10713],[128.94309,35.08637],[128.93207,35.0738],[128.92942,35.07388],[128.92857,35.07871],[128.93186,35.08474],[128.93297,35.09839],[128.93627,35.10638],[128.93908,35.10865],[128.93313,35.11032],[128.93273,35.10672],[128.93081,35.10485],[128.93019,35.09272],[128.92466,35.09239],[128.91322,35.08764],[128.91239,35.07967],[128.91119,35.07893],[128.89523,35.07893],[128.89526,35.08642],[128.89781,35.09286],[128.89936,35.09259],[128.90064,35.11138],[128.90563,35.11806],[128.89763,35.12029],[128.88947,35.10784],[128.88774,35.0895],[128.88332,35.08238],[128.88416,35.07933],[128.86925,35.08136],[128.87071,35.08403],[128.8724,35.08286],[128.87079,35.08865],[128.8708,35.08511],[128.86823,35.08322],[128.84007,35.08317],[128.83889,35.08206],[128.8352,35.08842],[128.83209,35.08838],[128.82184,35.09769],[128.82069,35.09702],[128.82364,35.10198],[128.8348,35.1018],[128.8417,35.10599],[128.84296,35.11316],[128.83849,35.1152],[128.83593,35.119],[128.83776,35.12399],[128.83298,35.12994],[128.82738,35.1282],[128.82423,35.13103],[128.81536,35.13263],[128.80765,35.1391],[128.80669,35.1425],[128.80213,35.1419],[128.80177,35.1466],[128.79604,35.15288],[128.79367,35.15716],[128.79452,35.15854],[128.8006,35.15807],[128.80587,35.16044],[128.80871,35.15894],[128.81597,35.16016],[128.82299,35.15616],[128.82753,35.15559],[128.83601,35.15914],[128.84293,35.15799],[128.84629,35.16469],[128.85974,35.16817],[128.86739,35.16771],[128.8715,35.16506],[128.8721,35.16262],[128.86918,35.15865],[128.86665,35.15976],[128.86518,35.15819],[128.87166,35.15046],[128.87631,35.15168],[128.87469,35.1536],[128.87442,35.15857],[128.88083,35.15947],[128.88139,35.16134],[128.87701,35.165],[128.87577,35.17051],[128.87235,35.17227],[128.87348,35.17414],[128.88115,35.17185],[128.88004,35.17887],[128.88168,35.1822],[128.87606,35.18809],[128.87619,35.19263],[128.87035,35.20156],[128.87899,35.20999],[128.88162,35.21039],[128.8864,35.21448],[128.89682,35.2132],[128.90836,35.21676],[128.90502,35.22007],[128.90931,35.22294],[128.90917,35.22056],[128.91027,35.2229],[128.9125,35.22252],[128.91665,35.21696],[128.92013,35.21642],[128.944,35.22833],[128.94853,35.22524],[128.9567,35.22525],[128.98416,35.22976],[128.99429,35.23404],[128.9988,35.23808],[129.01166,35.2634],[129.01482,35.27053],[129.01348,35.27376],[129.02954,35.27689],[129.0475,35.27421],[129.04901,35.27841],[129.05385,35.28206],[129.05217,35.28586],[129.05836,35.29484],[129.07017,35.29434],[129.07427,35.29076],[129.08835,35.30261],[129.09673,35.30347],[129.10555,35.30653],[129.10856,35.30458],[129.11058,35.30671],[129.11241,35.31014],[129.11201,35.31673],[129.11366,35.32022],[129.11814,35.32248],[129.12107,35.32874],[129.12576,35.33206],[129.12399,35.33786],[129.128,35.34327],[129.12714,35.3454],[129.13459,35.35145],[129.13323,35.35636],[129.12614,35.36303],[129.12215,35.36385],[129.11818,35.36903],[129.1212,35.36736],[129.12757,35.36773],[129.13219,35.36574],[129.15012,35.36393],[129.16111,35.3594],[129.16281,35.35681],[129.1686,35.3538],[129.17815,35.35176],[129.18573,35.35857],[129.19337,35.36124],[129.19378,35.36334],[129.19876,35.3665],[129.19783,35.37141],[129.19918,35.37598],[129.19359,35.38209],[129.19937,35.38904],[129.20795,35.38245],[129.21854,35.37895],[129.2302,35.38114],[129.2354,35.38026],[129.23702,35.38356],[129.24022,35.3843],[129.24879,35.38315],[129.25088,35.38472],[129.25064,35.38737],[129.25797,35.38412],[129.26552,35.38714],[129.26808,35.38064],[129.27684,35.37214],[129.27943,35.36614],[129.28223,35.36532],[129.28052,35.35622],[129.28493,35.35073],[129.28388,35.34608],[129.27966,35.34137],[129.28977,35.33926],[129.29189,35.33682],[129.29994,35.33597],[129.30483,35.32989],[129.30575,35.32468],[129.30362,35.32229],[129.30523,35.32447],[129.30348,35.32973],[129.30185,35.32024],[129.29919,35.31836],[129.29145,35.31806],[129.28654,35.32025],[129.28825,35.32004],[129.28819,35.32337],[129.28489,35.32467],[129.28498,35.32623],[129.2807,35.32653],[129.26823,35.32165],[129.26198,35.31544],[129.26047,35.30893],[129.25788,35.3057],[129.26101,35.2978],[129.26075,35.29173],[129.25727,35.28892],[129.2592,35.28428],[129.25559,35.28038],[129.2556,35.27484],[129.25209,35.27111],[129.24733,35.27184],[129.24658,35.26977],[129.24677,35.27246],[129.24472,35.27165],[129.2431,35.26417],[129.23584,35.26485],[129.23396,35.26221],[129.23505,35.2584],[129.23897,35.25738],[129.24337,35.25968],[129.24587,35.25799],[129.25214,35.26021],[129.25343,35.24645],[129.25042,35.24392],[129.24455,35.24427],[129.2455,35.2421],[129.2499,35.2408],[129.2453,35.23759],[129.24306,35.23825],[129.24497,35.23141],[129.24161,35.22911],[129.23929,35.22118],[129.23546,35.2183],[129.22934,35.22134],[129.23039,35.22406],[129.22726,35.22429],[129.22703,35.21763],[129.22199,35.21263],[129.22372,35.20893],[129.23006,35.20411],[129.23023,35.19824],[129.22744,35.19572],[129.22506,35.19595],[129.22323,35.18974],[129.2241,35.18582],[129.21926,35.18381],[129.21584,35.18729],[129.21016,35.18256],[129.2009,35.17945],[129.19761,35.17513],[129.19677,35.16492],[129.19439,35.16021],[129.18725,35.15948],[129.18172,35.15483],[129.17766,35.15491],[129.16985,35.15906],[129.16417,35.15898],[129.15587,35.15691],[129.15306,35.15187],[129.14996,35.15137],[129.15095,35.15606],[129.15325,35.15803],[129.14817,35.15629],[129.14632,35.1534],[129.14159,35.15512],[129.14051,35.15702],[129.14204,35.15856],[129.13888,35.16131],[129.13391,35.16243],[129.13093,35.16127],[129.13517,35.15663],[129.13462,35.15484],[129.12431,35.15304],[129.12191,35.1545],[129.11845,35.15259],[129.11508,35.14739],[129.11795,35.14518],[129.11777,35.14045],[129.11197,35.13632],[129.11406,35.1358],[129.10892,35.13284],[129.11286,35.13508],[129.1178,35.13211],[129.11276,35.12497],[129.12052,35.13388],[129.12243,35.13206],[129.12245,35.12692],[129.12898,35.11817],[129.12717,35.11354],[129.12799,35.1108],[129.12363,35.10198],[129.12489,35.10067],[129.12404,35.09925],[129.11551,35.10019],[129.11322,35.10297],[129.11049,35.10115],[129.11452,35.09794],[129.10945,35.09154],[129.114,35.09784],[129.1106,35.10067],[129.10229,35.09449],[129.1051,35.09194],[129.09963,35.09118],[129.09521,35.09388],[129.09296,35.10927],[129.09037,35.10871],[129.09035,35.10362],[129.07499,35.10362],[129.06551,35.10915],[129.06738,35.10819],[129.06951,35.11097],[129.06841,35.11245],[129.06953,35.114],[129.0738,35.11677],[129.07225,35.11879],[129.07099,35.11742],[129.06954,35.11831],[129.07304,35.12218],[129.06533,35.12289],[129.06554,35.129],[129.05607,35.11803],[129.05234,35.12051],[129.05529,35.12291],[129.05537,35.12532],[129.05268,35.12571],[129.04865,35.12071],[129.05533,35.11602],[129.05435,35.11497],[129.05008,35.11765],[129.04728,35.11658],[129.05079,35.11404],[129.05078,35.11248],[129.04656,35.10787],[129.04403,35.10761],[129.04563,35.10564],[129.04682,35.10676],[129.04519,35.10498],[129.04032,35.10703],[129.03979,35.10583],[129.0436,35.10339],[129.04219,35.10197],[129.03818,35.10436],[129.03833,35.10182],[129.03995,35.10129],[129.03793,35.09708],[129.02639,35.09569],[129.02524,35.09351],[129.02673,35.08528],[129.02461,35.07633],[129.02018,35.07701],[129.01689,35.07426],[129.02129,35.06967],[129.02233,35.06188],[129.01644,35.05721],[129.01564,35.05322],[129.01058,35.05169],[129.01165,35.05246],[129.00885,35.06047],[129.01113,35.06302],[129.0055,35.0711],[129.00404,35.08134],[129.00524,35.08444],[129.00252,35.08623],[129.0,35.08358],[129.00125,35.07982],[128.99828,35.08047],[128.99732,35.08307],[128.99306,35.08395],[128.99263,35.08015],[128.99496,35.07576],[128.99536,35.06339],[129.00141,35.04837],[129.00698,35.04895],[129.00006,35.0476],[128.99855,35.0444],[128.9925,35.04523],[128.99236,35.04933],[128.98837,35.05797],[128.98458,35.05978],[128.97738,35.0567],[128.97278,35.05688],[128.97366,35.05331],[128.98276,35.05142],[128.97986,35.04774],[128.97301,35.04923],[128.96973,35.0474],[128.96975,35.04491],[128.97799,35.04021],[128.97306,35.04091],[128.9672,35.03623],[128.96744,35.03333],[128.9656,35.03244],[128.96446,35.03651],[128.96765,35.04376],[128.96003,35.04762],[128.95924,35.05013],[128.95929,35.05014]],[[129.09945,35.09155],[129.10327,35.09338],[129.09883,35.09539],[129.09945,35.09155]]]]},"properties":{"name":"부산광역시","code":"21"}},{"type":"Feature","geometry":{"type":"MultiPolygon","coordinates":[[[[128.69604,36.01557],[128.6968,36.01317],[128.70138,36.01085],[128.71786,36.00813],[128.72688,36.00323],[128.73486,35.99296],[128.73159,35.98938],[128.73097,35.98536],[128.7367,35.98115],[128.73882,35.97681],[128.74621,35.97287],[128.74299,35.95995],[128.73796,35.95594],[128.74067,35.95331],[128.74409,35.94396],[128.73975,35.93747],[128.74082,35.93687],[128.73821,35.93307],[128.73834,35.93052],[128.73671,35.92957],[128.74283,35.92028],[128.7522,35.91674],[128.75694,35.91268],[128.7598,35.90683],[128.75673,35.90467],[128.75751,35.89627],[128.76133,35.88752],[128.76066,35.88252],[128.75768,35.8781],[128.7607,35.87387],[128.75884,35.87061],[128.7598,35.86607],[128.7551,35.86358],[128.75075,35.85751],[128.73745,35.85116],[128.7256,35.85773],[128.72187,35.85695],[128.72545,35.85377],[128.72687,35.84721],[128.7263,35.84251],[128.72409,35.83944],[128.72508,35.83616],[128.7218,35.83467],[128.71919,35.83586],[128.70864,35.82657],[128.70906,35.8216],[128.71389,35.81751],[128.71752,35.80685],[128.71016,35.80425],[128.69981,35.79505],[128.69653,35.79458],[128.69331,35.79679],[128.68977,35.79276],[128.6825,35.79013],[128.68156,35.78396],[128.68707,35.7755],[128.68635,35.76872],[128.68939,35.76713],[128.69549,35.75574],[128.69244,35.7467],[128.69366,35.74365],[128.68913,35.73977],[128.69195,35.7353],[128.69096,35.73089],[128.68314,35.72558],[128.68324,35.72145],[128.67335,35.721],[128.67067,35.71886],[128.66352,35.7205],[128.65661,35.71786],[128.65345,35.71388],[128.64727,35.71149],[128.64621,35.70817],[128.63825,35.70579],[128.63093,35.70679],[128.624,35.7023],[128.61978,35.70285],[128.61979,35.70451],[128.61392,35.70984],[128.61395,35.71417],[128.61693,35.71764],[128.61406,35.72211],[128.60993,35.72488],[128.61493,35.73032],[128.61243,35.73852],[128.6075,35.739],[128.60269,35.73673],[128.59424,35.73708],[128.59216,35.73266],[128.5896,35.7315],[128.58242,35.73833],[128.57173,35.73457],[128.56477,35.73676],[128.56099,35.72971],[128.54756,35.72346],[128.54409,35.71943],[128.53331,35.71647],[128.5279,35.71274],[128.53389,35.70326],[128.53186,35.69662],[128.53469,35.69373],[128.53132,35.68786],[128.5318,35.68333],[128.51817,35.67943],[128.5148,35.67542],[128.50946,35.67471],[128.50755,35.67286],[128.50915,35.66545],[128.50681,35.65015],[128.51071,35.64569],[128.50624,35.63956],[128.49569,35.63904],[128.48271,35.63499],[128.47849,35.64053],[128.47069,35.63662],[128.46626,35.63674],[128.46034,35.64058],[128.45751,35.63963],[128.45648,35.63741],[128.4532,35.6369],[128.44648,35.63841],[128.44107,35.63399],[128.44045,35.63059],[128.43761,35.63068],[128.43217,35.62401],[128.42849,35.6231],[128.42294,35.62517],[128.413,35.61656],[128.40686,35.61451],[128.40293,35.61731],[128.39013,35.61238],[128.38775,35.61015],[128.38441,35.60991],[128.3824,35.60654],[128.37136,35.60941],[128.37341,35.61249],[128.38838,35.61793],[128.40125,35.63273],[128.40146,35.63902],[128.39791,35.64881],[128.37251,35.66662],[128.35823,35.68079],[128.35229,35.69419],[128.3518,35.70402],[128.35888,35.7087],[128.38063,35.70195],[128.39706,35.70022],[128.4122,35.69584],[128.42222,35.69727],[128.43215,35.70489],[128.43398,35.70707],[128.43489,35.71476],[128.43182,35.7256],[128.42165,35.73313],[128.39125,35.74835],[128.38343,35.75826],[128.38347,35.76009],[128.39086,35.77165],[128.39759,35.77865],[128.40812,35.79921],[128.41055,35.79935],[128.41244,35.80282],[128.41577,35.80281],[128.41579,35.80609],[128.42082,35.8063],[128.42083,35.80935],[128.44095,35.80929],[128.44103,35.80602],[128.47043,35.80592],[128.47368,35.80714],[128.47279,35.80898],[128.48276,35.81594],[128.48297,35.82301],[128.48108,35.83013],[128.47255,35.83361],[128.46888,35.8396],[128.46036,35.84161],[128.45,35.84666],[128.41598,35.85176],[128.38759,35.85241],[128.38654,35.85131],[128.38351,35.85283],[128.38421,35.86566],[128.39807,35.89271],[128.39898,35.89993],[128.40713,35.90072],[128.41649,35.9137],[128.41854,35.92133],[128.42378,35.92311],[128.4249,35.92804],[128.42754,35.92733],[128.43097,35.93068],[128.43875,35.93152],[128.44156,35.93521],[128.45034,35.93504],[128.45278,35.93662],[128.45416,35.94315],[128.46343,35.93869],[128.47245,35.93737],[128.47642,35.93444],[128.47617,35.92821],[128.47326,35.92321],[128.47397,35.91742],[128.47276,35.91444],[128.4654,35.90859],[128.46734,35.90642],[128.46838,35.89947],[128.47527,35.89446],[128.47848,35.89682],[128.48449,35.89434],[128.48785,35.89755],[128.49062,35.89758],[128.49472,35.89079],[128.49636,35.88923],[128.49936,35.88988],[128.50034,35.88645],[128.50149,35.88677],[128.50459,35.88915],[128.50561,35.90214],[128.50769,35.90696],[128.51012,35.90993],[128.5169,35.91184],[128.52233,35.91657],[128.5256,35.92201],[128.52947,35.92362],[128.53438,35.93533],[128.53478,35.94184],[128.53255,35.95054],[128.53481,35.95838],[128.53348,35.96088],[128.5305,35.96199],[128.52665,35.97545],[128.52879,35.98038],[128.53124,35.98056],[128.54349,35.97477],[128.54667,35.96567],[128.55333,35.96078],[128.55707,35.97223],[128.56471,35.97294],[128.56567,35.97492],[128.57284,35.97831],[128.58322,35.97728],[128.59016,35.97924],[128.59304,35.98084],[128.59293,35.98336],[128.60287,35.9859],[128.61867,36.00641],[128.63058,36.00712],[128.64071,36.01053],[128.64472,36.01047],[128.65101,36.00731],[128.65655,36.00986],[128.66544,36.01051],[128.66952,36.01327],[128.6956,36.01617],[128.69604,36.01557]]],[[[128.48354,36.30784],[128.54551,36.29195],[128.55275,36.27456],[128.5945,36.27772],[128.59942,36.27049],[128.63614,36.26151],[128.64137,36.2448],[128.63313,36.23866],[128.63717,36.22797],[128.63182,36.21621],[128.63945,36.20753],[128.65976,36.22138],[128.6719,36.20815],[128.69421,36.21396],[128.69989,36.20884],[128.69633,36.20215],[128.70404,36.19927],[128.735,36.20073],[128.74592,36.19445],[128.75799,36.20285],[128.76996,36.19343],[128.79645,36.19082],[128.8041,36.20981],[128.83068,36.21805],[128.88317,36.19839],[128.88076,36.19023],[128.9002,36.16238],[128.88986,36.14253],[128.85857,36.14497],[128.85063,36.13743],[128.85095,36.11818],[128.80209,36.08597],[128.78942,36.08623],[128.76553,36.10054],[128.75091,36.0918],[128.75164,36.10305],[128.74516,36.10925],[128.74375,36.102],[128.72293,36.09027],[128.7269,36.07707],[128.71404,36.07548],[128.70374,36.05801],[128.6956,36.01617],[128.65101,36.00731],[128.62135,36.02524],[128.63269,36.06684],[128.62535,36.08054],[128.59788,36.07496],[128.59446,36.06283],[128.58347,36.06789],[128.5694,36.05823],[128.56384,36.06976],[128.56901,36.0885],[128.56279,36.09964],[128.564,36.11586],[128.54858,36.13097],[128.55291,36.13906],[128.54008,36.16109],[128.55237,36.16491],[128.55682,36.17722],[128.54883,36.17781],[128.53661,36.19493],[128.52285,36.20137],[128.50294,36.18488],[128.48916,36.22028],[128.47953,36.22447],[128.48505,36.23356],[128.44095,36.21836],[128.434,36.23435],[128.41765,36.24586],[128.41617,36.25769],[128.42651,36.27463],[128.41044,36.2872],[128.41651,36.29872],[128.43852,36.3051],[128.43804,36.31404],[128.45163,36.3272],[128.47102,36.32091],[128.47319,36.31218],[128.48088,36.30976],[128.48354,36.30784]]]]},"properties":{"name":"대구광역시","code":"22"}},{"type":"Feature","geometry":{"type":"MultiPolygon","coordinates":[[[[126.48207,37.24419],[126.48241,37.24354],[126.48207,37.24419]]],[[[126.10798,37.27231],[126.10911,37.27301],[126.11054,37.27142],[126.10883,37.26867],[126.11192,37.25774],[126.11839,37.25813],[126.11932,37.25343],[126.11596,37.25088],[126.11801,37.24765],[126.12047,37.24677],[126.12507,37.25153],[126.12799,37.25199],[126.13174,37.24806],[126.13751,37.24653],[126.13828,37.2432],[126.14057,37.24177],[126.1408,37.23753],[126.15029,37.23915],[126.16579,37.23256],[126.16569,37.2306],[126.15513,37.22769],[126.15416,37.22426],[126.15164,37.22249],[126.14958,37.22547],[126.14331,37.2222],[126.14413,37.21877],[126.14861,37.2164],[126.14751,37.21381],[126.14414,37.21514],[126.12704,37.21273],[126.11735,37.20918],[126.11026,37.21325],[126.11029,37.21443],[126.11337,37.21397],[126.11612,37.21612],[126.11454,37.22051],[126.11133,37.22359],[126.1086,37.22104],[126.10383,37.21986],[126.10124,37.2222],[126.10504,37.22695],[126.10245,37.22993],[126.09682,37.23052],[126.09125,37.22202],[126.08876,37.22097],[126.08462,37.22204],[126.0862,37.22511],[126.09055,37.22803],[126.09194,37.23151],[126.09289,37.23841],[126.08977,37.23848],[126.0892,37.24508],[126.0909,37.24943],[126.09554,37.25319],[126.09662,37.25996],[126.10255,37.26556],[126.10024,37.27207],[126.10423,37.2743],[126.10787,37.27232],[126.10798,37.27231]]],[[[126.48207,37.24419],[126.48069,37.24584],[126.48031,37.24478],[126.48241,37.24176],[126.47539,37.24119],[126.47073,37.23891],[126.46877,37.23655],[126.46845,37.23247],[126.46021,37.22741],[126.45881,37.22405],[126.45362,37.22796],[126.45279,37.23098],[126.4354,37.23088],[126.43185,37.23303],[126.42984,37.25632],[126.43021,37.25874],[126.43024,37.25679],[126.43275,37.25653],[126.43326,37.25777],[126.43251,37.26056],[126.4285,37.26257],[126.43612,37.26569],[126.43407,37.26939],[126.43396,37.27425],[126.44816,37.27202],[126.45389,37.27714],[126.45037,37.28023],[126.45449,37.28324],[126.46624,37.28396],[126.47031,37.28824],[126.47494,37.28271],[126.48154,37.28123],[126.4878,37.28319],[126.49425,37.27789],[126.49756,37.27698],[126.49415,37.27315],[126.49432,37.27033],[126.4974,37.26254],[126.50156,37.25743],[126.49664,37.25365],[126.49222,37.25901],[126.48612,37.25945],[126.48496,37.25848],[126.48673,37.25431],[126.48002,37.25499],[126.47623,37.2535],[126.47562,37.25206],[126.4825,37.24779],[126.48176,37.2448],[126.48207,37.24419]]],[[[126.50276,37.53079],[126.5158,37.53407],[126.5176,37.53117],[126.52253,37.53046],[126.52556,37.52723],[126.52487,37.52493],[126.53708,37.52293],[126.54702,37.51758],[126.55306,37.51802],[126.56486,37.51437],[126.56924,37.50786],[126.57701,37.50361],[126.58242,37.48919],[126.5763,37.48786],[126.56449,37.47936],[126.55026,37.47636],[126.53445,37.47527],[126.50631,37.46571],[126.4932,37.45539],[126.48542,37.44448],[126.44305,37.42108],[126.42736,37.42275],[126.41886,37.42192],[126.41849,37.42746],[126.4133,37.43522],[126.40648,37.43856],[126.40449,37.43531],[126.39998,37.43381],[126.40396,37.43958],[126.39514,37.44606],[126.38496,37.44046],[126.38034,37.43959],[126.38214,37.43598],[126.3808,37.43498],[126.37662,37.4416],[126.36411,37.44207],[126.37156,37.44549],[126.36937,37.45438],[126.3669,37.45746],[126.3649,37.45792],[126.36497,37.45626],[126.36077,37.45785],[126.35622,37.46323],[126.35527,37.46749],[126.36045,37.47389],[126.36571,37.47475],[126.37426,37.47229],[126.41833,37.497],[126.45242,37.49982],[126.47128,37.4988],[126.48955,37.50567],[126.49418,37.50779],[126.49652,37.51325],[126.49492,37.51372],[126.49838,37.5301],[126.50153,37.53113],[126.50139,37.53453],[126.50293,37.53168],[126.50276,37.53079]]],[[[126.65554,37.63794],[126.67242,37.63384],[126.67471,37.62988],[126.67913,37.62959],[126.68337,37.62508],[126.69447,37.62034],[126.70545,37.61205],[126.70613,37.60768],[126.704,37.60466],[126.70468,37.60247],[126.7096,37.60513],[126.71407,37.60385],[126.71638,37.59941],[126.72546,37.59187],[126.73625,37.59048],[126.73789,37.59345],[126.74432,37.5925],[126.74971,37.58146],[126.75218,37.57971],[126.75573,37.58033],[126.75565,37.58289],[126.75798,37.58533],[126.76318,37.58496],[126.76767,37.58823],[126.77275,37.5851],[126.78411,37.58259],[126.78705,37.58558],[126.7937,37.58159],[126.7922,37.58018],[126.79133,37.58122],[126.78756,37.57556],[126.78241,37.57361],[126.78136,37.56893],[126.77594,37.56521],[126.77784,37.55993],[126.77576,37.56194],[126.7707,37.55721],[126.76448,37.55537],[126.76618,37.55356],[126.76232,37.5395],[126.76083,37.53906],[126.76014,37.51801],[126.7581,37.5158],[126.75216,37.51649],[126.75002,37.51419],[126.74593,37.51521],[126.74163,37.50883],[126.74376,37.50162],[126.7418,37.49448],[126.74241,37.48691],[126.75425,37.48373],[126.75916,37.47692],[126.76516,37.47518],[126.76775,37.47174],[126.7782,37.47179],[126.77982,37.46583],[126.77806,37.457],[126.78043,37.45498],[126.77904,37.45106],[126.77374,37.45052],[126.77068,37.44847],[126.77111,37.44641],[126.76872,37.44317],[126.7712,37.43648],[126.76921,37.42751],[126.75998,37.42646],[126.75325,37.4227],[126.75504,37.41795],[126.7527,37.41646],[126.75161,37.41089],[126.74854,37.40742],[126.74343,37.40508],[126.74418,37.40253],[126.73916,37.39712],[126.73664,37.39652],[126.72145,37.38257],[126.71703,37.38111],[126.6852,37.3867],[126.68398,37.38463],[126.69563,37.38318],[126.66461,37.35],[126.65491,37.34737],[126.64203,37.34708],[126.64206,37.34419],[126.65408,37.34361],[126.64363,37.34422],[126.64089,37.34355],[126.64053,37.34203],[126.62277,37.3418],[126.62258,37.34307],[126.61493,37.34305],[126.61466,37.3473],[126.61342,37.34736],[126.6135,37.34354],[126.6098,37.34347],[126.6083,37.3385],[126.61028,37.33744],[126.60574,37.33733],[126.60768,37.33835],[126.60934,37.34346],[126.59497,37.34332],[126.59242,37.33902],[126.59399,37.3373],[126.58064,37.33731],[126.58067,37.33925],[126.59104,37.33941],[126.59626,37.34725],[126.58295,37.3472],[126.58291,37.35484],[126.63902,37.355],[126.62195,37.35465],[126.62084,37.35403],[126.62088,37.34768],[126.64143,37.34774],[126.64705,37.3489],[126.65152,37.35288],[126.64884,37.35486],[126.64274,37.35498],[126.64891,37.35503],[126.65186,37.35323],[126.65444,37.35591],[126.61626,37.37938],[126.60991,37.38714],[126.60986,37.3929],[126.60811,37.39421],[126.6081,37.39761],[126.60984,37.39875],[126.60974,37.41621],[126.59819,37.41607],[126.60105,37.41636],[126.60103,37.41966],[126.60406,37.42434],[126.60806,37.42684],[126.63279,37.42692],[126.63463,37.41807],[126.63681,37.41897],[126.63733,37.42117],[126.63515,37.42254],[126.63599,37.42559],[126.63458,37.43051],[126.6102,37.43011],[126.61418,37.4374],[126.60785,37.44106],[126.60994,37.44433],[126.61666,37.44159],[126.61867,37.44469],[126.61062,37.44796],[126.61385,37.4531],[126.61172,37.45398],[126.60105,37.43834],[126.59427,37.43831],[126.59317,37.44939],[126.59696,37.45028],[126.5934,37.45485],[126.5985,37.45431],[126.60322,37.45674],[126.60208,37.46029],[126.59504,37.45686],[126.59246,37.45814],[126.59092,37.46195],[126.59256,37.45819],[126.59472,37.45712],[126.5957,37.46425],[126.60039,37.46552],[126.60476,37.46474],[126.60334,37.46007],[126.61216,37.46236],[126.62423,37.45768],[126.62515,37.45912],[126.61956,37.46129],[126.62031,37.46251],[126.6259,37.46034],[126.62674,37.46171],[126.61423,37.46657],[126.61529,37.46829],[126.62408,37.46487],[126.62505,37.46656],[126.61562,37.47024],[126.61241,37.47716],[126.60698,37.47563],[126.60992,37.46915],[126.60374,37.46564],[126.60015,37.46629],[126.59545,37.46973],[126.59576,37.47307],[126.60069,37.48177],[126.60633,37.4863],[126.60809,37.4868],[126.60981,37.48294],[126.60458,37.48134],[126.60512,37.48011],[126.61683,37.48353],[126.61966,37.48587],[126.61167,37.48349],[126.60985,37.4874],[126.62515,37.49238],[126.63853,37.4836],[126.63774,37.48231],[126.63868,37.48371],[126.62748,37.49335],[126.64068,37.49604],[126.63947,37.50422],[126.63078,37.50424],[126.63078,37.50044],[126.62277,37.49626],[126.60456,37.49588],[126.60465,37.51165],[126.60203,37.51635],[126.60252,37.53319],[126.59892,37.53316],[126.59654,37.54861],[126.607,37.55447],[126.60112,37.55855],[126.6011,37.5615],[126.59227,37.56091],[126.58863,37.56396],[126.58664,37.56668],[126.58876,37.56982],[126.57484,37.58835],[126.59172,37.59266],[126.60363,37.59899],[126.60947,37.60454],[126.61436,37.60629],[126.61691,37.60355],[126.62574,37.60259],[126.63217,37.61763],[126.63657,37.62049],[126.63719,37.6267],[126.64464,37.62852],[126.64711,37.62748],[126.65401,37.63821],[126.65554,37.63794]],[[126.65256,37.35348],[126.65362,37.35179],[126.64442,37.34749],[126.65571,37.34778],[126.66283,37.35085],[126.65482,37.35578],[126.65304,37.35399],[126.65256,37.35348]]],[[[125.7089,37.67869],[125.71465,37.67909],[125.71655,37.67441],[125.70994,37.66881],[125.70676,37.66327],[125.69321,37.65419],[125.69281,37.652],[125.68424,37.65282],[125.68473,37.65597],[125.68153,37.66249],[125.68546,37.66356],[125.68569,37.66655],[125.68457,37.67067],[125.67893,37.67471],[125.6781,37.67933],[125.6829,37.68039],[125.68652,37.67718],[125.69241,37.67627],[125.70675,37.68091],[125.70831,37.67888],[125.7089,37.67869]]],[[[126.32964,37.74634],[126.32088,37.73705],[126.31847,37.73],[126.31704,37.71984],[126.31939,37.71258],[126.34287,37.69745],[126.36633,37.69459],[126.36759,37.69386],[126.36688,37.69143],[126.37541,37.68723],[126.37893,37.68119],[126.37318,37.66582],[126.36167,37.66078],[126.35652,37.65565],[126.35244,37.65506],[126.34799,37.65109],[126.34321,37.64958],[126.34335,37.64485],[126.3401,37.64409],[126.33766,37.6448],[126.33375,37.65109],[126.32878,37.6531],[126.32566,37.65659],[126.32463,37.65951],[126.32778,37.66249],[126.32872,37.67017],[126.32403,37.67355],[126.31885,37.68195],[126.31466,37.68506],[126.28878,37.69531],[126.28581,37.70066],[126.26963,37.71019],[126.27214,37.71233],[126.27502,37.71209],[126.27698,37.71012],[126.28204,37.70899],[126.28758,37.71398],[126.28961,37.72491],[126.28786,37.72869],[126.28909,37.74263],[126.29252,37.74469],[126.30522,37.74635],[126.31797,37.75242],[126.32379,37.75168],[126.32973,37.74679],[126.32964,37.74634]]],[[[124.77055,37.77849],[124.77093,37.77659],[124.76786,37.77518],[124.76728,37.77288],[124.76797,37.76772],[124.76531,37.7665],[124.76184,37.76773],[124.76181,37.76972],[124.75608,37.76871],[124.75188,37.77088],[124.74048,37.7671],[124.7382,37.76395],[124.72987,37.75929],[124.72725,37.76204],[124.73376,37.76567],[124.73732,37.77133],[124.74183,37.77275],[124.74241,37.77604],[124.73964,37.77686],[124.74069,37.77816],[124.74549,37.77505],[124.75176,37.77762],[124.76039,37.77761],[124.76651,37.77965],[124.77062,37.77866],[124.77055,37.77849]]],[[[126.26638,37.81528],[126.29387,37.80392],[126.29473,37.80175],[126.30051,37.80317],[126.31325,37.80202],[126.32168,37.80441],[126.32407,37.80823],[126.32753,37.80584],[126.33337,37.79692],[126.33009,37.79384],[126.33131,37.78965],[126.32498,37.78596],[126.31496,37.77369],[126.2927,37.76484],[126.29084,37.76287],[126.28369,37.76755],[126.27867,37.76888],[126.27211,37.76906],[126.2629,37.76681],[126.25999,37.76424],[126.24827,37.7656],[126.24376,37.76276],[126.24188,37.76359],[126.2403,37.75781],[126.23275,37.75108],[126.22508,37.7544],[126.21432,37.76368],[126.20756,37.76834],[126.20496,37.76853],[126.20529,37.77304],[126.21066,37.77413],[126.21635,37.77816],[126.2222,37.78691],[126.22287,37.79157],[126.21921,37.7929],[126.21876,37.79554],[126.22398,37.80025],[126.22322,37.80504],[126.24052,37.8173],[126.2468,37.81468],[126.25681,37.81465],[126.26452,37.81779],[126.26638,37.81528]]],[[[126.43876,37.82462],[126.44442,37.82172],[126.44464,37.81929],[126.45063,37.81211],[126.45564,37.80849],[126.48771,37.78977],[126.49908,37.78683],[126.50589,37.78333],[126.50811,37.7801],[126.50876,37.7746],[126.51284,37.77057],[126.51025,37.76727],[126.51156,37.76234],[126.51993,37.75178],[126.52642,37.74762],[126.52419,37.7419],[126.52485,37.73974],[126.51753,37.73253],[126.51413,37.72634],[126.51255,37.71699],[126.51682,37.70792],[126.52535,37.70188],[126.5209,37.69645],[126.51695,37.67474],[126.52305,37.66757],[126.53224,37.66507],[126.53257,37.6609],[126.52605,37.6596],[126.52288,37.65626],[126.5223,37.65333],[126.52686,37.64738],[126.52206,37.64615],[126.52621,37.64468],[126.53107,37.63604],[126.5353,37.6222],[126.53808,37.625],[126.54009,37.62453],[126.54395,37.61834],[126.5355,37.61715],[126.53428,37.61389],[126.52035,37.61069],[126.52119,37.60805],[126.51667,37.60507],[126.51464,37.59987],[126.51508,37.59686],[126.5184,37.59845],[126.52377,37.59791],[126.51796,37.59207],[126.52029,37.59025],[126.5248,37.5899],[126.5262,37.58664],[126.51615,37.57987],[126.51081,37.58169],[126.50316,37.59047],[126.51353,37.5935],[126.51492,37.59656],[126.51292,37.59938],[126.51065,37.59648],[126.50412,37.59631],[126.48855,37.60048],[126.47963,37.60529],[126.47725,37.60331],[126.4784,37.59898],[126.46359,37.59506],[126.46182,37.58929],[126.45635,37.5934],[126.44695,37.59447],[126.43843,37.59259],[126.40499,37.59393],[126.38802,37.60302],[126.38407,37.60844],[126.37047,37.61245],[126.3703,37.61386],[126.37739,37.6157],[126.37754,37.61928],[126.37416,37.63077],[126.37262,37.63269],[126.36571,37.63508],[126.36974,37.63714],[126.37785,37.63669],[126.39057,37.64124],[126.39772,37.64007],[126.4035,37.64335],[126.40727,37.64747],[126.4059,37.64893],[126.41069,37.65065],[126.41104,37.65205],[126.40984,37.65948],[126.4055,37.66719],[126.40363,37.67579],[126.39132,37.68537],[126.38806,37.68996],[126.39064,37.69169],[126.39134,37.69564],[126.38551,37.69998],[126.37443,37.70046],[126.36734,37.70382],[126.35921,37.70357],[126.35522,37.70685],[126.35135,37.71547],[126.35359,37.7234],[126.35195,37.74011],[126.35703,37.74107],[126.35374,37.74261],[126.35313,37.7448],[126.3555,37.76229],[126.35268,37.78677],[126.34951,37.78971],[126.35098,37.7921],[126.35657,37.79362],[126.36985,37.80143],[126.38203,37.80428],[126.38696,37.80706],[126.39149,37.81721],[126.39247,37.82325],[126.41389,37.82189],[126.42671,37.83156],[126.43586,37.82957],[126.43771,37.82647],[126.43876,37.82462]]],[[[124.71609,37.8256],[124.71609,37.82564],[124.71613,37.8257],[124.71609,37.8256]]],[[[124.71609,37.8256],[124.71996,37.82103],[124.71788,37.81384],[124.70276,37.80474],[124.69819,37.80781],[124.69919,37.80834],[124.69049,37.80819],[124.68351,37.80309],[124.68684,37.80068],[124.68522,37.79951],[124.68104,37.80002],[124.67953,37.80224],[124.6843,37.80654],[124.6854,37.8107],[124.68393,37.81386],[124.67979,37.81663],[124.67767,37.81354],[124.67564,37.81343],[124.67433,37.81402],[124.67534,37.81583],[124.66251,37.82173],[124.66811,37.82228],[124.6712,37.81997],[124.67654,37.81981],[124.68299,37.82925],[124.68269,37.83137],[124.68785,37.83639],[124.69237,37.83883],[124.69953,37.83992],[124.70365,37.84338],[124.70207,37.84912],[124.70339,37.84969],[124.70603,37.84891],[124.70993,37.84384],[124.71942,37.84591],[124.72779,37.84063],[124.72811,37.83948],[124.71951,37.83701],[124.71502,37.83362],[124.71366,37.82952],[124.71583,37.8249],[124.71609,37.8256]]],[[[124.68722,37.98049],[124.69367,37.97951],[124.69596,37.98198],[124.70478,37.98369],[124.7218,37.98155],[124.72363,37.97948],[124.72977,37.97814],[124.73276,37.96572],[124.74053,37.96136],[124.74441,37.96238],[124.74614,37.96041],[124.74542,37.95745],[124.74103,37.95704],[124.73671,37.96156],[124.73313,37.96232],[124.72995,37.9608],[124.73012,37.95732],[124.73458,37.95647],[124.7382,37.95374],[124.73137,37.95103],[124.73014,37.95448],[124.7239,37.95399],[124.71365,37.94636],[124.7079,37.94456],[124.70289,37.93796],[124.7041,37.93285],[124.70316,37.93093],[124.69811,37.925],[124.70001,37.9199],[124.69673,37.91789],[124.69128,37.91659],[124.68012,37.92298],[124.67074,37.92112],[124.66441,37.92375],[124.65885,37.92222],[124.6548,37.9247],[124.64639,37.92296],[124.63943,37.92389],[124.62858,37.94126],[124.62582,37.95438],[124.62301,37.95697],[124.61169,37.96141],[124.61214,37.96738],[124.60972,37.96995],[124.61379,37.97261],[124.61682,37.97953],[124.61776,37.97707],[124.62052,37.97574],[124.62166,37.97782],[124.64057,37.9687],[124.65204,37.97422],[124.65927,37.974],[124.668,37.97722],[124.67086,37.98104],[124.67451,37.98163],[124.67627,37.97956],[124.68346,37.97957],[124.68476,37.98075],[124.68287,37.98173],[124.68348,37.98377],[124.68599,37.98424],[124.68499,37.983],[124.6861,37.9809],[124.68722,37.98049]]]]},"properties":{"name":"인천광역시","code":"23"}},{"type":"Feature","geometry":{"type":"Polygon","coordinates":[[[126.76338,35.25652],[126.76371,35.25337],[126.76082,35.24744],[126.75522,35.24113],[126.75385,35.23709],[126.75526,35.23436],[126.77488,35.23048],[126.78142,35.22491],[126.78954,35.22389],[126.79527,35.2198],[126.8044,35.22132],[126.80539,35.21827],[126.81966,35.22597],[126.82394,35.22578],[126.82505,35.23183],[126.83504,35.22877],[126.8443,35.23699],[126.84727,35.23723],[126.84807,35.23574],[126.85941,35.24],[126.86254,35.24524],[126.86914,35.24618],[126.87958,35.25152],[126.87921,35.24804],[126.88953,35.24667],[126.8914,35.24988],[126.90016,35.25382],[126.90343,35.25742],[126.90942,35.25844],[126.91461,35.25821],[126.9214,35.25323],[126.92937,35.25241],[126.93374,35.24693],[126.93263,35.24156],[126.94275,35.23499],[126.94353,35.23174],[126.94757,35.23077],[126.95184,35.22459],[126.94896,35.2209],[126.95027,35.21643],[126.96038,35.20493],[126.96554,35.20336],[126.96615,35.20083],[126.95862,35.19309],[126.96815,35.18114],[126.97169,35.17984],[126.97212,35.18495],[126.97397,35.18613],[126.98199,35.18393],[126.98576,35.18857],[126.99111,35.18639],[126.99668,35.189],[126.99997,35.18882],[127.007,35.18523],[127.01725,35.17441],[127.02142,35.17304],[127.02228,35.17136],[127.02087,35.16726],[127.01681,35.16533],[127.01136,35.16617],[127.01,35.16368],[127.01173,35.16132],[127.01112,35.15893],[127.00774,35.15593],[127.00896,35.15098],[127.00718,35.14387],[127.00891,35.13994],[127.00888,35.13262],[127.01183,35.12782],[127.01061,35.12431],[127.00459,35.12176],[126.99869,35.11576],[126.99993,35.11405],[126.98921,35.10988],[126.98635,35.10595],[126.98895,35.09499],[126.96651,35.08939],[126.96281,35.0872],[126.9586,35.08259],[126.9583,35.0787],[126.95188,35.07316],[126.9323,35.07439],[126.93253,35.07781],[126.92609,35.08239],[126.92467,35.088],[126.92105,35.09147],[126.91803,35.09152],[126.91071,35.08743],[126.90581,35.08205],[126.89511,35.08071],[126.89199,35.07795],[126.8854,35.08159],[126.87168,35.07434],[126.86537,35.07535],[126.86113,35.07894],[126.85561,35.07836],[126.85381,35.07429],[126.84844,35.07222],[126.84408,35.06543],[126.83683,35.06567],[126.83597,35.06386],[126.82596,35.06197],[126.82186,35.05995],[126.81858,35.05277],[126.81135,35.05308],[126.80731,35.05102],[126.80358,35.05242],[126.8012,35.0582],[126.79694,35.05905],[126.79523,35.06112],[126.78159,35.05384],[126.77442,35.05272],[126.76834,35.05456],[126.76734,35.05636],[126.76843,35.06141],[126.76511,35.06436],[126.75963,35.06245],[126.75674,35.05824],[126.75318,35.06476],[126.75414,35.06685],[126.75825,35.06864],[126.767,35.06818],[126.77135,35.07018],[126.7648,35.07875],[126.76565,35.08273],[126.76187,35.09103],[126.75399,35.09264],[126.74904,35.10076],[126.73644,35.10823],[126.73266,35.11286],[126.73062,35.11142],[126.73128,35.10811],[126.72934,35.10752],[126.7195,35.10842],[126.71585,35.11074],[126.70883,35.10947],[126.7054,35.11301],[126.70163,35.11232],[126.69753,35.10759],[126.6849,35.11202],[126.68322,35.11141],[126.68444,35.10764],[126.67997,35.10749],[126.67633,35.10489],[126.66747,35.10512],[126.66911,35.11126],[126.66339,35.1148],[126.65709,35.11328],[126.65172,35.12051],[126.65489,35.1368],[126.65283,35.14091],[126.65332,35.14396],[126.64756,35.14404],[126.64498,35.14656],[126.65015,35.14765],[126.65351,35.15278],[126.65142,35.15482],[126.65463,35.15835],[126.65422,35.16455],[126.65708,35.16662],[126.67043,35.16952],[126.67212,35.17309],[126.66258,35.18045],[126.66368,35.18222],[126.66176,35.18472],[126.65792,35.18629],[126.6532,35.19252],[126.65625,35.1941],[126.65907,35.19226],[126.67206,35.19426],[126.67443,35.19118],[126.67712,35.19105],[126.67758,35.20254],[126.68454,35.20984],[126.68705,35.21519],[126.69043,35.215],[126.69666,35.20978],[126.70256,35.20756],[126.7107,35.21227],[126.71769,35.21239],[126.72072,35.21883],[126.71875,35.22259],[126.72568,35.23496],[126.72909,35.2373],[126.72996,35.2436],[126.73724,35.25289],[126.74187,35.251],[126.74839,35.25333],[126.75054,35.25642],[126.76029,35.2587],[126.76338,35.25652]]]},"properties":{"name":"광주광역시","code":"24"}},{"type":"Feature","geometry":{"type":"Polygon","coordinates":[[[127.39892,36.4891],[127.40301,36.48548],[127.40416,36.48099],[127.39993,36.45891],[127.40209,36.45604],[127.40746,36.45481],[127.43586,36.45645],[127.4441,36.4504],[127.45133,36.44925],[127.45841,36.4523],[127.46256,36.45613],[127.46378,36.46451],[127.47029,36.47366],[127.47613,36.47633],[127.48403,36.47662],[127.48329,36.47001],[127.47768,36.46052],[127.47828,36.45728],[127.48211,36.45389],[127.4869,36.45278],[127.50059,36.4562],[127.50279,36.45551],[127.50446,36.4519],[127.50348,36.44936],[127.4935,36.44119],[127.48972,36.43413],[127.50155,36.40865],[127.50806,36.40827],[127.51047,36.40964],[127.51451,36.42247],[127.52095,36.42158],[127.52432,36.42343],[127.52938,36.41922],[127.53962,36.42061],[127.54228,36.41928],[127.54289,36.41208],[127.54557,36.40882],[127.5501,36.40712],[127.5532,36.40122],[127.55878,36.39986],[127.55968,36.39822],[127.55402,36.39487],[127.53922,36.3979],[127.53342,36.39175],[127.52493,36.38751],[127.52658,36.37007],[127.522,36.35788],[127.52292,36.35552],[127.51937,36.35035],[127.51197,36.34612],[127.50744,36.34629],[127.50807,36.34324],[127.50084,36.3397],[127.50296,36.32562],[127.49997,36.32077],[127.49598,36.31988],[127.49783,36.31641],[127.49457,36.31199],[127.49898,36.30567],[127.49743,36.30158],[127.49241,36.29995],[127.4912,36.29659],[127.49881,36.28281],[127.49678,36.27923],[127.48875,36.27271],[127.49026,36.26837],[127.48833,36.26722],[127.48605,36.26125],[127.48631,36.25922],[127.48998,36.25734],[127.4901,36.2546],[127.48761,36.25144],[127.48941,36.24601],[127.49232,36.24438],[127.49258,36.23795],[127.48997,36.2371],[127.48997,36.23348],[127.48847,36.23253],[127.47786,36.22967],[127.47683,36.226],[127.46753,36.22269],[127.46783,36.21705],[127.46963,36.21524],[127.46028,36.21292],[127.45924,36.20975],[127.45416,36.207],[127.45639,36.2036],[127.45559,36.2008],[127.44369,36.19475],[127.4411,36.19479],[127.43942,36.1973],[127.43353,36.19858],[127.42937,36.20521],[127.41562,36.20886],[127.408,36.21289],[127.41063,36.21755],[127.40454,36.22293],[127.39928,36.23254],[127.38734,36.23415],[127.38726,36.23729],[127.39037,36.23952],[127.39089,36.24295],[127.38789,36.24589],[127.38656,36.25251],[127.38864,36.25498],[127.39026,36.26227],[127.37763,36.27149],[127.37246,36.27218],[127.37123,36.26989],[127.36292,36.26912],[127.3602,36.26221],[127.36082,36.25627],[127.3596,36.25472],[127.36416,36.25156],[127.36514,36.24363],[127.36194,36.2342],[127.3634,36.2323],[127.36011,36.22668],[127.36355,36.2229],[127.3642,36.2189],[127.36039,36.21821],[127.35943,36.21393],[127.35297,36.21184],[127.34687,36.20413],[127.34759,36.19757],[127.34402,36.19666],[127.34038,36.18889],[127.33551,36.18337],[127.3317,36.18406],[127.3317,36.19269],[127.32981,36.19418],[127.33355,36.20067],[127.32814,36.20408],[127.32304,36.20373],[127.32087,36.20893],[127.32153,36.21343],[127.31808,36.21593],[127.31526,36.22129],[127.30639,36.22616],[127.30357,36.22974],[127.30324,36.22264],[127.29732,36.22152],[127.29382,36.22312],[127.2923,36.2298],[127.28628,36.23459],[127.28184,36.2358],[127.28309,36.23702],[127.2803,36.24435],[127.28139,36.24557],[127.27942,36.25243],[127.28239,36.25578],[127.2826,36.25847],[127.29133,36.26317],[127.29175,36.26469],[127.29014,36.26591],[127.28125,36.26519],[127.26535,36.27436],[127.25877,36.27605],[127.24665,36.29096],[127.25406,36.29687],[127.25985,36.29565],[127.26066,36.30185],[127.25842,36.30351],[127.25801,36.30993],[127.25842,36.31764],[127.26078,36.32169],[127.25977,36.32725],[127.26611,36.32853],[127.26812,36.33141],[127.26542,36.33723],[127.26865,36.341],[127.27912,36.34482],[127.27789,36.34901],[127.27241,36.35412],[127.27057,36.36086],[127.27768,36.36529],[127.27743,36.36866],[127.28104,36.37486],[127.27806,36.38672],[127.27848,36.39676],[127.28212,36.41461],[127.29109,36.41615],[127.29531,36.41977],[127.29425,36.42222],[127.29642,36.42321],[127.31095,36.42469],[127.31645,36.42046],[127.32199,36.42341],[127.3263,36.42209],[127.33757,36.42835],[127.34101,36.43097],[127.34034,36.43573],[127.34489,36.44441],[127.34974,36.44799],[127.35342,36.44787],[127.35862,36.4559],[127.35671,36.45894],[127.35652,36.46333],[127.36399,36.47482],[127.35886,36.48256],[127.36015,36.48853],[127.36334,36.48966],[127.36915,36.48858],[127.38034,36.49954],[127.38386,36.50023],[127.39612,36.49172],[127.39892,36.4891]]]},"properties":{"name":"대전광역시","code":"25"}},{"type":"Feature","geometry":{"type":"Polygon","coordinates":[[[129.15948,35.71586],[129.17107,35.71465],[129.17646,35.71566],[129.18129,35.72379],[129.19807,35.71451],[129.20083,35.71599],[129.2017,35.71889],[129.2071,35.72142],[129.22437,35.70956],[129.23176,35.70844],[129.23401,35.70387],[129.24137,35.70387],[129.25685,35.7007],[129.26259,35.69113],[129.26219,35.68593],[129.25864,35.68311],[129.26103,35.67907],[129.25972,35.67228],[129.25475,35.66641],[129.2555,35.66046],[129.26044,35.65464],[129.26969,35.65114],[129.27495,35.65309],[129.28109,35.6506],[129.2829,35.65173],[129.29016,35.64787],[129.29154,35.6452],[129.29642,35.64351],[129.29699,35.64646],[129.30331,35.65008],[129.30449,35.65717],[129.31114,35.66052],[129.31912,35.65792],[129.32782,35.65884],[129.32864,35.66269],[129.33409,35.66976],[129.34006,35.66964],[129.34875,35.67718],[129.35356,35.67938],[129.36407,35.67893],[129.36506,35.6757],[129.3716,35.67209],[129.37265,35.66923],[129.38185,35.67118],[129.39994,35.66756],[129.40342,35.66297],[129.41097,35.66383],[129.4284,35.65558],[129.4328,35.65665],[129.43508,35.65245],[129.43927,35.65524],[129.44979,35.65107],[129.44614,35.6462],[129.44163,35.64472],[129.44105,35.63192],[129.44434,35.62415],[129.45424,35.61643],[129.45068,35.61809],[129.45008,35.61484],[129.45787,35.61386],[129.45789,35.60779],[129.45909,35.6065],[129.45989,35.60848],[129.46278,35.60689],[129.46439,35.59921],[129.46285,35.59374],[129.46466,35.58641],[129.46083,35.58413],[129.45909,35.58478],[129.45267,35.57835],[129.45281,35.5719],[129.45559,35.56601],[129.45793,35.56455],[129.45721,35.56269],[129.45849,35.5611],[129.45719,35.56234],[129.45699,35.56125],[129.45864,35.55784],[129.45837,35.55311],[129.45563,35.55154],[129.4556,35.54765],[129.45242,35.54409],[129.45385,35.5422],[129.4513,35.53625],[129.45351,35.52808],[129.45278,35.52688],[129.44677,35.52935],[129.43875,35.52858],[129.43916,35.51985],[129.44019,35.52227],[129.44595,35.52236],[129.44761,35.52608],[129.44994,35.52481],[129.44562,35.51162],[129.44769,35.50896],[129.44149,35.511],[129.43283,35.51097],[129.43202,35.50536],[129.43373,35.50422],[129.4373,35.50672],[129.44215,35.50705],[129.44355,35.50262],[129.44236,35.50104],[129.43354,35.50014],[129.43104,35.49692],[129.43212,35.49339],[129.43424,35.49218],[129.44158,35.49575],[129.44426,35.49369],[129.44459,35.49147],[129.44012,35.49063],[129.4398,35.48731],[129.43129,35.47823],[129.43075,35.48356],[129.42519,35.48501],[129.42403,35.4842],[129.42485,35.48116],[129.42119,35.48094],[129.41974,35.48244],[129.41536,35.47996],[129.41621,35.47595],[129.41174,35.47188],[129.40617,35.47205],[129.40711,35.47325],[129.40427,35.4772],[129.40424,35.48733],[129.40844,35.49326],[129.40322,35.49982],[129.39576,35.50125],[129.39754,35.50757],[129.39639,35.51345],[129.38763,35.52739],[129.37665,35.53799],[129.37763,35.52843],[129.37496,35.52863],[129.37244,35.52361],[129.37599,35.52243],[129.37502,35.51757],[129.38583,35.51641],[129.3874,35.50188],[129.38551,35.50081],[129.38037,35.50259],[129.37136,35.50087],[129.36514,35.50496],[129.3632,35.50418],[129.3676,35.49792],[129.37932,35.49988],[129.39087,35.48595],[129.3911,35.47829],[129.39043,35.48611],[129.38893,35.48751],[129.3857,35.48485],[129.38582,35.4817],[129.38379,35.48079],[129.38416,35.47598],[129.38093,35.47173],[129.37828,35.47245],[129.37436,35.46992],[129.37419,35.46835],[129.37745,35.46587],[129.37483,35.46238],[129.36796,35.46417],[129.36302,35.4604],[129.37043,35.45758],[129.36869,35.45424],[129.35451,35.45919],[129.35047,35.46833],[129.3401,35.47548],[129.33767,35.48214],[129.33116,35.48555],[129.33891,35.47917],[129.33922,35.47531],[129.33677,35.47496],[129.33699,35.4734],[129.34738,35.4643],[129.34989,35.44824],[129.35979,35.44791],[129.35881,35.44282],[129.35388,35.44092],[129.35523,35.43826],[129.36506,35.44141],[129.36945,35.44899],[129.37374,35.44707],[129.37006,35.44374],[129.36649,35.43705],[129.37144,35.43529],[129.37364,35.43124],[129.36744,35.43092],[129.36172,35.42613],[129.3528,35.42702],[129.36422,35.42481],[129.36391,35.41517],[129.35626,35.4133],[129.35624,35.41044],[129.36269,35.41086],[129.36261,35.40651],[129.35987,35.40309],[129.35396,35.40245],[129.35549,35.3939],[129.34662,35.38989],[129.34768,35.38519],[129.34459,35.3781],[129.34514,35.37497],[129.35533,35.37176],[129.35476,35.36674],[129.36062,35.36449],[129.36195,35.36027],[129.36003,35.35641],[129.35005,35.35486],[129.34506,35.35181],[129.34479,35.35391],[129.34076,35.35651],[129.33533,35.35598],[129.3336,35.35437],[129.33228,35.34787],[129.3222,35.34621],[129.32044,35.33847],[129.31641,35.33877],[129.31286,35.33056],[129.30775,35.32811],[129.30945,35.32966],[129.30414,35.33016],[129.29994,35.33597],[129.29189,35.33682],[129.28977,35.33926],[129.28113,35.34057],[129.27966,35.34137],[129.28388,35.34608],[129.28493,35.35073],[129.28052,35.35622],[129.28223,35.36532],[129.27943,35.36614],[129.27684,35.37214],[129.26808,35.38064],[129.26552,35.38714],[129.25797,35.38412],[129.25064,35.38737],[129.25088,35.38472],[129.24879,35.38315],[129.24022,35.3843],[129.23702,35.38356],[129.2354,35.38026],[129.2302,35.38114],[129.21854,35.37895],[129.20795,35.38245],[129.20117,35.38778],[129.20282,35.39261],[129.20781,35.39578],[129.20892,35.39943],[129.21381,35.40208],[129.21907,35.40768],[129.21818,35.41153],[129.21479,35.41302],[129.21146,35.41906],[129.20328,35.42101],[129.20016,35.42415],[129.19994,35.43045],[129.20211,35.43207],[129.19698,35.43889],[129.19024,35.43497],[129.17836,35.43226],[129.17283,35.43362],[129.16565,35.43212],[129.15204,35.44187],[129.14315,35.44565],[129.13088,35.45817],[129.12177,35.46344],[129.12058,35.46549],[129.12127,35.47011],[129.1157,35.47664],[129.10832,35.48107],[129.10937,35.4866],[129.10679,35.48948],[129.10672,35.49514],[129.10527,35.49647],[129.09062,35.49831],[129.08644,35.50184],[129.0717,35.50564],[129.05263,35.51447],[129.05106,35.51984],[129.05211,35.5244],[129.05657,35.52711],[129.05582,35.53227],[129.03333,35.52583],[129.02734,35.52711],[129.02033,35.52413],[129.01088,35.52321],[129.00903,35.52399],[129.00955,35.52832],[129.0076,35.52911],[128.99459,35.52813],[128.99592,35.53525],[128.99896,35.54],[128.98935,35.5516],[128.98092,35.54637],[128.97292,35.55606],[128.97119,35.5603],[128.97791,35.56345],[128.99581,35.56789],[129.00793,35.58019],[129.01305,35.58297],[129.0189,35.58382],[129.01893,35.58676],[129.02275,35.59126],[129.02462,35.59992],[129.02265,35.60295],[129.02302,35.61344],[129.01667,35.61629],[129.0085,35.61594],[129.00274,35.62026],[129.00387,35.62171],[129.01802,35.62965],[129.02091,35.63508],[129.02661,35.6364],[129.03697,35.63246],[129.04334,35.64097],[129.0469,35.65052],[129.0693,35.64541],[129.07555,35.64036],[129.08085,35.64325],[129.07976,35.64911],[129.06789,35.6588],[129.06904,35.66905],[129.06715,35.67135],[129.07303,35.67738],[129.07071,35.67864],[129.06988,35.68237],[129.08046,35.6959],[129.08735,35.69901],[129.09029,35.70268],[129.10176,35.70607],[129.11275,35.70838],[129.1157,35.70848],[129.1175,35.70667],[129.12421,35.70828],[129.12699,35.71404],[129.13416,35.71211],[129.13678,35.71286],[129.13657,35.71548],[129.13951,35.71824],[129.13753,35.7207],[129.14205,35.72435],[129.14613,35.72492],[129.15287,35.72196],[129.15939,35.71601],[129.15948,35.71586]]]},"properties":{"name":"울산광역시","code":"26"}},{"type":"Feature","geometry":{"type":"Polygon","coordinates":[[[127.17206,36.73082],[127.17413,36.72857],[127.18457,36.72969],[127.1873,36.72799],[127.19567,36.72836],[127.20312,36.72615],[127.20481,36.72088],[127.20785,36.71904],[127.21814,36.71559],[127.22363,36.71572],[127.22364,36.71166],[127.22512,36.71037],[127.22975,36.70783],[127.23224,36.70905],[127.2364,36.70745],[127.23705,36.70441],[127.24571,36.69589],[127.24802,36.69507],[127.25122,36.69701],[127.2576,36.69271],[127.26523,36.6922],[127.27348,36.69527],[127.27771,36.69135],[127.28695,36.69042],[127.29214,36.68709],[127.30306,36.68546],[127.30763,36.68202],[127.30509,36.66757],[127.29975,36.66219],[127.28869,36.6589],[127.28615,36.65167],[127.28162,36.64514],[127.28278,36.64229],[127.27952,36.6407],[127.27701,36.64187],[127.27565,36.6398],[127.2794,36.63352],[127.28494,36.63411],[127.28921,36.63689],[127.29216,36.63564],[127.2907,36.63107],[127.29176,36.62562],[127.2963,36.62424],[127.29591,36.6197],[127.29933,36.61828],[127.30014,36.6139],[127.30181,36.61281],[127.30077,36.60773],[127.3066,36.60094],[127.30484,36.59139],[127.29956,36.58633],[127.30577,36.583],[127.32144,36.58378],[127.32659,36.57652],[127.33124,36.57492],[127.33576,36.57106],[127.33515,36.5681],[127.33809,36.56234],[127.34713,36.56445],[127.351,36.56221],[127.35765,36.56181],[127.36249,36.56445],[127.37755,36.56783],[127.37797,36.56289],[127.37255,36.55972],[127.3781,36.55517],[127.37852,36.54981],[127.38319,36.54786],[127.38388,36.54153],[127.39233,36.54001],[127.40152,36.54149],[127.40501,36.53731],[127.40562,36.5314],[127.40869,36.52529],[127.40766,36.52308],[127.40192,36.52376],[127.39764,36.52058],[127.40375,36.51738],[127.40495,36.51195],[127.40904,36.50975],[127.40781,36.5033],[127.4087,36.49947],[127.4108,36.49775],[127.40983,36.49532],[127.39612,36.49172],[127.38386,36.50023],[127.38034,36.49954],[127.36915,36.48858],[127.36334,36.48966],[127.36015,36.48853],[127.35886,36.48256],[127.36399,36.47482],[127.35652,36.46333],[127.35671,36.45894],[127.35862,36.4559],[127.3558,36.45027],[127.34489,36.44441],[127.34034,36.43573],[127.34101,36.43097],[127.3263,36.42209],[127.32199,36.42341],[127.31645,36.42046],[127.31095,36.42469],[127.3035,36.42468],[127.30192,36.42309],[127.29425,36.42222],[127.29531,36.41977],[127.29109,36.41615],[127.28682,36.41531],[127.27986,36.4154],[127.27639,36.41387],[127.26335,36.41684],[127.25872,36.4144],[127.25912,36.40911],[127.2508,36.40676],[127.24226,36.41862],[127.23193,36.41991],[127.23171,36.42195],[127.22878,36.4228],[127.22693,36.42122],[127.22511,36.42665],[127.21771,36.43374],[127.20712,36.43615],[127.19893,36.43988],[127.20111,36.44125],[127.20182,36.44632],[127.1984,36.45221],[127.20473,36.45929],[127.20328,36.46498],[127.20109,36.4668],[127.19791,36.46597],[127.19475,36.46876],[127.19202,36.47467],[127.19048,36.47947],[127.19482,36.48439],[127.19468,36.48959],[127.18545,36.49321],[127.17705,36.4926],[127.17324,36.49744],[127.17757,36.50241],[127.17597,36.50541],[127.16999,36.50904],[127.17026,36.51175],[127.17399,36.51551],[127.18235,36.52144],[127.17573,36.52888],[127.17492,36.53298],[127.17302,36.53346],[127.17424,36.54219],[127.17867,36.54536],[127.18504,36.54366],[127.18701,36.5458],[127.19183,36.54603],[127.18676,36.55294],[127.19379,36.56481],[127.1992,36.56494],[127.2031,36.56744],[127.20373,36.57265],[127.20775,36.57796],[127.20566,36.58077],[127.2004,36.58257],[127.19296,36.58082],[127.18926,36.58684],[127.19135,36.59394],[127.18797,36.59408],[127.18432,36.5912],[127.18168,36.59551],[127.17808,36.59689],[127.17272,36.59545],[127.16608,36.60255],[127.15588,36.60601],[127.15562,36.61599],[127.15005,36.61901],[127.15432,36.62389],[127.1605,36.62445],[127.16037,36.62628],[127.15705,36.62723],[127.15612,36.6307],[127.15802,36.63578],[127.15317,36.64521],[127.1547,36.65286],[127.16057,36.65612],[127.15904,36.66135],[127.15486,36.66427],[127.15856,36.67303],[127.16345,36.67623],[127.16412,36.6785],[127.1608,36.68784],[127.16144,36.69022],[127.15711,36.69566],[127.15622,36.69076],[127.14383,36.689],[127.14175,36.68998],[127.14291,36.69178],[127.13614,36.70504],[127.12773,36.70852],[127.14825,36.71989],[127.14993,36.72598],[127.15753,36.72746],[127.15964,36.73284],[127.16469,36.73382],[127.17201,36.73114],[127.17206,36.73082]]]},"properties":{"name":"세종특별자치시","code":"29"}},{"type":"Feature","geometry":{"type":"MultiPolygon","coordinates":[[[[126.74268,37.038],[126.74268,37.038],[126.74252,37.03808],[126.74268,37.038]]],[[[126.74268,37.038],[126.74528,37.03799],[126.74582,37.04245],[126.74928,37.04902],[126.75668,37.05546],[126.68404,37.11214],[126.68376,37.11462],[126.68094,37.11732],[126.67415,37.11716],[126.67532,37.1183],[126.68333,37.11738],[126.68472,37.11914],[126.68242,37.12777],[126.67568,37.13826],[126.67951,37.14091],[126.67957,37.14314],[126.66605,37.14243],[126.6603,37.13799],[126.66608,37.1425],[126.68074,37.14424],[126.68565,37.15011],[126.69466,37.15227],[126.69621,37.15105],[126.69122,37.15719],[126.68251,37.16047],[126.66971,37.15601],[126.66499,37.15674],[126.65792,37.1539],[126.65867,37.15504],[126.65385,37.15367],[126.64982,37.15464],[126.6505,37.1563],[126.65786,37.15921],[126.66109,37.16299],[126.65796,37.16771],[126.6536,37.18104],[126.65703,37.17993],[126.6554,37.17971],[126.65697,37.1762],[126.66002,37.17642],[126.66748,37.1881],[126.66992,37.18924],[126.66639,37.19149],[126.65995,37.19077],[126.65292,37.18293],[126.64961,37.18354],[126.65477,37.1904],[126.65058,37.19111],[126.6546,37.19806],[126.66087,37.22092],[126.65936,37.22907],[126.64784,37.24402],[126.6472,37.25],[126.64883,37.2506],[126.64638,37.25813],[126.64795,37.26125],[126.65295,37.26496],[126.65383,37.26943],[126.65131,37.27356],[126.63273,37.28698],[126.64645,37.27855],[126.64684,37.28041],[126.65755,37.28281],[126.66114,37.28737],[126.66138,37.29131],[126.64796,37.29257],[126.63316,37.28889],[126.62933,37.28491],[126.63292,37.28907],[126.64755,37.29272],[126.6617,37.29255],[126.66176,37.27791],[126.66897,37.27634],[126.67504,37.28169],[126.6842,37.281],[126.68008,37.27494],[126.67529,37.27257],[126.67196,37.27318],[126.67716,37.2595],[126.67962,37.2572],[126.6832,37.25743],[126.68714,37.26148],[126.69801,37.26109],[126.70476,37.2579],[126.70972,37.25828],[126.71573,37.25519],[126.72538,37.25631],[126.73402,37.24939],[126.74071,37.2544],[126.75627,37.25431],[126.75825,37.25179],[126.75686,37.25036],[126.75772,37.24891],[126.76368,37.24914],[126.7651,37.24517],[126.76706,37.24516],[126.76752,37.24823],[126.77508,37.24742],[126.77638,37.23649],[126.78033,37.23413],[126.78297,37.22975],[126.78665,37.23296],[126.78446,37.23507],[126.78278,37.23467],[126.77834,37.23937],[126.7783,37.2458],[126.78956,37.24413],[126.78831,37.25519],[126.79337,37.25923],[126.79066,37.26709],[126.79628,37.27073],[126.80888,37.26639],[126.81122,37.26763],[126.80824,37.26965],[126.80407,37.27682],[126.80476,37.2937],[126.81361,37.29297],[126.81921,37.29046],[126.82403,37.28551],[126.82753,37.27735],[126.83561,37.27657],[126.84139,37.26773],[126.84328,37.26767],[126.83868,37.27189],[126.8381,37.27613],[126.82813,37.2796],[126.82549,37.28679],[126.81633,37.2941],[126.8168,37.29804],[126.80526,37.29952],[126.80126,37.29562],[126.79766,37.29494],[126.78937,37.29341],[126.78887,37.29511],[126.78451,37.29438],[126.78382,37.29258],[126.76764,37.29253],[126.7406,37.30086],[126.73934,37.29884],[126.73267,37.30076],[126.73155,37.30343],[126.70557,37.31076],[126.69218,37.31891],[126.67645,37.32021],[126.67128,37.32903],[126.61618,37.31377],[126.57805,37.29282],[126.58579,37.29097],[126.58217,37.28846],[126.58387,37.28455],[126.58903,37.29017],[126.60979,37.27938],[126.58922,37.28997],[126.58554,37.28404],[126.58642,37.28605],[126.58855,37.28526],[126.59834,37.27756],[126.61172,37.27251],[126.62426,37.26405],[126.62517,37.2678],[126.63589,37.27057],[126.63679,37.2724],[126.64297,37.26902],[126.63928,37.26447],[126.64148,37.2626],[126.6396,37.26467],[126.64304,37.26857],[126.64355,37.26767],[126.64268,37.27131],[126.63117,37.28094],[126.64198,37.27284],[126.64395,37.26666],[126.63755,37.25792],[126.63688,37.25362],[126.64262,37.24115],[126.65208,37.23027],[126.65461,37.22507],[126.65499,37.20962],[126.65278,37.19975],[126.64653,37.19145],[126.64505,37.19225],[126.6419,37.1986],[126.6416,37.20439],[126.6461,37.20697],[126.6468,37.21102],[126.64006,37.21556],[126.62946,37.21827],[126.62605,37.2024],[126.62899,37.21854],[126.62635,37.21917],[126.62336,37.22683],[126.62431,37.23506],[126.62204,37.23619],[126.6193,37.23328],[126.62012,37.23101],[126.6188,37.2295],[126.61087,37.23394],[126.60961,37.23253],[126.61035,37.2294],[126.60259,37.23044],[126.6003,37.22822],[126.59193,37.23368],[126.58835,37.23332],[126.60988,37.22056],[126.6152,37.20945],[126.6124,37.20835],[126.6049,37.21233],[126.59946,37.20151],[126.59536,37.19835],[126.59942,37.20163],[126.60409,37.2102],[126.60267,37.20811],[126.60169,37.20874],[126.60482,37.21241],[126.6013,37.22146],[126.60031,37.21764],[126.59518,37.2143],[126.59064,37.21349],[126.58876,37.21461],[126.58674,37.22063],[126.576,37.22078],[126.57671,37.21922],[126.5741,37.21259],[126.56832,37.20453],[126.56952,37.19923],[126.56243,37.19296],[126.56058,37.1984],[126.55687,37.20199],[126.55367,37.20389],[126.5503,37.20276],[126.55129,37.2049],[126.54465,37.20599],[126.54558,37.20925],[126.54403,37.21499],[126.55354,37.21443],[126.55711,37.21791],[126.552,37.22352],[126.54162,37.22459],[126.54078,37.22877],[126.54274,37.22801],[126.54442,37.22943],[126.54439,37.23343],[126.55403,37.23345],[126.55977,37.23611],[126.56929,37.23699],[126.5673,37.23702],[126.56099,37.24226],[126.563,37.25529],[126.55925,37.26071],[126.55864,37.2668],[126.55004,37.27406],[126.54828,37.28004],[126.5396,37.2825],[126.53897,37.28609],[126.53291,37.28908],[126.54993,37.2831],[126.55569,37.28353],[126.55757,37.28073],[126.55421,37.27977],[126.55641,37.27665],[126.56167,37.27734],[126.56653,37.27954],[126.5772,37.29015],[126.57609,37.29359],[126.57175,37.29777],[126.57785,37.2931],[126.60514,37.30924],[126.60735,37.31318],[126.69036,37.33526],[126.69124,37.33926],[126.68571,37.34116],[126.68851,37.34876],[126.69359,37.34836],[126.7032,37.35125],[126.70071,37.3548],[126.73097,37.38657],[126.74201,37.38257],[126.7431,37.38423],[126.7409,37.38699],[126.73748,37.38834],[126.73522,37.3872],[126.73392,37.38908],[126.74393,37.39836],[126.76213,37.3974],[126.76432,37.39411],[126.77279,37.39414],[126.77704,37.39187],[126.77986,37.39481],[126.78427,37.39159],[126.78951,37.39547],[126.79157,37.39311],[126.7894,37.39714],[126.78887,37.40381],[126.79199,37.4053],[126.7886,37.40425],[126.78837,37.40207],[126.78601,37.40289],[126.78785,37.40776],[126.78592,37.40304],[126.78861,37.40103],[126.78904,37.39635],[126.78448,37.39214],[126.78014,37.39523],[126.77851,37.39368],[126.76648,37.39496],[126.76656,37.3971],[126.76385,37.39932],[126.75052,37.40067],[126.749,37.40359],[126.75332,37.40831],[126.7554,37.41344],[126.75325,37.4227],[126.75998,37.42646],[126.76921,37.42751],[126.7712,37.43648],[126.76872,37.44317],[126.77111,37.44641],[126.77068,37.44847],[126.77374,37.45052],[126.77904,37.45106],[126.78043,37.45498],[126.77806,37.457],[126.77982,37.46583],[126.7782,37.47179],[126.76775,37.47174],[126.76516,37.47518],[126.75916,37.47692],[126.75425,37.48373],[126.74241,37.48691],[126.7418,37.49448],[126.74376,37.50162],[126.74163,37.50883],[126.74593,37.51521],[126.75002,37.51419],[126.75216,37.51649],[126.7581,37.5158],[126.76014,37.51801],[126.76083,37.53906],[126.76232,37.5395],[126.7662,37.55424],[126.77155,37.54832],[126.77529,37.54897],[126.77791,37.54667],[126.78695,37.54598],[126.79056,37.54392],[126.7938,37.53999],[126.79442,37.53583],[126.79946,37.53773],[126.79933,37.54064],[126.80185,37.54272],[126.80719,37.54372],[126.81233,37.54074],[126.82212,37.54068],[126.82193,37.53505],[126.82531,37.52996],[126.82821,37.52903],[126.82426,37.51447],[126.82419,37.51052],[126.82695,37.51039],[126.82699,37.50853],[126.82222,37.50769],[126.81964,37.49921],[126.81301,37.4964],[126.81457,37.49319],[126.82091,37.49072],[126.82327,37.48791],[126.82129,37.48618],[126.819,37.47916],[126.81466,37.47476],[126.81767,37.47324],[126.81942,37.47633],[126.82787,37.47599],[126.83175,37.47765],[126.83461,37.47487],[126.84278,37.47497],[126.84503,37.47356],[126.84656,37.48163],[126.8527,37.48182],[126.86759,37.49482],[126.8695,37.49433],[126.87023,37.4896],[126.87413,37.49134],[126.87465,37.4899],[126.87284,37.49001],[126.87275,37.48843],[126.87679,37.48857],[126.87456,37.48537],[126.87273,37.48624],[126.8718,37.485],[126.88457,37.46565],[126.88286,37.46426],[126.88888,37.46095],[126.88544,37.46012],[126.88626,37.45636],[126.88964,37.45232],[126.89398,37.45272],[126.89578,37.44563],[126.89958,37.44037],[126.89898,37.4387],[126.90299,37.43407],[126.90941,37.43386],[126.91231,37.43858],[126.91866,37.43998],[126.9284,37.45021],[126.93055,37.44547],[126.93665,37.44175],[126.93775,37.43739],[126.94022,37.43571],[126.94816,37.43863],[126.96294,37.44028],[126.96463,37.44204],[126.96429,37.44627],[126.97057,37.44945],[126.97458,37.45441],[126.98239,37.45592],[126.99677,37.46187],[126.99675,37.46707],[127.00368,37.46772],[127.00447,37.46407],[127.00923,37.45722],[127.01451,37.45486],[127.026,37.45782],[127.02993,37.46535],[127.0346,37.46417],[127.03713,37.45521],[127.03578,37.4522],[127.03821,37.44586],[127.03517,37.44094],[127.03557,37.439],[127.04109,37.43777],[127.04737,37.4307],[127.05346,37.42881],[127.0657,37.42916],[127.06962,37.43061],[127.07384,37.43741],[127.07225,37.4422],[127.08144,37.44123],[127.08786,37.44489],[127.08882,37.44975],[127.09354,37.45589],[127.09931,37.45668],[127.10394,37.46005],[127.10434,37.46217],[127.11182,37.46164],[127.11689,37.45864],[127.11747,37.4622],[127.12449,37.46664],[127.12488,37.4696],[127.13083,37.46775],[127.1328,37.46839],[127.13286,37.47463],[127.14353,37.47393],[127.14437,37.47733],[127.14715,37.47722],[127.14868,37.48404],[127.1574,37.48909],[127.16122,37.5004],[127.15773,37.50318],[127.15644,37.50186],[127.15082,37.50406],[127.1455,37.50331],[127.14113,37.50546],[127.13997,37.50864],[127.14211,37.51466],[127.14544,37.51606],[127.14578,37.52194],[127.1478,37.52215],[127.15316,37.52911],[127.15402,37.53451],[127.16316,37.54499],[127.17991,37.54657],[127.18354,37.54517],[127.18134,37.55296],[127.182,37.56099],[127.17568,37.5749],[127.17542,37.5783],[127.17715,37.5812],[127.16675,37.57898],[127.14895,37.56843],[127.13767,37.56842],[127.12861,37.56616],[127.12296,37.56349],[127.11523,37.55676],[127.11296,37.55879],[127.10493,37.55642],[127.10112,37.56105],[127.10423,37.57139],[127.10166,37.5724],[127.10114,37.57607],[127.10344,37.5806],[127.10897,37.58338],[127.11334,37.59326],[127.11666,37.59402],[127.1141,37.60013],[127.1181,37.60547],[127.11619,37.61895],[127.10407,37.62165],[127.10596,37.62733],[127.1122,37.63264],[127.11126,37.64238],[127.10658,37.64538],[127.09457,37.64457],[127.09269,37.64858],[127.09404,37.65254],[127.09121,37.65933],[127.09541,37.66389],[127.09458,37.66617],[127.09645,37.66969],[127.09195,37.67919],[127.09642,37.68564],[127.096,37.68907],[127.08518,37.69039],[127.08384,37.69427],[127.0811,37.69614],[127.07266,37.6938],[127.06339,37.69492],[127.05966,37.69033],[127.05223,37.68742],[127.0518,37.68581],[127.04982,37.68798],[127.04863,37.69406],[127.04509,37.69239],[127.04307,37.69523],[127.04111,37.6953],[127.03241,37.69184],[127.02929,37.69929],[127.02702,37.70112],[127.02532,37.69958],[127.01542,37.70146],[127.01388,37.6988],[127.00967,37.6967],[127.00866,37.68445],[127.00459,37.68507],[126.9922,37.67963],[126.99398,37.67491],[126.99402,37.66678],[126.98827,37.66439],[126.98654,37.65949],[126.98286,37.65645],[126.97966,37.65604],[126.98394,37.64961],[126.9851,37.64593],[126.98325,37.64368],[126.98586,37.64061],[126.9842,37.63634],[126.97537,37.6317],[126.95842,37.62947],[126.96333,37.63325],[126.95927,37.64213],[126.95711,37.65284],[126.94788,37.65713],[126.94751,37.65919],[126.94034,37.65677],[126.93614,37.65149],[126.92412,37.64611],[126.91372,37.64476],[126.90481,37.64913],[126.91228,37.64432],[126.91121,37.63591],[126.9062,37.63322],[126.9088,37.62909],[126.90712,37.62194],[126.90523,37.61907],[126.90336,37.61884],[126.9003,37.61119],[126.90211,37.60374],[126.90015,37.60312],[126.90121,37.5963],[126.89964,37.58982],[126.88761,37.58867],[126.88547,37.5911],[126.88734,37.59392],[126.88526,37.59389],[126.87754,37.58625],[126.87763,37.57975],[126.87626,37.57819],[126.86342,37.57687],[126.85363,37.5738],[126.85363,37.57179],[126.82005,37.5924],[126.80258,37.60503],[126.79708,37.59774],[126.80094,37.58817],[126.79344,37.58452],[126.7937,37.58159],[126.78705,37.58558],[126.78411,37.58259],[126.77275,37.5851],[126.76767,37.58823],[126.76318,37.58496],[126.75798,37.58533],[126.75565,37.58289],[126.75573,37.58033],[126.75218,37.57971],[126.74971,37.58146],[126.74432,37.5925],[126.73789,37.59345],[126.73625,37.59048],[126.72546,37.59187],[126.71638,37.59941],[126.71407,37.60385],[126.7096,37.60513],[126.70468,37.60247],[126.704,37.60466],[126.70613,37.60768],[126.70545,37.61205],[126.69447,37.62034],[126.68337,37.62508],[126.67913,37.62959],[126.67471,37.62988],[126.67242,37.63384],[126.65742,37.63795],[126.65401,37.63821],[126.65177,37.63645],[126.64711,37.62748],[126.64464,37.62852],[126.63719,37.6267],[126.63657,37.62049],[126.63217,37.61763],[126.62574,37.60259],[126.61691,37.60355],[126.61436,37.60629],[126.59156,37.59303],[126.59024,37.59674],[126.5918,37.59909],[126.58155,37.6003],[126.58204,37.60231],[126.57795,37.60501],[126.57259,37.59891],[126.56585,37.60395],[126.56117,37.60366],[126.55983,37.60114],[126.55489,37.60822],[126.55532,37.61496],[126.5473,37.63427],[126.54416,37.63797],[126.53923,37.63965],[126.53563,37.6502],[126.53148,37.6548],[126.54182,37.65899],[126.54416,37.66292],[126.5396,37.66594],[126.53972,37.66926],[126.52683,37.67425],[126.53396,37.68539],[126.53347,37.69396],[126.53029,37.7061],[126.52421,37.70992],[126.52168,37.71656],[126.531,37.74824],[126.52646,37.75557],[126.51834,37.76279],[126.51967,37.76582],[126.5245,37.76846],[126.51705,37.77103],[126.518,37.77707],[126.52278,37.7901],[126.55468,37.77762],[126.57535,37.7627],[126.59377,37.76116],[126.60812,37.76657],[126.61921,37.77586],[126.6255,37.77914],[126.63208,37.78094],[126.66262,37.7807],[126.67135,37.83478],[126.66888,37.83473],[126.65932,37.8403],[126.66094,37.84366],[126.66498,37.84325],[126.67066,37.84623],[126.67618,37.84404],[126.67957,37.84603],[126.67988,37.85175],[126.69213,37.86851],[126.68342,37.87406],[126.68011,37.8704],[126.67259,37.87012],[126.6752,37.87449],[126.67204,37.87805],[126.67549,37.87724],[126.68204,37.87978],[126.67872,37.88158],[126.67971,37.88467],[126.67647,37.88467],[126.67562,37.8817],[126.67252,37.88221],[126.67445,37.88596],[126.67014,37.88803],[126.67218,37.88875],[126.67735,37.89779],[126.67684,37.90768],[126.68278,37.91286],[126.68191,37.91483],[126.67248,37.91423],[126.666,37.91906],[126.66786,37.9266],[126.66729,37.93414],[126.67212,37.93964],[126.66911,37.9418],[126.66976,37.94598],[126.67197,37.94823],[126.67099,37.95518],[126.67637,37.95378],[126.6813,37.95811],[126.68731,37.9572],[126.6923,37.96613],[126.69972,37.96946],[126.70371,37.97484],[126.70885,37.97516],[126.70948,37.97059],[126.71236,37.96819],[126.71665,37.96886],[126.71939,37.96495],[126.72778,37.96868],[126.73688,37.96604],[126.74069,37.97337],[126.74428,37.97359],[126.74817,37.97631],[126.74968,37.97943],[126.75835,37.98366],[126.76581,37.98385],[126.7728,37.97835],[126.77535,37.98042],[126.77216,37.98194],[126.77246,37.98388],[126.77587,37.98446],[126.78357,37.98173],[126.79012,37.98814],[126.7868,37.98802],[126.78634,37.98955],[126.78678,37.99374],[126.79008,37.99895],[126.81122,37.99945],[126.81684,38.00259],[126.82324,38.00871],[126.82246,38.01145],[126.82089,38.01159],[126.82242,38.01515],[126.82621,38.01776],[126.82465,38.02029],[126.826,38.02424],[126.82945,38.02415],[126.82774,38.02388],[126.82567,38.01988],[126.82769,38.01953],[126.84073,38.03291],[126.85541,38.03209],[126.85238,38.03509],[126.85261,38.03806],[126.85481,38.04043],[126.85269,38.04309],[126.85253,38.0531],[126.85836,38.05397],[126.85814,38.06174],[126.86591,38.06803],[126.86957,38.07777],[126.8689,38.08012],[126.86026,38.08594],[126.85907,38.09182],[126.86155,38.09212],[126.86324,38.09438],[126.85767,38.09697],[126.85607,38.09966],[126.86237,38.10833],[126.88267,38.11589],[126.88549,38.12421],[126.88893,38.1288],[126.90207,38.13413],[126.9047,38.13789],[126.91706,38.13672],[126.92785,38.12731],[126.93128,38.12775],[126.93235,38.13165],[126.9403,38.13393],[126.95044,38.1354],[126.95753,38.13465],[126.96086,38.13607],[126.96086,38.13968],[126.96378,38.13977],[126.96641,38.13739],[126.96945,38.14347],[126.96798,38.14746],[126.9511,38.15814],[126.94944,38.1596],[126.94944,38.16234],[126.95304,38.16528],[126.952,38.16236],[126.95396,38.16232],[126.9656,38.1711],[126.96521,38.17684],[126.96904,38.18191],[126.96488,38.18873],[126.96653,38.19895],[126.97493,38.19943],[126.9744,38.20455],[126.97952,38.20514],[126.98365,38.2106],[126.98365,38.21329],[126.98008,38.2175],[126.98122,38.21972],[126.97883,38.22215],[126.98174,38.22735],[126.98907,38.22538],[126.99065,38.22715],[126.98977,38.22851],[126.99159,38.22947],[127.00471,38.22151],[127.00598,38.22545],[127.01021,38.22735],[127.01391,38.23692],[127.02351,38.24161],[127.02045,38.24583],[127.02813,38.24499],[127.03657,38.2498],[127.0418,38.25911],[127.05472,38.25879],[127.0604,38.26313],[127.06621,38.26365],[127.07648,38.27218],[127.07507,38.27761],[127.07811,38.27897],[127.08299,38.28019],[127.08707,38.27902],[127.09212,38.28016],[127.09273,38.28226],[127.10364,38.28059],[127.10452,38.27911],[127.10102,38.2756],[127.1014,38.27368],[127.11077,38.27079],[127.10809,38.26841],[127.10933,38.26576],[127.10807,38.2583],[127.11157,38.24739],[127.10963,38.24477],[127.1099,38.24184],[127.11235,38.23814],[127.12305,38.2328],[127.1267,38.23409],[127.13116,38.23275],[127.13453,38.23365],[127.13573,38.23648],[127.14634,38.23933],[127.14892,38.24234],[127.15324,38.24187],[127.15779,38.23892],[127.16329,38.23848],[127.16149,38.23477],[127.16291,38.23244],[127.16007,38.226],[127.1618,38.22275],[127.15971,38.21955],[127.1647,38.21566],[127.17117,38.21349],[127.17514,38.20548],[127.1697,38.19765],[127.17886,38.18772],[127.1819,38.1858],[127.18924,38.18823],[127.18901,38.18108],[127.18586,38.17388],[127.18893,38.16182],[127.20308,38.15339],[127.20721,38.14812],[127.21919,38.13906],[127.22261,38.13794],[127.22473,38.14786],[127.23444,38.14714],[127.23776,38.15121],[127.23766,38.15453],[127.23939,38.1566],[127.25628,38.16317],[127.25883,38.16954],[127.26448,38.17174],[127.26647,38.17585],[127.26468,38.17852],[127.26644,38.18044],[127.28313,38.1829],[127.28825,38.17685],[127.29399,38.17728],[127.29799,38.1752],[127.29619,38.17248],[127.289,38.16946],[127.287,38.16139],[127.28405,38.15949],[127.28641,38.15264],[127.28426,38.14685],[127.27484,38.13671],[127.27678,38.1288],[127.27581,38.12418],[127.28068,38.1254],[127.28288,38.11814],[127.28634,38.11463],[127.30489,38.11566],[127.30744,38.11863],[127.30953,38.11828],[127.31681,38.09835],[127.32067,38.09468],[127.32872,38.09438],[127.33696,38.08977],[127.33875,38.09213],[127.33977,38.10129],[127.34813,38.10483],[127.35377,38.10413],[127.35634,38.10596],[127.36594,38.10693],[127.37184,38.1105],[127.37339,38.1146],[127.37861,38.11843],[127.38383,38.11513],[127.40345,38.11296],[127.40552,38.10295],[127.41341,38.10201],[127.42262,38.10677],[127.42541,38.11115],[127.43093,38.11536],[127.4335,38.11102],[127.44045,38.10883],[127.44158,38.10351],[127.44517,38.09747],[127.4448,38.08798],[127.44708,38.08073],[127.44448,38.07478],[127.44674,38.07122],[127.44458,38.05726],[127.44672,38.05422],[127.44624,38.05121],[127.45291,38.04719],[127.45102,38.03809],[127.45187,38.0346],[127.4562,38.02732],[127.45524,38.02521],[127.45686,38.01846],[127.46154,38.01285],[127.47156,38.00645],[127.4974,38.00371],[127.49806,38.00128],[127.50392,37.99795],[127.5089,38.00131],[127.51237,38.00021],[127.53109,38.00239],[127.53988,38.00057],[127.54717,37.97828],[127.54425,37.97411],[127.54523,37.96773],[127.55984,37.96288],[127.57133,37.964],[127.57934,37.96114],[127.58472,37.96175],[127.60244,37.955],[127.60252,37.94633],[127.61207,37.9406],[127.61658,37.92827],[127.61207,37.92279],[127.61658,37.9119],[127.61714,37.90636],[127.6074,37.88966],[127.6091,37.88352],[127.60585,37.87649],[127.60321,37.8742],[127.58519,37.87615],[127.57789,37.87401],[127.5686,37.86697],[127.56627,37.86158],[127.56684,37.85922],[127.56329,37.85645],[127.55745,37.85628],[127.55009,37.85193],[127.54965,37.84654],[127.54046,37.84655],[127.52944,37.83972],[127.5248,37.82967],[127.52564,37.82287],[127.53494,37.81771],[127.53735,37.81054],[127.52081,37.79254],[127.52226,37.78895],[127.54092,37.77088],[127.54499,37.76363],[127.54488,37.76007],[127.54209,37.75466],[127.53408,37.7486],[127.51121,37.73643],[127.50711,37.73136],[127.50707,37.72059],[127.5118,37.71572],[127.5247,37.72647],[127.5272,37.72686],[127.52962,37.72642],[127.53389,37.72193],[127.54251,37.71986],[127.54927,37.72393],[127.55123,37.72756],[127.5566,37.72923],[127.55991,37.72858],[127.55935,37.72493],[127.56186,37.72007],[127.55805,37.71391],[127.55825,37.70732],[127.5558,37.70436],[127.55417,37.6953],[127.55064,37.68704],[127.5508,37.67725],[127.54905,37.66861],[127.55282,37.66153],[127.54622,37.65786],[127.54385,37.65173],[127.53566,37.65069],[127.53546,37.64577],[127.53794,37.64148],[127.54717,37.63736],[127.54826,37.63321],[127.5594,37.6285],[127.56468,37.63316],[127.57142,37.632],[127.58065,37.6334],[127.58349,37.63559],[127.58326,37.64013],[127.58486,37.6423],[127.59882,37.64688],[127.60219,37.65153],[127.60622,37.65079],[127.61278,37.64603],[127.61683,37.64669],[127.62198,37.64214],[127.62732,37.64273],[127.63943,37.63264],[127.64699,37.63274],[127.64731,37.62933],[127.65153,37.62294],[127.66385,37.6238],[127.66752,37.61725],[127.68338,37.60823],[127.69168,37.60133],[127.69619,37.60079],[127.70084,37.59612],[127.69743,37.59185],[127.6982,37.59089],[127.70635,37.5884],[127.7079,37.58635],[127.72313,37.59063],[127.73889,37.58756],[127.7447,37.58788],[127.75411,37.59206],[127.75798,37.58681],[127.76128,37.58759],[127.76657,37.58267],[127.78444,37.57812],[127.78786,37.57891],[127.79408,37.58525],[127.80425,37.57913],[127.80487,37.57506],[127.80961,37.57345],[127.81413,37.56415],[127.82623,37.56071],[127.83232,37.56157],[127.83951,37.55922],[127.84039,37.55679],[127.848,37.55245],[127.84811,37.55033],[127.84514,37.54773],[127.84595,37.54409],[127.84304,37.54192],[127.84202,37.5389],[127.83363,37.53921],[127.82891,37.53713],[127.82253,37.53846],[127.80958,37.53786],[127.80623,37.53492],[127.80647,37.53117],[127.79634,37.52858],[127.79577,37.52417],[127.78879,37.51855],[127.7855,37.51331],[127.7837,37.51214],[127.78112,37.51306],[127.77179,37.50519],[127.76544,37.50276],[127.7599,37.50327],[127.76003,37.49289],[127.77469,37.49175],[127.77607,37.48854],[127.78019,37.48865],[127.78217,37.48168],[127.78958,37.4748],[127.80048,37.47125],[127.80071,37.46786],[127.79627,37.46304],[127.79938,37.45177],[127.79839,37.44259],[127.80335,37.43433],[127.80401,37.42885],[127.79457,37.42435],[127.79023,37.4091],[127.78223,37.39242],[127.78409,37.38883],[127.77666,37.38333],[127.77579,37.37896],[127.77894,37.37077],[127.76287,37.36998],[127.75948,37.36729],[127.76122,37.3636],[127.75935,37.35973],[127.76076,37.35264],[127.75835,37.35079],[127.75788,37.34641],[127.76273,37.33435],[127.75899,37.33123],[127.76832,37.30669],[127.76768,37.30289],[127.76554,37.30145],[127.76214,37.30224],[127.75461,37.29774],[127.74988,37.29716],[127.75004,37.29196],[127.75435,37.2877],[127.75553,37.28189],[127.76048,37.2729],[127.75761,37.25825],[127.74997,37.24821],[127.74688,37.23997],[127.74893,37.21834],[127.74636,37.21448],[127.74351,37.21458],[127.73526,37.20807],[127.7325,37.1958],[127.72946,37.19234],[127.72641,37.18254],[127.7228,37.18157],[127.72152,37.18306],[127.7169,37.18343],[127.70868,37.17094],[127.70678,37.17033],[127.70459,37.16651],[127.70427,37.15765],[127.69501,37.15072],[127.69408,37.1456],[127.69548,37.14042],[127.6868,37.13506],[127.67021,37.13611],[127.66522,37.13933],[127.65994,37.13992],[127.65536,37.14543],[127.6468,37.15114],[127.62831,37.15529],[127.62745,37.15172],[127.63777,37.14119],[127.6331,37.12016],[127.63617,37.11393],[127.63413,37.10728],[127.63453,37.09983],[127.63181,37.09648],[127.61194,37.08725],[127.60599,37.08644],[127.59511,37.08799],[127.59955,37.08583],[127.60109,37.07988],[127.60494,37.07615],[127.60472,37.06878],[127.60294,37.06855],[127.59627,37.07371],[127.58927,37.07282],[127.58305,37.07547],[127.57798,37.07534],[127.56496,37.06059],[127.56954,37.04817],[127.55683,37.04125],[127.54112,37.05067],[127.53468,37.052],[127.52937,37.05548],[127.52249,37.05559],[127.51826,37.0584],[127.51158,37.05556],[127.50889,37.04942],[127.49984,37.04764],[127.4958,37.04851],[127.48622,37.05486],[127.47532,37.05299],[127.46821,37.05349],[127.46838,37.05035],[127.4612,37.04685],[127.45686,37.04221],[127.4597,37.03813],[127.45686,37.03003],[127.45974,37.02506],[127.45837,37.02047],[127.45371,37.02125],[127.45093,37.0193],[127.44833,37.01654],[127.44709,37.01089],[127.44083,37.01211],[127.43705,37.00825],[127.43654,37.0056],[127.42882,37.00219],[127.42124,37.00396],[127.41496,36.99997],[127.40684,36.99832],[127.39551,36.99875],[127.3927,36.99701],[127.39131,36.99165],[127.38497,36.98364],[127.3861,36.98141],[127.39667,36.97461],[127.39634,36.97328],[127.40153,36.96768],[127.39747,36.96465],[127.39303,36.96563],[127.38727,36.96446],[127.38482,36.95962],[127.37872,36.95789],[127.37821,36.95208],[127.37566,36.94866],[127.37202,36.94991],[127.36176,36.9495],[127.35761,36.94769],[127.354,36.95267],[127.34963,36.95279],[127.34484,36.94932],[127.34061,36.94312],[127.32681,36.93594],[127.31621,36.93472],[127.3133,36.93124],[127.30899,36.92939],[127.30019,36.9294],[127.29563,36.93129],[127.29844,36.92273],[127.30336,36.91639],[127.29737,36.90396],[127.29032,36.8977],[127.2903,36.89433],[127.28586,36.89448],[127.27921,36.90055],[127.27884,36.90625],[127.27457,36.90868],[127.27345,36.91145],[127.27083,36.91329],[127.25861,36.91587],[127.25313,36.92244],[127.24891,36.92121],[127.24815,36.91853],[127.24405,36.9176],[127.23766,36.92056],[127.23635,36.92372],[127.22838,36.92451],[127.22033,36.93045],[127.21045,36.93054],[127.20973,36.93273],[127.21156,36.93781],[127.20626,36.94291],[127.20687,36.94613],[127.20214,36.95171],[127.19075,36.95249],[127.1805,36.95667],[127.17773,36.9627],[127.17191,36.96326],[127.16553,36.96166],[127.1554,36.96443],[127.15442,36.96623],[127.15918,36.96976],[127.14889,36.96955],[127.14448,36.97114],[127.12966,36.96642],[127.12136,36.96827],[127.11865,36.97085],[127.11154,36.97128],[127.11085,36.96922],[127.10251,36.96476],[127.09651,36.95934],[127.09641,36.95569],[127.103,36.95316],[127.097,36.94799],[127.09576,36.94237],[127.09289,36.94282],[127.08621,36.94774],[127.07408,36.93862],[127.07277,36.94056],[127.06549,36.94193],[127.04954,36.93386],[127.03738,36.93233],[127.03104,36.92809],[127.0258,36.92875],[127.01557,36.93539],[127.00744,36.93573],[127.00079,36.9336],[126.99518,36.93536],[126.98555,36.93249],[126.97375,36.92586],[126.93963,36.91733],[126.90971,36.9016],[126.90803,36.90874],[126.90631,36.91025],[126.90718,36.91241],[126.90358,36.91542],[126.90365,36.9247],[126.89923,36.9299],[126.88709,36.93627],[126.86743,36.93327],[126.86256,36.94882],[126.85895,36.9507],[126.8539,36.94831],[126.8598,36.94304],[126.85886,36.94209],[126.85385,36.94828],[126.84961,36.94647],[126.84526,36.95264],[126.84662,36.95485],[126.84419,36.95795],[126.84251,36.9572],[126.82484,36.98236],[126.82819,36.98302],[126.82603,36.98599],[126.82081,36.98476],[126.81295,36.98732],[126.82054,36.98555],[126.8234,36.99127],[126.81211,36.99497],[126.80972,36.98844],[126.80414,36.99026],[126.80578,36.99354],[126.80817,36.99345],[126.80918,36.99546],[126.80614,36.99701],[126.79466,36.99746],[126.79297,36.99448],[126.78895,36.99519],[126.77886,37.00743],[126.78715,37.01296],[126.79763,37.01413],[126.7946,37.02648],[126.78937,37.02972],[126.75058,37.02971],[126.74877,37.03113],[126.7488,37.03517],[126.74268,37.038]],[[126.75679,37.05601],[126.77002,37.06007],[126.77089,37.06439],[126.76318,37.06304],[126.76164,37.06813],[126.76451,37.06876],[126.76348,37.07921],[126.77081,37.1016],[126.76999,37.10398],[126.7664,37.10393],[126.75829,37.11142],[126.76041,37.11793],[126.76886,37.12728],[126.77145,37.12915],[126.77213,37.12749],[126.77435,37.12818],[126.77656,37.13222],[126.78262,37.13489],[126.78655,37.13253],[126.78722,37.12961],[126.795,37.12875],[126.79612,37.13431],[126.80137,37.13836],[126.81178,37.13911],[126.8166,37.14335],[126.80804,37.14484],[126.8045,37.1524],[126.80009,37.1539],[126.79106,37.14989],[126.78174,37.15225],[126.7946,37.15739],[126.79781,37.16233],[126.79495,37.17163],[126.7923,37.17324],[126.79315,37.17678],[126.79611,37.17831],[126.79716,37.18923],[126.80065,37.19617],[126.79786,37.19273],[126.79475,37.18153],[126.78385,37.16973],[126.77997,37.16981],[126.7775,37.1652],[126.74717,37.16758],[126.74693,37.16166],[126.74161,37.15296],[126.73611,37.14994],[126.73082,37.14934],[126.73171,37.14623],[126.72695,37.13873],[126.72183,37.13707],[126.71899,37.13222],[126.71446,37.13053],[126.70617,37.13174],[126.70136,37.12718],[126.70236,37.12378],[126.70374,37.12452],[126.70486,37.12317],[126.69811,37.11958],[126.69776,37.12241],[126.69336,37.12221],[126.69139,37.12132],[126.69004,37.11602],[126.68405,37.11461],[126.68612,37.11163],[126.75628,37.05627],[126.75679,37.05601]],[[126.85595,37.26992],[126.85744,37.27267],[126.86384,37.27221],[126.87457,37.27583],[126.87531,37.2774],[126.8643,37.27286],[126.86314,37.2741],[126.86311,37.27305],[126.85285,37.27238],[126.84909,37.26866],[126.84391,37.26748],[126.84499,37.2668],[126.84308,37.26495],[126.8454,37.25989],[126.8496,37.25702],[126.84882,37.26166],[126.85142,37.26433],[126.84984,37.266],[126.85556,37.26949],[126.85595,37.26992]]]]},"properties":{"name":"경기도","code":"31"}},{"type":"Feature","geometry":{"type":"MultiPolygon","coordinates":[[[[128.87722,37.84096],[128.87722,37.84096],[128.87722,37.84096]]],[[[128.76311,37.97277],[128.76311,37.97277],[128.76311,37.97277]]],[[[128.72544,38.02378],[128.72544,38.02379],[128.72544,38.02378]]],[[[128.72544,38.02378],[128.73026,38.02134],[128.734,38.02287],[128.73618,38.02205],[128.73388,38.01513],[128.72927,38.01162],[128.7306,38.0071],[128.73687,38.0024],[128.74234,37.99443],[128.74705,37.99217],[128.75517,37.98317],[128.75923,37.98171],[128.76105,37.98284],[128.76412,37.97996],[128.76418,37.97793],[128.76359,37.98016],[128.76033,37.97936],[128.75989,37.97624],[128.76144,37.97244],[128.76593,37.97153],[128.7631,37.97048],[128.76319,37.96631],[128.76905,37.96179],[128.7694,37.9579],[128.77674,37.95124],[128.78276,37.94675],[128.78496,37.94606],[128.78619,37.9473],[128.78915,37.94538],[128.78555,37.94345],[128.79033,37.93365],[128.81261,37.91558],[128.83171,37.90413],[128.83049,37.90493],[128.82934,37.90353],[128.83431,37.89945],[128.83435,37.89437],[128.83265,37.89121],[128.835,37.88592],[128.83302,37.88777],[128.83297,37.89463],[128.83166,37.8944],[128.82951,37.89271],[128.82896,37.88899],[128.83024,37.88417],[128.85134,37.8617],[128.87722,37.84096],[128.87943,37.83423],[128.87871,37.83633],[128.87593,37.83745],[128.87546,37.83439],[128.87918,37.82944],[128.94668,37.77358],[128.94981,37.77187],[128.95465,37.7732],[128.95714,37.77125],[128.95194,37.77281],[128.95141,37.76738],[128.96943,37.75286],[128.98881,37.74002],[128.989,37.73609],[128.99592,37.72561],[129.01099,37.7134],[129.01651,37.70507],[129.03644,37.6891],[129.04593,37.68396],[129.05541,37.67542],[129.05515,37.67347],[129.05702,37.67291],[129.05675,37.66939],[129.05407,37.66472],[129.05698,37.65875],[129.05429,37.65353],[129.04817,37.65067],[129.04425,37.64319],[129.04594,37.63538],[129.05152,37.62696],[129.05791,37.62618],[129.06377,37.6233],[129.05393,37.62575],[129.05419,37.62137],[129.05953,37.62034],[129.06344,37.61432],[129.07287,37.60629],[129.11502,37.57895],[129.11707,37.57535],[129.11637,37.57078],[129.11991,37.56523],[129.12175,37.5579],[129.11778,37.54952],[129.11812,37.54369],[129.12062,37.53923],[129.11722,37.54514],[129.11708,37.5517],[129.11388,37.55166],[129.11221,37.54939],[129.11378,37.5405],[129.11548,37.54024],[129.11473,37.53618],[129.12585,37.52526],[129.12222,37.52174],[129.12293,37.51912],[129.1351,37.50492],[129.14901,37.49756],[129.13559,37.50407],[129.13122,37.5014],[129.13618,37.49642],[129.12441,37.49069],[129.12677,37.48762],[129.14489,37.49679],[129.14134,37.49288],[129.1472,37.49163],[129.1576,37.48164],[129.15975,37.47574],[129.17316,37.46589],[129.17934,37.46362],[129.18752,37.45591],[129.19003,37.45137],[129.18952,37.44574],[129.19254,37.44276],[129.19475,37.43466],[129.19744,37.43222],[129.19195,37.43812],[129.188,37.43797],[129.19276,37.42963],[129.19247,37.42659],[129.19765,37.41991],[129.19765,37.41582],[129.21012,37.40454],[129.22216,37.39621],[129.2513,37.38039],[129.25731,37.37984],[129.25528,37.37743],[129.25367,37.37852],[129.25108,37.37325],[129.25082,37.36302],[129.25955,37.35294],[129.26232,37.34554],[129.26699,37.34333],[129.2666,37.3311],[129.27065,37.32924],[129.272,37.32645],[129.2714,37.32537],[129.27005,37.32779],[129.26861,37.3266],[129.27034,37.32159],[129.28865,37.30952],[129.29729,37.31109],[129.30215,37.30209],[129.30043,37.29287],[129.31116,37.28612],[129.31708,37.28677],[129.31855,37.28975],[129.32022,37.2889],[129.32041,37.28243],[129.3264,37.27987],[129.32912,37.2804],[129.32773,37.26344],[129.33718,37.25585],[129.34075,37.25468],[129.34198,37.2487],[129.34871,37.24776],[129.35006,37.23888],[129.35665,37.23565],[129.34691,37.22985],[129.34342,37.2296],[129.34137,37.22595],[129.34102,37.22163],[129.34748,37.21211],[129.34277,37.19594],[129.34532,37.19439],[129.3452,37.18579],[129.34712,37.18252],[129.34756,37.17684],[129.34325,37.17487],[129.3451,37.17137],[129.34976,37.17395],[129.35624,37.16601],[129.35845,37.16659],[129.35189,37.16421],[129.35869,37.1568],[129.36394,37.14624],[129.35664,37.14483],[129.34784,37.14645],[129.34099,37.1446],[129.33951,37.14683],[129.33835,37.14346],[129.33324,37.14071],[129.32483,37.14229],[129.31815,37.13295],[129.3112,37.13065],[129.30889,37.12794],[129.30387,37.12824],[129.30113,37.12658],[129.29523,37.1203],[129.29459,37.11437],[129.28539,37.11725],[129.282,37.1161],[129.27629,37.11798],[129.27124,37.11638],[129.26886,37.10628],[129.26599,37.10232],[129.25908,37.10105],[129.25316,37.09679],[129.24903,37.09615],[129.24046,37.08504],[129.22538,37.07372],[129.23086,37.0689],[129.23307,37.06388],[129.22852,37.05723],[129.23282,37.05024],[129.23267,37.04422],[129.23821,37.04079],[129.23801,37.03867],[129.22531,37.04456],[129.21341,37.04299],[129.20505,37.04497],[129.19475,37.04063],[129.18541,37.04172],[129.18368,37.04886],[129.17705,37.05672],[129.1704,37.06036],[129.16676,37.06526],[129.16614,37.06916],[129.16177,37.06883],[129.14427,37.07658],[129.13947,37.08227],[129.13358,37.08178],[129.12719,37.08444],[129.12642,37.08804],[129.12289,37.09128],[129.10778,37.0935],[129.1045,37.0977],[129.09625,37.10041],[129.09128,37.09725],[129.07695,37.09299],[129.07042,37.08822],[129.07081,37.08401],[129.0656,37.07875],[129.06737,37.07445],[129.06395,37.06844],[129.0574,37.06505],[129.05707,37.0679],[129.05428,37.06982],[129.05132,37.06783],[129.04833,37.07009],[129.04187,37.07106],[129.03667,37.07617],[129.03241,37.07492],[129.02435,37.07835],[129.02038,37.07656],[129.01517,37.07953],[129.00958,37.07855],[128.99124,37.08256],[128.98861,37.08437],[128.9834,37.08462],[128.97763,37.08156],[128.9718,37.08151],[128.95927,37.07758],[128.9533,37.08125],[128.95343,37.08492],[128.94566,37.09378],[128.93206,37.09087],[128.92332,37.09212],[128.91506,37.08371],[128.91693,37.0787],[128.91019,37.07022],[128.91042,37.06613],[128.89807,37.0576],[128.89642,37.04452],[128.88927,37.04939],[128.87854,37.05326],[128.87684,37.04608],[128.87248,37.04395],[128.86365,37.0487],[128.84687,37.05161],[128.83595,37.06594],[128.83167,37.0674],[128.83208,37.07508],[128.82938,37.07846],[128.81943,37.07703],[128.81257,37.07871],[128.80787,37.076],[128.79997,37.07897],[128.80153,37.08435],[128.79942,37.08694],[128.78575,37.08791],[128.78028,37.09234],[128.77359,37.08751],[128.77784,37.08328],[128.77781,37.07971],[128.77046,37.07531],[128.76858,37.07271],[128.76839,37.06781],[128.76536,37.06403],[128.76015,37.06676],[128.75808,37.06979],[128.75655,37.06863],[128.75232,37.05593],[128.75519,37.05016],[128.76142,37.04444],[128.76254,37.03786],[128.76218,37.03616],[128.75455,37.03196],[128.75376,37.02783],[128.74825,37.02961],[128.73462,37.04023],[128.71867,37.04375],[128.71275,37.04265],[128.7091,37.03936],[128.7004,37.04083],[128.68907,37.05305],[128.68288,37.05314],[128.67565,37.05885],[128.65786,37.06083],[128.65484,37.06515],[128.6506,37.06583],[128.64267,37.07076],[128.62985,37.07412],[128.6273,37.07747],[128.62828,37.08133],[128.62264,37.0874],[128.6064,37.07667],[128.60101,37.07887],[128.60162,37.08306],[128.59504,37.08154],[128.59185,37.07816],[128.58173,37.08167],[128.57441,37.08132],[128.57073,37.08597],[128.5617,37.09024],[128.55385,37.08659],[128.53813,37.08963],[128.53557,37.09187],[128.53414,37.09811],[128.53117,37.10001],[128.51417,37.10373],[128.51003,37.114],[128.50667,37.11544],[128.49658,37.12576],[128.4911,37.12385],[128.48239,37.11496],[128.48187,37.1127],[128.47781,37.11015],[128.45805,37.11028],[128.4512,37.11209],[128.44532,37.10747],[128.43524,37.11127],[128.43555,37.10951],[128.43058,37.10675],[128.43012,37.10367],[128.4247,37.10246],[128.42259,37.10473],[128.42216,37.11016],[128.42356,37.11224],[128.42105,37.1137],[128.41847,37.11981],[128.41104,37.12213],[128.40575,37.12699],[128.396,37.12859],[128.40079,37.13333],[128.40366,37.13962],[128.40087,37.14688],[128.39641,37.14854],[128.39253,37.15339],[128.3841,37.15798],[128.37646,37.15241],[128.36443,37.15643],[128.35972,37.15022],[128.35151,37.15741],[128.34259,37.15594],[128.34049,37.15809],[128.33709,37.15785],[128.33067,37.15034],[128.32747,37.15294],[128.32473,37.14807],[128.32172,37.14887],[128.31111,37.14578],[128.30636,37.13753],[128.29623,37.13411],[128.29267,37.1393],[128.28526,37.14242],[128.27993,37.14246],[128.27329,37.14763],[128.27059,37.15423],[128.2662,37.15603],[128.26444,37.16042],[128.26886,37.16164],[128.27375,37.16929],[128.28111,37.1734],[128.28968,37.17015],[128.29807,37.17166],[128.29562,37.18329],[128.3007,37.18446],[128.30264,37.18662],[128.30766,37.186],[128.31049,37.18734],[128.31371,37.19333],[128.31339,37.19678],[128.32176,37.19555],[128.32244,37.19835],[128.32639,37.19729],[128.33218,37.2139],[128.33007,37.21622],[128.32006,37.21986],[128.31659,37.22339],[128.31404,37.22269],[128.30914,37.21746],[128.28818,37.21507],[128.28404,37.2107],[128.27286,37.20986],[128.2684,37.20792],[128.25979,37.21641],[128.25798,37.22124],[128.25093,37.22958],[128.24431,37.22654],[128.23742,37.22932],[128.23302,37.22702],[128.22924,37.22757],[128.22031,37.2403],[128.21479,37.24184],[128.21465,37.24607],[128.21024,37.24579],[128.2078,37.24882],[128.20118,37.24897],[128.1741,37.23261],[128.17491,37.22924],[128.17253,37.22494],[128.17307,37.21906],[128.16448,37.21346],[128.15802,37.21631],[128.15416,37.21586],[128.15086,37.22074],[128.14561,37.22184],[128.14232,37.22434],[128.14204,37.2286],[128.14055,37.22955],[128.1329,37.2298],[128.12957,37.23375],[128.12532,37.23454],[128.12151,37.22933],[128.12236,37.2252],[128.11551,37.22027],[128.11417,37.21305],[128.11164,37.20781],[128.1087,37.20567],[128.09506,37.19992],[128.08827,37.19941],[128.08565,37.19703],[128.07431,37.19309],[128.07202,37.19449],[128.06047,37.19409],[128.04981,37.18958],[128.04377,37.19089],[128.04107,37.18899],[128.03391,37.19141],[128.03162,37.19934],[128.0283,37.20232],[128.03308,37.21081],[128.03688,37.21276],[128.03875,37.21604],[128.03284,37.22012],[128.03122,37.22382],[128.02302,37.22563],[128.01826,37.24571],[128.01259,37.24769],[128.00797,37.25212],[127.999,37.25486],[127.99423,37.25357],[127.98694,37.25784],[127.98188,37.2568],[127.9799,37.25833],[127.97191,37.25638],[127.96455,37.25101],[127.95268,37.24792],[127.94738,37.24418],[127.94519,37.24056],[127.93888,37.24074],[127.92662,37.2316],[127.92172,37.22538],[127.92246,37.22215],[127.9271,37.22015],[127.93247,37.20699],[127.93092,37.20113],[127.93296,37.19308],[127.93626,37.18877],[127.9326,37.18237],[127.93363,37.1758],[127.9273,37.16978],[127.92633,37.16553],[127.92464,37.16453],[127.91505,37.16888],[127.90863,37.16712],[127.90408,37.16022],[127.90189,37.1522],[127.89889,37.1498],[127.8951,37.15619],[127.88657,37.16107],[127.87205,37.16434],[127.86196,37.16105],[127.8613,37.15535],[127.85588,37.15648],[127.85529,37.15995],[127.85323,37.16028],[127.85007,37.15418],[127.84739,37.15294],[127.82537,37.15226],[127.81685,37.147],[127.80694,37.14706],[127.80165,37.14426],[127.79291,37.14533],[127.78952,37.14341],[127.76549,37.15914],[127.75707,37.1692],[127.75078,37.18376],[127.74891,37.19676],[127.74426,37.20755],[127.74475,37.21365],[127.74893,37.21834],[127.74688,37.23997],[127.74997,37.24821],[127.75761,37.25825],[127.76048,37.2729],[127.75553,37.28189],[127.75435,37.2877],[127.75004,37.29196],[127.74988,37.29716],[127.75461,37.29774],[127.76214,37.30224],[127.76554,37.30145],[127.76768,37.30289],[127.76832,37.30669],[127.75899,37.33123],[127.76273,37.33435],[127.75788,37.34641],[127.75835,37.35079],[127.76076,37.35264],[127.75935,37.35973],[127.76122,37.3636],[127.75948,37.36729],[127.76287,37.36998],[127.77894,37.37077],[127.77579,37.37896],[127.77666,37.38333],[127.78409,37.38883],[127.78223,37.39242],[127.79023,37.4091],[127.79457,37.42435],[127.80401,37.42885],[127.80335,37.43433],[127.79839,37.44259],[127.79938,37.45177],[127.79627,37.46304],[127.80071,37.46786],[127.80048,37.47125],[127.78958,37.4748],[127.78217,37.48168],[127.78019,37.48865],[127.77607,37.48854],[127.77469,37.49175],[127.76003,37.49289],[127.7599,37.50327],[127.76544,37.50276],[127.77179,37.50519],[127.78112,37.51306],[127.7837,37.51214],[127.7855,37.51331],[127.78879,37.51855],[127.79577,37.52417],[127.79634,37.52858],[127.80647,37.53117],[127.80623,37.53492],[127.80958,37.53786],[127.82253,37.53846],[127.82891,37.53713],[127.83363,37.53921],[127.84202,37.5389],[127.84304,37.54192],[127.84595,37.54409],[127.84514,37.54773],[127.84762,37.54952],[127.84808,37.5523],[127.83636,37.56041],[127.83232,37.56157],[127.82623,37.56071],[127.81413,37.56415],[127.80961,37.57345],[127.80487,37.57506],[127.80425,37.57913],[127.79408,37.58525],[127.78786,37.57891],[127.78444,37.57812],[127.76657,37.58267],[127.76128,37.58759],[127.75798,37.58681],[127.75411,37.59206],[127.7447,37.58788],[127.73889,37.58756],[127.72313,37.59063],[127.7079,37.58635],[127.70635,37.5884],[127.6982,37.59089],[127.69743,37.59185],[127.70084,37.59612],[127.69619,37.60079],[127.69168,37.60133],[127.68338,37.60823],[127.66752,37.61725],[127.66385,37.6238],[127.65153,37.62294],[127.64731,37.62933],[127.64699,37.63274],[127.63943,37.63264],[127.62732,37.64273],[127.62198,37.64214],[127.61683,37.64669],[127.61278,37.64603],[127.60622,37.65079],[127.60219,37.65153],[127.59882,37.64688],[127.58486,37.6423],[127.58326,37.64013],[127.58349,37.63559],[127.57935,37.63298],[127.57142,37.632],[127.56468,37.63316],[127.5594,37.6285],[127.54867,37.633],[127.54717,37.63736],[127.53794,37.64148],[127.53546,37.64577],[127.53566,37.65069],[127.54385,37.65173],[127.54622,37.65786],[127.55282,37.66153],[127.54905,37.66861],[127.5508,37.67725],[127.55064,37.68704],[127.55417,37.6953],[127.5558,37.70436],[127.55825,37.70732],[127.55805,37.71391],[127.56181,37.71963],[127.55935,37.72493],[127.55991,37.72858],[127.55375,37.72879],[127.55123,37.72756],[127.54927,37.72393],[127.54017,37.71946],[127.53389,37.72193],[127.52962,37.72642],[127.5247,37.72647],[127.5118,37.71572],[127.50798,37.71923],[127.50615,37.72415],[127.50711,37.73136],[127.51121,37.73643],[127.53408,37.7486],[127.54209,37.75466],[127.54488,37.76007],[127.54499,37.76363],[127.54092,37.77088],[127.52226,37.78895],[127.52081,37.79254],[127.53735,37.81054],[127.53494,37.81771],[127.52564,37.82287],[127.52459,37.825],[127.52732,37.83646],[127.52944,37.83972],[127.53703,37.84502],[127.54046,37.84655],[127.54965,37.84654],[127.55009,37.85193],[127.55745,37.85628],[127.56329,37.85645],[127.56684,37.85922],[127.56627,37.86158],[127.5686,37.86697],[127.57789,37.87401],[127.58519,37.87615],[127.60321,37.8742],[127.60585,37.87649],[127.6091,37.88352],[127.6074,37.88966],[127.61714,37.90636],[127.61658,37.9119],[127.61214,37.92092],[127.61205,37.92406],[127.61658,37.92827],[127.61207,37.9406],[127.60374,37.94449],[127.60176,37.9481],[127.60244,37.955],[127.60042,37.95654],[127.59344,37.95754],[127.58472,37.96175],[127.57934,37.96114],[127.57133,37.964],[127.55984,37.96288],[127.54523,37.96773],[127.54425,37.97411],[127.54717,37.97828],[127.53988,38.00057],[127.53109,38.00239],[127.51237,38.00021],[127.5089,38.00131],[127.50392,37.99795],[127.49806,38.00128],[127.4974,38.00371],[127.47156,38.00645],[127.46154,38.01285],[127.45686,38.01846],[127.45524,38.02521],[127.4562,38.02732],[127.45187,38.0346],[127.45102,38.03809],[127.45291,38.04719],[127.44624,38.05121],[127.44672,38.05422],[127.44458,38.05726],[127.44674,38.07122],[127.44448,38.07478],[127.44708,38.08073],[127.4448,38.08798],[127.44517,38.09747],[127.44158,38.10351],[127.44045,38.10883],[127.4335,38.11102],[127.43093,38.11536],[127.42541,38.11115],[127.42262,38.10677],[127.41341,38.10201],[127.40552,38.10295],[127.40345,38.11296],[127.38383,38.11513],[127.37861,38.11843],[127.37339,38.1146],[127.37184,38.1105],[127.36594,38.10693],[127.35634,38.10596],[127.35377,38.10413],[127.34813,38.10483],[127.33977,38.10129],[127.33875,38.09213],[127.33696,38.08977],[127.32872,38.09438],[127.32067,38.09468],[127.31681,38.09835],[127.30953,38.11828],[127.30744,38.11863],[127.30489,38.11566],[127.28634,38.11463],[127.28288,38.11814],[127.28068,38.1254],[127.27581,38.12418],[127.27678,38.1288],[127.27484,38.13671],[127.28426,38.14685],[127.28641,38.15264],[127.28405,38.15949],[127.287,38.16139],[127.289,38.16946],[127.29619,38.17248],[127.29799,38.1752],[127.29399,38.17728],[127.28825,38.17685],[127.28313,38.1829],[127.26644,38.18044],[127.26468,38.17852],[127.26647,38.17585],[127.26448,38.17174],[127.25883,38.16954],[127.25628,38.16317],[127.23939,38.1566],[127.23766,38.15453],[127.23776,38.15121],[127.23444,38.14714],[127.22473,38.14786],[127.22261,38.13794],[127.21919,38.13906],[127.20721,38.14812],[127.20308,38.15339],[127.18893,38.16182],[127.18586,38.17388],[127.18901,38.18108],[127.18924,38.18823],[127.1819,38.1858],[127.17886,38.18772],[127.1697,38.19765],[127.17514,38.20548],[127.17117,38.21349],[127.1647,38.21566],[127.15971,38.21955],[127.1618,38.22275],[127.16007,38.226],[127.16291,38.23244],[127.16149,38.23477],[127.16329,38.23848],[127.15779,38.23892],[127.15324,38.24187],[127.14892,38.24234],[127.14634,38.23933],[127.13573,38.23648],[127.13453,38.23365],[127.13116,38.23275],[127.1267,38.23409],[127.12305,38.2328],[127.1168,38.237],[127.11357,38.23682],[127.1099,38.24184],[127.10963,38.24477],[127.11157,38.24739],[127.10807,38.2583],[127.10933,38.26576],[127.10809,38.26841],[127.11055,38.26936],[127.11073,38.27098],[127.10168,38.27339],[127.10077,38.27502],[127.10432,38.27987],[127.09504,38.28108],[127.09574,38.28372],[127.10269,38.28732],[127.11107,38.29566],[127.11987,38.29889],[127.12747,38.29898],[127.13215,38.31364],[127.14001,38.31567],[127.14748,38.31034],[127.15232,38.30444],[127.15547,38.30403],[127.18084,38.31202],[127.21123,38.31914],[127.21731,38.3212],[127.21917,38.3264],[127.2226,38.32672],[127.22853,38.33027],[127.23483,38.33012],[127.24236,38.33313],[127.24855,38.3282],[127.2528,38.32845],[127.254,38.32676],[127.26075,38.32793],[127.2742,38.32557],[127.28546,38.32645],[127.29743,38.31652],[127.298,38.31813],[127.2995,38.31291],[127.30638,38.31736],[127.32409,38.31989],[127.32843,38.3183],[127.34478,38.32738],[127.34436,38.32866],[127.3553,38.32758],[127.36196,38.32406],[127.36356,38.32673],[127.36935,38.32882],[127.38135,38.33715],[127.39017,38.33294],[127.3956,38.33221],[127.40183,38.33356],[127.40955,38.3319],[127.41407,38.32846],[127.42755,38.3268],[127.43206,38.32161],[127.4448,38.31835],[127.44402,38.31705],[127.44579,38.31673],[127.45392,38.31821],[127.45111,38.32218],[127.45156,38.32654],[127.45822,38.32665],[127.46439,38.32096],[127.46535,38.31692],[127.47509,38.31644],[127.48162,38.3068],[127.48829,38.30655],[127.49697,38.29956],[127.51461,38.30389],[127.51734,38.3074],[127.52394,38.30905],[127.53268,38.31593],[127.5435,38.32075],[127.54977,38.32666],[127.57088,38.3315],[127.57792,38.33638],[127.58298,38.33527],[127.59161,38.33688],[127.59545,38.33425],[127.6006,38.33631],[127.60905,38.33675],[127.61507,38.33388],[127.61735,38.32903],[127.61609,38.3264],[127.61939,38.3249],[127.62976,38.32551],[127.63352,38.32279],[127.63422,38.32536],[127.65294,38.32546],[127.65821,38.32353],[127.66362,38.32704],[127.67063,38.32338],[127.68043,38.32485],[127.68402,38.32401],[127.6924,38.32613],[127.69619,38.33359],[127.70041,38.33616],[127.71401,38.33431],[127.71508,38.32932],[127.74517,38.34273],[127.74396,38.33963],[127.75104,38.33387],[127.76087,38.33816],[127.76934,38.33524],[127.7793,38.34765],[127.78242,38.349],[127.7854,38.34694],[127.79046,38.33446],[127.79734,38.32306],[127.81445,38.31144],[127.82174,38.30379],[127.83947,38.3077],[127.8496,38.31425],[127.8526,38.31442],[127.85795,38.31173],[127.87486,38.31689],[127.87945,38.31217],[127.88847,38.30877],[127.89193,38.30951],[127.89491,38.31291],[127.90398,38.30973],[127.90765,38.31096],[127.91491,38.31075],[127.91869,38.30875],[127.92679,38.30938],[127.93155,38.30639],[127.94398,38.306],[127.95822,38.30022],[127.96314,38.29364],[127.96692,38.29308],[127.97639,38.28668],[127.98247,38.28064],[127.9858,38.27348],[127.98975,38.27538],[127.98893,38.27732],[127.99176,38.27875],[128.00001,38.27803],[128.00256,38.27551],[128.00741,38.27912],[128.01078,38.28608],[128.01597,38.28989],[128.01297,38.29417],[128.01783,38.30483],[128.01821,38.31419],[128.03056,38.31514],[128.03244,38.31411],[128.03113,38.31121],[128.043,38.31156],[128.04466,38.31069],[128.04404,38.30749],[128.04617,38.30727],[128.06876,38.30996],[128.08437,38.31573],[128.09455,38.32482],[128.11534,38.33662],[128.11895,38.33364],[128.12416,38.33236],[128.13585,38.33301],[128.14094,38.33553],[128.14547,38.34277],[128.15111,38.34189],[128.15201,38.3437],[128.15775,38.34255],[128.15863,38.34691],[128.175,38.36425],[128.18428,38.3606],[128.19076,38.36791],[128.19198,38.37289],[128.2071,38.37505],[128.21021,38.37014],[128.21245,38.37015],[128.21766,38.38252],[128.22528,38.38852],[128.23062,38.39864],[128.23473,38.40171],[128.24232,38.40217],[128.24575,38.4056],[128.24325,38.41088],[128.24578,38.41451],[128.25684,38.42131],[128.26421,38.42355],[128.27196,38.43143],[128.28344,38.43616],[128.28742,38.44959],[128.2947,38.45831],[128.29909,38.47159],[128.30189,38.47586],[128.30672,38.47858],[128.3014,38.4862],[128.30125,38.49068],[128.30575,38.49852],[128.30439,38.50261],[128.3132,38.51236],[128.31383,38.52247],[128.31069,38.53714],[128.31212,38.57009],[128.31492,38.57477],[128.31226,38.58089],[128.31443,38.58476],[128.3103,38.58968],[128.30946,38.59345],[128.31634,38.59379],[128.33215,38.60145],[128.33709,38.60169],[128.34243,38.61016],[128.35678,38.61371],[128.36018,38.60835],[128.3601,38.60489],[128.3643,38.60277],[128.37205,38.59063],[128.37752,38.58702],[128.37986,38.5828],[128.38961,38.57381],[128.39447,38.57286],[128.39395,38.56877],[128.40195,38.56473],[128.40478,38.55536],[128.41084,38.55588],[128.41106,38.55187],[128.4096,38.5504],[128.41051,38.54716],[128.40506,38.54452],[128.41234,38.53498],[128.41187,38.53116],[128.41571,38.52916],[128.41858,38.5236],[128.42352,38.52269],[128.42292,38.52036],[128.42069,38.52033],[128.41934,38.51807],[128.41843,38.51285],[128.42099,38.50645],[128.42663,38.50374],[128.42699,38.50227],[128.42453,38.50017],[128.42725,38.4976],[128.43013,38.49068],[128.43488,38.48693],[128.4385,38.4873],[128.4391,38.48432],[128.43741,38.48095],[128.44033,38.47567],[128.44962,38.47128],[128.45005,38.4665],[128.46697,38.45009],[128.45917,38.44329],[128.46348,38.44723],[128.46182,38.44889],[128.45504,38.44521],[128.45408,38.43797],[128.45669,38.43157],[128.47619,38.40515],[128.4768,38.40206],[128.48351,38.39789],[128.50428,38.37672],[128.51069,38.37317],[128.5109,38.36988],[128.51282,38.36863],[128.50702,38.36357],[128.50979,38.35693],[128.5128,38.35625],[128.51136,38.35352],[128.51275,38.34725],[128.52096,38.33802],[128.52871,38.33249],[128.52813,38.32902],[128.53083,38.32766],[128.531,38.32487],[128.5285,38.32678],[128.52858,38.32129],[128.54049,38.31178],[128.5434,38.30692],[128.5512,38.30353],[128.55057,38.30239],[128.5488,38.30307],[128.54705,38.30009],[128.54866,38.2967],[128.54709,38.29125],[128.54879,38.28607],[128.55395,38.28072],[128.55388,38.27509],[128.55899,38.27372],[128.56013,38.27131],[128.55644,38.27398],[128.55545,38.27129],[128.56026,38.25785],[128.57059,38.24853],[128.57808,38.23782],[128.58619,38.23018],[128.59027,38.22115],[128.59805,38.21476],[128.60207,38.21464],[128.6027,38.20769],[128.60139,38.21134],[128.59451,38.21067],[128.59244,38.20261],[128.58349,38.1994],[128.58434,38.19855],[128.58213,38.19332],[128.58336,38.19208],[128.5935,38.19155],[128.59342,38.20059],[128.60023,38.20205],[128.5971,38.2007],[128.598,38.19735],[128.60939,38.18346],[128.61481,38.18111],[128.60978,38.17692],[128.61047,38.17365],[128.60611,38.17376],[128.60847,38.16888],[128.60872,38.16128],[128.61068,38.15612],[128.60864,38.15103],[128.61096,38.14611],[128.62434,38.12947],[128.62999,38.12695],[128.6354,38.11658],[128.66271,38.09184],[128.66849,38.08975],[128.66491,38.09043],[128.67478,38.0809],[128.67298,38.0786],[128.67733,38.07439],[128.6761,38.067],[128.68404,38.05799],[128.7047,38.03892],[128.72543,38.02377],[128.72544,38.02378]],[[129.11352,37.53788],[129.11493,37.53729],[129.11536,37.54019],[129.11241,37.54019],[129.11341,37.53809],[129.11352,37.53788]]]]},"properties":{"name":"강원도","code":"32"}},{"type":"Feature","geometry":{"type":"Polygon","coordinates":[[[127.31049,36.72429],[127.31801,36.72491],[127.32546,36.73367],[127.3283,36.73456],[127.3369,36.72935],[127.3392,36.72973],[127.34317,36.7357],[127.3334,36.74674],[127.33535,36.75241],[127.35225,36.75408],[127.35882,36.76058],[127.36855,36.76135],[127.3723,36.75793],[127.38559,36.75954],[127.38866,36.75349],[127.3942,36.7516],[127.39602,36.74793],[127.40444,36.74602],[127.4056,36.75026],[127.41131,36.75351],[127.41091,36.75606],[127.41256,36.75741],[127.4197,36.75766],[127.42042,36.76084],[127.41295,36.77322],[127.40326,36.77507],[127.39982,36.78086],[127.3955,36.78248],[127.39674,36.79028],[127.40172,36.79515],[127.40079,36.79909],[127.39749,36.79967],[127.39161,36.80659],[127.38216,36.81375],[127.36661,36.81697],[127.35811,36.82246],[127.35723,36.8275],[127.35445,36.82947],[127.35103,36.83081],[127.34637,36.82931],[127.33936,36.83123],[127.3366,36.82973],[127.33454,36.83067],[127.33355,36.83197],[127.33561,36.83743],[127.33409,36.83932],[127.3368,36.84564],[127.33692,36.8537],[127.3348,36.85618],[127.32633,36.85778],[127.32451,36.8569],[127.31874,36.85907],[127.31273,36.85747],[127.3073,36.8597],[127.30578,36.86335],[127.31129,36.87049],[127.30788,36.88539],[127.28783,36.89378],[127.2903,36.89433],[127.29032,36.8977],[127.29737,36.90396],[127.30336,36.91639],[127.29844,36.92273],[127.29497,36.93067],[127.30899,36.92939],[127.3133,36.93124],[127.31621,36.93472],[127.32681,36.93594],[127.34061,36.94312],[127.34484,36.94932],[127.34963,36.95279],[127.354,36.95267],[127.35761,36.94769],[127.36176,36.9495],[127.37202,36.94991],[127.37566,36.94866],[127.37821,36.95208],[127.37872,36.95789],[127.38482,36.95962],[127.38727,36.96446],[127.39303,36.96563],[127.39747,36.96465],[127.40153,36.96768],[127.39634,36.97328],[127.39667,36.97461],[127.3861,36.98141],[127.38497,36.98364],[127.39131,36.99165],[127.3927,36.99701],[127.39551,36.99875],[127.40684,36.99832],[127.41496,36.99997],[127.42124,37.00396],[127.42882,37.00219],[127.43654,37.0056],[127.43705,37.00825],[127.44083,37.01211],[127.44709,37.01089],[127.44833,37.01654],[127.45093,37.0193],[127.45371,37.02125],[127.45837,37.02047],[127.45974,37.02506],[127.45686,37.03003],[127.4597,37.03813],[127.45686,37.04221],[127.4612,37.04685],[127.46838,37.05035],[127.46821,37.05349],[127.47532,37.05299],[127.48622,37.05486],[127.4958,37.04851],[127.49984,37.04764],[127.50889,37.04942],[127.51158,37.05556],[127.51826,37.0584],[127.52249,37.05559],[127.52937,37.05548],[127.53468,37.052],[127.54112,37.05067],[127.55683,37.04125],[127.56954,37.04817],[127.56496,37.06059],[127.57798,37.07534],[127.58305,37.07547],[127.58927,37.07282],[127.59627,37.07371],[127.60294,37.06855],[127.60472,37.06878],[127.60494,37.07615],[127.60109,37.07988],[127.59955,37.08583],[127.59511,37.08799],[127.60599,37.08644],[127.61194,37.08725],[127.63181,37.09648],[127.63453,37.09983],[127.63413,37.10728],[127.63617,37.11393],[127.6331,37.12016],[127.63777,37.14119],[127.62745,37.15172],[127.62831,37.15529],[127.6468,37.15114],[127.65536,37.14543],[127.65994,37.13992],[127.66522,37.13933],[127.67021,37.13611],[127.68859,37.13554],[127.69548,37.14042],[127.69408,37.1456],[127.69501,37.15072],[127.70427,37.15765],[127.70459,37.16651],[127.70678,37.17033],[127.70868,37.17094],[127.7169,37.18343],[127.72152,37.18306],[127.7228,37.18157],[127.72641,37.18254],[127.72946,37.19234],[127.7325,37.1958],[127.73526,37.20807],[127.74413,37.21486],[127.74426,37.20755],[127.74785,37.20033],[127.7501,37.18589],[127.756,37.17085],[127.76549,37.15914],[127.78952,37.14341],[127.79291,37.14533],[127.80165,37.14426],[127.80694,37.14706],[127.81685,37.147],[127.82537,37.15226],[127.84739,37.15294],[127.85007,37.15418],[127.85323,37.16028],[127.85529,37.15995],[127.85588,37.15648],[127.8613,37.15535],[127.86196,37.16105],[127.87205,37.16434],[127.88657,37.16107],[127.8951,37.15619],[127.89889,37.1498],[127.90189,37.1522],[127.90408,37.16022],[127.90863,37.16712],[127.91505,37.16888],[127.92464,37.16453],[127.92633,37.16553],[127.9273,37.16978],[127.93363,37.1758],[127.9326,37.18237],[127.93626,37.18877],[127.93296,37.19308],[127.93092,37.20113],[127.93247,37.20699],[127.9271,37.22015],[127.92246,37.22215],[127.92172,37.22538],[127.92662,37.2316],[127.93888,37.24074],[127.94519,37.24056],[127.94738,37.24418],[127.95268,37.24792],[127.96455,37.25101],[127.96974,37.2557],[127.9799,37.25833],[127.98188,37.2568],[127.98694,37.25784],[127.99423,37.25357],[127.999,37.25486],[128.00797,37.25212],[128.01259,37.24769],[128.01826,37.24571],[128.02302,37.22563],[128.03122,37.22382],[128.03284,37.22012],[128.03875,37.21604],[128.03688,37.21276],[128.03308,37.21081],[128.0283,37.20232],[128.03162,37.19934],[128.03391,37.19141],[128.04107,37.18899],[128.04377,37.19089],[128.04981,37.18958],[128.06047,37.19409],[128.07202,37.19449],[128.07431,37.19309],[128.08565,37.19703],[128.08827,37.19941],[128.09506,37.19992],[128.1087,37.20567],[128.11164,37.20781],[128.11417,37.21305],[128.11551,37.22027],[128.12236,37.2252],[128.12151,37.22933],[128.12532,37.23454],[128.12957,37.23375],[128.1329,37.2298],[128.14055,37.22955],[128.14204,37.2286],[128.14232,37.22434],[128.14561,37.22184],[128.15086,37.22074],[128.15416,37.21586],[128.15802,37.21631],[128.16448,37.21346],[128.17307,37.21906],[128.17253,37.22494],[128.17491,37.22924],[128.1741,37.23261],[128.20118,37.24897],[128.2078,37.24882],[128.21024,37.24579],[128.21465,37.24607],[128.21479,37.24184],[128.22031,37.2403],[128.22924,37.22757],[128.23302,37.22702],[128.23742,37.22932],[128.24431,37.22654],[128.25093,37.22958],[128.25798,37.22124],[128.25979,37.21641],[128.2684,37.20792],[128.27286,37.20986],[128.28404,37.2107],[128.28818,37.21507],[128.30914,37.21746],[128.31404,37.22269],[128.31659,37.22339],[128.32006,37.21986],[128.33007,37.21622],[128.33218,37.2139],[128.32639,37.19729],[128.32244,37.19835],[128.32176,37.19555],[128.31339,37.19678],[128.31371,37.19333],[128.31049,37.18734],[128.30766,37.186],[128.30264,37.18662],[128.3007,37.18446],[128.29562,37.18329],[128.29807,37.17166],[128.28968,37.17015],[128.28111,37.1734],[128.27375,37.16929],[128.26886,37.16164],[128.26444,37.16042],[128.2662,37.15603],[128.27059,37.15423],[128.27329,37.14763],[128.27993,37.14246],[128.28526,37.14242],[128.29267,37.1393],[128.29623,37.13411],[128.30636,37.13753],[128.31111,37.14578],[128.32172,37.14887],[128.32473,37.14807],[128.32747,37.15294],[128.33067,37.15034],[128.33709,37.15785],[128.34049,37.15809],[128.34259,37.15594],[128.35151,37.15741],[128.35972,37.15022],[128.36443,37.15643],[128.37646,37.15241],[128.3841,37.15798],[128.39253,37.15339],[128.39641,37.14854],[128.40087,37.14688],[128.40366,37.13962],[128.40079,37.13333],[128.396,37.12859],[128.40575,37.12699],[128.41104,37.12213],[128.41847,37.11981],[128.42105,37.1137],[128.42356,37.11224],[128.42216,37.11016],[128.42259,37.10473],[128.4247,37.10246],[128.43012,37.10367],[128.43058,37.10675],[128.43555,37.10951],[128.43524,37.11127],[128.44532,37.10747],[128.4512,37.11209],[128.45805,37.11028],[128.47781,37.11015],[128.48187,37.1127],[128.48239,37.11496],[128.4911,37.12385],[128.49658,37.12576],[128.50667,37.11544],[128.51003,37.114],[128.51417,37.10373],[128.53117,37.10001],[128.53414,37.09811],[128.53557,37.09187],[128.53813,37.08963],[128.55385,37.08659],[128.5617,37.09024],[128.57073,37.08597],[128.57441,37.08132],[128.58173,37.08167],[128.59185,37.07816],[128.59504,37.08154],[128.60162,37.08306],[128.60101,37.07887],[128.6064,37.07667],[128.62264,37.0874],[128.62828,37.08133],[128.62821,37.07516],[128.63353,37.07232],[128.64267,37.07076],[128.6521,37.06544],[128.65181,37.0639],[128.64507,37.06005],[128.63786,37.05155],[128.63453,37.04655],[128.63292,37.0405],[128.62283,37.04534],[128.62171,37.04908],[128.60844,37.05281],[128.60679,37.0434],[128.60164,37.0441],[128.59683,37.04177],[128.58353,37.04373],[128.57773,37.03557],[128.57297,37.03594],[128.56837,37.03422],[128.56541,37.03072],[128.56693,37.026],[128.57261,37.02197],[128.57127,37.01593],[128.56914,37.01277],[128.56346,37.01013],[128.56292,37.00789],[128.55682,37.00575],[128.55473,36.99829],[128.54303,36.99209],[128.53553,36.99022],[128.52968,36.99081],[128.51547,36.98682],[128.51387,36.9804],[128.51461,36.97758],[128.50642,36.97319],[128.50673,36.97008],[128.48642,36.96218],[128.48489,36.95747],[128.47705,36.95744],[128.46717,36.95145],[128.46278,36.94738],[128.46342,36.94376],[128.46049,36.93811],[128.4604,36.93401],[128.44175,36.92736],[128.44475,36.91369],[128.43815,36.89984],[128.42679,36.88924],[128.42816,36.88477],[128.42397,36.87653],[128.43644,36.87365],[128.448,36.86439],[128.44913,36.86287],[128.44666,36.85337],[128.44903,36.84784],[128.4415,36.8376],[128.43411,36.83414],[128.43205,36.82407],[128.42604,36.81837],[128.42525,36.81478],[128.42114,36.81181],[128.40341,36.81214],[128.39436,36.81487],[128.38334,36.81376],[128.37331,36.80767],[128.37275,36.80541],[128.3684,36.80208],[128.36408,36.80222],[128.35708,36.80632],[128.35676,36.81062],[128.35318,36.81245],[128.33446,36.81696],[128.32085,36.81564],[128.31645,36.81666],[128.31575,36.82276],[128.29562,36.83534],[128.28945,36.84356],[128.28656,36.84503],[128.28248,36.85596],[128.27618,36.85714],[128.26857,36.86033],[128.26503,36.86414],[128.25429,36.86641],[128.24183,36.87233],[128.24037,36.87131],[128.2395,36.8651],[128.23466,36.86283],[128.2344,36.85468],[128.23871,36.85018],[128.23702,36.84535],[128.23013,36.84537],[128.21366,36.84955],[128.21125,36.8469],[128.21072,36.84243],[128.21451,36.83485],[128.21732,36.81937],[128.21537,36.812],[128.20717,36.81242],[128.19368,36.81712],[128.1848,36.81663],[128.17132,36.8221],[128.16263,36.82099],[128.15313,36.82244],[128.15068,36.82426],[128.149,36.82863],[128.14422,36.83017],[128.14178,36.83334],[128.13357,36.8328],[128.13398,36.82844],[128.12988,36.82515],[128.11845,36.82149],[128.10988,36.82147],[128.10708,36.80731],[128.09414,36.80362],[128.09296,36.80286],[128.0935,36.79678],[128.09007,36.79664],[128.08383,36.7993],[128.08537,36.8042],[128.07443,36.81282],[128.06736,36.81677],[128.05964,36.81677],[128.05683,36.80913],[128.05795,36.80701],[128.05397,36.8052],[128.05613,36.79842],[128.05498,36.79266],[128.04877,36.78362],[128.04556,36.78244],[128.04691,36.77861],[128.04468,36.7746],[128.0448,36.77105],[128.03237,36.75517],[128.03232,36.74758],[128.05072,36.73671],[128.05556,36.73042],[128.05725,36.73108],[128.06064,36.72688],[128.06799,36.72223],[128.07272,36.71189],[128.07038,36.7077],[128.0587,36.70895],[128.04903,36.70801],[128.03191,36.71878],[128.02563,36.71933],[128.02093,36.72193],[128.01484,36.73019],[128.00936,36.72837],[128.00194,36.71726],[127.98685,36.71755],[127.97767,36.72219],[127.97315,36.7262],[127.97072,36.73091],[127.96316,36.73339],[127.96055,36.73719],[127.95846,36.73684],[127.95361,36.72268],[127.94918,36.71988],[127.94953,36.70805],[127.94648,36.70621],[127.93357,36.70649],[127.93086,36.70136],[127.93159,36.69442],[127.92892,36.69084],[127.91746,36.69321],[127.90739,36.69259],[127.89389,36.69438],[127.88729,36.69116],[127.88187,36.68575],[127.88198,36.68345],[127.87429,36.68196],[127.88001,36.67871],[127.88762,36.67863],[127.89145,36.68243],[127.89517,36.68109],[127.90037,36.6822],[127.91297,36.67767],[127.91771,36.66785],[127.92957,36.66877],[127.93221,36.66452],[127.93164,36.6554],[127.93407,36.65332],[127.93908,36.65275],[127.93921,36.64706],[127.93431,36.64109],[127.93381,36.63608],[127.93596,36.633],[127.93195,36.62523],[127.93238,36.61874],[127.92409,36.61545],[127.92524,36.60281],[127.91996,36.60112],[127.9188,36.60868],[127.9118,36.61454],[127.90718,36.62581],[127.90269,36.62755],[127.89727,36.62674],[127.88965,36.62935],[127.88789,36.6349],[127.88924,36.63984],[127.88235,36.6465],[127.87966,36.65677],[127.87394,36.65505],[127.87233,36.65025],[127.86353,36.6407],[127.86129,36.63556],[127.84675,36.63399],[127.85056,36.63125],[127.84784,36.62494],[127.84981,36.61958],[127.85573,36.61758],[127.8583,36.61353],[127.85519,36.61188],[127.8498,36.61312],[127.8407,36.60829],[127.83216,36.6126],[127.82665,36.61142],[127.821,36.61331],[127.82086,36.61054],[127.81811,36.60837],[127.81191,36.60741],[127.80319,36.60214],[127.79847,36.60208],[127.79615,36.59526],[127.79943,36.58953],[127.79848,36.58644],[127.80414,36.58347],[127.8049,36.58139],[127.8162,36.57808],[127.81818,36.57468],[127.82447,36.57091],[127.83016,36.57428],[127.83421,36.57312],[127.83707,36.5701],[127.84262,36.57054],[127.84326,36.56898],[127.85236,36.57115],[127.86042,36.56795],[127.86022,36.56592],[127.86456,36.56401],[127.86647,36.56042],[127.87032,36.55915],[127.87299,36.55133],[127.87048,36.54282],[127.87441,36.54086],[127.87609,36.53702],[127.87901,36.53471],[127.88872,36.53369],[127.89297,36.53052],[127.89635,36.5312],[127.90246,36.52807],[127.90091,36.52501],[127.90151,36.51976],[127.90339,36.51727],[127.90254,36.51324],[127.90634,36.50694],[127.89761,36.49848],[127.89486,36.49836],[127.88871,36.49314],[127.88047,36.49327],[127.87873,36.48949],[127.87609,36.48837],[127.87528,36.48317],[127.88062,36.48063],[127.88238,36.47587],[127.88055,36.47284],[127.88082,36.46852],[127.87837,36.46708],[127.88196,36.46184],[127.87898,36.45774],[127.87968,36.45407],[127.87832,36.45049],[127.87477,36.44882],[127.87215,36.44086],[127.87547,36.42967],[127.87299,36.42428],[127.88272,36.42435],[127.88271,36.42217],[127.87907,36.41661],[127.87569,36.41435],[127.87301,36.40589],[127.86951,36.40364],[127.86387,36.40304],[127.86631,36.39476],[127.8629,36.39297],[127.86464,36.39147],[127.87572,36.39059],[127.8792,36.38336],[127.88417,36.38001],[127.8831,36.37417],[127.8799,36.37145],[127.88367,36.37064],[127.88653,36.36361],[127.89126,36.35966],[127.89051,36.35657],[127.88564,36.3547],[127.88551,36.35016],[127.88261,36.34592],[127.87545,36.34559],[127.87015,36.34349],[127.86999,36.33987],[127.86576,36.33558],[127.86152,36.33508],[127.85256,36.32963],[127.85039,36.32025],[127.84577,36.31812],[127.84148,36.31],[127.84686,36.30076],[127.84565,36.29369],[127.84918,36.2888],[127.85212,36.27392],[127.86086,36.27706],[127.87643,36.27579],[127.88264,36.27375],[127.88991,36.28924],[127.90429,36.30145],[127.90557,36.29122],[127.90811,36.28551],[127.92353,36.27871],[127.93091,36.27801],[127.93793,36.26906],[127.9428,36.26673],[127.94736,36.26724],[127.94925,36.25665],[127.95461,36.25722],[127.96017,36.25237],[127.96482,36.25318],[127.96812,36.25033],[127.97056,36.2504],[127.97832,36.25459],[127.97672,36.25929],[127.98119,36.26365],[127.99053,36.26338],[127.99441,36.26744],[127.99782,36.26816],[128.00048,36.26644],[128.00907,36.27201],[128.01903,36.26729],[128.02622,36.2679],[128.02692,36.26535],[128.03318,36.26153],[128.04735,36.25655],[128.04573,36.25212],[128.04026,36.25203],[128.03566,36.24347],[128.0299,36.24001],[128.03313,36.23371],[128.03934,36.22868],[128.04046,36.22468],[128.039,36.22218],[128.04222,36.21755],[128.05009,36.21646],[128.04935,36.21073],[128.05079,36.206],[128.05815,36.20125],[128.0529,36.20082],[128.03863,36.19416],[128.03344,36.20007],[128.02405,36.20665],[128.00975,36.20936],[128.00637,36.20732],[127.99845,36.2073],[127.99475,36.20421],[127.99304,36.20003],[127.9841,36.2005],[127.97802,36.19811],[127.9812,36.19588],[127.97738,36.19233],[127.97533,36.18771],[127.98134,36.17913],[127.98413,36.17817],[127.9826,36.17056],[127.98984,36.16516],[127.99048,36.15888],[127.9972,36.15547],[127.99077,36.15142],[127.98748,36.14738],[127.98917,36.14397],[127.98729,36.14087],[127.98886,36.13283],[127.98778,36.12882],[127.97642,36.12273],[127.97016,36.12188],[127.9668,36.11806],[127.9652,36.11283],[127.96869,36.10313],[127.96489,36.09862],[127.96463,36.09555],[127.95971,36.09451],[127.95847,36.09014],[127.96169,36.08298],[127.96087,36.07034],[127.95348,36.06632],[127.94745,36.05769],[127.93629,36.05108],[127.93018,36.04944],[127.92564,36.0524],[127.91671,36.0543],[127.90612,36.04668],[127.90351,36.04342],[127.90269,36.0391],[127.89384,36.03765],[127.88854,36.03485],[127.88484,36.03589],[127.88346,36.02806],[127.87677,36.02251],[127.86615,36.02429],[127.8606,36.03146],[127.85566,36.03293],[127.85281,36.03911],[127.84855,36.03972],[127.83909,36.03588],[127.8304,36.03523],[127.81895,36.02895],[127.79944,36.02607],[127.78762,36.0145],[127.78153,36.01651],[127.76427,36.01243],[127.75928,36.01521],[127.76264,36.02157],[127.76161,36.02518],[127.75386,36.02406],[127.74731,36.0297],[127.74359,36.02847],[127.74149,36.0248],[127.73484,36.03232],[127.71918,36.03186],[127.71734,36.03445],[127.71339,36.03573],[127.70193,36.03527],[127.69646,36.0411],[127.69502,36.04591],[127.69604,36.05038],[127.69504,36.05876],[127.69074,36.05803],[127.68809,36.06274],[127.66978,36.05137],[127.67181,36.04848],[127.67274,36.04163],[127.66906,36.03866],[127.66441,36.03751],[127.66023,36.03854],[127.65443,36.0559],[127.64905,36.05799],[127.6484,36.06261],[127.64455,36.06681],[127.6382,36.06823],[127.6342,36.07362],[127.63466,36.07673],[127.63215,36.08236],[127.62334,36.09069],[127.61924,36.0907],[127.61727,36.09358],[127.61692,36.10488],[127.6191,36.10889],[127.61632,36.11155],[127.61308,36.11181],[127.61007,36.11853],[127.60553,36.1182],[127.59897,36.12352],[127.58948,36.1343],[127.59095,36.14483],[127.59502,36.15262],[127.5985,36.1549],[127.60166,36.16002],[127.60148,36.16905],[127.59863,36.1738],[127.59306,36.17738],[127.59771,36.18488],[127.59246,36.1952],[127.59966,36.20509],[127.59732,36.21298],[127.59778,36.2175],[127.59111,36.22166],[127.59032,36.2244],[127.58773,36.22525],[127.58358,36.2313],[127.57955,36.2328],[127.57484,36.23201],[127.57027,36.23352],[127.56699,36.23197],[127.56385,36.22775],[127.56158,36.22897],[127.55437,36.22619],[127.54533,36.22551],[127.54509,36.22843],[127.54986,36.23842],[127.53792,36.24278],[127.53509,36.24732],[127.53624,36.25123],[127.52695,36.24834],[127.51813,36.24064],[127.51474,36.24122],[127.50234,36.23773],[127.49258,36.23795],[127.49232,36.24438],[127.48941,36.24601],[127.48761,36.25144],[127.4901,36.2546],[127.48998,36.25734],[127.48631,36.25922],[127.48605,36.26125],[127.48833,36.26722],[127.49026,36.26837],[127.48875,36.27271],[127.49678,36.27923],[127.49881,36.28281],[127.49118,36.29702],[127.49241,36.29995],[127.49743,36.30158],[127.49898,36.30567],[127.49457,36.31199],[127.49783,36.31641],[127.49598,36.31988],[127.49997,36.32077],[127.50296,36.32562],[127.50056,36.33929],[127.50807,36.34324],[127.50744,36.34629],[127.51197,36.34612],[127.51937,36.35035],[127.5224,36.35432],[127.52409,36.36591],[127.52658,36.37007],[127.52493,36.38751],[127.53342,36.39175],[127.53922,36.3979],[127.55402,36.39487],[127.55968,36.39822],[127.55878,36.39986],[127.5532,36.40122],[127.5501,36.40712],[127.54557,36.40882],[127.54289,36.41208],[127.54228,36.41928],[127.53962,36.42061],[127.52938,36.41922],[127.52432,36.42343],[127.52095,36.42158],[127.51451,36.42247],[127.51047,36.40964],[127.50806,36.40827],[127.50155,36.40865],[127.48972,36.43413],[127.4935,36.44119],[127.50348,36.44936],[127.50446,36.4519],[127.50279,36.45551],[127.50059,36.4562],[127.4869,36.45278],[127.48211,36.45389],[127.47828,36.45728],[127.47768,36.46052],[127.48329,36.47001],[127.48403,36.47662],[127.47613,36.47633],[127.47029,36.47366],[127.46378,36.46451],[127.46256,36.45613],[127.45841,36.4523],[127.45133,36.44925],[127.4441,36.4504],[127.43586,36.45645],[127.42745,36.45687],[127.41497,36.45471],[127.40209,36.45604],[127.39968,36.46184],[127.40139,36.46267],[127.40105,36.46735],[127.40416,36.47657],[127.40414,36.48111],[127.40301,36.48548],[127.39612,36.49172],[127.41056,36.49628],[127.40781,36.5033],[127.40904,36.50975],[127.40495,36.51195],[127.40375,36.51738],[127.39764,36.52058],[127.40149,36.52365],[127.4086,36.52369],[127.40501,36.53731],[127.40019,36.54178],[127.39782,36.54021],[127.39233,36.54001],[127.38388,36.54153],[127.38319,36.54786],[127.37852,36.54981],[127.3781,36.55517],[127.37255,36.55972],[127.37797,36.56289],[127.37755,36.56783],[127.36249,36.56445],[127.35765,36.56181],[127.351,36.56221],[127.34713,36.56445],[127.33809,36.56234],[127.33515,36.5681],[127.33576,36.57106],[127.33124,36.57492],[127.32659,36.57652],[127.32144,36.58378],[127.30577,36.583],[127.29982,36.58595],[127.29986,36.5877],[127.30484,36.59139],[127.30653,36.60138],[127.30077,36.60773],[127.30181,36.61281],[127.30014,36.6139],[127.29933,36.61828],[127.29591,36.6197],[127.2963,36.62424],[127.29176,36.62562],[127.2907,36.63107],[127.29216,36.63564],[127.28921,36.63689],[127.28494,36.63411],[127.2794,36.63352],[127.27565,36.6398],[127.27701,36.64187],[127.27952,36.6407],[127.28278,36.64229],[127.28162,36.64514],[127.28615,36.65167],[127.28869,36.6589],[127.29975,36.66219],[127.30509,36.66757],[127.30763,36.68202],[127.30306,36.68546],[127.29214,36.68709],[127.28529,36.69067],[127.29159,36.69703],[127.30132,36.69998],[127.3084,36.70481],[127.3061,36.70827],[127.3081,36.71866],[127.31072,36.72382],[127.31049,36.72429]]]},"properties":{"name":"충청북도","code":"33"}},{"type":"Feature","geometry":{"type":"MultiPolygon","coordinates":[[[[126.37484,36.59656],[126.37489,36.59657],[126.37484,36.59656]]],[[[126.3751,36.59668],[126.3775,36.60406],[126.3802,36.60641],[126.38208,36.60681],[126.38055,36.60549],[126.38101,36.60249],[126.38574,36.60428],[126.38085,36.59155],[126.37741,36.59776],[126.3751,36.59668]]],[[[126.37484,36.59656],[126.37185,36.59347],[126.37149,36.5903],[126.37577,36.58726],[126.37387,36.58291],[126.37514,36.57879],[126.36839,36.576],[126.36367,36.57735],[126.35882,36.57215],[126.36283,36.56742],[126.36602,36.5665],[126.36852,36.56761],[126.37517,36.56452],[126.37352,36.56191],[126.37426,36.55802],[126.37899,36.54933],[126.37793,36.54419],[126.37494,36.54202],[126.37762,36.53538],[126.38054,36.53308],[126.38079,36.52998],[126.38639,36.52663],[126.3866,36.52429],[126.38548,36.52069],[126.3781,36.5192],[126.38137,36.5144],[126.39441,36.51456],[126.39099,36.50942],[126.39248,36.50852],[126.39738,36.51123],[126.39805,36.50665],[126.40176,36.50547],[126.40163,36.50175],[126.4034,36.4987],[126.39941,36.49653],[126.39895,36.48824],[126.40318,36.49013],[126.40564,36.48775],[126.40879,36.49276],[126.41029,36.49166],[126.40872,36.47456],[126.41501,36.46784],[126.41529,36.46481],[126.41746,36.46462],[126.41648,36.46174],[126.41128,36.46047],[126.41117,36.45816],[126.40649,36.45312],[126.41476,36.45124],[126.42175,36.44603],[126.42136,36.44045],[126.4319,36.43737],[126.42784,36.432],[126.43219,36.42393],[126.43485,36.42223],[126.43457,36.41962],[126.43391,36.4181],[126.42763,36.41623],[126.42223,36.41007],[126.42585,36.40213],[126.428,36.4009],[126.42689,36.39918],[126.42129,36.39995],[126.42115,36.40255],[126.41806,36.40597],[126.41228,36.40497],[126.41113,36.40711],[126.41289,36.41035],[126.41093,36.41314],[126.40693,36.41436],[126.40044,36.41237],[126.39858,36.41378],[126.39721,36.41911],[126.38999,36.42192],[126.37971,36.42057],[126.38059,36.41558],[126.37596,36.41176],[126.37173,36.41112],[126.3666,36.41564],[126.36235,36.41552],[126.35736,36.42445],[126.35444,36.42546],[126.35312,36.424],[126.35102,36.42535],[126.35421,36.42763],[126.35754,36.43937],[126.36171,36.44011],[126.36191,36.43815],[126.36501,36.43721],[126.36402,36.44059],[126.35371,36.4418],[126.34491,36.43895],[126.33495,36.44159],[126.33031,36.4413],[126.33302,36.44574],[126.32904,36.45786],[126.3314,36.46152],[126.33086,36.46497],[126.32418,36.4682],[126.32525,36.47148],[126.32887,36.47481],[126.33184,36.48446],[126.33256,36.49569],[126.33021,36.49999],[126.33873,36.50511],[126.33773,36.50669],[126.33607,36.50377],[126.33341,36.50392],[126.33211,36.50513],[126.3332,36.50689],[126.3321,36.51025],[126.32787,36.51233],[126.32788,36.52145],[126.33034,36.52464],[126.33083,36.52943],[126.32774,36.55485],[126.31423,36.57107],[126.31536,36.57478],[126.31162,36.58542],[126.31867,36.58642],[126.31898,36.58417],[126.32324,36.58343],[126.3248,36.58835],[126.32298,36.5899],[126.32251,36.59853],[126.34022,36.60827],[126.34177,36.6082],[126.34339,36.60643],[126.34238,36.60518],[126.34418,36.60427],[126.34777,36.60457],[126.34856,36.6102],[126.35489,36.60976],[126.35918,36.61245],[126.36586,36.60973],[126.36804,36.60006],[126.37146,36.5969],[126.37437,36.5965],[126.37484,36.59656]]],[[[126.15821,36.75356],[126.16049,36.74864],[126.15902,36.74685],[126.15736,36.74865],[126.15799,36.75341],[126.15821,36.75356]]],[[[126.15821,36.75356],[126.1589,36.75554],[126.15836,36.75367],[126.15821,36.75356]]],[[[126.69484,37.00044],[126.69555,37.00152],[126.69484,37.00044]]],[[[126.69484,37.00044],[126.70078,36.99751],[126.70046,36.99622],[126.70468,36.99937],[126.71927,36.9917],[126.73574,36.98724],[126.73735,36.98842],[126.74164,36.98501],[126.74677,36.9882],[126.74462,36.98655],[126.74759,36.98555],[126.75,36.9871],[126.78278,36.97512],[126.78362,36.97234],[126.77971,36.96675],[126.79441,36.94254],[126.79163,36.937],[126.80247,36.92459],[126.80638,36.93127],[126.8116,36.92624],[126.81728,36.89647],[126.8268,36.88852],[126.86252,36.88001],[126.88266,36.8868],[126.90589,36.88869],[126.91126,36.89287],[126.90961,36.90159],[126.91674,36.90621],[126.93963,36.91733],[126.97375,36.92586],[126.98555,36.93249],[126.99518,36.93536],[127.00079,36.9336],[127.00744,36.93573],[127.01557,36.93539],[127.0258,36.92875],[127.03104,36.92809],[127.03738,36.93233],[127.04954,36.93386],[127.06549,36.94193],[127.07277,36.94056],[127.07408,36.93862],[127.08621,36.94774],[127.09289,36.94282],[127.09576,36.94237],[127.097,36.94799],[127.103,36.95316],[127.09641,36.95569],[127.09651,36.95934],[127.10251,36.96476],[127.11085,36.96922],[127.11154,36.97128],[127.11865,36.97085],[127.12136,36.96827],[127.12966,36.96642],[127.14426,36.97114],[127.14889,36.96955],[127.15918,36.96976],[127.15442,36.96623],[127.1554,36.96443],[127.16553,36.96166],[127.17191,36.96326],[127.17773,36.9627],[127.1805,36.95667],[127.19075,36.95249],[127.20214,36.95171],[127.20687,36.94613],[127.20626,36.94291],[127.21156,36.93781],[127.20973,36.93273],[127.21045,36.93054],[127.22033,36.93045],[127.22838,36.92451],[127.23635,36.92372],[127.23766,36.92056],[127.24405,36.9176],[127.24815,36.91853],[127.24891,36.92121],[127.25313,36.92244],[127.25861,36.91587],[127.27083,36.91329],[127.27345,36.91145],[127.27457,36.90868],[127.27884,36.90625],[127.27921,36.90055],[127.28455,36.89532],[127.30788,36.88539],[127.31129,36.87049],[127.30578,36.86335],[127.3073,36.8597],[127.31273,36.85747],[127.31661,36.85919],[127.32451,36.8569],[127.32958,36.85751],[127.33649,36.85469],[127.3368,36.84564],[127.33409,36.83932],[127.33561,36.83743],[127.33355,36.83197],[127.33454,36.83067],[127.3366,36.82973],[127.33936,36.83123],[127.34637,36.82931],[127.35103,36.83081],[127.35445,36.82947],[127.35723,36.8275],[127.35811,36.82246],[127.36661,36.81697],[127.38216,36.81375],[127.39161,36.80659],[127.39749,36.79967],[127.40079,36.79909],[127.40172,36.79515],[127.39674,36.79028],[127.3955,36.78248],[127.39982,36.78086],[127.40326,36.77507],[127.41295,36.77322],[127.42038,36.76093],[127.4197,36.75766],[127.41221,36.75725],[127.41087,36.75601],[127.41131,36.75351],[127.4056,36.75026],[127.40444,36.74602],[127.39602,36.74793],[127.3942,36.7516],[127.38866,36.75349],[127.38637,36.75929],[127.3723,36.75793],[127.36855,36.76135],[127.35882,36.76058],[127.35225,36.75408],[127.33551,36.75264],[127.3334,36.74674],[127.34246,36.73701],[127.34253,36.73379],[127.33755,36.7293],[127.3283,36.73456],[127.32546,36.73367],[127.31801,36.72491],[127.31049,36.72429],[127.3061,36.70827],[127.3084,36.70481],[127.30132,36.69998],[127.29159,36.69703],[127.28526,36.69061],[127.27771,36.69135],[127.27348,36.69527],[127.26523,36.6922],[127.2576,36.69271],[127.25122,36.69701],[127.24802,36.69507],[127.24571,36.69589],[127.23705,36.70441],[127.2364,36.70745],[127.23224,36.70905],[127.22975,36.70783],[127.22512,36.71037],[127.22364,36.71166],[127.22363,36.71572],[127.21814,36.71559],[127.20785,36.71904],[127.20481,36.72088],[127.20312,36.72615],[127.19567,36.72836],[127.1873,36.72799],[127.18457,36.72969],[127.17413,36.72857],[127.17122,36.73223],[127.16469,36.73382],[127.15964,36.73284],[127.15753,36.72746],[127.14993,36.72598],[127.14819,36.72271],[127.14883,36.72056],[127.14511,36.71752],[127.12777,36.70883],[127.13614,36.70504],[127.14291,36.69178],[127.14175,36.68998],[127.14383,36.689],[127.15622,36.69076],[127.15711,36.69566],[127.16144,36.69022],[127.1608,36.68784],[127.16412,36.6785],[127.16345,36.67623],[127.15856,36.67303],[127.15486,36.66427],[127.15904,36.66135],[127.16057,36.65612],[127.1547,36.65286],[127.15317,36.64521],[127.15802,36.63578],[127.15612,36.6307],[127.15705,36.62723],[127.16037,36.62628],[127.1605,36.62445],[127.15432,36.62389],[127.15005,36.61901],[127.15562,36.61599],[127.15588,36.60601],[127.16608,36.60255],[127.17272,36.59545],[127.17808,36.59689],[127.18168,36.59551],[127.18432,36.5912],[127.18797,36.59408],[127.19135,36.59394],[127.18926,36.58684],[127.19296,36.58082],[127.2004,36.58257],[127.20567,36.58077],[127.20775,36.57796],[127.20373,36.57265],[127.2031,36.56744],[127.1992,36.56494],[127.19379,36.56481],[127.18676,36.55294],[127.19183,36.54603],[127.18701,36.5458],[127.18504,36.54366],[127.17867,36.54536],[127.17424,36.54219],[127.17302,36.53346],[127.17492,36.53298],[127.17573,36.52888],[127.18235,36.52144],[127.17016,36.51155],[127.16999,36.50904],[127.17597,36.50541],[127.17757,36.50241],[127.17324,36.49744],[127.17705,36.4926],[127.18545,36.49321],[127.19468,36.48959],[127.19482,36.48439],[127.19048,36.47947],[127.19202,36.47467],[127.19475,36.46876],[127.19791,36.46597],[127.20109,36.4668],[127.20328,36.46498],[127.20473,36.45929],[127.1984,36.45221],[127.20182,36.44632],[127.19951,36.43945],[127.21771,36.43374],[127.22511,36.42665],[127.22693,36.42122],[127.22878,36.4228],[127.23171,36.42195],[127.23193,36.41991],[127.24226,36.41862],[127.2508,36.40676],[127.25912,36.40911],[127.25865,36.41424],[127.26261,36.41668],[127.26685,36.41706],[127.27632,36.41388],[127.2821,36.415],[127.27848,36.39676],[127.27806,36.38672],[127.28104,36.37486],[127.27743,36.36866],[127.27768,36.36529],[127.27057,36.36086],[127.27241,36.35412],[127.27789,36.34901],[127.27912,36.34482],[127.26865,36.341],[127.26542,36.33723],[127.26812,36.33141],[127.26611,36.32853],[127.25977,36.32725],[127.26078,36.32169],[127.25842,36.31764],[127.25801,36.30993],[127.25842,36.30351],[127.26066,36.30185],[127.25985,36.29565],[127.25406,36.29687],[127.24665,36.29096],[127.25877,36.27605],[127.26535,36.27436],[127.28125,36.26519],[127.29014,36.26591],[127.29175,36.26469],[127.29133,36.26317],[127.2826,36.25847],[127.28239,36.25578],[127.27942,36.25243],[127.28139,36.24557],[127.2803,36.24435],[127.28309,36.23702],[127.28184,36.2358],[127.28628,36.23459],[127.2923,36.2298],[127.29382,36.22312],[127.29732,36.22152],[127.30324,36.22264],[127.30357,36.22974],[127.30639,36.22616],[127.31526,36.22129],[127.31808,36.21593],[127.32153,36.21343],[127.32087,36.20893],[127.32304,36.20373],[127.32814,36.20408],[127.33355,36.20067],[127.32981,36.19418],[127.3317,36.19269],[127.3317,36.18406],[127.33551,36.18337],[127.34038,36.18889],[127.34402,36.19666],[127.34759,36.19757],[127.34687,36.20413],[127.35297,36.21184],[127.35943,36.21393],[127.36039,36.21821],[127.3642,36.2189],[127.36355,36.2229],[127.36011,36.22668],[127.3634,36.2323],[127.36194,36.2342],[127.36514,36.24363],[127.36416,36.25156],[127.3596,36.25472],[127.36082,36.25627],[127.3602,36.26221],[127.36292,36.26912],[127.37123,36.26989],[127.37246,36.27218],[127.37763,36.27149],[127.39026,36.26227],[127.38864,36.25498],[127.38656,36.25251],[127.38789,36.24589],[127.39089,36.24295],[127.39037,36.23952],[127.38726,36.23729],[127.38734,36.23415],[127.39928,36.23254],[127.40454,36.22293],[127.41063,36.21755],[127.408,36.21289],[127.41562,36.20886],[127.42937,36.20521],[127.43353,36.19858],[127.43942,36.1973],[127.4411,36.19479],[127.44369,36.19475],[127.45559,36.2008],[127.45639,36.2036],[127.45416,36.207],[127.45924,36.20975],[127.46028,36.21292],[127.46914,36.21477],[127.4673,36.22235],[127.47782,36.22668],[127.47786,36.22967],[127.48847,36.23253],[127.48997,36.23348],[127.48997,36.2371],[127.49258,36.23795],[127.50234,36.23773],[127.51474,36.24122],[127.51813,36.24064],[127.52385,36.24649],[127.53257,36.25089],[127.53681,36.25086],[127.53509,36.24732],[127.53792,36.24278],[127.54944,36.23933],[127.54509,36.22843],[127.54533,36.22551],[127.55437,36.22619],[127.56158,36.22897],[127.56385,36.22775],[127.56699,36.23197],[127.57027,36.23352],[127.58358,36.2313],[127.58773,36.22525],[127.59032,36.2244],[127.59111,36.22166],[127.59778,36.2175],[127.59732,36.21298],[127.59966,36.20509],[127.59246,36.19535],[127.59771,36.18488],[127.59306,36.17738],[127.59863,36.1738],[127.60148,36.16905],[127.60166,36.16002],[127.5985,36.1549],[127.59502,36.15262],[127.59095,36.14483],[127.58948,36.1343],[127.59897,36.12352],[127.60553,36.1182],[127.61007,36.11853],[127.61308,36.11181],[127.61632,36.11155],[127.6191,36.10889],[127.61692,36.10488],[127.61727,36.09358],[127.61924,36.0907],[127.62334,36.09069],[127.63293,36.08137],[127.6342,36.07362],[127.63768,36.06949],[127.638,36.06667],[127.62392,36.06727],[127.62055,36.06421],[127.61849,36.04194],[127.6191,36.03917],[127.62513,36.04231],[127.63053,36.04215],[127.63268,36.03545],[127.63703,36.03511],[127.63975,36.03225],[127.63497,36.02951],[127.63134,36.03216],[127.62845,36.03196],[127.62691,36.02691],[127.62291,36.02464],[127.61655,36.02632],[127.61074,36.02535],[127.61097,36.0223],[127.61644,36.01906],[127.61866,36.00798],[127.616,36.00284],[127.61274,36.00045],[127.61057,36.00104],[127.60976,36.00494],[127.60678,36.00769],[127.60659,36.01191],[127.60007,36.01194],[127.5963,36.01901],[127.5915,36.02105],[127.59124,36.02515],[127.58977,36.02605],[127.58256,36.02723],[127.57453,36.0233],[127.56633,36.03122],[127.55903,36.03344],[127.5522,36.03277],[127.54686,36.03806],[127.53142,36.04084],[127.532,36.03457],[127.53688,36.03259],[127.5374,36.02704],[127.53871,36.02634],[127.53613,36.01994],[127.53987,36.01194],[127.53306,36.00963],[127.5321,36.00797],[127.53666,35.99645],[127.53364,35.99201],[127.52442,35.98508],[127.51339,35.98322],[127.50889,35.97978],[127.50636,35.97985],[127.50237,35.9838],[127.50204,35.98619],[127.49934,35.98738],[127.49441,35.98618],[127.48773,35.97826],[127.48518,35.97992],[127.47593,35.98059],[127.46837,35.98809],[127.46559,35.98747],[127.46393,35.98394],[127.45675,35.98328],[127.4548,35.98726],[127.44861,35.99315],[127.44812,35.99892],[127.44415,36.00356],[127.44499,36.00662],[127.43724,36.00933],[127.4375,36.01195],[127.43519,36.01463],[127.4373,36.02065],[127.43456,36.0295],[127.41959,36.0227],[127.41341,36.01516],[127.40732,36.01422],[127.40122,36.00874],[127.39681,36.01068],[127.39202,36.01693],[127.38964,36.01621],[127.38387,36.02127],[127.37649,36.02292],[127.37821,36.03062],[127.37354,36.03452],[127.37364,36.04109],[127.37055,36.04564],[127.36037,36.05452],[127.36162,36.05946],[127.36056,36.06151],[127.36434,36.06577],[127.36403,36.06825],[127.35946,36.06925],[127.36173,36.07617],[127.36012,36.07984],[127.35695,36.08155],[127.35726,36.08689],[127.36006,36.08938],[127.35019,36.0946],[127.34769,36.09827],[127.35046,36.10395],[127.35492,36.10834],[127.35051,36.1164],[127.34364,36.11888],[127.33848,36.1305],[127.3313,36.12953],[127.3228,36.13063],[127.32278,36.12696],[127.31939,36.12423],[127.31855,36.11973],[127.31532,36.1191],[127.31092,36.12044],[127.3054,36.1258],[127.30169,36.1252],[127.29707,36.12273],[127.29394,36.11307],[127.28528,36.11216],[127.27452,36.10743],[127.26484,36.10868],[127.2597,36.11286],[127.25213,36.11313],[127.25035,36.10737],[127.24619,36.10479],[127.24559,36.10097],[127.24658,36.09485],[127.25472,36.08744],[127.2487,36.08307],[127.24269,36.08499],[127.23519,36.094],[127.2287,36.09808],[127.22592,36.09914],[127.21953,36.09671],[127.21387,36.09794],[127.21202,36.10065],[127.20591,36.10059],[127.20381,36.09365],[127.2008,36.09162],[127.20223,36.08846],[127.19804,36.08579],[127.19065,36.08777],[127.18691,36.09232],[127.18244,36.09469],[127.17868,36.09423],[127.17703,36.09095],[127.16878,36.08398],[127.16448,36.08544],[127.15833,36.08351],[127.15371,36.08475],[127.1512,36.09004],[127.14578,36.09029],[127.13965,36.08787],[127.13377,36.08149],[127.13395,36.07029],[127.13212,36.06686],[127.12269,36.06358],[127.10203,36.07578],[127.09572,36.07393],[127.09381,36.07482],[127.09038,36.0718],[127.08783,36.07556],[127.07485,36.08483],[127.07171,36.08463],[127.06615,36.08917],[127.06115,36.089],[127.06313,36.09157],[127.06039,36.09414],[127.06105,36.10548],[127.05846,36.10889],[127.05697,36.11509],[127.06106,36.11719],[127.06301,36.12522],[127.05611,36.12678],[127.05564,36.13012],[127.05071,36.13091],[127.04533,36.13526],[127.04484,36.14609],[127.04252,36.14648],[127.03969,36.13827],[127.0354,36.13899],[127.02978,36.13662],[127.02406,36.1365],[127.02041,36.13824],[127.01544,36.14876],[127.01188,36.14584],[127.00667,36.1474],[127.00534,36.15062],[126.99803,36.14685],[126.98081,36.14796],[126.97146,36.15103],[126.96303,36.15628],[126.95663,36.15657],[126.94135,36.15211],[126.9344,36.14685],[126.932,36.14269],[126.91969,36.1363],[126.91109,36.13657],[126.90415,36.14129],[126.89776,36.14268],[126.88775,36.13795],[126.88221,36.13129],[126.87381,36.11044],[126.87332,36.08565],[126.87082,36.0674],[126.86804,36.06241],[126.86553,36.06092],[126.84054,36.05296],[126.8211,36.04992],[126.81415,36.0413],[126.80582,36.03436],[126.76971,36.02964],[126.76166,36.02602],[126.74805,36.02575],[126.73648,36.00043],[126.73021,36.00322],[126.72657,36.00035],[126.72314,36.00021],[126.70773,36.00541],[126.67638,36.00923],[126.668,36.00425],[126.66426,36.00624],[126.66123,36.01139],[126.66236,36.01464],[126.66384,36.01467],[126.6643,36.02012],[126.66171,36.0289],[126.66645,36.02886],[126.66873,36.03124],[126.65853,36.04445],[126.64964,36.04764],[126.64463,36.05678],[126.63117,36.05468],[126.63232,36.07192],[126.6307,36.07731],[126.62794,36.08034],[126.62421,36.08064],[126.62134,36.0773],[126.61891,36.07754],[126.62024,36.08121],[126.62334,36.08135],[126.62415,36.08446],[126.6326,36.08161],[126.64672,36.0884],[126.64468,36.09394],[126.64125,36.09273],[126.64016,36.09071],[126.63644,36.09318],[126.63067,36.0915],[126.63246,36.0964],[126.63174,36.09932],[126.62003,36.10229],[126.61675,36.10204],[126.61168,36.09551],[126.60762,36.10058],[126.60824,36.10281],[126.60585,36.10869],[126.60736,36.1105],[126.6025,36.11211],[126.59936,36.11922],[126.59316,36.12683],[126.58231,36.1326],[126.5762,36.13827],[126.57003,36.14026],[126.56776,36.1394],[126.55973,36.12949],[126.55599,36.12844],[126.55356,36.1367],[126.53903,36.14789],[126.52387,36.15187],[126.5155,36.15198],[126.50652,36.14997],[126.50103,36.14106],[126.50403,36.1293],[126.5089,36.12943],[126.50287,36.12861],[126.49709,36.13316],[126.49422,36.13334],[126.49295,36.1366],[126.49284,36.15866],[126.49974,36.15932],[126.50117,36.1565],[126.50804,36.16029],[126.517,36.15896],[126.52618,36.16941],[126.52651,36.17629],[126.52359,36.18205],[126.52366,36.18527],[126.53645,36.20174],[126.53714,36.19986],[126.53784,36.20149],[126.53612,36.21047],[126.53049,36.21935],[126.53102,36.23038],[126.53029,36.23748],[126.52902,36.23833],[126.5404,36.24885],[126.5404,36.25053],[126.53714,36.25162],[126.54005,36.26079],[126.54628,36.26092],[126.54813,36.26511],[126.54047,36.27788],[126.53832,36.27508],[126.53473,36.27656],[126.53739,36.28237],[126.52818,36.29713],[126.5223,36.3003],[126.51896,36.29766],[126.51695,36.29904],[126.51818,36.30125],[126.51507,36.3078],[126.50342,36.32471],[126.50431,36.32984],[126.50576,36.33116],[126.50484,36.32871],[126.51507,36.32752],[126.51616,36.33232],[126.51984,36.3353],[126.54327,36.33895],[126.55046,36.34693],[126.56013,36.35102],[126.55983,36.35316],[126.54576,36.35504],[126.52721,36.36709],[126.52,36.37378],[126.51597,36.37504],[126.50967,36.38106],[126.50589,36.37949],[126.50108,36.37985],[126.5015,36.38291],[126.50761,36.38358],[126.50803,36.3865],[126.50663,36.38423],[126.48595,36.38235],[126.48194,36.38281],[126.47984,36.38477],[126.48661,36.3996],[126.48943,36.41498],[126.49341,36.41962],[126.49778,36.41962],[126.50022,36.42179],[126.49612,36.42346],[126.49525,36.42574],[126.50592,36.42765],[126.51705,36.43837],[126.53161,36.44096],[126.52562,36.44581],[126.52229,36.44358],[126.52028,36.44424],[126.515,36.44215],[126.50452,36.43463],[126.49808,36.4327],[126.49662,36.43391],[126.49636,36.43862],[126.50024,36.44486],[126.49249,36.44834],[126.48671,36.4548],[126.48896,36.46017],[126.48554,36.46468],[126.48996,36.46842],[126.48873,36.47135],[126.48397,36.47273],[126.48106,36.47765],[126.47932,36.49156],[126.48321,36.50715],[126.48207,36.51609],[126.4881,36.52655],[126.4854,36.53045],[126.47468,36.53831],[126.47208,36.53801],[126.47678,36.53585],[126.46887,36.53891],[126.46681,36.53647],[126.47031,36.53332],[126.46625,36.53481],[126.46651,36.53738],[126.46904,36.53947],[126.46416,36.54639],[126.46438,36.54841],[126.47142,36.55962],[126.4674,36.56469],[126.46737,36.56931],[126.46376,36.57658],[126.46411,36.58349],[126.45788,36.58913],[126.45528,36.59539],[126.42337,36.60613],[126.41332,36.60555],[126.41086,36.60355],[126.41041,36.60629],[126.41361,36.60598],[126.41612,36.60873],[126.41422,36.61497],[126.39864,36.61897],[126.38591,36.6194],[126.3757,36.6239],[126.37333,36.6202],[126.37092,36.62259],[126.37465,36.62471],[126.37409,36.62567],[126.36847,36.62421],[126.36573,36.62685],[126.35615,36.62347],[126.3537,36.61869],[126.34015,36.61578],[126.33541,36.61867],[126.3327,36.6162],[126.33489,36.61472],[126.33529,36.61162],[126.33209,36.61019],[126.32509,36.60181],[126.32148,36.6004],[126.31975,36.59457],[126.31397,36.58839],[126.31044,36.59428],[126.30689,36.59545],[126.30296,36.59325],[126.30278,36.58877],[126.29221,36.58481],[126.28879,36.59085],[126.28551,36.59136],[126.28314,36.59389],[126.2879,36.59801],[126.2888,36.60231],[126.28732,36.61866],[126.28309,36.62219],[126.28599,36.62407],[126.2849,36.62256],[126.28878,36.61511],[126.29784,36.62036],[126.30115,36.62663],[126.30097,36.63844],[126.29314,36.65689],[126.29448,36.65782],[126.28428,36.67171],[126.2799,36.67367],[126.26551,36.67163],[126.26453,36.67371],[126.26639,36.68209],[126.26355,36.68454],[126.2613,36.69386],[126.26194,36.69665],[126.2651,36.69937],[126.27313,36.70353],[126.27091,36.71388],[126.27368,36.71995],[126.27061,36.72682],[126.27247,36.72869],[126.27503,36.72685],[126.27949,36.72856],[126.27942,36.7299],[126.27676,36.7306],[126.27629,36.7326],[126.2699,36.73024],[126.25762,36.7178],[126.25254,36.71797],[126.25148,36.71375],[126.24808,36.71837],[126.23503,36.7181],[126.23397,36.7076],[126.24025,36.70552],[126.23908,36.70292],[126.23124,36.70093],[126.23219,36.69594],[126.23063,36.69504],[126.20924,36.69308],[126.20805,36.68793],[126.19872,36.68458],[126.19661,36.68103],[126.1991,36.6801],[126.19625,36.67432],[126.19432,36.67631],[126.18913,36.67554],[126.18072,36.67843],[126.17842,36.67614],[126.17604,36.67616],[126.17119,36.67978],[126.15558,36.67779],[126.15225,36.67971],[126.15361,36.68259],[126.15042,36.69356],[126.15146,36.69771],[126.14912,36.70184],[126.14684,36.70282],[126.15093,36.70505],[126.15987,36.70581],[126.1632,36.70796],[126.16285,36.71052],[126.15982,36.71102],[126.16614,36.7166],[126.18317,36.71395],[126.18482,36.71084],[126.19455,36.70642],[126.20726,36.70519],[126.21771,36.71081],[126.22311,36.71781],[126.22291,36.72196],[126.21495,36.72727],[126.20462,36.72183],[126.1992,36.72157],[126.2022,36.72147],[126.20335,36.72631],[126.20995,36.73093],[126.21302,36.73883],[126.21151,36.74101],[126.20584,36.73658],[126.19634,36.73834],[126.18901,36.74488],[126.18251,36.7465],[126.18573,36.74846],[126.18389,36.74909],[126.18596,36.75023],[126.18497,36.75326],[126.17508,36.75438],[126.17235,36.7573],[126.16639,36.75832],[126.16683,36.75722],[126.16003,36.75501],[126.15596,36.7566],[126.14082,36.75404],[126.14448,36.75026],[126.14692,36.74991],[126.14743,36.7477],[126.14992,36.748],[126.14925,36.7452],[126.15207,36.7362],[126.15049,36.73052],[126.1488,36.72848],[126.14307,36.72897],[126.14146,36.7242],[126.13331,36.71734],[126.12857,36.71554],[126.12364,36.70761],[126.12012,36.70785],[126.11972,36.70998],[126.12189,36.71181],[126.12073,36.71411],[126.12468,36.71515],[126.127,36.71792],[126.12399,36.7199],[126.12462,36.72227],[126.12194,36.72363],[126.12171,36.72579],[126.1255,36.72659],[126.12593,36.73156],[126.13353,36.73911],[126.13426,36.74332],[126.13149,36.74662],[126.13409,36.74845],[126.1307,36.75249],[126.12208,36.75315],[126.12122,36.75509],[126.12392,36.75845],[126.11985,36.76091],[126.12186,36.76445],[126.11317,36.7691],[126.1116,36.77281],[126.11364,36.7739],[126.11661,36.77291],[126.11462,36.77034],[126.11636,36.76933],[126.11935,36.77102],[126.12041,36.77395],[126.12664,36.77478],[126.12825,36.7728],[126.13116,36.7743],[126.12873,36.7781],[126.13351,36.77507],[126.13529,36.77554],[126.1348,36.77942],[126.13058,36.78322],[126.13066,36.7871],[126.13334,36.78421],[126.13868,36.78362],[126.14583,36.7911],[126.14602,36.79428],[126.14246,36.79563],[126.14714,36.79576],[126.14974,36.80355],[126.14597,36.80409],[126.14751,36.80603],[126.14301,36.80872],[126.14998,36.8112],[126.15403,36.81093],[126.15475,36.81361],[126.14935,36.81697],[126.1558,36.81653],[126.15719,36.81879],[126.15631,36.82126],[126.16069,36.82644],[126.15951,36.82984],[126.14549,36.83771],[126.14869,36.83906],[126.15144,36.83657],[126.15491,36.83803],[126.15494,36.84183],[126.15188,36.84313],[126.14985,36.84627],[126.15556,36.84342],[126.1586,36.84865],[126.16041,36.84166],[126.16556,36.84032],[126.16749,36.84213],[126.17107,36.8407],[126.16753,36.83729],[126.16793,36.83329],[126.16632,36.83056],[126.17074,36.82449],[126.17452,36.82471],[126.17188,36.81993],[126.17194,36.81172],[126.17694,36.81023],[126.17899,36.81233],[126.18572,36.81445],[126.18166,36.81977],[126.18546,36.8205],[126.18809,36.824],[126.18716,36.82766],[126.18461,36.8298],[126.181,36.82916],[126.17545,36.83242],[126.19121,36.84266],[126.19686,36.85015],[126.19852,36.8557],[126.19564,36.85956],[126.19186,36.85843],[126.19102,36.86143],[126.19227,36.86399],[126.19032,36.86745],[126.18772,36.86878],[126.18379,36.86703],[126.1845,36.86964],[126.19098,36.8716],[126.19155,36.87718],[126.18635,36.88247],[126.17686,36.88454],[126.1813,36.88796],[126.18959,36.88804],[126.19219,36.88631],[126.1975,36.88856],[126.19909,36.8906],[126.19811,36.89317],[126.20085,36.89427],[126.20317,36.90045],[126.20272,36.90486],[126.20787,36.90268],[126.2063,36.90045],[126.21234,36.89951],[126.22131,36.90558],[126.2346,36.90773],[126.23549,36.90985],[126.24937,36.91398],[126.25193,36.91315],[126.24798,36.90945],[126.27652,36.8978],[126.27898,36.89874],[126.28073,36.90177],[126.28379,36.89906],[126.2886,36.89912],[126.29248,36.90109],[126.29204,36.90241],[126.28979,36.90114],[126.28512,36.90373],[126.28419,36.90709],[126.28521,36.9119],[126.2915,36.92199],[126.28997,36.92338],[126.29418,36.92928],[126.29234,36.93538],[126.2892,36.93621],[126.29141,36.94335],[126.28907,36.94703],[126.29044,36.95245],[126.28742,36.95506],[126.2847,36.96326],[126.28594,36.96952],[126.29472,36.96954],[126.30171,36.9779],[126.30475,36.97843],[126.30386,36.96774],[126.29825,36.96672],[126.29203,36.96286],[126.29661,36.96155],[126.3052,36.96209],[126.31023,36.95615],[126.30166,36.94235],[126.30476,36.93547],[126.3096,36.92964],[126.30105,36.92242],[126.30034,36.91927],[126.30832,36.91258],[126.30836,36.90951],[126.31342,36.90503],[126.31932,36.9033],[126.32079,36.89602],[126.31936,36.89198],[126.32589,36.89028],[126.33076,36.89215],[126.33073,36.89112],[126.32951,36.88729],[126.32603,36.88526],[126.31801,36.88704],[126.3132,36.88351],[126.31337,36.87733],[126.31182,36.87342],[126.30351,36.86667],[126.3025,36.86416],[126.30421,36.8596],[126.2956,36.8528],[126.29333,36.84299],[126.29461,36.84203],[126.31699,36.83736],[126.31461,36.8323],[126.30419,36.83008],[126.29564,36.82443],[126.2868,36.8232],[126.2828,36.82505],[126.28078,36.81777],[126.28658,36.81645],[126.28897,36.81365],[126.28659,36.80605],[126.2873,36.79951],[126.29316,36.79821],[126.29736,36.80326],[126.29499,36.80548],[126.29614,36.80804],[126.30481,36.81468],[126.31249,36.81318],[126.31837,36.81412],[126.32244,36.81982],[126.32814,36.81467],[126.3317,36.81562],[126.33298,36.81406],[126.33741,36.81623],[126.33745,36.81791],[126.33013,36.82298],[126.32586,36.83015],[126.32767,36.83431],[126.3266,36.83643],[126.32121,36.83776],[126.31781,36.84306],[126.3247,36.84777],[126.32538,36.85655],[126.32785,36.8608],[126.3325,36.86345],[126.33741,36.86052],[126.34358,36.86193],[126.34771,36.86084],[126.34221,36.84878],[126.34321,36.84627],[126.34533,36.84398],[126.34816,36.84418],[126.35434,36.83292],[126.36296,36.83128],[126.36511,36.82955],[126.36593,36.83407],[126.35939,36.84151],[126.35834,36.84912],[126.36303,36.85069],[126.36589,36.85496],[126.37041,36.85757],[126.37191,36.86798],[126.36449,36.87653],[126.3679,36.87884],[126.37487,36.8793],[126.37542,36.88184],[126.37839,36.88221],[126.39787,36.88064],[126.39975,36.8839],[126.39523,36.88754],[126.39604,36.89293],[126.40535,36.89111],[126.40772,36.89632],[126.41003,36.89706],[126.40704,36.90167],[126.41123,36.89444],[126.41346,36.8936],[126.42184,36.899],[126.4299,36.89841],[126.43238,36.90109],[126.42692,36.90683],[126.41067,36.90816],[126.40904,36.90994],[126.41207,36.91396],[126.40852,36.91841],[126.40468,36.91918],[126.40531,36.92159],[126.40886,36.91917],[126.41348,36.91959],[126.4178,36.92344],[126.42007,36.92684],[126.42059,36.93144],[126.4189,36.93741],[126.41839,36.93272],[126.41615,36.93133],[126.40859,36.93604],[126.40497,36.9324],[126.40024,36.93268],[126.39954,36.93522],[126.39603,36.93546],[126.38896,36.92676],[126.3902,36.93001],[126.38495,36.93565],[126.38227,36.93655],[126.38229,36.9417],[126.38026,36.94527],[126.36822,36.947],[126.35968,36.93881],[126.35734,36.94123],[126.35779,36.94463],[126.36197,36.94974],[126.35864,36.95298],[126.35373,36.95091],[126.35099,36.95253],[126.35188,36.95576],[126.35018,36.96145],[126.33595,36.95991],[126.33315,36.96115],[126.33383,36.96506],[126.33676,36.96839],[126.33359,36.97134],[126.33483,36.97356],[126.33736,36.96835],[126.34354,36.96673],[126.35234,36.9689],[126.36348,36.96832],[126.36763,36.96459],[126.36725,36.96197],[126.37039,36.96026],[126.3761,36.96506],[126.37505,36.96654],[126.37689,36.96852],[126.38157,36.96907],[126.38652,36.96745],[126.38867,36.9698],[126.38647,36.97364],[126.37597,36.97405],[126.37978,36.98015],[126.37463,36.98259],[126.37053,36.98259],[126.36518,36.979],[126.36224,36.98287],[126.3576,36.98267],[126.36077,36.98176],[126.35584,36.98065],[126.35044,36.98104],[126.33992,36.98533],[126.33054,36.98544],[126.32774,36.99077],[126.32761,36.99964],[126.32906,36.99997],[126.33248,36.99673],[126.34851,37.00312],[126.35221,37.00464],[126.35683,37.01152],[126.36011,37.01129],[126.36149,37.00654],[126.37963,37.00926],[126.38345,37.01217],[126.40663,37.01213],[126.41184,37.01427],[126.41233,37.01212],[126.41769,37.01219],[126.41749,37.01729],[126.4208,37.01982],[126.41783,37.01724],[126.41835,37.01495],[126.43105,37.0137],[126.43064,37.01245],[126.43758,37.01046],[126.43652,37.00775],[126.4521,37.00682],[126.4544,36.99896],[126.47018,37.00676],[126.46363,37.01762],[126.46129,37.01803],[126.46022,37.02017],[126.46245,37.02266],[126.46419,37.02193],[126.47107,37.0285],[126.46886,37.03057],[126.48906,37.05952],[126.49506,37.05972],[126.49833,37.06494],[126.51915,37.05943],[126.5187,37.05721],[126.52283,37.05539],[126.52753,37.0485],[126.52747,37.04363],[126.54014,37.03762],[126.54195,37.03505],[126.54955,37.03421],[126.56124,37.03703],[126.56312,37.03594],[126.56119,37.03665],[126.55819,37.03393],[126.56236,37.02894],[126.57129,37.02725],[126.57127,37.02533],[126.57475,37.02376],[126.58367,37.02269],[126.63154,37.00215],[126.64427,36.99955],[126.68225,36.99805],[126.69454,36.99999],[126.69484,37.00044]],[[126.48796,36.50852],[126.49139,36.50837],[126.49173,36.51277],[126.49941,36.52286],[126.50554,36.52398],[126.51121,36.51937],[126.52402,36.51959],[126.54055,36.50397],[126.56311,36.5059],[126.55991,36.51468],[126.55914,36.52426],[126.5583,36.51614],[126.56053,36.51091],[126.55813,36.5075],[126.55324,36.50645],[126.54241,36.5094],[126.52858,36.52095],[126.51753,36.52399],[126.51276,36.52313],[126.51211,36.52691],[126.51323,36.52766],[126.51184,36.52701],[126.50215,36.53187],[126.48354,36.51686],[126.48431,36.50987],[126.48634,36.50861],[126.48796,36.50852]],[[126.61522,36.48828],[126.61102,36.48286],[126.60152,36.47911],[126.59942,36.47671],[126.58936,36.47524],[126.58602,36.47632],[126.58466,36.47924],[126.57736,36.48095],[126.5738,36.48346],[126.57117,36.48387],[126.56969,36.48258],[126.57015,36.47949],[126.56855,36.479],[126.56671,36.48433],[126.56144,36.48405],[126.56034,36.48315],[126.56109,36.47811],[126.55297,36.47319],[126.54542,36.47235],[126.53414,36.45959],[126.53519,36.45683],[126.52888,36.45744],[126.5248,36.4516],[126.52756,36.44945],[126.52616,36.44732],[126.53315,36.44037],[126.53884,36.4435],[126.53715,36.44583],[126.53861,36.44919],[126.54208,36.45049],[126.54482,36.44856],[126.54904,36.45002],[126.55176,36.45472],[126.54964,36.45882],[126.54991,36.4655],[126.55616,36.4676],[126.5575,36.46079],[126.55621,36.45748],[126.55185,36.45471],[126.55257,36.45283],[126.55913,36.45057],[126.56554,36.45207],[126.56683,36.45463],[126.56535,36.45774],[126.56901,36.46123],[126.56949,36.46458],[126.56732,36.46583],[126.56709,36.47039],[126.56838,36.47187],[126.57538,36.47529],[126.57909,36.47169],[126.58847,36.46871],[126.60124,36.47264],[126.61117,36.4795],[126.61702,36.48909],[126.61573,36.49085],[126.61835,36.495],[126.61525,36.49199],[126.61509,36.48879],[126.61522,36.48828]],[[126.51956,36.33491],[126.5163,36.33221],[126.52499,36.33305],[126.52779,36.33495],[126.51958,36.33493],[126.51956,36.33491]]]]},"properties":{"name":"충청남도","code":"34"}},{"type":"Feature","geometry":{"type":"MultiPolygon","coordinates":[[[[126.69982,35.99575],[126.70128,35.99551],[126.70026,35.99336],[126.69558,35.9906],[126.68275,35.98578],[126.65799,35.98625],[126.65586,35.98732],[126.65733,35.99026],[126.67965,35.99146],[126.69403,35.99482],[126.69982,35.99575]]],[[[126.99525,36.14685],[127.00135,36.14796],[127.00534,36.15062],[127.00667,36.1474],[127.01127,36.14586],[127.01544,36.14876],[127.02041,36.13824],[127.02423,36.13649],[127.02978,36.13662],[127.0354,36.13899],[127.03969,36.13827],[127.04252,36.14648],[127.04484,36.14609],[127.04533,36.13526],[127.05071,36.13091],[127.05564,36.13012],[127.05611,36.12678],[127.06301,36.12522],[127.06106,36.11719],[127.05697,36.11509],[127.05846,36.10889],[127.06105,36.10548],[127.06039,36.09414],[127.06313,36.09157],[127.06115,36.089],[127.06615,36.08917],[127.07171,36.08463],[127.07485,36.08483],[127.08783,36.07556],[127.09038,36.0718],[127.09381,36.07482],[127.09572,36.07393],[127.10203,36.07578],[127.12269,36.06358],[127.13212,36.06686],[127.13395,36.07029],[127.13377,36.08149],[127.13965,36.08787],[127.14578,36.09029],[127.1512,36.09004],[127.15371,36.08475],[127.15833,36.08351],[127.16448,36.08544],[127.16878,36.08398],[127.17703,36.09095],[127.17868,36.09423],[127.18244,36.09469],[127.18691,36.09232],[127.19065,36.08777],[127.19804,36.08579],[127.20223,36.08846],[127.2008,36.09162],[127.20381,36.09365],[127.20591,36.10059],[127.21202,36.10065],[127.21387,36.09794],[127.21953,36.09671],[127.22592,36.09914],[127.2287,36.09808],[127.23519,36.094],[127.24269,36.08499],[127.2487,36.08307],[127.25472,36.08744],[127.24658,36.09485],[127.24559,36.10097],[127.24619,36.10479],[127.25035,36.10737],[127.25213,36.11313],[127.2597,36.11286],[127.26484,36.10868],[127.27452,36.10743],[127.28528,36.11216],[127.29394,36.11307],[127.29707,36.12273],[127.30169,36.1252],[127.3054,36.1258],[127.31092,36.12044],[127.31532,36.1191],[127.31855,36.11973],[127.31939,36.12423],[127.32278,36.12696],[127.3228,36.13063],[127.3313,36.12953],[127.33848,36.1305],[127.34364,36.11888],[127.35051,36.1164],[127.35492,36.10834],[127.35046,36.10395],[127.34769,36.09827],[127.35019,36.0946],[127.36006,36.08938],[127.35726,36.08689],[127.35695,36.08155],[127.36012,36.07984],[127.36173,36.07617],[127.35946,36.06925],[127.36403,36.06825],[127.36434,36.06577],[127.36056,36.06151],[127.36162,36.05946],[127.36037,36.05452],[127.37055,36.04564],[127.37364,36.04109],[127.37354,36.03452],[127.37821,36.03062],[127.37649,36.02292],[127.38387,36.02127],[127.38964,36.01621],[127.39202,36.01693],[127.39681,36.01068],[127.40122,36.00874],[127.40732,36.01422],[127.41341,36.01516],[127.41959,36.0227],[127.43456,36.0295],[127.4373,36.02065],[127.43519,36.01463],[127.4375,36.01195],[127.43724,36.00933],[127.44499,36.00662],[127.44415,36.00356],[127.44812,35.99892],[127.44861,35.99315],[127.4548,35.98726],[127.45579,35.98382],[127.46393,35.98394],[127.46559,35.98747],[127.46837,35.98809],[127.47593,35.98059],[127.48518,35.97992],[127.48773,35.97826],[127.49441,35.98618],[127.49934,35.98738],[127.50204,35.98619],[127.50237,35.9838],[127.50671,35.97961],[127.51339,35.98322],[127.52442,35.98508],[127.53587,35.9949],[127.53611,36.00051],[127.5321,36.00797],[127.53306,36.00963],[127.53987,36.01172],[127.53613,36.01994],[127.53884,36.02588],[127.5374,36.02704],[127.53688,36.03259],[127.532,36.03457],[127.53142,36.04084],[127.54686,36.03806],[127.5522,36.03277],[127.55903,36.03344],[127.56633,36.03122],[127.57453,36.0233],[127.58256,36.02723],[127.58977,36.02605],[127.59124,36.02515],[127.5915,36.02105],[127.5963,36.01901],[127.60007,36.01194],[127.60659,36.01191],[127.60767,36.00996],[127.60664,36.00804],[127.60976,36.00494],[127.61057,36.00104],[127.61415,36.0008],[127.61866,36.00798],[127.61644,36.01906],[127.61097,36.0223],[127.61074,36.02535],[127.61655,36.02632],[127.62291,36.02464],[127.62691,36.02691],[127.62845,36.03196],[127.63134,36.03216],[127.63497,36.02951],[127.63975,36.03225],[127.63703,36.03511],[127.63268,36.03545],[127.63053,36.04215],[127.62513,36.04231],[127.6191,36.03917],[127.61864,36.05266],[127.62055,36.06421],[127.62392,36.06727],[127.638,36.06667],[127.63823,36.0686],[127.64455,36.06681],[127.6484,36.06261],[127.64905,36.05799],[127.65443,36.0559],[127.65942,36.03963],[127.66441,36.03751],[127.66906,36.03866],[127.67274,36.04163],[127.67181,36.04848],[127.66978,36.05137],[127.68555,36.06219],[127.68902,36.06267],[127.69074,36.05803],[127.69504,36.05876],[127.69604,36.05038],[127.69502,36.04591],[127.69646,36.0411],[127.70193,36.03527],[127.71339,36.03573],[127.71734,36.03445],[127.71918,36.03186],[127.73484,36.03232],[127.74149,36.0248],[127.74359,36.02847],[127.74731,36.0297],[127.75386,36.02406],[127.76161,36.02518],[127.76264,36.02157],[127.75928,36.01521],[127.76505,36.0123],[127.78153,36.01651],[127.78762,36.0145],[127.79727,36.02501],[127.80073,36.02656],[127.8055,36.02596],[127.81604,36.02818],[127.8304,36.03523],[127.83909,36.03588],[127.84855,36.03972],[127.85281,36.03911],[127.85566,36.03293],[127.8606,36.03146],[127.86615,36.02429],[127.87677,36.02251],[127.8757,36.00894],[127.87864,36.0025],[127.8756,35.99691],[127.89322,35.98678],[127.89415,35.98464],[127.88961,35.97966],[127.89635,35.97766],[127.89626,35.97191],[127.89887,35.96835],[127.90227,35.9569],[127.90395,35.95409],[127.90986,35.95141],[127.91137,35.94918],[127.9061,35.94063],[127.89896,35.9376],[127.89568,35.93419],[127.88531,35.9313],[127.88224,35.92888],[127.88364,35.9248],[127.8824,35.91947],[127.88816,35.91482],[127.88786,35.91206],[127.88506,35.90961],[127.87951,35.90985],[127.86927,35.90401],[127.86409,35.90662],[127.85954,35.90649],[127.85827,35.89702],[127.85075,35.89005],[127.85368,35.88134],[127.85106,35.87764],[127.84678,35.8779],[127.84488,35.87561],[127.84486,35.87025],[127.84175,35.86625],[127.83495,35.8669],[127.83273,35.86892],[127.82656,35.86835],[127.81941,35.86253],[127.81944,35.85964],[127.81454,35.85679],[127.81392,35.85362],[127.80436,35.85869],[127.79205,35.85241],[127.78757,35.85263],[127.78378,35.85085],[127.77917,35.84724],[127.77723,35.84325],[127.76885,35.83831],[127.76432,35.83883],[127.75776,35.83676],[127.75253,35.8414],[127.74445,35.84442],[127.73805,35.83519],[127.73947,35.82971],[127.73859,35.82708],[127.73332,35.82227],[127.72965,35.813],[127.72457,35.8125],[127.72401,35.80528],[127.72061,35.80199],[127.71939,35.79732],[127.71048,35.7918],[127.70653,35.79202],[127.70028,35.78913],[127.68481,35.77768],[127.67944,35.7685],[127.67577,35.77088],[127.66951,35.77137],[127.66588,35.7689],[127.66423,35.7656],[127.66229,35.76083],[127.66365,35.75594],[127.66183,35.74918],[127.66313,35.74158],[127.66039,35.73746],[127.6631,35.72486],[127.65987,35.71583],[127.66096,35.70991],[127.65742,35.70584],[127.65545,35.70638],[127.64944,35.7038],[127.64975,35.70141],[127.64562,35.6988],[127.6418,35.69289],[127.64237,35.6899],[127.6403,35.68674],[127.63905,35.67899],[127.64046,35.67281],[127.63908,35.66992],[127.62895,35.66402],[127.62791,35.66221],[127.62948,35.65664],[127.62216,35.65102],[127.62216,35.64833],[127.6201,35.64614],[127.62026,35.64164],[127.62448,35.63804],[127.62426,35.63179],[127.62567,35.62913],[127.63534,35.61848],[127.6256,35.61491],[127.6214,35.61512],[127.61822,35.61041],[127.61302,35.60825],[127.61208,35.5989],[127.60887,35.59773],[127.60746,35.59491],[127.61119,35.58389],[127.60633,35.58159],[127.60485,35.57759],[127.59607,35.57369],[127.59234,35.56686],[127.58877,35.56477],[127.58729,35.55704],[127.58486,35.55391],[127.59146,35.55336],[127.59678,35.54744],[127.60926,35.54086],[127.6092,35.53902],[127.61272,35.53564],[127.61915,35.5366],[127.6207,35.53384],[127.62473,35.53369],[127.62869,35.53598],[127.62881,35.53372],[127.62533,35.5314],[127.62575,35.52532],[127.63108,35.52046],[127.63442,35.52021],[127.63364,35.51327],[127.64184,35.50493],[127.64417,35.5001],[127.65039,35.49788],[127.65,35.49133],[127.65311,35.48687],[127.63661,35.47821],[127.6378,35.47427],[127.6357,35.46291],[127.63669,35.45935],[127.64519,35.44913],[127.64983,35.45162],[127.65339,35.45158],[127.66116,35.44754],[127.67045,35.44872],[127.67407,35.44572],[127.67068,35.43962],[127.66518,35.43565],[127.66577,35.42743],[127.66355,35.42621],[127.66047,35.41443],[127.65684,35.41392],[127.64645,35.40266],[127.63634,35.3992],[127.62529,35.3847],[127.62565,35.37691],[127.62129,35.37222],[127.61076,35.36695],[127.61224,35.35585],[127.61584,35.34997],[127.6206,35.34725],[127.62333,35.34217],[127.62074,35.33256],[127.61514,35.33073],[127.60769,35.32504],[127.60478,35.31837],[127.58567,35.30914],[127.57748,35.3089],[127.5726,35.31208],[127.56697,35.319],[127.55485,35.32198],[127.55229,35.32481],[127.54228,35.3285],[127.54063,35.33435],[127.53096,35.33604],[127.52447,35.34487],[127.51665,35.34729],[127.51399,35.35113],[127.50806,35.35318],[127.50202,35.35836],[127.49791,35.35989],[127.48571,35.35835],[127.47836,35.36397],[127.47077,35.36534],[127.46594,35.36353],[127.45824,35.36354],[127.45379,35.36074],[127.44373,35.36095],[127.4414,35.36211],[127.44136,35.36384],[127.43089,35.35811],[127.42141,35.35087],[127.42017,35.34523],[127.4088,35.32757],[127.40609,35.32442],[127.40116,35.32272],[127.39911,35.31686],[127.39277,35.31273],[127.3927,35.30735],[127.38457,35.30246],[127.38009,35.30368],[127.37552,35.3122],[127.37067,35.3146],[127.36769,35.31416],[127.35426,35.32236],[127.34632,35.31838],[127.33069,35.3149],[127.32946,35.31105],[127.32639,35.30923],[127.32558,35.31047],[127.32347,35.30741],[127.30989,35.30452],[127.3061,35.30461],[127.2988,35.3096],[127.28671,35.31402],[127.25717,35.31246],[127.23553,35.32923],[127.23277,35.33337],[127.22205,35.33489],[127.21657,35.33043],[127.2123,35.31684],[127.2036,35.31567],[127.18777,35.32256],[127.18476,35.32611],[127.18411,35.33167],[127.18616,35.33695],[127.18043,35.33291],[127.17296,35.33047],[127.17012,35.33274],[127.16087,35.32774],[127.1517,35.31786],[127.14679,35.31542],[127.14547,35.30898],[127.13009,35.30846],[127.12689,35.30658],[127.12599,35.30323],[127.11551,35.2996],[127.10524,35.29923],[127.10221,35.30138],[127.09676,35.30181],[127.07986,35.31053],[127.07185,35.31243],[127.06806,35.31142],[127.06178,35.31713],[127.05091,35.31672],[127.04621,35.3186],[127.04309,35.32189],[127.05095,35.32937],[127.05233,35.34026],[127.05525,35.34106],[127.06238,35.33625],[127.07025,35.33964],[127.06745,35.34546],[127.0699,35.3514],[127.06517,35.35655],[127.07063,35.36521],[127.06359,35.3699],[127.06432,35.37601],[127.05762,35.38265],[127.05505,35.38286],[127.04886,35.37737],[127.0391,35.38014],[127.03954,35.38401],[127.03076,35.38982],[127.02746,35.39468],[127.02702,35.39986],[127.04171,35.39872],[127.04693,35.40219],[127.04727,35.40468],[127.04514,35.40722],[127.04821,35.41854],[127.05232,35.42652],[127.04903,35.43108],[127.04483,35.43317],[127.04018,35.43179],[127.03735,35.43386],[127.03826,35.43772],[127.035,35.44764],[127.03492,35.45699],[127.03652,35.45981],[127.03472,35.46657],[127.02394,35.46423],[127.01429,35.45782],[127.00987,35.46169],[127.00303,35.46446],[127.00002,35.46287],[126.99802,35.4573],[127.0002,35.45243],[126.99455,35.4398],[126.98531,35.43673],[126.98163,35.42665],[126.97692,35.42814],[126.97138,35.42767],[126.97029,35.41979],[126.97162,35.41428],[126.97598,35.40727],[126.9761,35.40005],[126.9631,35.39495],[126.95427,35.39664],[126.94174,35.39428],[126.93537,35.39456],[126.93064,35.39876],[126.93003,35.40056],[126.93214,35.40159],[126.93316,35.40608],[126.91743,35.40214],[126.91661,35.40492],[126.91977,35.40995],[126.91636,35.41562],[126.90882,35.41541],[126.90873,35.41912],[126.90307,35.42063],[126.90187,35.42302],[126.90432,35.4297],[126.89777,35.43278],[126.89745,35.43475],[126.90511,35.44082],[126.89964,35.4427],[126.89677,35.44799],[126.88414,35.45131],[126.88112,35.4559],[126.87648,35.45683],[126.87484,35.4594],[126.86954,35.46164],[126.86324,35.46121],[126.85114,35.46574],[126.83949,35.46235],[126.83791,35.46453],[126.84166,35.46696],[126.84117,35.47145],[126.8433,35.47833],[126.83048,35.4808],[126.82786,35.48628],[126.82334,35.48691],[126.81388,35.48419],[126.81284,35.47614],[126.81476,35.47332],[126.81397,35.4688],[126.79235,35.46763],[126.7819,35.47063],[126.77093,35.46721],[126.7649,35.46706],[126.75778,35.46229],[126.75534,35.45626],[126.7495,35.45135],[126.74808,35.45058],[126.74101,35.45298],[126.73772,35.44949],[126.74382,35.44068],[126.74818,35.43993],[126.75173,35.4359],[126.75151,35.42276],[126.7542,35.4165],[126.74868,35.41559],[126.74446,35.40917],[126.73769,35.40599],[126.7362,35.40341],[126.72247,35.39993],[126.72251,35.39792],[126.72963,35.39461],[126.73219,35.38319],[126.73126,35.37688],[126.7225,35.36686],[126.71735,35.36475],[126.70462,35.36513],[126.69934,35.35009],[126.69182,35.35143],[126.68573,35.34424],[126.68231,35.34713],[126.66644,35.35149],[126.6644,35.34571],[126.66008,35.34424],[126.66076,35.33991],[126.65312,35.32804],[126.65173,35.32682],[126.64705,35.32846],[126.64428,35.3272],[126.64698,35.32474],[126.6448,35.31978],[126.62642,35.32135],[126.60815,35.33172],[126.60417,35.33566],[126.59805,35.33012],[126.58496,35.33018],[126.58121,35.32297],[126.58223,35.32057],[126.58093,35.31725],[126.58294,35.31571],[126.585,35.31736],[126.58945,35.31751],[126.58852,35.30715],[126.58491,35.30079],[126.58136,35.30359],[126.57671,35.30436],[126.57271,35.31015],[126.56834,35.31125],[126.564,35.30953],[126.56096,35.31187],[126.55312,35.31216],[126.55108,35.31368],[126.54813,35.31347],[126.54339,35.30982],[126.53938,35.31063],[126.5335,35.30692],[126.53038,35.30815],[126.52993,35.31231],[126.52543,35.31323],[126.5233,35.3154],[126.52307,35.32078],[126.5206,35.32531],[126.51386,35.32747],[126.51343,35.32949],[126.51563,35.32946],[126.51751,35.33414],[126.5172,35.33852],[126.52053,35.34835],[126.51388,35.35643],[126.51276,35.36203],[126.50824,35.36164],[126.50376,35.35866],[126.49695,35.35005],[126.49355,35.35038],[126.49214,35.35411],[126.49615,35.3576],[126.49741,35.3732],[126.48622,35.37758],[126.48328,35.38057],[126.48289,35.38463],[126.47738,35.38618],[126.49058,35.39515],[126.49094,35.40415],[126.49288,35.40924],[126.48039,35.42105],[126.47966,35.4265],[126.47583,35.42934],[126.46855,35.42515],[126.45336,35.42688],[126.44761,35.42978],[126.4471,35.43509],[126.44129,35.43565],[126.43208,35.43211],[126.42876,35.435],[126.43378,35.44156],[126.43665,35.44843],[126.43566,35.44967],[126.42947,35.44964],[126.43913,35.4503],[126.45807,35.4778],[126.46211,35.48038],[126.46253,35.4841],[126.47402,35.50654],[126.47774,35.50974],[126.48501,35.52236],[126.48648,35.52245],[126.48748,35.51743],[126.49112,35.51178],[126.49682,35.50992],[126.49362,35.5163],[126.49783,35.51728],[126.4996,35.52247],[126.50252,35.52527],[126.5179,35.53297],[126.52543,35.53219],[126.52639,35.53482],[126.54114,35.534],[126.54327,35.53262],[126.54165,35.5276],[126.54426,35.52733],[126.54372,35.52997],[126.54752,35.53455],[126.54974,35.53363],[126.54877,35.53757],[126.55136,35.5385],[126.55235,35.53677],[126.5557,35.53666],[126.55999,35.54003],[126.55773,35.54204],[126.55986,35.54326],[126.562,35.54162],[126.58116,35.54459],[126.58185,35.54308],[126.58584,35.54351],[126.59455,35.54098],[126.59544,35.54007],[126.59234,35.53373],[126.59539,35.52975],[126.59393,35.5346],[126.59975,35.54331],[126.59775,35.54433],[126.60854,35.55753],[126.61084,35.55757],[126.61401,35.57041],[126.62405,35.56826],[126.62688,35.57132],[126.62598,35.57344],[126.63319,35.57473],[126.64916,35.57089],[126.66798,35.55268],[126.67313,35.55082],[126.6742,35.54646],[126.67633,35.54761],[126.67273,35.55279],[126.6668,35.55535],[126.66473,35.56039],[126.66423,35.56606],[126.66817,35.56622],[126.66787,35.56892],[126.66939,35.56991],[126.67317,35.56997],[126.66479,35.57594],[126.66075,35.58528],[126.65754,35.58688],[126.65119,35.58061],[126.62063,35.58838],[126.61784,35.5869],[126.60406,35.58645],[126.59357,35.5901],[126.59278,35.5884],[126.58584,35.58791],[126.5752,35.59042],[126.55755,35.58492],[126.54722,35.58415],[126.54607,35.58606],[126.52798,35.5793],[126.51668,35.58068],[126.51745,35.58618],[126.51512,35.58769],[126.51054,35.5829],[126.51222,35.57923],[126.5087,35.5792],[126.49851,35.5838],[126.4998,35.58488],[126.49873,35.58591],[126.49184,35.5859],[126.48774,35.58978],[126.48872,35.59115],[126.48716,35.59572],[126.47803,35.60234],[126.46917,35.60263],[126.46797,35.59828],[126.46652,35.59865],[126.46579,35.6032],[126.46767,35.60228],[126.46733,35.60601],[126.46435,35.60981],[126.45997,35.61022],[126.46298,35.61852],[126.46989,35.61877],[126.46931,35.62344],[126.46366,35.62337],[126.46928,35.62823],[126.46703,35.63473],[126.46194,35.6335],[126.45757,35.63579],[126.45812,35.6378],[126.45959,35.63676],[126.46544,35.63982],[126.466,35.64348],[126.4705,35.6427],[126.48103,35.64539],[126.49212,35.65536],[126.49656,35.65751],[126.49935,35.65699],[126.51031,35.66554],[126.51338,35.66638],[126.51802,35.67025],[126.52096,35.67626],[126.52473,35.67844],[126.52665,35.67742],[126.52625,35.67489],[126.53327,35.69004],[126.54068,35.69099],[126.55637,35.6978],[126.53237,35.72579],[126.52892,35.72763],[126.52811,35.72688],[126.53012,35.72462],[126.52684,35.72707],[126.52794,35.72877],[126.52633,35.73043],[126.52022,35.73168],[126.48301,35.81046],[126.47962,35.81244],[126.48224,35.81517],[126.48668,35.81586],[126.48333,35.81361],[126.51953,35.73804],[126.52731,35.73089],[126.53186,35.73064],[126.53234,35.72822],[126.55817,35.69823],[126.5669,35.69423],[126.56648,35.69211],[126.56937,35.68643],[126.57247,35.69072],[126.56903,35.69281],[126.57615,35.69964],[126.58052,35.70088],[126.58001,35.70247],[126.58423,35.70719],[126.58865,35.70781],[126.5974,35.71463],[126.61159,35.7336],[126.61115,35.73602],[126.62862,35.74907],[126.62559,35.77745],[126.62729,35.78063],[126.62137,35.78689],[126.63146,35.79949],[126.63744,35.79879],[126.63938,35.79393],[126.65281,35.79194],[126.68961,35.79556],[126.69706,35.79808],[126.70676,35.79652],[126.69155,35.82532],[126.69001,35.84145],[126.68345,35.84202],[126.67649,35.86986],[126.67455,35.88915],[126.6675,35.88359],[126.64078,35.88438],[126.63021,35.88689],[126.62971,35.89189],[126.62879,35.88664],[126.62304,35.8865],[126.62038,35.88855],[126.61728,35.88638],[126.61236,35.88628],[126.61193,35.88892],[126.61479,35.89118],[126.61087,35.91292],[126.6117,35.92902],[126.61748,35.93988],[126.61603,35.94252],[126.59945,35.9467],[126.59438,35.94656],[126.5936,35.94834],[126.58804,35.94781],[126.58827,35.90272],[126.57568,35.90312],[126.5881,35.90295],[126.58792,35.92076],[126.57152,35.91982],[126.56458,35.907],[126.56542,35.90482],[126.56774,35.904],[126.56478,35.90531],[126.56447,35.90723],[126.56968,35.9172],[126.5646,35.9286],[126.56481,35.93618],[126.53991,35.93503],[126.5408,35.93257],[126.53441,35.934],[126.49891,35.84764],[126.50047,35.84708],[126.50095,35.84312],[126.49835,35.83544],[126.47284,35.81095],[126.4628,35.81275],[126.46196,35.81392],[126.46386,35.81562],[126.46253,35.81689],[126.46507,35.81831],[126.46189,35.81914],[126.45733,35.8146],[126.45468,35.8147],[126.4547,35.81235],[126.45705,35.81017],[126.45396,35.808],[126.4545,35.80675],[126.453,35.80617],[126.45248,35.80832],[126.44939,35.80673],[126.44919,35.81255],[126.44411,35.81242],[126.44322,35.81367],[126.44976,35.81581],[126.44606,35.81956],[126.451,35.817],[126.45328,35.81845],[126.4526,35.82031],[126.44479,35.82337],[126.44625,35.82418],[126.44516,35.82655],[126.44173,35.82751],[126.44212,35.82891],[126.44359,35.83106],[126.44783,35.83016],[126.44988,35.83207],[126.45367,35.83153],[126.45793,35.82887],[126.46096,35.82447],[126.46293,35.82556],[126.4753,35.82233],[126.49074,35.83817],[126.48541,35.84554],[126.49655,35.84709],[126.53128,35.93189],[126.5323,35.93792],[126.52919,35.93838],[126.52663,35.93435],[126.52756,35.93321],[126.52487,35.93569],[126.52514,35.93815],[126.52831,35.94018],[126.52978,35.94367],[126.52526,35.9439],[126.52182,35.94804],[126.52305,35.95039],[126.52129,35.97222],[126.5175,35.97235],[126.51281,35.97494],[126.51823,35.97244],[126.52225,35.97307],[126.52332,35.9663],[126.52592,35.96649],[126.52584,35.97363],[126.5729,35.97532],[126.61317,35.97885],[126.61786,35.97645],[126.6183,35.9707],[126.62438,35.97101],[126.62399,35.97601],[126.62233,35.97795],[126.64089,35.97888],[126.6582,35.98374],[126.68341,35.98416],[126.69415,35.98738],[126.70601,35.99471],[126.7285,35.98562],[126.72847,35.98447],[126.73668,35.98576],[126.74721,35.99186],[126.75229,36.0],[126.75593,36.01054],[126.74896,36.01314],[126.74166,36.01221],[126.74805,36.02575],[126.76166,36.02602],[126.76971,36.02964],[126.80582,36.03436],[126.81415,36.0413],[126.8211,36.04992],[126.84054,36.05296],[126.86804,36.06241],[126.87082,36.0674],[126.87332,36.08565],[126.87381,36.11044],[126.88221,36.13129],[126.8897,36.13962],[126.89525,36.14245],[126.9008,36.1424],[126.91109,36.13657],[126.91969,36.1363],[126.932,36.14269],[126.9344,36.14685],[126.94135,36.15211],[126.95663,36.15657],[126.96303,36.15628],[126.97719,36.14852],[126.99387,36.14685],[126.99525,36.14685]]]]},"properties":{"name":"전라북도","code":"35"}},{"type":"Feature","geometry":{"type":"MultiPolygon","coordinates":[[[[126.55036,34.17716],[126.55521,34.1744],[126.55437,34.16939],[126.55547,34.16774],[126.55829,34.16749],[126.56314,34.16987],[126.57011,34.16962],[126.5721,34.16767],[126.57068,34.16617],[126.57265,34.16128],[126.57543,34.16388],[126.57645,34.16803],[126.58344,34.16994],[126.59217,34.1668],[126.59432,34.16852],[126.59773,34.16812],[126.60134,34.1656],[126.60731,34.16452],[126.60995,34.16151],[126.62094,34.16456],[126.62065,34.15523],[126.61813,34.151],[126.6156,34.14856],[126.61414,34.15276],[126.61122,34.1533],[126.60569,34.16018],[126.60319,34.16113],[126.60331,34.15029],[126.60554,34.14752],[126.60276,34.14631],[126.6027,34.14921],[126.59804,34.15321],[126.59455,34.16136],[126.58968,34.16234],[126.58822,34.16165],[126.58774,34.15685],[126.58304,34.15862],[126.57898,34.15746],[126.58022,34.15217],[126.57377,34.14937],[126.57629,34.14498],[126.56516,34.1437],[126.56329,34.14028],[126.56324,34.13683],[126.56468,34.137],[126.56379,34.13531],[126.559,34.13535],[126.55269,34.13093],[126.54846,34.13012],[126.54653,34.12696],[126.54309,34.12564],[126.53584,34.12613],[126.52595,34.12166],[126.51919,34.12551],[126.5156,34.1221],[126.51187,34.12206],[126.51143,34.12593],[126.51441,34.12883],[126.5046,34.13865],[126.50932,34.14451],[126.50644,34.14748],[126.50417,34.14694],[126.50432,34.14563],[126.5037,34.14841],[126.50916,34.15034],[126.50956,34.15297],[126.50891,34.156],[126.50448,34.15966],[126.51636,34.16566],[126.51633,34.17018],[126.52294,34.1712],[126.53186,34.17557],[126.53828,34.17982],[126.5391,34.18186],[126.54615,34.17944],[126.55036,34.17716]]],[[[126.65436,34.19836],[126.66085,34.19433],[126.66798,34.19392],[126.67031,34.1894],[126.6771,34.18771],[126.68471,34.18159],[126.68254,34.1774],[126.67903,34.17556],[126.65724,34.17308],[126.65554,34.16989],[126.65648,34.16535],[126.65858,34.16319],[126.66075,34.16268],[126.66321,34.16461],[126.66838,34.16168],[126.66667,34.15829],[126.66952,34.15568],[126.6688,34.1498],[126.67007,34.14751],[126.67882,34.15132],[126.68287,34.14849],[126.68027,34.1395],[126.67657,34.13911],[126.67669,34.14258],[126.67195,34.1452],[126.66867,34.14322],[126.6717,34.13948],[126.67241,34.131],[126.66633,34.12699],[126.66954,34.12103],[126.66279,34.11687],[126.66407,34.11481],[126.66343,34.11199],[126.65967,34.11106],[126.65921,34.11383],[126.65633,34.11535],[126.65011,34.11493],[126.65319,34.11822],[126.64991,34.12292],[126.65228,34.12817],[126.6495,34.13047],[126.64448,34.13025],[126.63758,34.12248],[126.63556,34.12835],[126.63696,34.13111],[126.63534,34.13465],[126.63117,34.13776],[126.63349,34.14224],[126.63083,34.14531],[126.62781,34.1456],[126.6281,34.14723],[126.63044,34.1495],[126.63378,34.14892],[126.63617,34.15043],[126.64058,34.16093],[126.6494,34.16681],[126.65213,34.17121],[126.64743,34.17483],[126.64302,34.17531],[126.64084,34.17786],[126.63542,34.17971],[126.63612,34.1814],[126.64035,34.18178],[126.64152,34.18422],[126.63628,34.18515],[126.63324,34.18797],[126.63673,34.18865],[126.63768,34.18684],[126.64294,34.18653],[126.64824,34.19255],[126.64553,34.19345],[126.6462,34.19814],[126.64986,34.19985],[126.65416,34.19853],[126.65436,34.19836]]],[[[126.89039,34.21741],[126.89215,34.21661],[126.89198,34.21355],[126.8969,34.21209],[126.90053,34.21162],[126.90676,34.21428],[126.91045,34.21265],[126.91183,34.20627],[126.90926,34.20435],[126.90453,34.20407],[126.90362,34.20201],[126.91174,34.19457],[126.91139,34.18761],[126.90733,34.18454],[126.90834,34.18334],[126.91146,34.18296],[126.9159,34.18702],[126.91944,34.18724],[126.92484,34.19099],[126.92847,34.18957],[126.92088,34.18549],[126.9248,34.17509],[126.91977,34.16914],[126.91789,34.15827],[126.91494,34.15361],[126.90934,34.15318],[126.90865,34.15135],[126.90594,34.15217],[126.90482,34.1548],[126.89489,34.15452],[126.88128,34.14972],[126.87844,34.15173],[126.88147,34.15357],[126.88124,34.15522],[126.87316,34.15987],[126.87072,34.16577],[126.86491,34.16585],[126.85946,34.16153],[126.86044,34.15679],[126.85646,34.15052],[126.85229,34.16129],[126.84836,34.16282],[126.85075,34.16599],[126.85506,34.16613],[126.85952,34.1706],[126.85542,34.17318],[126.85105,34.16881],[126.84706,34.17426],[126.85317,34.17905],[126.85507,34.17804],[126.85419,34.1763],[126.85756,34.17773],[126.85754,34.18024],[126.85414,34.18151],[126.85293,34.18561],[126.86147,34.19454],[126.86126,34.19834],[126.85729,34.19929],[126.87105,34.20403],[126.87342,34.20693],[126.87325,34.21038],[126.87617,34.2131],[126.884,34.21281],[126.88384,34.21633],[126.89021,34.21743],[126.89039,34.21741]]],[[[126.56791,34.23381],[126.56535,34.22995],[126.57044,34.22727],[126.57253,34.22246],[126.57426,34.22217],[126.57545,34.22671],[126.57914,34.22826],[126.58899,34.22272],[126.59541,34.22694],[126.60664,34.22445],[126.6076,34.21913],[126.61091,34.21871],[126.61517,34.21564],[126.61723,34.20923],[126.62374,34.2065],[126.62486,34.2026],[126.62189,34.19995],[126.61083,34.1964],[126.60628,34.20074],[126.60285,34.19971],[126.60613,34.19479],[126.61147,34.19206],[126.61644,34.18319],[126.61279,34.18112],[126.60093,34.18191],[126.59644,34.18357],[126.59967,34.18909],[126.59835,34.19085],[126.58674,34.19101],[126.58368,34.18096],[126.59077,34.17368],[126.5877,34.17272],[126.56127,34.17888],[126.56126,34.18552],[126.56327,34.18544],[126.56397,34.18735],[126.56226,34.18918],[126.55747,34.19047],[126.54847,34.18926],[126.54699,34.1927],[126.5566,34.19495],[126.55511,34.20015],[126.55861,34.20286],[126.55791,34.20423],[126.55305,34.20439],[126.55334,34.20612],[126.55992,34.20624],[126.56224,34.2112],[126.56488,34.21189],[126.55932,34.21498],[126.557,34.21039],[126.55455,34.21194],[126.55755,34.21615],[126.55655,34.2182],[126.56539,34.21802],[126.56735,34.22345],[126.56446,34.22666],[126.56128,34.22558],[126.56092,34.22959],[126.56286,34.23171],[126.5617,34.23295],[126.55986,34.23315],[126.55771,34.23067],[126.55316,34.23348],[126.56324,34.23534],[126.56807,34.23407],[126.56791,34.23381]]],[[[126.83929,34.31239],[126.83911,34.31238],[126.83929,34.31239]]],[[[127.02982,34.33965],[127.02617,34.33649],[127.01796,34.33923],[127.02767,34.33883],[127.02982,34.33965]]],[[[127.02982,34.33965],[127.0299,34.33968],[127.02982,34.33965]]],[[[126.83929,34.31239],[126.84006,34.31368],[126.83559,34.31683],[126.83313,34.32341],[126.8288,34.32575],[126.81612,34.32713],[126.80485,34.32627],[126.79811,34.32301],[126.79396,34.31538],[126.79072,34.31806],[126.79052,34.32176],[126.78017,34.32807],[126.77241,34.32851],[126.76291,34.33302],[126.75757,34.33229],[126.7516,34.33486],[126.75849,34.33599],[126.75816,34.33747],[126.76214,34.33838],[126.77806,34.3323],[126.78702,34.3461],[126.79236,34.34374],[126.80167,34.33364],[126.81573,34.33643],[126.82044,34.33922],[126.81793,34.3417],[126.81865,34.34763],[126.82696,34.35473],[126.83481,34.35869],[126.84796,34.34428],[126.85042,34.34512],[126.85191,34.34912],[126.85609,34.35129],[126.85647,34.34518],[126.85882,34.34382],[126.86598,34.34961],[126.8717,34.34947],[126.87543,34.3476],[126.87839,34.33827],[126.88065,34.33634],[126.88257,34.3363],[126.89169,34.3437],[126.89641,34.34489],[126.89925,34.34218],[126.89692,34.33968],[126.8975,34.33328],[126.89486,34.33062],[126.89291,34.33026],[126.88968,34.33451],[126.88311,34.33259],[126.88044,34.32959],[126.87937,34.32622],[126.88419,34.3223],[126.88624,34.32264],[126.88513,34.3175],[126.88159,34.31426],[126.88255,34.31086],[126.87183,34.30959],[126.875,34.31217],[126.87481,34.31368],[126.87022,34.3213],[126.86586,34.32234],[126.86185,34.31964],[126.86652,34.31376],[126.86334,34.31414],[126.85632,34.31053],[126.85459,34.30898],[126.85493,34.30669],[126.84944,34.30472],[126.84414,34.29901],[126.84209,34.29895],[126.8368,34.30611],[126.84025,34.31014],[126.83936,34.3124],[126.83929,34.31239]]],[[[127.0299,34.33968],[127.03246,34.34104],[127.03241,34.3444],[127.03004,34.34488],[127.02511,34.35011],[127.02161,34.35021],[127.01944,34.35332],[127.01283,34.35551],[127.01031,34.3538],[127.01158,34.35149],[127.00728,34.34932],[126.98576,34.35915],[126.98927,34.36174],[126.99613,34.35654],[126.99814,34.35711],[126.99767,34.35826],[127.00697,34.35697],[127.01145,34.36387],[127.00775,34.36666],[127.01079,34.36891],[127.01464,34.36605],[127.01714,34.36866],[127.01174,34.37286],[127.01404,34.37726],[127.02121,34.37664],[127.02868,34.37243],[127.02973,34.38085],[127.03231,34.37831],[127.03184,34.37498],[127.03642,34.37356],[127.04028,34.36801],[127.04168,34.36909],[127.04515,34.36821],[127.04503,34.36552],[127.04181,34.36274],[127.04536,34.35958],[127.04273,34.35709],[127.04494,34.35106],[127.05936,34.35381],[127.06325,34.35628],[127.06357,34.35922],[127.06619,34.36062],[127.06877,34.35966],[127.07612,34.36158],[127.07601,34.35796],[127.08552,34.35731],[127.08241,34.35363],[127.08284,34.35108],[127.08884,34.34938],[127.0906,34.34439],[127.101,34.33805],[127.09724,34.33549],[127.09383,34.33559],[127.08993,34.33724],[127.08667,34.34319],[127.07324,34.34466],[127.07172,34.34655],[127.06753,34.34732],[127.06201,34.34068],[127.06845,34.33793],[127.07101,34.33963],[127.0786,34.33741],[127.07715,34.33242],[127.07476,34.33097],[127.07433,34.33282],[127.06942,34.33431],[127.05661,34.33026],[127.05452,34.32827],[127.05594,34.32334],[127.05049,34.32461],[127.04761,34.32027],[127.0426,34.31666],[127.04394,34.31357],[127.04212,34.30834],[127.03871,34.31145],[127.03678,34.32539],[127.04555,34.32856],[127.05084,34.32863],[127.05391,34.3343],[127.05359,34.33698],[127.05083,34.34095],[127.04189,34.34119],[127.03701,34.33974],[127.03524,34.33686],[127.03553,34.33317],[127.03308,34.3317],[127.0288,34.33353],[127.02931,34.33557],[127.03264,34.33768],[127.02994,34.33969],[127.0299,34.33968]]],[[[126.69443,34.39847],[126.69466,34.39961],[126.69443,34.39847]]],[[[126.69443,34.39847],[126.70142,34.39841],[126.7099,34.39419],[126.71406,34.38774],[126.72,34.38736],[126.71958,34.38439],[126.72481,34.38345],[126.72917,34.38001],[126.73337,34.3677],[126.7296,34.36199],[126.73239,34.35845],[126.7312,34.35709],[126.73172,34.35136],[126.73798,34.34873],[126.73944,34.34429],[126.73569,34.34291],[126.74071,34.33615],[126.74341,34.33666],[126.74384,34.33318],[126.75064,34.32635],[126.7484,34.32139],[126.75417,34.31576],[126.75865,34.3154],[126.76368,34.31816],[126.76852,34.31685],[126.77165,34.31121],[126.76746,34.30516],[126.76239,34.30367],[126.7616,34.30041],[126.76316,34.29763],[126.76608,34.298],[126.77057,34.29504],[126.77772,34.28757],[126.77135,34.28698],[126.76672,34.29088],[126.76018,34.2927],[126.75767,34.29047],[126.74825,34.29152],[126.74098,34.29574],[126.7404,34.29723],[126.74326,34.29631],[126.74316,34.29829],[126.73593,34.30155],[126.735,34.30261],[126.7367,34.30331],[126.73447,34.30467],[126.73191,34.30149],[126.73609,34.29275],[126.73559,34.28982],[126.73798,34.28665],[126.73177,34.28703],[126.71732,34.29706],[126.70268,34.29724],[126.69479,34.2925],[126.68823,34.29697],[126.68607,34.30172],[126.679,34.30418],[126.68267,34.30674],[126.67619,34.31614],[126.67463,34.31507],[126.67028,34.31605],[126.66879,34.31935],[126.66946,34.3232],[126.664,34.32452],[126.65774,34.32846],[126.65322,34.32665],[126.65514,34.32921],[126.65335,34.33133],[126.65125,34.33075],[126.64954,34.32769],[126.64556,34.32813],[126.6449,34.32917],[126.64804,34.3311],[126.64911,34.3339],[126.64748,34.3385],[126.64476,34.34018],[126.64501,34.35295],[126.64137,34.36173],[126.64151,34.36435],[126.64576,34.36735],[126.64205,34.37135],[126.63898,34.38214],[126.64608,34.38768],[126.64859,34.39408],[126.65757,34.39374],[126.66446,34.39693],[126.66522,34.39915],[126.66711,34.39563],[126.6711,34.39626],[126.67228,34.3969],[126.67099,34.40128],[126.67645,34.3995],[126.68641,34.40243],[126.68989,34.39867],[126.6942,34.39732],[126.69443,34.39847]]],[[[126.94316,34.39295],[126.94162,34.38614],[126.93499,34.38367],[126.94774,34.3774],[126.94923,34.37325],[126.94789,34.36777],[126.93833,34.36605],[126.93412,34.36954],[126.92864,34.37032],[126.92357,34.36636],[126.92406,34.36051],[126.91742,34.35582],[126.91301,34.35587],[126.91123,34.3589],[126.90808,34.35841],[126.90835,34.35333],[126.89444,34.36026],[126.89163,34.36063],[126.89172,34.35902],[126.88921,34.3586],[126.88689,34.36178],[126.88853,34.36531],[126.86991,34.3683],[126.8637,34.37338],[126.86593,34.38513],[126.87198,34.39376],[126.8716,34.40014],[126.86176,34.40669],[126.86439,34.41083],[126.86665,34.41124],[126.87403,34.4071],[126.87311,34.40506],[126.87076,34.40498],[126.87217,34.40106],[126.87775,34.39942],[126.88111,34.40192],[126.88205,34.40702],[126.89391,34.3959],[126.89667,34.39733],[126.89391,34.40111],[126.89688,34.40416],[126.89813,34.40252],[126.89759,34.39865],[126.90005,34.39786],[126.90257,34.3983],[126.90401,34.40236],[126.90821,34.40227],[126.90615,34.3999],[126.91254,34.3958],[126.9128,34.39146],[126.91644,34.39143],[126.92094,34.39473],[126.9224,34.3944],[126.92249,34.39187],[126.92791,34.39221],[126.93073,34.39064],[126.93497,34.39175],[126.9356,34.39521],[126.94299,34.40278],[126.9434,34.4129],[126.94777,34.41023],[126.95113,34.40384],[126.94319,34.39501],[126.94315,34.39295],[126.94316,34.39295]]],[[[126.65711,34.42048],[126.65716,34.41949],[126.65711,34.42048]]],[[[126.83319,34.43708],[126.83434,34.43136],[126.83748,34.4321],[126.83854,34.43447],[126.84504,34.43061],[126.84556,34.4282],[126.8427,34.42634],[126.84168,34.42324],[126.84352,34.42063],[126.8344,34.4204],[126.82762,34.42252],[126.82408,34.42135],[126.82405,34.41928],[126.83438,34.41535],[126.84015,34.41059],[126.84511,34.41345],[126.8463,34.41761],[126.85016,34.41826],[126.85326,34.41295],[126.84776,34.40856],[126.8487,34.40654],[126.85731,34.40813],[126.85984,34.39859],[126.85885,34.39655],[126.86419,34.39648],[126.86625,34.39178],[126.86539,34.38964],[126.85495,34.39251],[126.8503,34.38942],[126.84714,34.39014],[126.83737,34.38471],[126.8334,34.38423],[126.83132,34.38214],[126.83239,34.38016],[126.83014,34.37808],[126.82335,34.387],[126.82107,34.3861],[126.81892,34.38219],[126.80823,34.38358],[126.8046,34.38552],[126.7933,34.38233],[126.78517,34.37039],[126.78042,34.36904],[126.78188,34.36261],[126.77633,34.3574],[126.77834,34.354],[126.78069,34.35324],[126.77977,34.35224],[126.77156,34.3576],[126.76832,34.35689],[126.76565,34.35985],[126.77167,34.37305],[126.7755,34.37529],[126.77938,34.38195],[126.75666,34.38339],[126.75424,34.38106],[126.74977,34.3801],[126.75556,34.38649],[126.75567,34.39036],[126.75819,34.39366],[126.76416,34.39549],[126.76842,34.39933],[126.76371,34.40527],[126.76421,34.40946],[126.77003,34.41296],[126.77514,34.42285],[126.78166,34.42614],[126.78769,34.43237],[126.79145,34.43322],[126.80063,34.4314],[126.81276,34.4348],[126.81687,34.43372],[126.81505,34.43551],[126.81933,34.43862],[126.82749,34.44005],[126.83438,34.44372],[126.83333,34.43808],[126.83319,34.43708]]],[[[126.89043,34.45614],[126.89148,34.45479],[126.89029,34.45562],[126.89043,34.45614]]],[[[127.4785,34.46412],[127.48179,34.4642],[127.48497,34.46709],[127.48972,34.46596],[127.49066,34.46534],[127.48872,34.46256],[127.48285,34.46007],[127.48367,34.45886],[127.49358,34.45868],[127.49803,34.46748],[127.50025,34.46621],[127.50062,34.46208],[127.50542,34.4642],[127.50688,34.46836],[127.5045,34.47304],[127.5134,34.46257],[127.52125,34.45765],[127.51933,34.45606],[127.52061,34.45355],[127.53779,34.44711],[127.53436,34.44369],[127.53836,34.43122],[127.53239,34.42647],[127.53118,34.42293],[127.52725,34.42277],[127.52046,34.42671],[127.51633,34.42225],[127.50434,34.41843],[127.50149,34.41536],[127.49427,34.41385],[127.49185,34.41174],[127.48574,34.41543],[127.48695,34.418],[127.49133,34.41981],[127.49029,34.42323],[127.49413,34.42538],[127.49276,34.43176],[127.49085,34.43331],[127.48634,34.43313],[127.4854,34.43631],[127.48307,34.43747],[127.48083,34.43666],[127.47909,34.43253],[127.47525,34.43274],[127.46564,34.43985],[127.46625,34.44252],[127.4628,34.44364],[127.4641,34.44692],[127.47346,34.4424],[127.48241,34.44235],[127.48534,34.4477],[127.47097,34.45282],[127.4667,34.45041],[127.46414,34.4528],[127.46042,34.45164],[127.45981,34.4495],[127.45179,34.44646],[127.44967,34.44899],[127.45836,34.45257],[127.45212,34.46878],[127.45482,34.47579],[127.45714,34.47637],[127.46273,34.47177],[127.46687,34.47117],[127.47113,34.46535],[127.47594,34.4642],[127.4785,34.46412]]],[[[127.21737,34.49521],[127.22132,34.49436],[127.23102,34.48549],[127.22964,34.48205],[127.23209,34.48099],[127.23502,34.47575],[127.23429,34.47369],[127.2299,34.47162],[127.22983,34.46446],[127.22204,34.45523],[127.21792,34.43725],[127.2117,34.43541],[127.21157,34.43259],[127.20748,34.43103],[127.20851,34.42942],[127.19636,34.43116],[127.18585,34.43078],[127.1672,34.43518],[127.16106,34.43371],[127.16278,34.42944],[127.15763,34.42654],[127.1555,34.42738],[127.15438,34.43121],[127.1443,34.4289],[127.14311,34.42752],[127.14379,34.42217],[127.14147,34.42049],[127.13711,34.42828],[127.12472,34.43134],[127.12396,34.43623],[127.1156,34.43926],[127.11505,34.44282],[127.11777,34.44486],[127.11626,34.44775],[127.10915,34.44809],[127.10782,34.44201],[127.10091,34.44188],[127.09921,34.44351],[127.10162,34.44715],[127.10009,34.4497],[127.10641,34.45478],[127.09663,34.46839],[127.09292,34.47069],[127.09604,34.4736],[127.10121,34.46876],[127.10506,34.46992],[127.10714,34.47181],[127.10707,34.4752],[127.11302,34.47577],[127.11691,34.48021],[127.11642,34.48401],[127.11066,34.48529],[127.11885,34.48716],[127.12111,34.49023],[127.12446,34.48992],[127.12347,34.4862],[127.12847,34.47815],[127.13288,34.47735],[127.13647,34.47918],[127.13534,34.47565],[127.13634,34.47288],[127.14164,34.47277],[127.14663,34.47506],[127.14885,34.48043],[127.15718,34.4782],[127.16313,34.48011],[127.1787,34.49094],[127.18269,34.48999],[127.18881,34.49394],[127.1956,34.49257],[127.19609,34.48882],[127.19892,34.48795],[127.21134,34.49397],[127.21275,34.4922],[127.21722,34.4953],[127.21737,34.49521]]],[[[127.76967,34.53046],[127.76972,34.53046],[127.76967,34.53046]]],[[[126.78221,34.53089],[126.77894,34.53211],[126.77644,34.53597],[126.7779,34.5383],[126.78464,34.53507],[126.78545,34.53344],[126.78224,34.53089],[126.78221,34.53089]]],[[[127.46628,34.54364],[127.47283,34.54411],[127.47569,34.54202],[127.47881,34.53617],[127.47306,34.52967],[127.46044,34.52965],[127.45857,34.52571],[127.47072,34.52329],[127.47567,34.51505],[127.47283,34.51421],[127.46746,34.51616],[127.46711,34.51795],[127.45893,34.51547],[127.45767,34.51378],[127.46488,34.5082],[127.4665,34.50964],[127.46538,34.51298],[127.46689,34.51021],[127.47212,34.50892],[127.47949,34.50973],[127.48454,34.50465],[127.48603,34.50539],[127.48514,34.50718],[127.48651,34.50931],[127.49111,34.50816],[127.49411,34.50436],[127.49925,34.50276],[127.50176,34.49494],[127.50644,34.49202],[127.50572,34.49039],[127.50006,34.48897],[127.49694,34.48508],[127.49309,34.48395],[127.48912,34.48475],[127.48889,34.48687],[127.49143,34.48772],[127.48865,34.48995],[127.48439,34.48404],[127.47702,34.48314],[127.4749,34.48557],[127.46959,34.48657],[127.46012,34.48352],[127.4623,34.48235],[127.46253,34.47973],[127.4582,34.47859],[127.45658,34.48092],[127.45259,34.47862],[127.4508,34.48022],[127.45109,34.48364],[127.44878,34.48777],[127.44466,34.48812],[127.44089,34.4928],[127.44864,34.49924],[127.45376,34.50116],[127.4555,34.50042],[127.45847,34.50244],[127.45809,34.50609],[127.45173,34.50678],[127.45608,34.5109],[127.44833,34.5173],[127.4413,34.51606],[127.43387,34.51999],[127.43643,34.52343],[127.44302,34.52709],[127.44248,34.53037],[127.44712,34.53486],[127.44841,34.53827],[127.455,34.54186],[127.45325,34.54376],[127.45873,34.54569],[127.46573,34.54365],[127.46628,34.54364]]],[[[126.79425,34.54722],[126.79355,34.54708],[126.79287,34.54716],[126.79425,34.54722]]],[[[127.76967,34.53046],[127.77092,34.52649],[127.78015,34.52008],[127.78003,34.51619],[127.78216,34.51203],[127.7669,34.51031],[127.77761,34.50534],[127.78106,34.50762],[127.78582,34.50616],[127.78648,34.50777],[127.78908,34.50407],[127.79322,34.50194],[127.79096,34.49858],[127.79203,34.49663],[127.79513,34.49466],[127.79866,34.49602],[127.79615,34.4928],[127.79118,34.49083],[127.78992,34.4869],[127.7714,34.4874],[127.76987,34.49145],[127.76687,34.4891],[127.76264,34.49103],[127.76945,34.49249],[127.77398,34.49813],[127.77302,34.50005],[127.76733,34.49623],[127.76231,34.49921],[127.75949,34.49819],[127.75378,34.49934],[127.75409,34.5047],[127.75103,34.5049],[127.74727,34.50163],[127.7348,34.50314],[127.73394,34.50609],[127.74018,34.50782],[127.7407,34.51045],[127.73675,34.51252],[127.72672,34.51359],[127.72552,34.51587],[127.73247,34.52522],[127.73177,34.52726],[127.71986,34.52311],[127.71377,34.52681],[127.71138,34.53032],[127.70283,34.53148],[127.6963,34.53887],[127.7048,34.53964],[127.71168,34.538],[127.72514,34.54707],[127.7255,34.54894],[127.74042,34.55314],[127.75166,34.55045],[127.75776,34.5515],[127.76407,34.53997],[127.76199,34.53565],[127.76702,34.53057],[127.76967,34.53046]]],[[[126.25221,34.58422],[126.25444,34.5846],[126.25469,34.58717],[126.25789,34.58745],[126.26011,34.58456],[126.26641,34.58542],[126.27854,34.58395],[126.28126,34.58041],[126.27913,34.57802],[126.29075,34.57758],[126.29144,34.57227],[126.29412,34.57378],[126.30363,34.57097],[126.30976,34.5628],[126.30707,34.55918],[126.301,34.55897],[126.30088,34.55682],[126.31062,34.55086],[126.31463,34.54359],[126.32528,34.54031],[126.32714,34.54713],[126.33181,34.54764],[126.33898,34.5516],[126.34031,34.55014],[126.33692,34.54338],[126.34487,34.54245],[126.34524,34.53769],[126.34805,34.5346],[126.35375,34.53243],[126.35115,34.52756],[126.36193,34.52489],[126.36791,34.51554],[126.37679,34.51301],[126.37695,34.50822],[126.38281,34.50531],[126.38319,34.50369],[126.38081,34.50123],[126.37758,34.50239],[126.37273,34.50073],[126.37311,34.49632],[126.37824,34.49292],[126.37921,34.48639],[126.38502,34.48073],[126.37886,34.47825],[126.37575,34.48535],[126.37032,34.48294],[126.3681,34.48486],[126.35957,34.48291],[126.35824,34.48085],[126.35849,34.47485],[126.36321,34.47202],[126.37222,34.47068],[126.37046,34.46445],[126.36661,34.46479],[126.3584,34.45701],[126.35946,34.4523],[126.36567,34.44329],[126.35306,34.43293],[126.35175,34.43117],[126.35204,34.42686],[126.34306,34.41972],[126.34223,34.41532],[126.33943,34.41633],[126.33551,34.41446],[126.33758,34.40268],[126.33416,34.39927],[126.33122,34.40072],[126.32877,34.39936],[126.3277,34.3964],[126.32924,34.39428],[126.32595,34.39454],[126.32713,34.39737],[126.32012,34.40506],[126.32514,34.40399],[126.3277,34.40591],[126.32202,34.41168],[126.32157,34.41389],[126.32691,34.41513],[126.32264,34.41646],[126.32241,34.41833],[126.32499,34.42091],[126.32255,34.421],[126.32023,34.42451],[126.31863,34.42411],[126.31919,34.419],[126.3159,34.41942],[126.31109,34.4159],[126.31312,34.41385],[126.31425,34.40006],[126.31249,34.40555],[126.30928,34.40692],[126.30302,34.41428],[126.301,34.41296],[126.30691,34.40469],[126.30644,34.40199],[126.30397,34.40369],[126.29933,34.40365],[126.29799,34.40906],[126.29261,34.40889],[126.29177,34.40285],[126.29712,34.39748],[126.28949,34.39403],[126.29183,34.39168],[126.29692,34.39068],[126.29838,34.39407],[126.30247,34.39542],[126.30443,34.38882],[126.30176,34.3873],[126.2994,34.38797],[126.29641,34.38615],[126.29665,34.38458],[126.29898,34.38222],[126.30334,34.38236],[126.30417,34.38465],[126.30757,34.38552],[126.31026,34.38229],[126.30605,34.38055],[126.30843,34.37762],[126.30866,34.37384],[126.30458,34.37408],[126.30216,34.37005],[126.29632,34.36999],[126.2942,34.37198],[126.29462,34.37383],[126.29238,34.37422],[126.28907,34.37034],[126.29208,34.36629],[126.28842,34.36417],[126.28548,34.36465],[126.28532,34.36834],[126.28171,34.36761],[126.27957,34.36945],[126.27965,34.37198],[126.28202,34.37309],[126.28064,34.37616],[126.28505,34.38006],[126.28359,34.38279],[126.28417,34.38833],[126.28752,34.38959],[126.28828,34.38793],[126.29013,34.38818],[126.29188,34.39132],[126.28984,34.39349],[126.28589,34.39396],[126.28363,34.39363],[126.2803,34.39015],[126.2766,34.39055],[126.276,34.39275],[126.27835,34.39398],[126.27677,34.39606],[126.26928,34.39559],[126.26548,34.39731],[126.26054,34.39223],[126.25957,34.38702],[126.26048,34.38558],[126.26638,34.38447],[126.26552,34.38065],[126.26808,34.37947],[126.26727,34.3779],[126.25525,34.38131],[126.25512,34.37901],[126.25207,34.37807],[126.24606,34.3794],[126.24243,34.3769],[126.23929,34.37049],[126.23473,34.36893],[126.23317,34.36975],[126.23281,34.37398],[126.23025,34.37448],[126.22877,34.37302],[126.22929,34.37085],[126.21975,34.36713],[126.2084,34.37189],[126.20225,34.37109],[126.19855,34.36769],[126.20098,34.36774],[126.20245,34.36968],[126.20914,34.36797],[126.21418,34.36033],[126.20982,34.36178],[126.20619,34.36112],[126.20325,34.35797],[126.18751,34.35656],[126.18573,34.35288],[126.18135,34.35144],[126.18004,34.34895],[126.18033,34.35318],[126.18247,34.35474],[126.18128,34.35932],[126.17278,34.35266],[126.16389,34.35244],[126.15641,34.35673],[126.15714,34.36053],[126.16375,34.36406],[126.16112,34.36525],[126.1609,34.36334],[126.15599,34.36182],[126.15454,34.36258],[126.15647,34.36401],[126.15512,34.36582],[126.1466,34.36591],[126.14367,34.36371],[126.146,34.36163],[126.1455,34.35844],[126.13859,34.35714],[126.13606,34.35952],[126.12946,34.36007],[126.13225,34.36377],[126.13618,34.36425],[126.13663,34.36647],[126.13236,34.36696],[126.13002,34.36562],[126.1373,34.36914],[126.13411,34.37414],[126.14197,34.3783],[126.14149,34.38264],[126.14302,34.38515],[126.13354,34.3854],[126.13005,34.3833],[126.13095,34.37975],[126.12988,34.37953],[126.12918,34.38361],[126.12644,34.3785],[126.11454,34.38128],[126.11292,34.38719],[126.1094,34.39109],[126.10931,34.39515],[126.09935,34.40173],[126.09612,34.40705],[126.09665,34.40954],[126.091,34.41399],[126.09087,34.41737],[126.08923,34.41853],[126.0935,34.4234],[126.0976,34.42215],[126.09254,34.42617],[126.09341,34.42847],[126.09728,34.43095],[126.1005,34.43087],[126.0963,34.43368],[126.09608,34.4357],[126.09767,34.43706],[126.0999,34.43613],[126.10185,34.44133],[126.11766,34.44931],[126.12267,34.4437],[126.12558,34.4424],[126.12827,34.44338],[126.12529,34.44719],[126.12501,34.45062],[126.11707,34.45541],[126.11661,34.45963],[126.12053,34.46048],[126.12426,34.46461],[126.134,34.46565],[126.14,34.46869],[126.14478,34.47531],[126.15935,34.48241],[126.17242,34.48473],[126.17575,34.49154],[126.17386,34.49542],[126.19067,34.51432],[126.19254,34.51406],[126.19454,34.51075],[126.19212,34.51065],[126.19038,34.50774],[126.18834,34.49619],[126.19164,34.49401],[126.2049,34.4957],[126.20784,34.50158],[126.20363,34.50661],[126.20003,34.50504],[126.19788,34.50775],[126.19831,34.50998],[126.20326,34.51378],[126.21154,34.51671],[126.22335,34.5164],[126.22392,34.51899],[126.21307,34.52442],[126.2118,34.52687],[126.21612,34.52763],[126.21874,34.53263],[126.22234,34.52986],[126.22492,34.53007],[126.22566,34.54131],[126.22804,34.53584],[126.23355,34.53461],[126.23597,34.53655],[126.25091,34.56302],[126.24436,34.56894],[126.2426,34.56889],[126.23975,34.56489],[126.242,34.57357],[126.2399,34.57559],[126.2447,34.58063],[126.24321,34.58335],[126.23806,34.58237],[126.23839,34.58383],[126.24144,34.58741],[126.24983,34.58908],[126.25,34.58548],[126.25219,34.58422],[126.25221,34.58422]]],[[[126.05819,34.62849],[126.0694,34.62801],[126.07461,34.62558],[126.07633,34.6227],[126.08288,34.61839],[126.08297,34.61345],[126.08779,34.60832],[126.09336,34.60647],[126.09587,34.6083],[126.10007,34.60816],[126.10275,34.60589],[126.09877,34.60062],[126.09848,34.59688],[126.10328,34.59535],[126.10373,34.59164],[126.11142,34.58861],[126.10923,34.58551],[126.10268,34.58332],[126.1022,34.58163],[126.10478,34.57898],[126.09889,34.58024],[126.09913,34.57817],[126.10348,34.57566],[126.10199,34.57398],[126.09607,34.57445],[126.09192,34.56876],[126.09762,34.56644],[126.10207,34.55528],[126.09934,34.55227],[126.09855,34.55496],[126.08319,34.55607],[126.08207,34.55479],[126.08547,34.55234],[126.08608,34.54607],[126.07408,34.53938],[126.06629,34.53747],[126.06251,34.54014],[126.06129,34.53876],[126.06315,34.53473],[126.05601,34.5305],[126.04209,34.53083],[126.04031,34.53425],[126.03224,34.53256],[126.03123,34.53099],[126.02768,34.53418],[126.02648,34.53678],[126.02938,34.54382],[126.03339,34.5432],[126.0369,34.53938],[126.04471,34.5376],[126.048,34.5406],[126.04469,34.54331],[126.04578,34.54629],[126.05273,34.54887],[126.06094,34.54872],[126.05708,34.5519],[126.06054,34.55309],[126.06034,34.55487],[126.05349,34.5569],[126.04843,34.55471],[126.03864,34.55814],[126.03431,34.5518],[126.02768,34.55261],[126.02622,34.55537],[126.03083,34.56118],[126.0333,34.56011],[126.03749,34.56493],[126.04357,34.56527],[126.06139,34.56112],[126.06394,34.55933],[126.07268,34.57079],[126.07117,34.57228],[126.07656,34.57338],[126.08068,34.57753],[126.08123,34.58105],[126.08533,34.5801],[126.08701,34.58445],[126.07462,34.58414],[126.06855,34.59443],[126.06918,34.59724],[126.06525,34.60811],[126.05976,34.61217],[126.04732,34.61012],[126.04997,34.61962],[126.04874,34.62119],[126.04963,34.62802],[126.05341,34.63018],[126.05811,34.62858],[126.05819,34.62849]]],[[[126.01744,34.63553],[126.02266,34.63395],[126.03008,34.63458],[126.03946,34.63021],[126.03858,34.61758],[126.03615,34.6168],[126.03274,34.61239],[126.03322,34.61112],[126.04554,34.6019],[126.05279,34.60227],[126.05493,34.60447],[126.06118,34.59209],[126.06171,34.5884],[126.06045,34.5867],[126.06443,34.58321],[126.06401,34.58094],[126.06194,34.57575],[126.05589,34.56819],[126.05316,34.56828],[126.05291,34.5706],[126.05025,34.57124],[126.04712,34.57118],[126.04525,34.56872],[126.04153,34.56798],[126.04092,34.57184],[126.0337,34.57234],[126.03122,34.57201],[126.02935,34.56536],[126.0192,34.56413],[126.01795,34.57194],[126.02204,34.57429],[126.01807,34.57586],[126.01921,34.57904],[126.01453,34.58547],[126.01931,34.5906],[126.019,34.58846],[126.02044,34.58805],[126.02675,34.59224],[126.02621,34.59509],[126.01961,34.60036],[126.01617,34.59937],[126.01466,34.59626],[126.01108,34.59643],[126.01544,34.60223],[126.01369,34.60487],[126.01146,34.60475],[126.01099,34.60788],[126.01675,34.61808],[126.01307,34.62152],[126.01265,34.62694],[126.00965,34.62839],[126.00997,34.63099],[126.01102,34.63265],[126.0139,34.63294],[126.01324,34.63425],[126.01736,34.63516],[126.01744,34.63553]]],[[[126.16036,34.66904],[126.17024,34.6619],[126.17488,34.66357],[126.17714,34.65974],[126.17479,34.65893],[126.17422,34.65602],[126.18003,34.65572],[126.1814,34.65808],[126.18265,34.65397],[126.18501,34.65189],[126.18721,34.65237],[126.18754,34.64993],[126.18253,34.64426],[126.1837,34.64241],[126.18769,34.64159],[126.18433,34.64002],[126.18536,34.63773],[126.20022,34.64243],[126.20171,34.63611],[126.19636,34.63255],[126.18959,34.63325],[126.18593,34.63039],[126.18097,34.63042],[126.17999,34.62682],[126.17389,34.62191],[126.16961,34.62172],[126.16712,34.62503],[126.16761,34.62704],[126.16264,34.62812],[126.15298,34.62444],[126.15079,34.62231],[126.15157,34.61966],[126.14657,34.62048],[126.13795,34.61855],[126.12929,34.61336],[126.12194,34.61554],[126.12915,34.62054],[126.12314,34.62577],[126.12196,34.62923],[126.12946,34.63456],[126.1322,34.64167],[126.12949,34.64453],[126.12376,34.64566],[126.12167,34.64237],[126.11723,34.64284],[126.11402,34.64638],[126.11028,34.64484],[126.10865,34.6462],[126.10967,34.64865],[126.11075,34.64948],[126.11228,34.64625],[126.11407,34.64649],[126.11466,34.65125],[126.11751,34.65345],[126.12747,34.65211],[126.13047,34.65722],[126.1302,34.66025],[126.1341,34.65786],[126.13613,34.66066],[126.1411,34.6621],[126.14979,34.67201],[126.15349,34.67286],[126.16034,34.66904],[126.16036,34.66904]]],[[[125.42514,34.69666],[125.42731,34.69828],[125.43183,34.69599],[125.43044,34.69237],[125.42721,34.69024],[125.4293,34.6849],[125.441,34.68354],[125.44516,34.68597],[125.44288,34.69032],[125.44539,34.69248],[125.44413,34.69462],[125.45169,34.68942],[125.45433,34.69028],[125.45266,34.69394],[125.4542,34.69548],[125.45616,34.6934],[125.46152,34.69341],[125.46409,34.68735],[125.46006,34.68695],[125.46086,34.68462],[125.45994,34.68552],[125.46025,34.68308],[125.45795,34.68093],[125.45492,34.68291],[125.45601,34.68485],[125.45421,34.68611],[125.45059,34.68556],[125.44858,34.68154],[125.44594,34.68247],[125.44386,34.68121],[125.44527,34.6771],[125.44446,34.6715],[125.44388,34.67025],[125.43929,34.67183],[125.44268,34.66703],[125.44224,34.66526],[125.43605,34.66485],[125.438,34.66126],[125.43442,34.65926],[125.42743,34.65949],[125.42494,34.66151],[125.42259,34.66033],[125.42178,34.65888],[125.42413,34.65513],[125.42436,34.65115],[125.42773,34.6461],[125.42425,34.64399],[125.41894,34.64536],[125.41147,34.64321],[125.40864,34.63664],[125.41087,34.62432],[125.40589,34.62613],[125.40065,34.62539],[125.39932,34.62947],[125.3952,34.63006],[125.38465,34.64332],[125.39286,34.64692],[125.39756,34.64579],[125.39919,34.64839],[125.39707,34.65027],[125.39731,34.65249],[125.39477,34.65041],[125.39196,34.65149],[125.38843,34.65352],[125.38671,34.65726],[125.38834,34.66077],[125.39731,34.66188],[125.39808,34.66551],[125.39554,34.66906],[125.39754,34.67437],[125.40401,34.6779],[125.40689,34.68341],[125.40918,34.68263],[125.40959,34.68508],[125.40666,34.69037],[125.41081,34.69352],[125.41206,34.69688],[125.41519,34.69853],[125.4242,34.69668],[125.42514,34.69666]]],[[[127.78639,34.71203],[127.79098,34.70289],[127.78847,34.70104],[127.7889,34.6995],[127.78604,34.69927],[127.78616,34.70153],[127.78404,34.70281],[127.78036,34.70084],[127.77587,34.70226],[127.77753,34.70593],[127.7806,34.70776],[127.77851,34.71198],[127.77353,34.70418],[127.77143,34.70542],[127.77136,34.71065],[127.76603,34.71103],[127.76376,34.70951],[127.7661,34.70475],[127.77053,34.70242],[127.7648,34.70421],[127.7631,34.70625],[127.76033,34.70622],[127.75917,34.70386],[127.76596,34.69426],[127.77436,34.69886],[127.77917,34.69699],[127.77896,34.69321],[127.78233,34.68944],[127.77745,34.68625],[127.77627,34.68135],[127.78325,34.67446],[127.783,34.67162],[127.78501,34.66996],[127.78967,34.66986],[127.79301,34.67242],[127.79515,34.67106],[127.79413,34.66932],[127.79548,34.6674],[127.80069,34.66754],[127.8011,34.66634],[127.79388,34.66516],[127.79491,34.66064],[127.80654,34.66081],[127.80627,34.65794],[127.79791,34.65483],[127.79876,34.65333],[127.79628,34.64872],[127.79696,34.64567],[127.79828,34.6455],[127.79676,34.64412],[127.795,34.64575],[127.79362,34.64368],[127.79713,34.64224],[127.79774,34.63447],[127.80006,34.63014],[127.79572,34.62817],[127.79224,34.63023],[127.79198,34.62561],[127.79387,34.62353],[127.79058,34.62231],[127.78969,34.6173],[127.79212,34.61063],[127.78795,34.60717],[127.79354,34.60317],[127.79593,34.60477],[127.80237,34.60168],[127.80407,34.59967],[127.80107,34.59855],[127.80213,34.59607],[127.80792,34.59666],[127.80369,34.58785],[127.78967,34.58479],[127.7846,34.58573],[127.77848,34.58969],[127.77575,34.58718],[127.77258,34.58729],[127.76371,34.59347],[127.74833,34.59339],[127.73809,34.60505],[127.73766,34.61056],[127.71933,34.61377],[127.71415,34.62079],[127.71171,34.62147],[127.71678,34.62873],[127.72144,34.63038],[127.7246,34.63757],[127.71739,34.64344],[127.71366,34.64152],[127.71188,34.64264],[127.71928,34.64594],[127.72115,34.6532],[127.72363,34.6558],[127.72949,34.6563],[127.74496,34.66661],[127.74808,34.66952],[127.7468,34.67247],[127.75227,34.68034],[127.76141,34.68444],[127.76304,34.68757],[127.75883,34.68933],[127.75672,34.69186],[127.7578,34.69391],[127.75415,34.69763],[127.75626,34.70789],[127.75218,34.71398],[127.74664,34.71544],[127.74149,34.7238],[127.74183,34.72719],[127.73687,34.72977],[127.73828,34.73291],[127.74002,34.73387],[127.75605,34.73137],[127.76659,34.72591],[127.77308,34.72435],[127.78699,34.71574],[127.78668,34.71425],[127.78639,34.71203]]],[[[127.67248,34.74205],[127.67035,34.74574],[127.67355,34.74552],[127.67397,34.74258],[127.67249,34.74205],[127.67248,34.74205]]],[[[125.97002,34.72557],[125.97237,34.726],[125.97642,34.71782],[125.97897,34.71585],[125.98198,34.7221],[125.99062,34.7193],[125.99286,34.71392],[125.99074,34.71135],[125.99965,34.70308],[126.00581,34.70216],[126.00933,34.70321],[126.01156,34.702],[126.01334,34.70317],[126.01398,34.70105],[126.0124,34.70009],[126.01361,34.69798],[126.00988,34.69737],[126.00928,34.69189],[126.01063,34.69022],[126.00746,34.68488],[125.99882,34.68341],[125.99341,34.67993],[125.98765,34.67855],[125.98764,34.67351],[125.98572,34.67287],[125.9835,34.67454],[125.97864,34.67188],[125.97987,34.66426],[125.97846,34.66259],[125.9749,34.65936],[125.96721,34.65856],[125.96517,34.65634],[125.9537,34.65861],[125.95473,34.66527],[125.9573,34.66871],[125.95481,34.67254],[125.94933,34.67205],[125.94775,34.67002],[125.94977,34.66902],[125.94891,34.66763],[125.9449,34.66635],[125.94236,34.66744],[125.93926,34.66548],[125.93403,34.67142],[125.93544,34.67322],[125.93286,34.67925],[125.92708,34.67869],[125.92447,34.67025],[125.92061,34.67148],[125.92256,34.67928],[125.91902,34.67958],[125.91821,34.67716],[125.91637,34.67828],[125.91538,34.68156],[125.91665,34.68495],[125.91906,34.68581],[125.91891,34.68798],[125.91428,34.68588],[125.91582,34.69318],[125.91411,34.69702],[125.91671,34.70071],[125.91597,34.71119],[125.92714,34.71279],[125.9336,34.71551],[125.93699,34.71583],[125.94088,34.71355],[125.94662,34.71466],[125.94597,34.71849],[125.94778,34.72229],[125.958,34.73161],[125.96129,34.73736],[125.96456,34.73603],[125.96995,34.72557],[125.97002,34.72557]]],[[[126.10465,34.76652],[126.11352,34.76771],[126.11788,34.77068],[126.12478,34.77098],[126.1279,34.76666],[126.12708,34.76427],[126.13524,34.75564],[126.14117,34.75467],[126.14386,34.75194],[126.14997,34.75295],[126.15105,34.75442],[126.15013,34.75705],[126.1566,34.75803],[126.16286,34.75725],[126.16323,34.75427],[126.16828,34.75201],[126.17194,34.75146],[126.17367,34.75333],[126.17245,34.74907],[126.16739,34.74711],[126.16938,34.74432],[126.17583,34.74184],[126.17954,34.72538],[126.18283,34.7237],[126.17647,34.71634],[126.17831,34.71248],[126.17798,34.70644],[126.17438,34.70376],[126.17458,34.70084],[126.1665,34.70001],[126.15768,34.70352],[126.15402,34.70332],[126.15094,34.70091],[126.14557,34.70146],[126.14714,34.70414],[126.14613,34.70513],[126.15005,34.71082],[126.14979,34.71415],[126.1474,34.71767],[126.13925,34.7212],[126.13828,34.72432],[126.14199,34.72779],[126.137,34.72857],[126.12419,34.7244],[126.12274,34.71846],[126.11781,34.71476],[126.11394,34.71782],[126.1101,34.71829],[126.11008,34.71967],[126.11197,34.71987],[126.11025,34.72189],[126.10191,34.72008],[126.09769,34.72074],[126.08393,34.71718],[126.08339,34.71354],[126.08135,34.71161],[126.08136,34.70835],[126.08272,34.70933],[126.08047,34.70621],[126.07479,34.70889],[126.07377,34.71177],[126.08127,34.7202],[126.08057,34.72235],[126.07039,34.73554],[126.07113,34.74166],[126.07596,34.74356],[126.07393,34.7467],[126.07954,34.74783],[126.08189,34.75069],[126.07681,34.76378],[126.06775,34.76458],[126.06436,34.76858],[126.06904,34.76589],[126.07866,34.76776],[126.07885,34.76392],[126.08362,34.76365],[126.08853,34.76711],[126.08686,34.77218],[126.08874,34.77486],[126.1041,34.76668],[126.10465,34.76652]]],[[[126.3578,34.77967],[126.36461,34.77464],[126.37564,34.77024],[126.37106,34.76408],[126.37283,34.75927],[126.36429,34.75943],[126.36223,34.75233],[126.35864,34.75218],[126.36045,34.74483],[126.35045,34.75058],[126.35037,34.76183],[126.35447,34.76175],[126.35443,34.76531],[126.35223,34.76554],[126.35856,34.76576],[126.35841,34.77096],[126.35271,34.77183],[126.3585,34.77129],[126.35639,34.77791],[126.35468,34.77894],[126.35544,34.78538],[126.35776,34.77971],[126.3578,34.77967]]],[[[125.99344,34.80695],[125.99724,34.80471],[126.00055,34.79459],[125.99926,34.79103],[126.00053,34.78945],[125.99694,34.78682],[125.996,34.78081],[125.99264,34.78032],[125.98507,34.77454],[125.9958,34.7719],[125.99882,34.77358],[126.00005,34.77165],[125.99833,34.76167],[125.99157,34.7604],[125.98943,34.76271],[125.98441,34.761],[125.98123,34.75629],[125.97708,34.7539],[125.97243,34.75535],[125.97192,34.75901],[125.96828,34.75883],[125.96818,34.75685],[125.96306,34.75287],[125.96102,34.74723],[125.9586,34.74925],[125.95748,34.75607],[125.95877,34.76133],[125.96269,34.76221],[125.95954,34.76558],[125.95729,34.76451],[125.95428,34.76687],[125.95261,34.76508],[125.95748,34.75991],[125.95614,34.75353],[125.95229,34.75354],[125.94873,34.75748],[125.93895,34.75461],[125.93697,34.74845],[125.93322,34.74988],[125.93327,34.75293],[125.93072,34.75408],[125.92951,34.7518],[125.93622,34.74751],[125.94351,34.73725],[125.94978,34.73361],[125.94589,34.73237],[125.94347,34.7345],[125.94196,34.73352],[125.94304,34.73085],[125.94161,34.72841],[125.93896,34.72981],[125.93934,34.73153],[125.93807,34.72777],[125.9419,34.72598],[125.94038,34.72261],[125.93627,34.72022],[125.92591,34.72041],[125.92302,34.71726],[125.91757,34.71691],[125.90529,34.72131],[125.90191,34.72759],[125.89285,34.72776],[125.8967,34.72934],[125.89555,34.73159],[125.89193,34.73424],[125.88917,34.73319],[125.88914,34.73758],[125.88638,34.74005],[125.89036,34.74446],[125.89027,34.74686],[125.89586,34.74823],[125.89429,34.75076],[125.89108,34.75189],[125.89086,34.75898],[125.89304,34.75747],[125.89511,34.76016],[125.89793,34.7604],[125.88951,34.76662],[125.90243,34.77164],[125.90266,34.7744],[125.89925,34.77331],[125.89765,34.7748],[125.90001,34.78025],[125.9035,34.77914],[125.9073,34.78238],[125.90776,34.77685],[125.9112,34.77597],[125.93753,34.77701],[125.95321,34.78402],[125.95403,34.78698],[125.95196,34.78897],[125.95918,34.78878],[125.96114,34.7863],[125.96438,34.78742],[125.97192,34.79766],[125.97071,34.80012],[125.9735,34.80207],[125.97886,34.80188],[125.98491,34.80459],[125.99085,34.80367],[125.99343,34.80696],[125.99344,34.80695]]],[[[126.14069,34.83477],[126.1407,34.83477],[126.14069,34.83477]]],[[[126.29447,34.84996],[126.29302,34.84777],[126.29447,34.84996]]],[[[126.11587,34.88198],[126.12409,34.87911],[126.13072,34.88052],[126.13071,34.87588],[126.13794,34.87513],[126.14087,34.87814],[126.14008,34.88068],[126.14292,34.88132],[126.14587,34.87899],[126.14518,34.87532],[126.14791,34.8736],[126.14791,34.87192],[126.15459,34.86932],[126.15745,34.86552],[126.15699,34.86057],[126.14864,34.85954],[126.13578,34.8622],[126.13274,34.8599],[126.13473,34.85288],[126.14697,34.84862],[126.15054,34.84483],[126.15034,34.84266],[126.1478,34.83856],[126.13974,34.83559],[126.13891,34.8303],[126.14167,34.82715],[126.13671,34.82714],[126.13315,34.83215],[126.12434,34.83586],[126.12023,34.83408],[126.11851,34.82878],[126.11461,34.8261],[126.11728,34.8169],[126.12293,34.81252],[126.11839,34.80592],[126.12038,34.80285],[126.11853,34.80027],[126.1081,34.80081],[126.10158,34.79639],[126.09404,34.79714],[126.09129,34.80158],[126.09565,34.80262],[126.09636,34.80603],[126.0886,34.81683],[126.08485,34.81662],[126.08013,34.81894],[126.07133,34.81333],[126.07619,34.80214],[126.07956,34.79832],[126.07576,34.79426],[126.07244,34.79646],[126.06479,34.80907],[126.06253,34.80861],[126.0629,34.80752],[126.0577,34.80912],[126.05549,34.81415],[126.04724,34.81547],[126.04403,34.81977],[126.043,34.82582],[126.04809,34.82804],[126.05037,34.82237],[126.05858,34.82184],[126.0593,34.81912],[126.06253,34.81832],[126.06643,34.81314],[126.07116,34.81337],[126.07992,34.81896],[126.07705,34.82213],[126.07381,34.82306],[126.07624,34.82613],[126.07603,34.8286],[126.06131,34.84397],[126.05965,34.84768],[126.06114,34.84952],[126.0744,34.851],[126.08263,34.85921],[126.08907,34.8584],[126.09224,34.85537],[126.10831,34.85008],[126.11519,34.85074],[126.12018,34.85774],[126.11622,34.85822],[126.1104,34.86474],[126.10909,34.86839],[126.11113,34.87501],[126.10851,34.87927],[126.10982,34.8804],[126.11224,34.87963],[126.11471,34.88292],[126.1158,34.88199],[126.11587,34.88198]]],[[[126.29447,34.84996],[126.29138,34.85493],[126.27654,34.85569],[126.27449,34.85394],[126.27254,34.84794],[126.26283,34.83974],[126.25176,34.84133],[126.24691,34.84557],[126.24075,34.84794],[126.2312,34.84888],[126.22674,34.84749],[126.22595,34.84961],[126.22894,34.85287],[126.22848,34.85511],[126.23302,34.86471],[126.24184,34.85909],[126.25979,34.85823],[126.26496,34.86031],[126.26805,34.87107],[126.27006,34.87288],[126.27385,34.86414],[126.27529,34.86529],[126.27942,34.86341],[126.28162,34.86764],[126.27819,34.87396],[126.28108,34.88707],[126.28687,34.88681],[126.28885,34.88545],[126.28954,34.8822],[126.2926,34.88134],[126.29928,34.88305],[126.30366,34.88769],[126.29513,34.90148],[126.29105,34.90133],[126.28054,34.90989],[126.284,34.91459],[126.29636,34.92198],[126.29914,34.92182],[126.30313,34.91927],[126.30542,34.92031],[126.30619,34.91714],[126.30358,34.91555],[126.30409,34.91392],[126.31313,34.90787],[126.31812,34.90645],[126.32117,34.90762],[126.32143,34.91009],[126.32452,34.91174],[126.32872,34.90923],[126.33593,34.90919],[126.33843,34.9079],[126.34066,34.90163],[126.35047,34.89873],[126.35147,34.89123],[126.34937,34.88722],[126.34833,34.8924],[126.34518,34.89449],[126.33697,34.89347],[126.33531,34.88683],[126.33311,34.88704],[126.33331,34.88917],[126.33121,34.89053],[126.32636,34.89166],[126.32557,34.88455],[126.3296,34.87942],[126.32682,34.8787],[126.32376,34.88174],[126.31919,34.88358],[126.31695,34.88288],[126.3129,34.87904],[126.31318,34.87769],[126.32573,34.87281],[126.32147,34.87148],[126.32101,34.86809],[126.31453,34.86864],[126.31446,34.86659],[126.32012,34.86232],[126.32477,34.86129],[126.33288,34.86189],[126.33788,34.86423],[126.34855,34.86282],[126.35696,34.86369],[126.36274,34.85628],[126.3671,34.85773],[126.36883,34.85535],[126.3673,34.85198],[126.37129,34.84727],[126.37148,34.84321],[126.36543,34.83998],[126.36532,34.83648],[126.37124,34.8387],[126.3729,34.83257],[126.36567,34.83147],[126.36509,34.82806],[126.3676,34.82652],[126.36734,34.82414],[126.362,34.82327],[126.36012,34.81945],[126.35467,34.81506],[126.34784,34.8142],[126.3473,34.81608],[126.34308,34.81859],[126.33823,34.81633],[126.32778,34.82159],[126.32678,34.82441],[126.3349,34.82551],[126.33608,34.82669],[126.33502,34.83055],[126.33731,34.83375],[126.3433,34.83282],[126.34515,34.83398],[126.34381,34.84209],[126.34174,34.84238],[126.33938,34.8386],[126.337,34.8394],[126.3358,34.84194],[126.33734,34.84359],[126.33448,34.84834],[126.32907,34.85106],[126.32028,34.8504],[126.31615,34.84629],[126.31249,34.85324],[126.30239,34.85399],[126.29537,34.85133],[126.29447,34.84996]]],[[[126.06308,34.93279],[126.06841,34.93678],[126.07551,34.9337],[126.07876,34.93135],[126.07452,34.92445],[126.07628,34.92136],[126.08156,34.9192],[126.09036,34.92267],[126.09146,34.9214],[126.09009,34.91878],[126.08296,34.91555],[126.0838,34.91156],[126.09144,34.91146],[126.09413,34.90839],[126.09704,34.9111],[126.09862,34.90978],[126.09522,34.90597],[126.08553,34.90031],[126.08365,34.8956],[126.09004,34.89021],[126.099,34.88946],[126.09671,34.88471],[126.0935,34.8835],[126.09444,34.8804],[126.09718,34.87981],[126.09528,34.87654],[126.09241,34.87814],[126.08962,34.87564],[126.08583,34.87573],[126.08183,34.88097],[126.07883,34.88119],[126.07877,34.87273],[126.0824,34.86683],[126.08445,34.86631],[126.08437,34.86424],[126.08127,34.86392],[126.07786,34.86577],[126.06849,34.86417],[126.06893,34.85843],[126.06565,34.85665],[126.05001,34.85497],[126.04418,34.84845],[126.04731,34.84536],[126.04362,34.84443],[126.03221,34.85845],[126.02755,34.86008],[126.0242,34.85938],[126.02021,34.86176],[126.02251,34.8638],[126.02506,34.87226],[126.02289,34.87264],[126.01754,34.86378],[126.01196,34.86233],[126.00804,34.85917],[126.00429,34.86318],[125.99832,34.8653],[125.99361,34.86499],[125.99299,34.86295],[125.98817,34.8654],[125.9829,34.86263],[125.97723,34.86428],[125.97683,34.86568],[125.98241,34.86724],[125.9798,34.87297],[125.97716,34.87403],[125.97162,34.87048],[125.96844,34.87156],[125.96716,34.87486],[125.96896,34.87627],[125.9749,34.87411],[125.97997,34.87682],[125.98556,34.87431],[125.98972,34.87637],[125.99566,34.88416],[125.99472,34.88702],[126.00013,34.8871],[126.00843,34.89776],[126.01293,34.90669],[126.01571,34.90891],[126.01365,34.91191],[126.0165,34.91237],[126.01829,34.90907],[126.0228,34.90703],[126.0319,34.90912],[126.03747,34.91481],[126.03447,34.91768],[126.0347,34.91963],[126.04017,34.91889],[126.04203,34.91355],[126.0403,34.91225],[126.04097,34.91086],[126.04772,34.91004],[126.0546,34.91218],[126.06148,34.92133],[126.0584,34.92392],[126.05792,34.92601],[126.06057,34.93122],[126.05639,34.93485],[126.05639,34.93865],[126.06242,34.93473],[126.06303,34.93282],[126.06308,34.93279]]],[[[127.73795,34.94011],[127.73558,34.93492],[127.73773,34.93212],[127.76521,34.93167],[127.7845,34.91552],[127.78424,34.88654],[127.7759,34.88673],[127.76637,34.89198],[127.76268,34.89181],[127.762,34.90199],[127.74215,34.90559],[127.76029,34.90268],[127.76198,34.90339],[127.761,34.90848],[127.74843,34.90845],[127.74842,34.9066],[127.74395,34.90662],[127.74395,34.90864],[127.74069,34.90865],[127.73494,34.9081],[127.73851,34.90808],[127.73713,34.9065],[127.70463,34.91329],[127.70392,34.92944],[127.71484,34.93258],[127.71514,34.93793],[127.72405,34.94714],[127.73152,34.95191],[127.73436,34.94852],[127.7398,34.94589],[127.73871,34.94188],[127.73795,34.94011]],[[127.76835,34.91186],[127.76832,34.90863],[127.76668,34.90864],[127.76724,34.89646],[127.78172,34.89639],[127.78237,34.90298],[127.78144,34.91251],[127.78044,34.91117],[127.77196,34.91138],[127.77199,34.91459],[127.76838,34.91461],[127.76835,34.91186]]],[[[126.13535,35.02619],[126.1391,35.02238],[126.14106,35.02231],[126.14257,35.02468],[126.14789,35.02119],[126.15419,35.0228],[126.16028,35.01805],[126.16553,35.02055],[126.16627,35.01546],[126.16187,35.01039],[126.16572,35.0082],[126.16568,35.00354],[126.17803,34.99651],[126.17795,34.97811],[126.17991,34.97492],[126.17959,34.9735],[126.17522,34.97296],[126.16683,34.96736],[126.16352,34.96293],[126.1669,34.9684],[126.16229,34.97158],[126.15421,34.96846],[126.15,34.97086],[126.14414,34.96877],[126.14387,34.95639],[126.13755,34.95341],[126.13717,34.95067],[126.13472,34.94888],[126.12836,34.94944],[126.12366,34.9472],[126.12439,34.95103],[126.12814,34.95134],[126.13643,34.96639],[126.13474,34.99135],[126.13976,34.98948],[126.14144,34.98708],[126.14422,34.98658],[126.14516,34.98865],[126.14262,34.99279],[126.13842,34.99513],[126.13291,35.00159],[126.12218,35.0007],[126.11974,34.99664],[126.11178,34.99796],[126.10604,34.99665],[126.10455,34.99976],[126.098,35.00266],[126.10046,35.0077],[126.10695,35.00494],[126.11339,35.00907],[126.11529,35.01149],[126.11315,35.01481],[126.11479,35.01789],[126.11709,35.01644],[126.12357,35.01778],[126.12806,35.0218],[126.12461,35.02387],[126.12689,35.02634],[126.13275,35.02297],[126.13366,35.02411],[126.13173,35.02644],[126.13517,35.02632],[126.13535,35.02619]]],[[[126.05561,35.07519],[126.05557,35.07515],[126.055,35.07452],[126.05561,35.07519]]],[[[126.05561,35.07519],[126.05684,35.07715],[126.04826,35.08121],[126.04471,35.07981],[126.04219,35.08461],[126.04664,35.08654],[126.04861,35.09101],[126.05605,35.09579],[126.05568,35.09782],[126.05093,35.09873],[126.04896,35.10275],[126.05171,35.10451],[126.05441,35.10276],[126.06324,35.10445],[126.07035,35.10326],[126.08075,35.10754],[126.08903,35.11323],[126.1011,35.12606],[126.1118,35.13357],[126.11552,35.13919],[126.11345,35.14052],[126.11403,35.14327],[126.11685,35.14272],[126.11765,35.14051],[126.13803,35.14356],[126.14138,35.14279],[126.1405,35.14172],[126.14294,35.14069],[126.14477,35.14139],[126.14498,35.14308],[126.14361,35.14296],[126.14709,35.14618],[126.15701,35.14724],[126.16383,35.1458],[126.16387,35.14469],[126.16154,35.1453],[126.15685,35.14306],[126.14795,35.14388],[126.14643,35.13957],[126.14062,35.13589],[126.12591,35.13635],[126.1222,35.13082],[126.1227,35.12814],[126.11928,35.12304],[126.11719,35.11588],[126.11933,35.11152],[126.11676,35.10638],[126.11847,35.09884],[126.11639,35.09667],[126.11815,35.09308],[126.12233,35.09169],[126.12266,35.08697],[126.11961,35.08507],[126.12353,35.08149],[126.11077,35.0836],[126.10536,35.0881],[126.10249,35.08902],[126.10215,35.08801],[126.12233,35.0774],[126.12167,35.07498],[126.11582,35.0713],[126.11241,35.0723],[126.10894,35.06963],[126.11734,35.06131],[126.11616,35.05922],[126.11332,35.05878],[126.11144,35.06087],[126.1063,35.05924],[126.10242,35.05686],[126.10397,35.05156],[126.10054,35.05025],[126.10131,35.04799],[126.09584,35.04802],[126.09646,35.05],[126.09469,35.05142],[126.07879,35.05603],[126.07411,35.0595],[126.07729,35.06964],[126.07438,35.06967],[126.06974,35.06671],[126.06722,35.06929],[126.06286,35.06954],[126.05899,35.06599],[126.0645,35.05611],[126.05797,35.05657],[126.0605,35.06107],[126.05722,35.06368],[126.04956,35.06154],[126.04772,35.0648],[126.04295,35.06731],[126.04073,35.06486],[126.03761,35.0658],[126.03863,35.07064],[126.05494,35.06769],[126.05702,35.07149],[126.05531,35.07356],[126.05789,35.07621],[126.05677,35.07647],[126.05561,35.07519]]],[[[126.89043,34.45614],[126.87601,34.45668],[126.87058,34.45527],[126.87051,34.45404],[126.87863,34.44937],[126.8825,34.43876],[126.88682,34.43348],[126.88691,34.42875],[126.88491,34.42795],[126.88536,34.42234],[126.88356,34.42198],[126.88016,34.42674],[126.88017,34.43016],[126.87477,34.4357],[126.86808,34.43877],[126.86622,34.43825],[126.86518,34.43393],[126.86255,34.43927],[126.85587,34.44235],[126.84423,34.45165],[126.84292,34.44807],[126.83891,34.44962],[126.83809,34.45268],[126.82943,34.44774],[126.82658,34.44966],[126.81796,34.44911],[126.81531,34.45022],[126.81471,34.45322],[126.81104,34.455],[126.80729,34.45443],[126.80471,34.45658],[126.80811,34.46821],[126.79211,34.46745],[126.79077,34.4618],[126.78833,34.46093],[126.7914,34.46425],[126.79161,34.46662],[126.78617,34.46847],[126.78663,34.47572],[126.79278,34.47946],[126.79533,34.4786],[126.79748,34.48007],[126.79556,34.48809],[126.79276,34.48994],[126.79054,34.49608],[126.79224,34.49974],[126.78944,34.50314],[126.79197,34.50937],[126.78659,34.51273],[126.78935,34.51734],[126.79189,34.52915],[126.79101,34.5411],[126.79689,34.54734],[126.79173,34.54805],[126.7905,34.55299],[126.79246,34.55727],[126.79012,34.55857],[126.79015,34.56054],[126.7943,34.56479],[126.79456,34.56761],[126.79327,34.57025],[126.78929,34.57181],[126.78609,34.5774],[126.78884,34.57859],[126.79021,34.58153],[126.78891,34.58633],[126.7869,34.58835],[126.78331,34.58765],[126.77777,34.59479],[126.78213,34.59783],[126.77958,34.60376],[126.77889,34.6131],[126.7726,34.60432],[126.77448,34.5924],[126.76942,34.58634],[126.76539,34.56306],[126.76798,34.55402],[126.76451,34.5459],[126.76414,34.5334],[126.76568,34.53015],[126.76914,34.52843],[126.76917,34.52662],[126.76227,34.5272],[126.75843,34.52592],[126.76145,34.50284],[126.76545,34.50094],[126.76577,34.49919],[126.75827,34.49536],[126.76015,34.49245],[126.75936,34.49112],[126.75326,34.49237],[126.75098,34.49053],[126.74119,34.48855],[126.73863,34.48633],[126.74085,34.48071],[126.74792,34.47706],[126.74911,34.47309],[126.7545,34.47195],[126.75144,34.46938],[126.75161,34.4719],[126.74785,34.47215],[126.72938,34.44695],[126.72457,34.44327],[126.71876,34.44552],[126.71355,34.44381],[126.70945,34.4396],[126.70179,34.43919],[126.69886,34.4406],[126.68844,34.43426],[126.69004,34.43241],[126.68087,34.42658],[126.67335,34.42737],[126.67833,34.42084],[126.67714,34.41632],[126.67378,34.41625],[126.67378,34.41893],[126.66442,34.42698],[126.66043,34.42585],[126.65711,34.42048],[126.65063,34.42325],[126.64961,34.41805],[126.64612,34.41833],[126.6477,34.41314],[126.64394,34.41195],[126.64767,34.40948],[126.64176,34.40948],[126.63488,34.41202],[126.62811,34.40204],[126.62251,34.40635],[126.61607,34.40201],[126.62073,34.39933],[126.62201,34.39278],[126.61722,34.3917],[126.61116,34.38612],[126.61397,34.37931],[126.6208,34.3785],[126.61832,34.37283],[126.62053,34.36941],[126.61801,34.36475],[126.62034,34.35916],[126.60788,34.35089],[126.60201,34.34906],[126.6028,34.34618],[126.60941,34.34277],[126.59986,34.33526],[126.60361,34.3334],[126.60409,34.3311],[126.60108,34.31887],[126.6049,34.31747],[126.60558,34.31506],[126.60257,34.31554],[126.59876,34.31226],[126.59667,34.31257],[126.58597,34.3198],[126.5589,34.32194],[126.55218,34.31644],[126.54954,34.30955],[126.54455,34.30309],[126.53709,34.30373],[126.5291,34.30064],[126.52834,34.29352],[126.52504,34.29228],[126.52138,34.29296],[126.52136,34.29586],[126.51698,34.2964],[126.51609,34.30888],[126.51973,34.3116],[126.5177,34.31576],[126.51232,34.31919],[126.52101,34.32424],[126.52692,34.33444],[126.52238,34.34148],[126.51796,34.33882],[126.51579,34.33915],[126.52224,34.34156],[126.52165,34.35708],[126.51989,34.36084],[126.51055,34.36515],[126.50212,34.36475],[126.50162,34.36012],[126.49855,34.35696],[126.49431,34.3595],[126.49072,34.35957],[126.4891,34.35659],[126.48147,34.35401],[126.47873,34.34929],[126.47522,34.34811],[126.47657,34.35032],[126.47467,34.35074],[126.47273,34.34854],[126.47114,34.34889],[126.47137,34.35325],[126.46589,34.35825],[126.46469,34.36214],[126.46861,34.36335],[126.47619,34.35545],[126.48127,34.35862],[126.47615,34.36484],[126.47929,34.36291],[126.48241,34.36484],[126.48592,34.36346],[126.48695,34.36455],[126.47557,34.37276],[126.48066,34.37384],[126.48108,34.37606],[126.47344,34.37831],[126.48085,34.38133],[126.48098,34.38272],[126.47743,34.38326],[126.47501,34.38171],[126.47138,34.38261],[126.47184,34.3847],[126.47394,34.38333],[126.47707,34.38528],[126.48186,34.38529],[126.48369,34.3874],[126.49546,34.38421],[126.49735,34.38556],[126.49802,34.38864],[126.49311,34.39245],[126.49405,34.39432],[126.49051,34.39459],[126.48912,34.39633],[126.48962,34.40258],[126.49192,34.40506],[126.49039,34.40607],[126.48956,34.40433],[126.48735,34.40847],[126.48874,34.40947],[126.49785,34.40558],[126.505,34.40533],[126.51679,34.41424],[126.51083,34.42471],[126.50823,34.42668],[126.51378,34.4344],[126.50698,34.44071],[126.50005,34.43706],[126.49757,34.43175],[126.49111,34.43474],[126.48437,34.43416],[126.48109,34.43046],[126.48296,34.42645],[126.48195,34.42575],[126.47645,34.42705],[126.46603,34.44133],[126.45623,34.44778],[126.46472,34.45405],[126.46883,34.44788],[126.47298,34.44685],[126.47759,34.45012],[126.46781,34.45687],[126.46775,34.46172],[126.47203,34.46845],[126.46708,34.47111],[126.46289,34.4695],[126.45565,34.47725],[126.45593,34.48197],[126.464,34.48173],[126.46626,34.48531],[126.46026,34.49023],[126.46464,34.49654],[126.46223,34.498],[126.45896,34.49686],[126.45636,34.50163],[126.46114,34.50392],[126.46683,34.50423],[126.47122,34.50688],[126.46213,34.52057],[126.45732,34.52041],[126.45833,34.52226],[126.45729,34.52335],[126.44871,34.52184],[126.44207,34.5225],[126.44319,34.52716],[126.45793,34.52978],[126.46046,34.53201],[126.45677,34.53524],[126.44758,34.53667],[126.44331,34.53935],[126.44006,34.53819],[126.43945,34.53588],[126.43437,34.53527],[126.43841,34.5385],[126.43816,34.54058],[126.43396,34.54402],[126.43569,34.54978],[126.42912,34.55538],[126.41984,34.55446],[126.415,34.55816],[126.41813,34.55316],[126.41766,34.54716],[126.40927,34.54839],[126.40225,34.54675],[126.4002,34.5456],[126.40343,34.5415],[126.40315,34.53902],[126.38999,34.53243],[126.38646,34.53249],[126.37847,34.53908],[126.38111,34.54209],[126.38494,34.54274],[126.38926,34.55074],[126.38904,34.55248],[126.3846,34.55306],[126.38545,34.55929],[126.38335,34.56183],[126.37983,34.56296],[126.3627,34.56014],[126.36051,34.56415],[126.35591,34.56591],[126.35455,34.56998],[126.35313,34.57046],[126.35275,34.56812],[126.35097,34.56731],[126.34106,34.56971],[126.33421,34.57332],[126.3276,34.56914],[126.32142,34.57019],[126.31358,34.56763],[126.31098,34.57119],[126.30645,34.57375],[126.30922,34.57655],[126.30604,34.57738],[126.30478,34.57521],[126.30377,34.57744],[126.31199,34.58398],[126.3127,34.58777],[126.30603,34.59068],[126.29924,34.59025],[126.29785,34.59233],[126.2988,34.59858],[126.29534,34.60071],[126.2938,34.59949],[126.29464,34.59657],[126.29157,34.59202],[126.28015,34.59542],[126.28041,34.59962],[126.28246,34.59927],[126.28425,34.60398],[126.28788,34.60492],[126.28219,34.60815],[126.28025,34.61162],[126.26343,34.60883],[126.259,34.61215],[126.26415,34.61111],[126.26987,34.61508],[126.27213,34.61317],[126.27989,34.61194],[126.28428,34.61789],[126.28056,34.62181],[126.28542,34.62251],[126.2895,34.62072],[126.28962,34.62719],[126.29417,34.62942],[126.28998,34.63552],[126.28583,34.63434],[126.28612,34.63152],[126.28463,34.63029],[126.27772,34.63039],[126.26056,34.64066],[126.25995,34.64524],[126.26715,34.64324],[126.26843,34.64767],[126.25974,34.65322],[126.25999,34.65479],[126.26281,34.65561],[126.26319,34.65848],[126.25885,34.66305],[126.25534,34.66423],[126.25567,34.66735],[126.25933,34.66911],[126.26036,34.67258],[126.26015,34.67638],[126.25586,34.6773],[126.25508,34.67946],[126.26084,34.68397],[126.259,34.70069],[126.26201,34.7078],[126.2649,34.70271],[126.26892,34.70165],[126.27148,34.70316],[126.27054,34.70643],[126.27461,34.71177],[126.27453,34.71744],[126.27851,34.71953],[126.27943,34.71733],[126.2809,34.71796],[126.2795,34.72127],[126.27582,34.72333],[126.27461,34.72727],[126.28409,34.74785],[126.28644,34.75528],[126.28581,34.7578],[126.28912,34.76003],[126.2988,34.76212],[126.31069,34.75337],[126.30764,34.74783],[126.31385,34.74611],[126.31749,34.75077],[126.32465,34.74284],[126.33248,34.74039],[126.33474,34.73796],[126.33394,34.73609],[126.32888,34.73565],[126.33054,34.72084],[126.33937,34.71803],[126.34769,34.71048],[126.34996,34.70549],[126.34942,34.70223],[126.34707,34.69994],[126.35487,34.69353],[126.35842,34.69355],[126.36327,34.69474],[126.36345,34.6971],[126.36892,34.69884],[126.37159,34.70474],[126.37,34.70624],[126.37266,34.70692],[126.37547,34.7104],[126.37378,34.71087],[126.37638,34.71467],[126.37895,34.71476],[126.3853,34.7198],[126.38936,34.73038],[126.36056,34.742],[126.36524,34.74917],[126.36927,34.74882],[126.36568,34.75121],[126.37546,34.75],[126.38045,34.75264],[126.38018,34.75787],[126.37294,34.75285],[126.37176,34.75402],[126.38035,34.76016],[126.38151,34.76383],[126.37903,34.7653],[126.38112,34.76859],[126.39771,34.77374],[126.40404,34.77326],[126.4051,34.7718],[126.42533,34.77834],[126.4344,34.77769],[126.44977,34.78277],[126.44567,34.78803],[126.44594,34.79049],[126.44098,34.79928],[126.42632,34.79329],[126.42572,34.79163],[126.41757,34.79114],[126.41127,34.7931],[126.41425,34.78834],[126.40604,34.78497],[126.40272,34.78537],[126.40119,34.78308],[126.38772,34.78091],[126.38997,34.78523],[126.39322,34.78708],[126.39166,34.78826],[126.38198,34.77927],[126.38171,34.78071],[126.3736,34.77979],[126.36873,34.78086],[126.36601,34.78942],[126.36022,34.79262],[126.36065,34.79368],[126.35,34.79636],[126.358,34.80384],[126.35683,34.80225],[126.35995,34.79963],[126.36534,34.80398],[126.36251,34.80628],[126.3597,34.80543],[126.36831,34.81135],[126.36826,34.81302],[126.38035,34.82768],[126.38341,34.82731],[126.38544,34.82911],[126.38224,34.83022],[126.38662,34.8295],[126.3883,34.83676],[126.39675,34.83805],[126.40077,34.84195],[126.41244,34.84275],[126.41219,34.84553],[126.40603,34.84957],[126.40723,34.85206],[126.40544,34.85698],[126.39504,34.86941],[126.39548,34.87233],[126.40203,34.87884],[126.40146,34.88039],[126.39211,34.88268],[126.3887,34.87779],[126.38668,34.87813],[126.38637,34.88233],[126.3904,34.88501],[126.39108,34.89099],[126.39382,34.89495],[126.3913,34.8998],[126.39698,34.89804],[126.40062,34.90048],[126.40502,34.9114],[126.39965,34.91727],[126.39148,34.92165],[126.39044,34.92717],[126.38864,34.92822],[126.39439,34.93103],[126.39852,34.93524],[126.39724,34.93682],[126.39167,34.93568],[126.38783,34.94695],[126.38993,34.95458],[126.39191,34.95547],[126.39424,34.96132],[126.39352,34.9649],[126.3795,34.97121],[126.38051,34.98753],[126.37389,34.9912],[126.37366,34.99891],[126.37214,34.99939],[126.36701,34.99317],[126.36797,34.98961],[126.36593,34.98205],[126.37008,34.97479],[126.36434,34.9719],[126.36122,34.97214],[126.3592,34.96852],[126.36129,34.96634],[126.36034,34.96371],[126.36825,34.96292],[126.3732,34.95753],[126.36933,34.94729],[126.36557,34.94347],[126.3734,34.9415],[126.37294,34.93907],[126.36888,34.93671],[126.36633,34.9326],[126.36696,34.92705],[126.36968,34.92363],[126.36754,34.92005],[126.35303,34.9223],[126.35117,34.92099],[126.35031,34.91671],[126.34267,34.91492],[126.33457,34.91691],[126.32972,34.91641],[126.32776,34.92493],[126.32983,34.92601],[126.32957,34.92829],[126.32637,34.93064],[126.32209,34.93058],[126.3218,34.92858],[126.31926,34.93214],[126.31139,34.92651],[126.30683,34.92819],[126.30574,34.9342],[126.31016,34.93365],[126.32091,34.94345],[126.3093,34.94866],[126.30664,34.95597],[126.30121,34.95758],[126.29507,34.96558],[126.29798,34.97436],[126.30385,34.9771],[126.30481,34.98473],[126.31039,34.98566],[126.31343,34.9884],[126.31272,34.98477],[126.31918,34.98032],[126.32116,34.97299],[126.32474,34.97238],[126.32726,34.96694],[126.33024,34.96712],[126.33187,34.96982],[126.33574,34.97178],[126.34284,34.97188],[126.34535,34.97342],[126.35171,34.98318],[126.3583,34.98462],[126.35863,34.9929],[126.35493,34.9926],[126.34072,34.99742],[126.33594,34.99514],[126.33433,34.99127],[126.33239,34.99338],[126.34736,35.00289],[126.36067,35.00851],[126.38127,35.02018],[126.3855,35.02378],[126.39023,35.0243],[126.39075,35.03033],[126.38868,35.03724],[126.38074,35.04944],[126.35768,35.04255],[126.35707,35.03838],[126.35261,35.03885],[126.34774,35.04652],[126.34737,35.04989],[126.35271,35.05279],[126.34945,35.05648],[126.34001,35.06037],[126.33378,35.0592],[126.33139,35.06184],[126.34019,35.06367],[126.34437,35.06908],[126.34407,35.07207],[126.33978,35.07639],[126.33362,35.08756],[126.32171,35.08929],[126.31638,35.08712],[126.31616,35.07774],[126.31134,35.07584],[126.3119,35.0735],[126.31646,35.07054],[126.31248,35.06701],[126.30519,35.06643],[126.30046,35.06202],[126.30142,35.05968],[126.31292,35.05838],[126.31443,35.05507],[126.30734,35.04977],[126.30482,35.04548],[126.29594,35.04159],[126.302,35.04684],[126.29433,35.05155],[126.29587,35.05474],[126.29155,35.05978],[126.28554,35.06208],[126.28169,35.06181],[126.28119,35.05752],[126.2772,35.05444],[126.26067,35.05343],[126.26069,35.04976],[126.26414,35.04244],[126.27415,35.03831],[126.27455,35.03444],[126.26623,35.02871],[126.26577,35.02243],[126.25949,35.01867],[126.25606,35.01304],[126.24978,35.01178],[126.2472,35.01361],[126.24403,35.0272],[126.24265,35.02754],[126.23942,35.02179],[126.24092,35.01936],[126.23892,35.01827],[126.22994,35.01749],[126.22731,35.01978],[126.22689,35.02329],[126.23181,35.02606],[126.22883,35.02761],[126.23049,35.03543],[126.22768,35.03809],[126.23164,35.04274],[126.23518,35.04436],[126.23273,35.05297],[126.22256,35.05787],[126.2091,35.05608],[126.20715,35.05464],[126.20909,35.05353],[126.19881,35.06296],[126.19099,35.05934],[126.18247,35.0578],[126.1823,35.06122],[126.1792,35.06658],[126.17554,35.06647],[126.17268,35.06355],[126.16863,35.06816],[126.16822,35.0723],[126.16508,35.06732],[126.16164,35.06666],[126.15958,35.07201],[126.16331,35.07385],[126.16248,35.07541],[126.16542,35.08314],[126.15839,35.08713],[126.15696,35.0906],[126.15927,35.0988],[126.17282,35.10621],[126.1781,35.10396],[126.18167,35.10895],[126.19041,35.1126],[126.20973,35.10294],[126.21253,35.10555],[126.21786,35.10657],[126.2246,35.10441],[126.23155,35.09918],[126.23609,35.10138],[126.25087,35.09669],[126.25353,35.1016],[126.25633,35.10178],[126.25895,35.10074],[126.25782,35.09399],[126.25939,35.09366],[126.26242,35.09588],[126.26193,35.10205],[126.2599,35.1044],[126.24921,35.10856],[126.24862,35.11099],[126.24334,35.11145],[126.24679,35.12178],[126.25314,35.13043],[126.25199,35.13331],[126.25926,35.13518],[126.25639,35.1389],[126.25906,35.14289],[126.2638,35.14578],[126.27133,35.14521],[126.27226,35.14598],[126.27075,35.14986],[126.27297,35.15013],[126.274,35.14529],[126.27832,35.14233],[126.27897,35.1357],[126.28698,35.13486],[126.29117,35.13622],[126.29243,35.13835],[126.30741,35.1377],[126.30871,35.13694],[126.30856,35.13271],[126.3058,35.13167],[126.30792,35.12754],[126.32062,35.12748],[126.33091,35.14153],[126.32969,35.14496],[126.32573,35.14614],[126.326,35.14959],[126.32976,35.15124],[126.33038,35.14885],[126.33435,35.14944],[126.34581,35.15972],[126.34764,35.15792],[126.34549,35.15567],[126.34463,35.1509],[126.34568,35.14756],[126.34463,35.14083],[126.34683,35.13872],[126.34434,35.13342],[126.34094,35.13044],[126.33845,35.12224],[126.34026,35.12023],[126.3343,35.11586],[126.33179,35.1099],[126.32963,35.10915],[126.33152,35.10495],[126.33512,35.10261],[126.33534,35.09864],[126.33118,35.09482],[126.33194,35.09325],[126.33474,35.09156],[126.34346,35.09175],[126.3487,35.09396],[126.35021,35.09872],[126.35158,35.10025],[126.35309,35.0997],[126.3533,35.09789],[126.35051,35.09505],[126.35205,35.08847],[126.35114,35.08703],[126.35026,35.08612],[126.34916,35.08829],[126.34245,35.0864],[126.34455,35.08359],[126.34455,35.07666],[126.34864,35.07545],[126.35028,35.07886],[126.3538,35.07827],[126.35785,35.07498],[126.36092,35.07494],[126.36244,35.07582],[126.3615,35.07784],[126.36271,35.07922],[126.3663,35.07842],[126.36777,35.07698],[126.36386,35.07494],[126.36753,35.07127],[126.36689,35.06678],[126.36512,35.06504],[126.37013,35.06178],[126.37408,35.06416],[126.37551,35.06921],[126.38295,35.0776],[126.38067,35.08205],[126.388,35.08666],[126.39162,35.08581],[126.38614,35.076],[126.38439,35.06672],[126.39073,35.06464],[126.39266,35.07133],[126.39684,35.07602],[126.40409,35.07095],[126.40474,35.06692],[126.40395,35.06858],[126.40275,35.06585],[126.40884,35.0625],[126.40535,35.05732],[126.4007,35.05549],[126.39845,35.05266],[126.40237,35.05022],[126.39471,35.0481],[126.3905,35.04302],[126.39358,35.04149],[126.39752,35.04288],[126.4009,35.04192],[126.4013,35.03723],[126.39912,35.03246],[126.40353,35.02699],[126.41111,35.02934],[126.41662,35.02661],[126.4275,35.02742],[126.42235,35.03609],[126.41829,35.03971],[126.41784,35.03857],[126.42148,35.04537],[126.41979,35.04428],[126.42312,35.04811],[126.4362,35.05347],[126.4437,35.05845],[126.45189,35.07163],[126.45756,35.07399],[126.45648,35.07603],[126.44678,35.07958],[126.44149,35.084],[126.43624,35.0841],[126.43594,35.08632],[126.4574,35.08986],[126.46505,35.09997],[126.46239,35.10215],[126.45379,35.10231],[126.4457,35.10622],[126.44026,35.10487],[126.43094,35.10748],[126.42168,35.10707],[126.40295,35.13681],[126.39647,35.13444],[126.3887,35.14179],[126.38656,35.14748],[126.38327,35.15017],[126.38224,35.15381],[126.38329,35.15871],[126.37762,35.1589],[126.375,35.15713],[126.36584,35.16846],[126.35912,35.1689],[126.36117,35.1712],[126.36036,35.17694],[126.3543,35.18407],[126.36719,35.18642],[126.37247,35.19007],[126.36869,35.19476],[126.36901,35.19808],[126.37219,35.19874],[126.3789,35.20867],[126.3768,35.2119],[126.36589,35.20514],[126.35384,35.20167],[126.35414,35.19616],[126.34196,35.19433],[126.3376,35.19243],[126.33841,35.19094],[126.33669,35.19572],[126.33878,35.20432],[126.34203,35.20759],[126.34225,35.21395],[126.33791,35.21256],[126.33956,35.20745],[126.33546,35.20459],[126.32997,35.20447],[126.32845,35.2027],[126.32133,35.20388],[126.31663,35.20512],[126.31498,35.20755],[126.31834,35.21524],[126.3159,35.2175],[126.31721,35.214],[126.31426,35.21001],[126.30603,35.2119],[126.30297,35.2114],[126.30553,35.21142],[126.3041,35.20925],[126.29955,35.2108],[126.29903,35.22275],[126.29684,35.2231],[126.30669,35.24411],[126.30805,35.2509],[126.31265,35.2532],[126.31638,35.24793],[126.32055,35.24529],[126.32594,35.24292],[126.32845,35.24398],[126.32848,35.2467],[126.32608,35.24747],[126.32398,35.25254],[126.32649,35.25695],[126.32235,35.26306],[126.32552,35.26589],[126.32976,35.26737],[126.33072,35.26642],[126.33957,35.27187],[126.34629,35.2748],[126.34725,35.2738],[126.34621,35.27486],[126.33256,35.26809],[126.32492,35.27114],[126.32958,35.27998],[126.33941,35.28604],[126.35024,35.28649],[126.35265,35.28296],[126.36121,35.28473],[126.37151,35.28431],[126.37042,35.28731],[126.36568,35.28711],[126.36586,35.29233],[126.36922,35.29204],[126.37081,35.2936],[126.37807,35.30587],[126.37568,35.31168],[126.37919,35.31965],[126.37848,35.32764],[126.38763,35.34377],[126.38733,35.35315],[126.39185,35.356],[126.39308,35.36322],[126.39719,35.36923],[126.40354,35.36899],[126.40312,35.3637],[126.40437,35.36288],[126.40619,35.36267],[126.40693,35.36542],[126.41252,35.36403],[126.42168,35.36536],[126.42872,35.35793],[126.43729,35.35877],[126.44315,35.35742],[126.44799,35.34859],[126.44871,35.35196],[126.44418,35.35774],[126.43864,35.35953],[126.42844,35.35951],[126.41788,35.3704],[126.41723,35.37383],[126.41058,35.37566],[126.40731,35.38203],[126.40936,35.38391],[126.40698,35.38643],[126.40702,35.39257],[126.40315,35.39407],[126.402,35.39615],[126.40305,35.40016],[126.4111,35.40561],[126.40287,35.40463],[126.4095,35.41323],[126.40687,35.41718],[126.41973,35.4259],[126.41002,35.43269],[126.41943,35.4265],[126.42316,35.4302],[126.42716,35.4264],[126.43887,35.43001],[126.44475,35.42734],[126.44645,35.42874],[126.46855,35.42515],[126.47603,35.42933],[126.47966,35.4265],[126.48039,35.42105],[126.49288,35.40924],[126.49094,35.40415],[126.49058,35.39515],[126.47738,35.38618],[126.48289,35.38463],[126.48328,35.38057],[126.48622,35.37758],[126.49741,35.3732],[126.49615,35.3576],[126.49214,35.35411],[126.49355,35.35038],[126.49695,35.35005],[126.50376,35.35866],[126.50824,35.36164],[126.51276,35.36203],[126.51388,35.35643],[126.52053,35.34835],[126.5172,35.33852],[126.51751,35.33414],[126.51563,35.32946],[126.51343,35.32949],[126.51386,35.32747],[126.5206,35.32531],[126.52435,35.31394],[126.52993,35.31231],[126.52977,35.30873],[126.53232,35.30674],[126.53938,35.31063],[126.54403,35.31005],[126.54813,35.31347],[126.56096,35.31187],[126.564,35.30953],[126.56834,35.31125],[126.57271,35.31015],[126.57671,35.30436],[126.58136,35.30359],[126.5849,35.30079],[126.58852,35.30715],[126.58945,35.31751],[126.585,35.31736],[126.58294,35.31571],[126.58093,35.31725],[126.58223,35.32057],[126.58121,35.32297],[126.58496,35.33018],[126.59805,35.33012],[126.60417,35.33566],[126.60815,35.33172],[126.62642,35.32135],[126.6448,35.31978],[126.64698,35.32474],[126.64428,35.3272],[126.64705,35.32846],[126.65173,35.32682],[126.65312,35.32804],[126.66076,35.33991],[126.66008,35.34424],[126.6644,35.34571],[126.66644,35.35149],[126.68231,35.34713],[126.68573,35.34424],[126.69182,35.35143],[126.69934,35.35009],[126.70462,35.36513],[126.71735,35.36475],[126.7225,35.36686],[126.73126,35.37688],[126.73219,35.38319],[126.72963,35.39461],[126.72251,35.39792],[126.72247,35.39993],[126.7362,35.40341],[126.73769,35.40599],[126.74446,35.40917],[126.74868,35.41559],[126.7542,35.4165],[126.75151,35.42276],[126.75173,35.4359],[126.74818,35.43993],[126.74382,35.44068],[126.73772,35.44949],[126.74101,35.45298],[126.74808,35.45058],[126.7495,35.45135],[126.75534,35.45626],[126.75778,35.46229],[126.7649,35.46706],[126.77093,35.46721],[126.7819,35.47063],[126.79235,35.46763],[126.81397,35.4688],[126.81476,35.47332],[126.81284,35.47614],[126.81388,35.48419],[126.82334,35.48691],[126.82786,35.48628],[126.83146,35.48037],[126.8433,35.47833],[126.84117,35.47145],[126.84166,35.46696],[126.83791,35.46453],[126.83954,35.46232],[126.85114,35.46574],[126.86324,35.46121],[126.86954,35.46164],[126.87484,35.4594],[126.87648,35.45683],[126.88112,35.4559],[126.88414,35.45131],[126.89677,35.44799],[126.89964,35.4427],[126.90511,35.44082],[126.89745,35.43475],[126.89777,35.43278],[126.90432,35.4297],[126.90188,35.42333],[126.90307,35.42063],[126.90777,35.42002],[126.90882,35.41541],[126.91636,35.41562],[126.91977,35.40995],[126.91661,35.40492],[126.91743,35.40214],[126.93316,35.40608],[126.93214,35.40159],[126.93,35.40019],[126.93537,35.39456],[126.9448,35.39445],[126.95427,35.39664],[126.9631,35.39495],[126.9761,35.40005],[126.97598,35.40727],[126.97162,35.41428],[126.97029,35.41979],[126.97138,35.42767],[126.97692,35.42814],[126.98163,35.42665],[126.98531,35.43673],[126.99455,35.4398],[127.0002,35.45243],[126.99802,35.4573],[127.00002,35.46287],[127.00303,35.46446],[127.00987,35.46169],[127.01429,35.45782],[127.02394,35.46423],[127.03472,35.46657],[127.03652,35.45981],[127.03492,35.45699],[127.035,35.44764],[127.03826,35.43772],[127.03735,35.43386],[127.04018,35.43179],[127.04483,35.43317],[127.04903,35.43108],[127.05232,35.42652],[127.04821,35.41854],[127.04514,35.40722],[127.04727,35.40468],[127.04693,35.40219],[127.04171,35.39872],[127.02702,35.39986],[127.02746,35.39468],[127.03076,35.38982],[127.03954,35.38401],[127.0391,35.38014],[127.04886,35.37737],[127.05505,35.38286],[127.05762,35.38265],[127.06432,35.37601],[127.06359,35.3699],[127.07063,35.36521],[127.06517,35.35655],[127.0699,35.3514],[127.06745,35.34546],[127.07025,35.33964],[127.06238,35.33625],[127.05525,35.34106],[127.05233,35.34026],[127.05095,35.32937],[127.04309,35.32189],[127.04621,35.3186],[127.05091,35.31672],[127.06178,35.31713],[127.06806,35.31142],[127.07185,35.31243],[127.07986,35.31053],[127.09676,35.30181],[127.10221,35.30138],[127.10524,35.29923],[127.11551,35.2996],[127.12599,35.30323],[127.12689,35.30658],[127.13009,35.30846],[127.14547,35.30898],[127.14679,35.31542],[127.1517,35.31786],[127.16087,35.32774],[127.17012,35.33274],[127.17296,35.33047],[127.18043,35.33291],[127.18616,35.33695],[127.18411,35.33167],[127.18476,35.32611],[127.18777,35.32256],[127.2036,35.31567],[127.2123,35.31684],[127.21657,35.33043],[127.22205,35.33489],[127.23277,35.33337],[127.23553,35.32923],[127.25717,35.31246],[127.28671,35.31402],[127.2988,35.3096],[127.3061,35.30461],[127.30989,35.30452],[127.32347,35.30741],[127.32558,35.31047],[127.32639,35.30923],[127.32946,35.31105],[127.33069,35.3149],[127.34632,35.31838],[127.35426,35.32236],[127.36769,35.31416],[127.37067,35.3146],[127.37552,35.3122],[127.38009,35.30368],[127.38457,35.30246],[127.3927,35.30735],[127.39277,35.31273],[127.39911,35.31686],[127.40116,35.32272],[127.40609,35.32442],[127.4088,35.32757],[127.42017,35.34523],[127.42141,35.35087],[127.43089,35.35811],[127.44136,35.36384],[127.4414,35.36211],[127.44373,35.36095],[127.45379,35.36074],[127.45824,35.36354],[127.46594,35.36353],[127.47077,35.36534],[127.47836,35.36397],[127.48571,35.35835],[127.49791,35.35989],[127.50202,35.35836],[127.50806,35.35318],[127.51399,35.35113],[127.51665,35.34729],[127.52447,35.34487],[127.53096,35.33604],[127.54063,35.33435],[127.54228,35.3285],[127.55229,35.32481],[127.55485,35.32198],[127.56783,35.31852],[127.5726,35.31208],[127.57748,35.3089],[127.57607,35.30608],[127.57737,35.29516],[127.58407,35.2911],[127.59114,35.27542],[127.59557,35.27201],[127.5957,35.26813],[127.61016,35.26205],[127.61266,35.25347],[127.61525,35.25039],[127.61332,35.24839],[127.61282,35.24162],[127.61918,35.23545],[127.62114,35.22465],[127.62073,35.21266],[127.61707,35.20958],[127.61688,35.20691],[127.62149,35.19179],[127.61814,35.1909],[127.62462,35.18257],[127.64,35.17074],[127.64837,35.16039],[127.65934,35.15896],[127.6757,35.14734],[127.68868,35.13517],[127.69463,35.125],[127.69485,35.10629],[127.69726,35.10178],[127.70662,35.09541],[127.71612,35.08347],[127.73635,35.0736],[127.73994,35.06336],[127.74326,35.06096],[127.75154,35.05672],[127.76532,35.05363],[127.76966,35.04623],[127.77163,35.03372],[127.77879,35.02473],[127.78484,35.02094],[127.78626,35.01761],[127.78677,35.01093],[127.78129,34.99686],[127.78004,34.98919],[127.77165,34.98106],[127.76403,34.97672],[127.75939,34.96678],[127.75772,34.96681],[127.75272,34.96199],[127.75396,34.95782],[127.76094,34.96022],[127.76773,34.95383],[127.76857,34.94626],[127.76675,34.94104],[127.76861,34.94102],[127.76854,34.93379],[127.7476,34.93348],[127.74476,34.93484],[127.74153,34.94087],[127.73977,34.94887],[127.74189,34.9523],[127.75356,34.95774],[127.75156,34.96194],[127.73998,34.95684],[127.73109,34.95485],[127.71794,34.94451],[127.71069,34.93556],[127.70111,34.9319],[127.69873,34.92518],[127.69752,34.92561],[127.6962,34.92321],[127.69777,34.92241],[127.69586,34.91895],[127.68323,34.92685],[127.68161,34.92977],[127.67232,34.93149],[127.66459,34.91868],[127.66276,34.91242],[127.66299,34.91086],[127.6689,34.90708],[127.67099,34.90309],[127.63934,34.88378],[127.63487,34.88826],[127.63697,34.88951],[127.62436,34.90218],[127.65638,34.90926],[127.64341,34.90669],[127.62274,34.90534],[127.62266,34.90772],[127.61737,34.91603],[127.61538,34.91306],[127.61419,34.91879],[127.59894,34.92629],[127.58043,34.92213],[127.57859,34.91883],[127.57922,34.91648],[127.57985,34.91877],[127.5907,34.9187],[127.60452,34.90455],[127.60447,34.90216],[127.60858,34.8978],[127.61353,34.89478],[127.61231,34.8931],[127.61327,34.8921],[127.59041,34.87726],[127.58959,34.87469],[127.60074,34.86156],[127.6043,34.85434],[127.61228,34.85796],[127.60444,34.85362],[127.60773,34.85077],[127.61081,34.84956],[127.60994,34.85327],[127.61319,34.85442],[127.62311,34.84447],[127.63632,34.84649],[127.63563,34.83941],[127.62965,34.8388],[127.6269,34.84059],[127.62681,34.83535],[127.63621,34.82808],[127.64276,34.83046],[127.66164,34.84461],[127.67036,34.83714],[127.68018,34.84497],[127.695,34.86474],[127.69687,34.86377],[127.69865,34.85924],[127.71997,34.85893],[127.72828,34.86181],[127.73002,34.86129],[127.72902,34.85963],[127.7333,34.85796],[127.7355,34.85462],[127.74304,34.85082],[127.74397,34.85145],[127.73978,34.86148],[127.75233,34.861],[127.76229,34.86356],[127.77408,34.86067],[127.77627,34.85495],[127.77488,34.83749],[127.76777,34.83133],[127.76869,34.82777],[127.76738,34.82505],[127.76856,34.82261],[127.77391,34.82257],[127.77448,34.82098],[127.76938,34.82053],[127.767,34.81831],[127.76912,34.81406],[127.76619,34.80924],[127.76925,34.80497],[127.7689,34.80274],[127.75888,34.80052],[127.75505,34.79298],[127.75686,34.78681],[127.74711,34.78064],[127.74518,34.77741],[127.74567,34.77482],[127.75436,34.76341],[127.75181,34.75466],[127.75747,34.75213],[127.75281,34.75382],[127.74839,34.74805],[127.75694,34.74303],[127.75481,34.73868],[127.74952,34.73612],[127.7456,34.73793],[127.74184,34.73686],[127.73297,34.73897],[127.73167,34.72934],[127.72367,34.72799],[127.71639,34.72443],[127.71675,34.72608],[127.70906,34.7237],[127.7046,34.72047],[127.6984,34.72101],[127.70008,34.72387],[127.69604,34.72735],[127.68438,34.734],[127.68234,34.73245],[127.67265,34.74168],[127.67413,34.7425],[127.67359,34.74572],[127.66843,34.74615],[127.6635,34.75],[127.66134,34.75421],[127.66425,34.75597],[127.65806,34.75561],[127.65543,34.74996],[127.65847,34.74635],[127.65255,34.74441],[127.64739,34.7331],[127.64012,34.72414],[127.63973,34.71433],[127.64258,34.70982],[127.64279,34.70621],[127.63873,34.7063],[127.63553,34.71024],[127.62626,34.71196],[127.62829,34.71731],[127.62504,34.71837],[127.62072,34.71304],[127.62194,34.70822],[127.61671,34.70973],[127.6135,34.70609],[127.61494,34.70336],[127.62485,34.69898],[127.62789,34.69585],[127.62524,34.69513],[127.62174,34.69058],[127.62334,34.68723],[127.6317,34.68317],[127.63418,34.68555],[127.63946,34.68342],[127.62844,34.67998],[127.61893,34.68466],[127.61734,34.68298],[127.62189,34.67801],[127.62455,34.67799],[127.62937,34.67483],[127.62947,34.67193],[127.63312,34.67015],[127.6316,34.66586],[127.6341,34.66309],[127.63364,34.65873],[127.63044,34.65613],[127.62991,34.64934],[127.63733,34.64877],[127.64084,34.65225],[127.64266,34.65045],[127.64021,34.64591],[127.6335,34.64552],[127.64032,34.64396],[127.63494,34.64156],[127.63317,34.63616],[127.63836,34.63599],[127.64306,34.63385],[127.64619,34.62881],[127.636,34.6262],[127.63435,34.62796],[127.63643,34.63007],[127.63398,34.63273],[127.63097,34.63276],[127.62546,34.62968],[127.62411,34.63077],[127.62597,34.63213],[127.62529,34.63451],[127.61516,34.64318],[127.60366,34.64569],[127.59003,34.65172],[127.58295,34.65211],[127.57461,34.64768],[127.57622,34.63955],[127.58264,34.63132],[127.581,34.63056],[127.57473,34.63571],[127.57333,34.64056],[127.56465,34.65481],[127.55883,34.65927],[127.55664,34.65767],[127.55359,34.6586],[127.55121,34.66468],[127.55253,34.6691],[127.55784,34.6715],[127.56014,34.67065],[127.56356,34.67533],[127.56258,34.67713],[127.55757,34.6791],[127.55578,34.67738],[127.55044,34.68212],[127.55158,34.69157],[127.55307,34.69367],[127.5586,34.69409],[127.55644,34.69618],[127.55938,34.70024],[127.56286,34.69808],[127.56869,34.69971],[127.57363,34.69891],[127.58027,34.69311],[127.58135,34.69389],[127.57724,34.7005],[127.5722,34.70382],[127.56941,34.70407],[127.56593,34.70065],[127.56429,34.70143],[127.56264,34.70427],[127.56323,34.70889],[127.55782,34.70757],[127.55912,34.70313],[127.55545,34.70038],[127.55317,34.7008],[127.55573,34.70533],[127.55686,34.71371],[127.55497,34.71443],[127.54923,34.71091],[127.54841,34.71245],[127.55205,34.71592],[127.55227,34.71962],[127.55499,34.71861],[127.56397,34.72405],[127.56408,34.72717],[127.56116,34.72886],[127.56127,34.7319],[127.56726,34.72795],[127.57622,34.73149],[127.57989,34.73559],[127.57761,34.73703],[127.57797,34.73886],[127.58415,34.73961],[127.58442,34.74319],[127.58177,34.74516],[127.58457,34.74628],[127.59203,34.74423],[127.59411,34.74846],[127.59027,34.75104],[127.5873,34.74962],[127.58554,34.75088],[127.58895,34.75363],[127.59018,34.7571],[127.58507,34.76736],[127.58164,34.76878],[127.57912,34.76128],[127.57234,34.7602],[127.57516,34.76925],[127.57169,34.77449],[127.5689,34.77705],[127.56167,34.77619],[127.56007,34.77749],[127.56351,34.78052],[127.56996,34.77931],[127.57145,34.78272],[127.56984,34.78261],[127.56786,34.78519],[127.56505,34.79206],[127.55854,34.79619],[127.56064,34.80245],[127.55743,34.80674],[127.55379,34.80905],[127.54619,34.81028],[127.54294,34.8089],[127.54347,34.806],[127.53843,34.80556],[127.53286,34.80666],[127.52746,34.8111],[127.52548,34.80918],[127.52327,34.81009],[127.52604,34.82245],[127.53809,34.83167],[127.54279,34.84026],[127.54298,34.84357],[127.53987,34.84157],[127.53406,34.84104],[127.52585,34.84515],[127.52323,34.84961],[127.52288,34.85771],[127.51941,34.86024],[127.5167,34.87254],[127.51785,34.87868],[127.51622,34.87514],[127.5128,34.87319],[127.49265,34.87555],[127.49022,34.87441],[127.4903,34.86727],[127.49349,34.86704],[127.49443,34.86323],[127.49279,34.85801],[127.49008,34.85727],[127.49272,34.85205],[127.49216,34.84761],[127.48979,34.84385],[127.48596,34.84174],[127.46696,34.84472],[127.46156,34.84117],[127.45207,34.84031],[127.44729,34.83666],[127.43989,34.83645],[127.43814,34.84193],[127.4364,34.84187],[127.43721,34.84563],[127.43917,34.84613],[127.43605,34.84547],[127.43253,34.8361],[127.42768,34.83541],[127.42588,34.83236],[127.41702,34.83267],[127.41162,34.83851],[127.41591,34.8343],[127.418,34.82896],[127.40078,34.8251],[127.39593,34.82522],[127.39034,34.82841],[127.38358,34.83602],[127.36768,34.83517],[127.35839,34.83788],[127.35501,34.84048],[127.35352,34.83944],[127.35418,34.83691],[127.36673,34.8311],[127.38305,34.82671],[127.39205,34.81455],[127.39576,34.8143],[127.39989,34.81678],[127.40597,34.81471],[127.41087,34.81501],[127.41206,34.81306],[127.41853,34.81128],[127.42329,34.813],[127.42485,34.81601],[127.42616,34.81517],[127.42708,34.81168],[127.41829,34.80937],[127.4128,34.80257],[127.40655,34.80241],[127.39515,34.79672],[127.39487,34.7905],[127.39078,34.79126],[127.38946,34.78639],[127.39341,34.78351],[127.3919,34.78325],[127.39063,34.78539],[127.38708,34.78397],[127.38566,34.77463],[127.38977,34.77433],[127.39119,34.77631],[127.39324,34.77614],[127.39468,34.77302],[127.40037,34.77101],[127.40258,34.76703],[127.39684,34.75679],[127.38853,34.75208],[127.37997,34.75087],[127.37293,34.74155],[127.37931,34.73311],[127.3801,34.72903],[127.37881,34.72719],[127.3847,34.7218],[127.39318,34.71878],[127.38878,34.71776],[127.3907,34.7111],[127.39671,34.70658],[127.40188,34.70748],[127.4073,34.70433],[127.40669,34.70248],[127.40168,34.70321],[127.40287,34.7008],[127.41542,34.69511],[127.4186,34.6917],[127.4214,34.69205],[127.42469,34.68807],[127.42326,34.68666],[127.42836,34.68029],[127.43299,34.67974],[127.42881,34.67679],[127.42621,34.67701],[127.42816,34.67403],[127.43617,34.678],[127.43959,34.67746],[127.44907,34.67156],[127.44756,34.6661],[127.44428,34.6631],[127.4453,34.66202],[127.44871,34.66219],[127.45289,34.66499],[127.45349,34.66769],[127.45689,34.66843],[127.45695,34.66614],[127.46452,34.66246],[127.47045,34.66485],[127.47536,34.65825],[127.47419,34.65448],[127.48088,34.65125],[127.48676,34.65167],[127.4895,34.64935],[127.49003,34.64806],[127.48797,34.6482],[127.48824,34.64719],[127.49184,34.64378],[127.49031,34.64225],[127.486,34.64269],[127.47707,34.64868],[127.47219,34.64307],[127.47502,34.64197],[127.47342,34.64102],[127.46904,34.64129],[127.4637,34.64944],[127.45859,34.6472],[127.45866,34.64556],[127.4616,34.64044],[127.47428,34.63522],[127.48268,34.63594],[127.49141,34.63241],[127.49335,34.6343],[127.49637,34.63189],[127.49427,34.6265],[127.49763,34.62022],[127.49721,34.61503],[127.50322,34.60958],[127.5063,34.60327],[127.50572,34.59485],[127.5075,34.59489],[127.50809,34.59219],[127.50197,34.59351],[127.49654,34.5899],[127.49347,34.58395],[127.48893,34.58222],[127.48605,34.57801],[127.48748,34.5736],[127.48116,34.57598],[127.48249,34.57735],[127.48022,34.57856],[127.47556,34.57804],[127.47572,34.57429],[127.46181,34.58065],[127.46077,34.58181],[127.46181,34.59083],[127.45793,34.59163],[127.4529,34.58769],[127.45588,34.58731],[127.45702,34.58432],[127.44512,34.57695],[127.4335,34.58286],[127.43444,34.58562],[127.4333,34.58857],[127.41981,34.58274],[127.41422,34.58504],[127.41511,34.58888],[127.41107,34.59005],[127.40082,34.58962],[127.39536,34.58677],[127.39405,34.58095],[127.39904,34.57593],[127.40599,34.58025],[127.40872,34.57874],[127.4039,34.5731],[127.40423,34.56896],[127.39626,34.56358],[127.39633,34.5596],[127.40949,34.55567],[127.41428,34.55849],[127.41765,34.55836],[127.415,34.5565],[127.4174,34.55496],[127.4228,34.55708],[127.42366,34.55617],[127.41706,34.55345],[127.41968,34.55079],[127.42079,34.55267],[127.42625,34.55261],[127.42801,34.55502],[127.43126,34.55594],[127.42991,34.55268],[127.42644,34.55161],[127.4265,34.54916],[127.42857,34.54862],[127.4332,34.55227],[127.43847,34.5487],[127.43181,34.54337],[127.42836,34.54446],[127.42674,34.54237],[127.43449,34.54074],[127.43621,34.53744],[127.43508,34.53509],[127.43245,34.53752],[127.4284,34.53703],[127.42344,34.52879],[127.4263,34.52102],[127.43135,34.5201],[127.42751,34.51802],[127.42288,34.51952],[127.42219,34.51792],[127.43004,34.51505],[127.42956,34.51229],[127.42533,34.51171],[127.41776,34.5156],[127.41821,34.51852],[127.41355,34.52117],[127.40569,34.51801],[127.40411,34.51546],[127.404,34.51402],[127.40728,34.51249],[127.40506,34.5099],[127.40464,34.50627],[127.40041,34.50472],[127.39375,34.50535],[127.39208,34.50645],[127.3925,34.50935],[127.38901,34.50992],[127.38716,34.50877],[127.38808,34.50702],[127.3853,34.50515],[127.37611,34.50373],[127.38488,34.49653],[127.38684,34.49357],[127.38561,34.49183],[127.39129,34.48863],[127.38685,34.48346],[127.38327,34.48544],[127.38054,34.48243],[127.38028,34.486],[127.37824,34.48757],[127.37557,34.4854],[127.37425,34.48122],[127.37065,34.48024],[127.3657,34.48352],[127.36663,34.48693],[127.35866,34.49202],[127.35363,34.49013],[127.35347,34.48357],[127.34859,34.47754],[127.34661,34.47913],[127.34994,34.48117],[127.34869,34.48386],[127.34407,34.48343],[127.34366,34.48782],[127.34009,34.48844],[127.34102,34.4806],[127.3339,34.47916],[127.33143,34.47579],[127.32512,34.47653],[127.32551,34.47339],[127.33083,34.47352],[127.3358,34.47075],[127.33726,34.46764],[127.33252,34.46366],[127.33138,34.46698],[127.32375,34.47034],[127.31913,34.46774],[127.31903,34.46579],[127.32072,34.46483],[127.31979,34.46314],[127.31752,34.46347],[127.32131,34.46022],[127.32269,34.46308],[127.33712,34.45712],[127.33906,34.45437],[127.33966,34.44768],[127.33791,34.44546],[127.32782,34.44161],[127.32581,34.44403],[127.3274,34.44537],[127.32614,34.44621],[127.32472,34.44533],[127.32489,34.44247],[127.32163,34.44151],[127.31852,34.44528],[127.31586,34.44509],[127.31169,34.45031],[127.30652,34.4486],[127.30484,34.45],[127.30516,34.45413],[127.3089,34.45534],[127.31627,34.45385],[127.31327,34.45961],[127.31019,34.46206],[127.30635,34.46181],[127.30228,34.45758],[127.30199,34.45924],[127.30486,34.46212],[127.30428,34.46468],[127.29777,34.46337],[127.30157,34.46741],[127.30092,34.47068],[127.2927,34.47154],[127.28929,34.47591],[127.28057,34.47914],[127.28085,34.48091],[127.27766,34.48051],[127.27666,34.47829],[127.2676,34.48298],[127.26997,34.48447],[127.26971,34.48646],[127.27379,34.49236],[127.2764,34.49262],[127.28038,34.48983],[127.28264,34.49095],[127.28153,34.49397],[127.27855,34.49528],[127.28346,34.49742],[127.28143,34.50209],[127.27676,34.50288],[127.26878,34.51032],[127.25934,34.51411],[127.25527,34.52075],[127.24413,34.52153],[127.2441,34.51542],[127.2502,34.51526],[127.24276,34.51505],[127.24121,34.51781],[127.23244,34.51827],[127.23136,34.52039],[127.23379,34.52458],[127.22525,34.52626],[127.22088,34.53467],[127.21646,34.52984],[127.21481,34.52505],[127.21253,34.52711],[127.20936,34.52673],[127.20919,34.5206],[127.21215,34.51696],[127.20928,34.51664],[127.20773,34.52104],[127.19924,34.52699],[127.1948,34.53238],[127.17841,34.53115],[127.17345,34.52621],[127.17592,34.52383],[127.17171,34.51939],[127.17161,34.52144],[127.16678,34.52614],[127.15366,34.52425],[127.15152,34.52637],[127.15032,34.52463],[127.15108,34.52106],[127.14582,34.52102],[127.14278,34.52356],[127.13735,34.52339],[127.135,34.52601],[127.12593,34.52934],[127.1235,34.52814],[127.12159,34.53015],[127.12187,34.54051],[127.11277,34.54746],[127.11487,34.55538],[127.11408,34.55954],[127.11956,34.56266],[127.12916,34.57306],[127.13602,34.57356],[127.13675,34.57529],[127.13321,34.57657],[127.13325,34.57829],[127.13804,34.57938],[127.14443,34.58448],[127.14516,34.58656],[127.14286,34.59046],[127.14896,34.60044],[127.15073,34.5978],[127.15063,34.59404],[127.15813,34.59254],[127.15934,34.59099],[127.16585,34.59094],[127.17123,34.59421],[127.17209,34.59579],[127.16768,34.60257],[127.1714,34.60531],[127.17258,34.6105],[127.17385,34.6218],[127.17163,34.62349],[127.1729,34.62707],[127.18251,34.63255],[127.18933,34.64338],[127.19441,34.64457],[127.19608,34.65139],[127.19996,34.64839],[127.2278,34.6547],[127.22825,34.6629],[127.23262,34.67981],[127.24128,34.68134],[127.24326,34.68322],[127.24353,34.6867],[127.23852,34.68932],[127.23676,34.69284],[127.24093,34.69199],[127.24226,34.69455],[127.23958,34.6972],[127.2403,34.70017],[127.24362,34.69999],[127.24764,34.7022],[127.25218,34.70809],[127.25138,34.71174],[127.25935,34.71205],[127.26274,34.71557],[127.26929,34.71222],[127.27458,34.71624],[127.27509,34.71947],[127.28099,34.71833],[127.27701,34.71122],[127.28008,34.7102],[127.28151,34.7058],[127.27953,34.69938],[127.28453,34.69874],[127.28653,34.69648],[127.28405,34.69486],[127.28518,34.69105],[127.27996,34.68684],[127.28088,34.68264],[127.27722,34.67813],[127.27757,34.67448],[127.28522,34.67005],[127.28482,34.66673],[127.29681,34.66788],[127.30476,34.66643],[127.30552,34.66749],[127.31422,34.66441],[127.31972,34.67005],[127.32031,34.6789],[127.31857,34.68108],[127.32334,34.68782],[127.32727,34.68938],[127.32605,34.69292],[127.33029,34.69882],[127.33218,34.70629],[127.3351,34.70855],[127.34448,34.70964],[127.34319,34.71295],[127.34415,34.71441],[127.34271,34.71572],[127.3374,34.71329],[127.33287,34.71483],[127.32725,34.73496],[127.32687,34.75183],[127.31586,34.75304],[127.30377,34.74973],[127.30159,34.74583],[127.29679,34.74256],[127.29454,34.73271],[127.2927,34.73095],[127.28938,34.73134],[127.28589,34.7362],[127.27793,34.73417],[127.27913,34.73787],[127.27213,34.74171],[127.27016,34.73813],[127.26563,34.73571],[127.26429,34.73167],[127.25986,34.73315],[127.25231,34.74179],[127.2524,34.74778],[127.24431,34.75869],[127.24184,34.76001],[127.22931,34.75759],[127.20899,34.73759],[127.21133,34.7309],[127.20609,34.72241],[127.20592,34.71866],[127.20047,34.71409],[127.19769,34.70627],[127.19067,34.70387],[127.18888,34.69902],[127.18465,34.69454],[127.17774,34.69176],[127.17161,34.69281],[127.15812,34.6918],[127.15016,34.69401],[127.14328,34.69316],[127.1353,34.70164],[127.12977,34.70277],[127.12426,34.70136],[127.11436,34.69343],[127.1068,34.67742],[127.09937,34.67483],[127.09512,34.66971],[127.08674,34.66927],[127.08309,34.66537],[127.07743,34.66499],[127.07257,34.6624],[127.06668,34.66324],[127.06176,34.65612],[127.06309,34.6514],[127.05696,34.64796],[127.04614,34.63497],[127.04381,34.6366],[127.03848,34.63626],[127.03249,34.63342],[127.02753,34.62777],[127.02322,34.62852],[127.01379,34.6249],[126.98434,34.6279],[126.96733,34.62519],[126.95699,34.63056],[126.96713,34.62292],[126.97871,34.62457],[126.99138,34.62173],[126.99413,34.62328],[126.99515,34.62091],[126.99418,34.61457],[127.00077,34.61079],[127.0079,34.60958],[127.00906,34.6076],[127.00867,34.60542],[127.00357,34.60559],[127.00203,34.60344],[126.9995,34.60481],[126.9972,34.60397],[126.99955,34.60217],[126.99962,34.59796],[126.99295,34.59393],[126.99261,34.58277],[126.98348,34.5755],[126.97898,34.57412],[126.98563,34.56869],[126.99797,34.56578],[127.00326,34.57001],[127.0068,34.56966],[127.00461,34.56943],[127.00587,34.56456],[127.00339,34.56154],[127.00519,34.55823],[127.00319,34.55494],[126.99807,34.5622],[126.98913,34.56166],[126.9867,34.5558],[126.98852,34.55126],[126.98597,34.54674],[126.98933,34.53969],[126.98532,34.5397],[126.97483,34.51016],[126.96812,34.50891],[126.9689,34.50364],[126.96764,34.50414],[126.96447,34.49794],[126.96795,34.49973],[126.96967,34.49833],[126.96375,34.49655],[126.96636,34.49256],[126.97099,34.48945],[126.97728,34.48774],[126.97895,34.48219],[126.97874,34.47128],[126.97606,34.46971],[126.97508,34.47468],[126.96773,34.4776],[126.9621,34.47152],[126.96336,34.46812],[126.9615,34.46935],[126.95608,34.46835],[126.95397,34.47099],[126.95447,34.47331],[126.95096,34.4744],[126.94675,34.48149],[126.94415,34.48288],[126.94137,34.48216],[126.94112,34.4772],[126.93784,34.47849],[126.93774,34.47647],[126.94033,34.47109],[126.94129,34.46304],[126.94522,34.461],[126.94703,34.45692],[126.93887,34.45089],[126.93882,34.44727],[126.92887,34.44705],[126.92549,34.45273],[126.89047,34.4563],[126.89043,34.45614]],[[126.47818,34.73899],[126.46438,34.73698],[126.4568,34.72814],[126.44986,34.73347],[126.45307,34.73697],[126.44918,34.73819],[126.45106,34.74163],[126.44973,34.74371],[126.44778,34.74391],[126.43963,34.73786],[126.4303,34.73908],[126.43098,34.74322],[126.42553,34.74422],[126.41942,34.7369],[126.4198,34.73443],[126.42547,34.73043],[126.42381,34.72805],[126.41384,34.73118],[126.40075,34.73161],[126.39803,34.73333],[126.40376,34.73148],[126.40355,34.73814],[126.39588,34.74037],[126.39489,34.73913],[126.3969,34.73478],[126.39234,34.73354],[126.38828,34.72578],[126.4233,34.71931],[126.46286,34.70945],[126.46999,34.71731],[126.4696,34.72047],[126.47582,34.7303],[126.47581,34.73368],[126.47814,34.73511],[126.47822,34.73892],[126.47818,34.73899]],[[126.80949,35.05229],[126.81858,35.05277],[126.82186,35.05995],[126.82596,35.06197],[126.83597,35.06386],[126.83683,35.06567],[126.84408,35.06543],[126.84844,35.07222],[126.85381,35.07429],[126.85561,35.07836],[126.86113,35.07894],[126.86537,35.07535],[126.87168,35.07434],[126.8854,35.08159],[126.89199,35.07795],[126.89511,35.08071],[126.90581,35.08205],[126.91071,35.08743],[126.91803,35.09152],[126.92105,35.09147],[126.92467,35.088],[126.92609,35.08239],[126.93253,35.07781],[126.9323,35.07439],[126.94716,35.07266],[126.9539,35.0741],[126.9583,35.0787],[126.9586,35.08259],[126.96281,35.0872],[126.96651,35.08939],[126.98895,35.09499],[126.98635,35.10595],[126.98921,35.10988],[126.99993,35.11405],[126.99869,35.11576],[127.00459,35.12176],[127.01061,35.12431],[127.01183,35.12782],[127.00888,35.13262],[127.00891,35.13994],[127.00718,35.14387],[127.00896,35.15098],[127.00774,35.15593],[127.01112,35.15893],[127.01173,35.16132],[127.01,35.16368],[127.01136,35.16617],[127.01681,35.16533],[127.02087,35.16726],[127.02228,35.17136],[127.01671,35.17488],[127.007,35.18523],[126.99997,35.18882],[126.99668,35.189],[126.99111,35.18639],[126.98576,35.18857],[126.98199,35.18393],[126.97397,35.18613],[126.97212,35.18495],[126.97169,35.17984],[126.96815,35.18114],[126.95862,35.19309],[126.9661,35.20199],[126.96515,35.20369],[126.96038,35.20493],[126.95027,35.21643],[126.94896,35.2209],[126.95184,35.22459],[126.94879,35.22916],[126.94353,35.23174],[126.94275,35.23499],[126.93263,35.24156],[126.93374,35.24693],[126.92937,35.25241],[126.9214,35.25323],[126.91461,35.25821],[126.90409,35.2578],[126.90016,35.25382],[126.8914,35.24988],[126.88953,35.24667],[126.87921,35.24804],[126.87958,35.25152],[126.86914,35.24618],[126.86315,35.24554],[126.86002,35.24034],[126.84807,35.23574],[126.84727,35.23723],[126.8443,35.23699],[126.83504,35.22877],[126.82505,35.23183],[126.82394,35.22578],[126.81966,35.22597],[126.80539,35.21827],[126.8044,35.22132],[126.79527,35.2198],[126.78954,35.22389],[126.78142,35.22491],[126.77488,35.23048],[126.75526,35.23436],[126.75385,35.23709],[126.75522,35.24113],[126.76063,35.24715],[126.76385,35.25403],[126.76338,35.25652],[126.76029,35.2587],[126.75054,35.25642],[126.74839,35.25333],[126.74187,35.251],[126.73724,35.25289],[126.72996,35.2436],[126.72909,35.2373],[126.72568,35.23496],[126.71875,35.22259],[126.72072,35.21883],[126.71774,35.21242],[126.7107,35.21227],[126.70256,35.20756],[126.69666,35.20978],[126.69043,35.215],[126.68705,35.21519],[126.68454,35.20984],[126.67758,35.20254],[126.67712,35.19105],[126.67443,35.19118],[126.67206,35.19426],[126.65907,35.19226],[126.65625,35.1941],[126.6532,35.19252],[126.65792,35.18629],[126.66176,35.18472],[126.66368,35.18222],[126.66258,35.18045],[126.67212,35.17309],[126.67043,35.16952],[126.65708,35.16662],[126.65422,35.16455],[126.65463,35.15835],[126.65142,35.15482],[126.65351,35.15278],[126.65015,35.14765],[126.64498,35.14656],[126.64756,35.14404],[126.65332,35.14396],[126.65283,35.14091],[126.65489,35.1368],[126.65172,35.12051],[126.65709,35.11328],[126.66339,35.1148],[126.66911,35.11126],[126.66896,35.1079],[126.66697,35.10657],[126.66942,35.1046],[126.67633,35.10489],[126.67997,35.10749],[126.68444,35.10764],[126.68322,35.11141],[126.6849,35.11202],[126.68988,35.11122],[126.69597,35.10749],[126.6984,35.10798],[126.70163,35.11232],[126.7054,35.11301],[126.70883,35.10947],[126.71585,35.11074],[126.7195,35.10842],[126.72839,35.10741],[126.73128,35.10811],[126.73062,35.11142],[126.73266,35.11286],[126.73644,35.10823],[126.74904,35.10076],[126.75399,35.09264],[126.76187,35.09103],[126.76565,35.08273],[126.7648,35.07875],[126.77135,35.07018],[126.767,35.06818],[126.75825,35.06864],[126.75414,35.06685],[126.75318,35.06476],[126.75674,35.05824],[126.75963,35.06245],[126.76511,35.06436],[126.76843,35.06141],[126.76734,35.05636],[126.76834,35.05456],[126.77442,35.05272],[126.78159,35.05384],[126.79523,35.06112],[126.79694,35.05905],[126.8012,35.0582],[126.80358,35.05242],[126.80777,35.05123],[126.80949,35.05229]]]]},"properties":{"name":"전라남도","code":"36"}},{"type":"Feature","geometry":{"type":"MultiPolygon","coordinates":[[[[129.4762,35.69277],[129.47621,35.69275],[129.4762,35.69277]]],[[[129.40119,36.03899],[129.40116,36.03898],[129.40117,36.03898],[129.40119,36.03899]]],[[[129.41159,36.07245],[129.4116,36.07167],[129.41134,36.07199],[129.41159,36.07245]]],[[[129.41918,36.89238],[129.41924,36.89212],[129.41918,36.89238]]],[[[129.41918,36.89238],[129.41816,36.89343],[129.41532,36.88961],[129.42204,36.87374],[129.41991,36.86862],[129.42353,36.85944],[129.42931,36.84834],[129.44556,36.83223],[129.44795,36.82779],[129.44553,36.82739],[129.44726,36.82456],[129.45705,36.81429],[129.45783,36.8034],[129.46272,36.79648],[129.46234,36.78864],[129.47804,36.76827],[129.47647,36.76408],[129.46804,36.75736],[129.46885,36.74774],[129.47625,36.73384],[129.47697,36.72793],[129.47322,36.72475],[129.47175,36.72089],[129.47391,36.71344],[129.475,36.6979],[129.46871,36.69435],[129.46779,36.68833],[129.46494,36.68658],[129.46535,36.67968],[129.45695,36.67281],[129.45914,36.67651],[129.46185,36.67777],[129.45902,36.68178],[129.45672,36.68147],[129.44715,36.67761],[129.43856,36.67139],[129.43103,36.65924],[129.42827,36.64879],[129.42343,36.64502],[129.42194,36.64162],[129.41764,36.63935],[129.41708,36.63031],[129.4121,36.62236],[129.412,36.61815],[129.41628,36.60341],[129.41531,36.59919],[129.41177,36.59818],[129.4102,36.59593],[129.41216,36.58605],[129.42169,36.57067],[129.43135,36.56242],[129.43188,36.56036],[129.43684,36.55865],[129.43326,36.5595],[129.43177,36.55729],[129.43457,36.55751],[129.44031,36.55227],[129.44082,36.54839],[129.43922,36.54478],[129.44071,36.54285],[129.43922,36.53714],[129.4418,36.52212],[129.44477,36.51777],[129.44393,36.51248],[129.453,36.51076],[129.44872,36.51123],[129.4474,36.50777],[129.4495,36.50775],[129.44943,36.50958],[129.45285,36.50951],[129.4533,36.50819],[129.45111,36.5056],[129.4467,36.50432],[129.44653,36.49693],[129.44393,36.49246],[129.44447,36.48897],[129.43433,36.48347],[129.43292,36.48119],[129.43268,36.47684],[129.43752,36.46562],[129.43516,36.45359],[129.43684,36.44722],[129.43301,36.43747],[129.43595,36.42546],[129.43123,36.41745],[129.42942,36.40902],[129.42165,36.40004],[129.41742,36.39833],[129.41398,36.39153],[129.4108,36.38898],[129.40935,36.39025],[129.40755,36.38878],[129.4061,36.38177],[129.39477,36.36747],[129.39496,36.36115],[129.38803,36.35554],[129.38839,36.34901],[129.38659,36.34458],[129.38231,36.34192],[129.37933,36.33302],[129.38177,36.32221],[129.38096,36.31908],[129.379,36.31828],[129.37981,36.30938],[129.37737,36.30685],[129.3797,36.29893],[129.37821,36.29539],[129.37968,36.29418],[129.37817,36.29293],[129.37836,36.29032],[129.37544,36.28996],[129.37458,36.28817],[129.37844,36.27764],[129.38053,36.2772],[129.38138,36.27484],[129.3758,36.2696],[129.3729,36.25508],[129.38224,36.24133],[129.38639,36.23986],[129.38094,36.23027],[129.38598,36.22186],[129.38656,36.21748],[129.38146,36.20967],[129.37256,36.20702],[129.3727,36.19681],[129.3764,36.19037],[129.38163,36.18604],[129.38722,36.18371],[129.38833,36.18425],[129.38662,36.18641],[129.39171,36.18407],[129.39345,36.1814],[129.39516,36.17241],[129.40002,36.1645],[129.39777,36.16086],[129.39825,36.15668],[129.40054,36.15369],[129.395,36.14163],[129.39795,36.13459],[129.42578,36.11379],[129.43015,36.11217],[129.4312,36.11365],[129.4399,36.11248],[129.43124,36.11244],[129.43223,36.11067],[129.43973,36.11065],[129.43958,36.09727],[129.43285,36.09708],[129.43249,36.10058],[129.43067,36.10059],[129.42904,36.09429],[129.42903,36.09641],[129.42717,36.09613],[129.41774,36.08558],[129.41717,36.08136],[129.41985,36.07669],[129.41798,36.07372],[129.40902,36.07281],[129.40157,36.06971],[129.39604,36.06307],[129.38351,36.06327],[129.38019,36.06021],[129.37813,36.05449],[129.37823,36.0523],[129.38159,36.05077],[129.38317,36.04786],[129.38022,36.05093],[129.37621,36.05189],[129.37259,36.04987],[129.3762,36.04996],[129.37726,36.0415],[129.38579,36.02849],[129.40138,36.03873],[129.41182,36.03572],[129.4015,36.03909],[129.43154,36.03038],[129.43183,36.02728],[129.41837,36.02642],[129.40747,36.02931],[129.39556,36.01794],[129.40264,36.01258],[129.40677,36.01387],[129.40387,36.01134],[129.40702,36.0089],[129.40971,36.0112],[129.4101,36.01605],[129.41275,36.0163],[129.4124,36.01182],[129.4157,36.01216],[129.41606,36.01665],[129.41829,36.01686],[129.41796,36.01284],[129.42248,36.01346],[129.42232,36.01888],[129.42395,36.02239],[129.42315,36.01117],[129.41414,36.00458],[129.42359,36.01012],[129.41768,36.00627],[129.42259,36.0004],[129.44363,35.99212],[129.45149,35.99158],[129.45581,35.99315],[129.45795,35.99753],[129.45635,35.99995],[129.45877,36.00339],[129.48253,36.01653],[129.48859,36.01641],[129.50323,36.02569],[129.50326,36.03425],[129.50482,36.03707],[129.51533,36.04329],[129.52012,36.05082],[129.52289,36.05235],[129.52302,36.0552],[129.52532,36.05802],[129.53071,36.05648],[129.53348,36.05789],[129.53615,36.06477],[129.5404,36.06797],[129.54062,36.07274],[129.54545,36.07603],[129.54718,36.08489],[129.55143,36.08421],[129.55561,36.08608],[129.55856,36.08406],[129.55979,36.07996],[129.56195,36.07833],[129.56552,36.07919],[129.57029,36.07786],[129.56862,36.06882],[129.57528,36.06235],[129.57867,36.04882],[129.5821,36.04824],[129.58361,36.04629],[129.57877,36.03979],[129.5813,36.03705],[129.57713,36.03388],[129.57799,36.03237],[129.58227,36.03169],[129.58204,36.0285],[129.57763,36.02669],[129.57721,36.02457],[129.58018,36.02285],[129.58442,36.01654],[129.57735,36.01177],[129.57793,36.0073],[129.57116,36.00307],[129.56662,35.99729],[129.56652,35.9933],[129.56824,35.99154],[129.56727,35.98996],[129.56133,35.9895],[129.55763,35.9866],[129.56029,35.98952],[129.55643,35.99068],[129.55254,35.98729],[129.55193,35.98559],[129.55486,35.98307],[129.55853,35.98415],[129.55168,35.97875],[129.55165,35.97392],[129.55435,35.96822],[129.54896,35.96665],[129.54736,35.96426],[129.55047,35.96067],[129.54705,35.95747],[129.54643,35.95344],[129.54303,35.95157],[129.54373,35.94942],[129.54025,35.94987],[129.53528,35.94414],[129.53203,35.93626],[129.5294,35.93464],[129.53102,35.93189],[129.52577,35.9313],[129.52813,35.93313],[129.52335,35.93346],[129.51906,35.92903],[129.51861,35.92013],[129.52259,35.91647],[129.52748,35.90493],[129.53414,35.9003],[129.53398,35.89889],[129.52756,35.8979],[129.52532,35.89591],[129.52528,35.88938],[129.52927,35.88354],[129.52721,35.88125],[129.52041,35.88176],[129.51885,35.87931],[129.51884,35.87367],[129.52517,35.87121],[129.53297,35.87157],[129.53434,35.86841],[129.52727,35.86373],[129.52509,35.85436],[129.51965,35.85088],[129.5173,35.84188],[129.5206,35.83767],[129.51455,35.83365],[129.51013,35.82604],[129.50978,35.82174],[129.51277,35.817],[129.51018,35.81176],[129.51105,35.80873],[129.51274,35.8085],[129.51213,35.8064],[129.50622,35.80875],[129.50361,35.80744],[129.50315,35.80465],[129.50578,35.80338],[129.49954,35.80031],[129.50014,35.79312],[129.496,35.78981],[129.49587,35.79144],[129.49437,35.7915],[129.49171,35.7881],[129.49176,35.78287],[129.49663,35.77156],[129.49408,35.76955],[129.49381,35.75924],[129.49397,35.76109],[129.49125,35.75839],[129.49198,35.75459],[129.49407,35.75266],[129.4838,35.74314],[129.48633,35.72975],[129.48271,35.72063],[129.47899,35.7169],[129.48198,35.7105],[129.48185,35.7071],[129.48159,35.71055],[129.47888,35.71241],[129.4766,35.71058],[129.47945,35.70794],[129.47367,35.70633],[129.47322,35.70175],[129.4762,35.69277],[129.47416,35.69129],[129.47504,35.6892],[129.47158,35.68026],[129.4645,35.67663],[129.46524,35.66682],[129.45744,35.66649],[129.45396,35.66463],[129.44979,35.65107],[129.43927,35.65524],[129.43508,35.65245],[129.4328,35.65665],[129.4284,35.65558],[129.41097,35.66383],[129.40342,35.66297],[129.39994,35.66756],[129.38185,35.67118],[129.37265,35.66923],[129.3716,35.67209],[129.36506,35.6757],[129.36407,35.67893],[129.35356,35.67938],[129.34875,35.67718],[129.34006,35.66964],[129.33409,35.66976],[129.32864,35.66269],[129.32782,35.65884],[129.31912,35.65792],[129.31114,35.66052],[129.30449,35.65717],[129.30331,35.65008],[129.29699,35.64646],[129.29642,35.64351],[129.29154,35.6452],[129.29016,35.64787],[129.2829,35.65173],[129.28109,35.6506],[129.27495,35.65309],[129.26969,35.65114],[129.26044,35.65464],[129.2555,35.66046],[129.25475,35.66641],[129.25972,35.67228],[129.26103,35.67907],[129.25864,35.68311],[129.26219,35.68593],[129.26259,35.69113],[129.25685,35.7007],[129.24137,35.70387],[129.23401,35.70387],[129.23176,35.70844],[129.22437,35.70956],[129.20929,35.71885],[129.20863,35.72117],[129.2017,35.71889],[129.20083,35.71599],[129.19807,35.71451],[129.18129,35.72379],[129.17646,35.71566],[129.16031,35.71481],[129.15483,35.72094],[129.14453,35.72483],[129.14131,35.7241],[129.13753,35.7207],[129.13951,35.71824],[129.13657,35.71548],[129.13678,35.71286],[129.13416,35.71211],[129.12736,35.71412],[129.12282,35.70781],[129.1175,35.70667],[129.1157,35.70848],[129.11275,35.70838],[129.09029,35.70268],[129.08735,35.69901],[129.08307,35.69764],[129.07722,35.69294],[129.06988,35.68237],[129.07071,35.67864],[129.07303,35.67738],[129.06715,35.67135],[129.06904,35.66905],[129.06727,35.66199],[129.06808,35.65856],[129.08069,35.64795],[129.08085,35.64325],[129.07555,35.64036],[129.0693,35.64541],[129.0469,35.65052],[129.04334,35.64097],[129.03697,35.63246],[129.02661,35.6364],[129.02091,35.63508],[129.01802,35.62965],[129.00606,35.62346],[129.00014,35.61722],[128.98675,35.60912],[128.98264,35.60871],[128.97281,35.61345],[128.96088,35.61558],[128.96126,35.62056],[128.95415,35.6251],[128.9512,35.63015],[128.94115,35.63507],[128.91505,35.64062],[128.89192,35.62931],[128.88724,35.62911],[128.88479,35.63398],[128.88146,35.63548],[128.87708,35.6337],[128.87538,35.63233],[128.87388,35.62164],[128.87197,35.61825],[128.86815,35.61612],[128.86479,35.60905],[128.85936,35.60622],[128.85192,35.59491],[128.84473,35.58962],[128.84264,35.58899],[128.83365,35.59735],[128.82376,35.59612],[128.80956,35.58898],[128.80265,35.58915],[128.80072,35.58763],[128.79878,35.57831],[128.79501,35.57334],[128.78553,35.56689],[128.76752,35.56989],[128.75718,35.56771],[128.73742,35.57715],[128.73197,35.57595],[128.72401,35.58156],[128.71496,35.5776],[128.71241,35.57911],[128.70331,35.57801],[128.69494,35.58342],[128.69319,35.59088],[128.69161,35.59332],[128.6876,35.59503],[128.67828,35.59475],[128.67424,35.5961],[128.66442,35.59375],[128.65632,35.59788],[128.64409,35.59305],[128.6409,35.58882],[128.63807,35.5886],[128.63653,35.5847],[128.63075,35.58742],[128.61684,35.58392],[128.6147,35.58166],[128.6058,35.58024],[128.60252,35.58015],[128.59269,35.58487],[128.58475,35.58646],[128.57296,35.59322],[128.56903,35.60245],[128.56058,35.60345],[128.55873,35.60737],[128.55873,35.6148],[128.55362,35.61707],[128.55125,35.61655],[128.53663,35.62426],[128.5362,35.62759],[128.53816,35.63259],[128.53477,35.6437],[128.53784,35.65079],[128.53743,35.65976],[128.5355,35.662],[128.53078,35.66274],[128.52681,35.6735],[128.52985,35.68302],[128.5318,35.68333],[128.53132,35.68786],[128.53469,35.69373],[128.53186,35.69662],[128.53389,35.70326],[128.5279,35.71274],[128.53331,35.71647],[128.54409,35.71943],[128.54756,35.72346],[128.56099,35.72971],[128.56477,35.73676],[128.57173,35.73457],[128.58052,35.73867],[128.5896,35.7315],[128.59216,35.73266],[128.59424,35.73708],[128.60269,35.73673],[128.6075,35.739],[128.61243,35.73852],[128.61493,35.73032],[128.60993,35.72488],[128.61617,35.71957],[128.61688,35.71682],[128.61395,35.71417],[128.61384,35.71016],[128.61979,35.70451],[128.61978,35.70285],[128.624,35.7023],[128.63093,35.70679],[128.63825,35.70579],[128.64349,35.707],[128.64621,35.70817],[128.64727,35.71149],[128.65345,35.71388],[128.65661,35.71786],[128.66352,35.7205],[128.67067,35.71886],[128.67335,35.721],[128.68324,35.72145],[128.68314,35.72558],[128.69056,35.73047],[128.692,35.73326],[128.68913,35.73977],[128.69366,35.74365],[128.69244,35.7467],[128.69549,35.75574],[128.68939,35.76713],[128.68635,35.76872],[128.68707,35.7755],[128.68156,35.78396],[128.6825,35.79013],[128.68977,35.79276],[128.69331,35.79679],[128.69653,35.79458],[128.69981,35.79505],[128.71016,35.80425],[128.71752,35.80685],[128.71389,35.81751],[128.70906,35.8216],[128.70864,35.82657],[128.71919,35.83586],[128.7218,35.83467],[128.72508,35.83616],[128.72409,35.83944],[128.7263,35.84251],[128.72687,35.84721],[128.72545,35.85377],[128.72187,35.85695],[128.7256,35.85773],[128.73502,35.85144],[128.73857,35.8513],[128.75075,35.85751],[128.7551,35.86358],[128.7598,35.86607],[128.75884,35.87061],[128.7607,35.87387],[128.75768,35.8781],[128.76066,35.88252],[128.76133,35.88752],[128.75751,35.89627],[128.75656,35.90357],[128.7598,35.90683],[128.7553,35.91501],[128.74283,35.92028],[128.73671,35.92957],[128.73834,35.93052],[128.73821,35.93307],[128.74082,35.93687],[128.73975,35.93747],[128.74409,35.94396],[128.74067,35.95331],[128.73796,35.95594],[128.74299,35.95995],[128.74621,35.97287],[128.73882,35.97681],[128.7367,35.98115],[128.73097,35.98536],[128.73159,35.98938],[128.73486,35.99296],[128.72688,36.00323],[128.71786,36.00813],[128.70138,36.01085],[128.6968,36.01317],[128.6956,36.01617],[128.66952,36.01327],[128.66544,36.01051],[128.65655,36.00986],[128.65101,36.00731],[128.64472,36.01047],[128.64071,36.01053],[128.63058,36.00712],[128.61867,36.00641],[128.60287,35.9859],[128.59293,35.98336],[128.59304,35.98084],[128.59016,35.97924],[128.58322,35.97728],[128.57284,35.97831],[128.56567,35.97492],[128.56471,35.97294],[128.55707,35.97223],[128.55333,35.96078],[128.54667,35.96567],[128.54349,35.97477],[128.53124,35.98056],[128.52879,35.98038],[128.52665,35.97545],[128.5305,35.96199],[128.53348,35.96088],[128.53481,35.95838],[128.53255,35.95054],[128.53478,35.94184],[128.53438,35.93533],[128.52947,35.92362],[128.5256,35.92201],[128.52233,35.91657],[128.5169,35.91184],[128.51012,35.90993],[128.50769,35.90696],[128.50561,35.90214],[128.50459,35.88915],[128.50149,35.88677],[128.50034,35.88645],[128.49936,35.88988],[128.49636,35.88923],[128.49472,35.89079],[128.49062,35.89758],[128.48785,35.89755],[128.48449,35.89434],[128.47848,35.89682],[128.47527,35.89446],[128.46838,35.89947],[128.46734,35.90642],[128.4654,35.90859],[128.47276,35.91444],[128.47397,35.91742],[128.47326,35.92321],[128.47617,35.92821],[128.47642,35.93444],[128.47245,35.93737],[128.46343,35.93869],[128.45416,35.94315],[128.45278,35.93662],[128.45034,35.93504],[128.44156,35.93521],[128.43875,35.93152],[128.43097,35.93068],[128.42754,35.92733],[128.4249,35.92804],[128.42378,35.92311],[128.41854,35.92133],[128.41649,35.9137],[128.40713,35.90072],[128.39898,35.89993],[128.39807,35.89271],[128.38421,35.86566],[128.38351,35.85283],[128.38654,35.85131],[128.38759,35.85241],[128.41598,35.85176],[128.45,35.84666],[128.46036,35.84161],[128.46888,35.8396],[128.47255,35.83361],[128.48108,35.83013],[128.48295,35.81801],[128.48272,35.81552],[128.48154,35.81601],[128.47279,35.80898],[128.47368,35.80714],[128.47043,35.80592],[128.44103,35.80602],[128.44095,35.80929],[128.42083,35.80935],[128.42082,35.8063],[128.41579,35.80609],[128.41577,35.80281],[128.41244,35.80282],[128.41055,35.79935],[128.40812,35.79921],[128.39759,35.77865],[128.39086,35.77165],[128.38347,35.76009],[128.38343,35.75826],[128.39125,35.74835],[128.42165,35.73313],[128.43182,35.7256],[128.43489,35.71476],[128.43398,35.70707],[128.43215,35.70489],[128.42222,35.69727],[128.4122,35.69584],[128.39706,35.70022],[128.38063,35.70195],[128.35888,35.7087],[128.3518,35.70402],[128.35229,35.69419],[128.35823,35.68079],[128.37251,35.66662],[128.39791,35.64881],[128.40146,35.63902],[128.40125,35.63273],[128.38838,35.61793],[128.37175,35.61088],[128.36463,35.61336],[128.36193,35.62893],[128.35794,35.63736],[128.35214,35.64458],[128.34875,35.64647],[128.33782,35.64481],[128.32954,35.64853],[128.32404,35.64661],[128.31791,35.65149],[128.30599,35.65548],[128.29807,35.65623],[128.29625,35.65073],[128.28832,35.65251],[128.27947,35.65231],[128.27679,35.64697],[128.26698,35.64519],[128.26234,35.64274],[128.25864,35.6478],[128.24988,35.65119],[128.24444,35.65543],[128.24221,35.65525],[128.23636,35.65108],[128.23775,35.64396],[128.23596,35.64068],[128.22973,35.63946],[128.22654,35.64154],[128.22018,35.63999],[128.21261,35.64109],[128.21012,35.64373],[128.20123,35.64372],[128.197,35.6508],[128.18524,35.65767],[128.1768,35.65695],[128.16589,35.65299],[128.1615,35.65379],[128.15933,35.65677],[128.16166,35.65978],[128.15987,35.66615],[128.16368,35.67297],[128.17916,35.67295],[128.18414,35.68005],[128.19226,35.68008],[128.19823,35.68233],[128.199,35.68448],[128.20482,35.68392],[128.20264,35.69265],[128.2046,35.69712],[128.20334,35.70296],[128.20031,35.70772],[128.20258,35.71228],[128.20197,35.71917],[128.19663,35.73038],[128.19809,35.73591],[128.19361,35.73813],[128.19077,35.74742],[128.18852,35.74967],[128.18928,35.75176],[128.165,35.76349],[128.16153,35.77001],[128.16371,35.77719],[128.15894,35.78007],[128.15904,35.78367],[128.15437,35.78645],[128.14797,35.78401],[128.13753,35.78426],[128.12886,35.7894],[128.12872,35.79429],[128.1219,35.80349],[128.1234,35.80561],[128.12194,35.8118],[128.12455,35.81944],[128.12306,35.82243],[128.11937,35.8249],[128.11703,35.82347],[128.11092,35.82388],[128.09652,35.83221],[128.09075,35.83063],[128.08627,35.833],[128.0844,35.837],[128.06979,35.8412],[128.06089,35.83435],[128.05487,35.83436],[128.05165,35.82988],[128.02978,35.83565],[128.02428,35.83292],[128.01751,35.83252],[128.01122,35.82908],[128.00589,35.83394],[127.99699,35.83705],[127.9865,35.85199],[127.98422,35.85764],[127.98175,35.85874],[127.97398,35.85207],[127.96255,35.85537],[127.95963,35.8603],[127.95118,35.86164],[127.94705,35.85972],[127.94224,35.85454],[127.93035,35.85637],[127.92578,35.85562],[127.9272,35.85843],[127.93134,35.85899],[127.93308,35.864],[127.92879,35.87035],[127.92842,35.87677],[127.93022,35.87863],[127.92808,35.88127],[127.92287,35.88258],[127.91852,35.89038],[127.92022,35.89322],[127.912,35.88984],[127.90228,35.88957],[127.89352,35.8868],[127.88824,35.89235],[127.88478,35.89311],[127.88273,35.89904],[127.88219,35.90319],[127.88816,35.91482],[127.8824,35.91947],[127.88364,35.9248],[127.88224,35.92888],[127.88531,35.9313],[127.89568,35.93419],[127.89896,35.9376],[127.9061,35.94063],[127.91137,35.94918],[127.90986,35.95141],[127.90395,35.95409],[127.90227,35.9569],[127.89887,35.96835],[127.89626,35.97191],[127.89635,35.97766],[127.88961,35.97966],[127.89415,35.98464],[127.89322,35.98678],[127.8756,35.99691],[127.87864,36.0025],[127.8757,36.00894],[127.87679,36.02271],[127.88346,36.02806],[127.88484,36.03589],[127.88854,36.03485],[127.89384,36.03765],[127.90269,36.0391],[127.90351,36.04342],[127.90612,36.04668],[127.91671,36.0543],[127.92564,36.0524],[127.93018,36.04944],[127.93629,36.05108],[127.94745,36.05769],[127.95348,36.06632],[127.96087,36.07034],[127.96169,36.08298],[127.95847,36.09014],[127.95971,36.09451],[127.96463,36.09555],[127.96489,36.09862],[127.96869,36.10313],[127.9652,36.11283],[127.9668,36.11806],[127.97016,36.12188],[127.97642,36.12273],[127.98778,36.12882],[127.98886,36.13283],[127.98729,36.14087],[127.98917,36.14397],[127.98748,36.14738],[127.99077,36.15142],[127.9972,36.15547],[127.99048,36.15888],[127.98984,36.16516],[127.9826,36.17056],[127.98413,36.17817],[127.98134,36.17913],[127.97533,36.18771],[127.97738,36.19233],[127.9812,36.19588],[127.97802,36.19811],[127.9841,36.2005],[127.99304,36.20003],[127.99475,36.20421],[127.99845,36.2073],[128.00637,36.20732],[128.00975,36.20936],[128.02405,36.20665],[128.03344,36.20007],[128.03863,36.19416],[128.0529,36.20082],[128.05815,36.20125],[128.05079,36.206],[128.04935,36.21073],[128.05009,36.21646],[128.04222,36.21755],[128.039,36.22218],[128.04046,36.22468],[128.03934,36.22868],[128.03313,36.23371],[128.0299,36.24001],[128.03566,36.24347],[128.04026,36.25203],[128.04573,36.25212],[128.04735,36.25655],[128.03318,36.26153],[128.02692,36.26535],[128.02622,36.2679],[128.01903,36.26729],[128.00907,36.27201],[128.00048,36.26644],[127.99782,36.26816],[127.99441,36.26744],[127.99053,36.26338],[127.98119,36.26365],[127.97672,36.25929],[127.97832,36.25459],[127.97056,36.2504],[127.96812,36.25033],[127.96482,36.25318],[127.96017,36.25237],[127.95461,36.25722],[127.94925,36.25665],[127.94736,36.26724],[127.9428,36.26673],[127.93793,36.26906],[127.93091,36.27801],[127.92353,36.27871],[127.90811,36.28551],[127.90557,36.29122],[127.90429,36.30145],[127.88991,36.28924],[127.88264,36.27375],[127.87643,36.27579],[127.86086,36.27706],[127.85212,36.27392],[127.84918,36.2888],[127.84565,36.29369],[127.84686,36.30076],[127.84148,36.31],[127.84577,36.31812],[127.85039,36.32025],[127.85256,36.32963],[127.86152,36.33508],[127.86576,36.33558],[127.86999,36.33987],[127.87015,36.34349],[127.87545,36.34559],[127.88261,36.34592],[127.88551,36.35016],[127.88564,36.3547],[127.89051,36.35657],[127.89126,36.35966],[127.88653,36.36361],[127.88367,36.37064],[127.8799,36.37145],[127.8831,36.37417],[127.88417,36.38001],[127.8792,36.38336],[127.87572,36.39059],[127.86464,36.39147],[127.8629,36.39297],[127.86631,36.39476],[127.86387,36.40304],[127.86951,36.40364],[127.87301,36.40589],[127.87569,36.41435],[127.87907,36.41661],[127.88271,36.42217],[127.88272,36.42435],[127.87299,36.42428],[127.87547,36.42967],[127.87215,36.44086],[127.87477,36.44882],[127.87832,36.45049],[127.87968,36.45407],[127.87898,36.45774],[127.88196,36.46184],[127.87837,36.46708],[127.88082,36.46852],[127.88055,36.47284],[127.88238,36.47587],[127.88062,36.48063],[127.87528,36.48317],[127.87609,36.48837],[127.87873,36.48949],[127.88047,36.49327],[127.88871,36.49314],[127.89486,36.49836],[127.89761,36.49848],[127.90634,36.50694],[127.90254,36.51324],[127.90339,36.51727],[127.90151,36.51976],[127.90091,36.52501],[127.90246,36.52807],[127.89635,36.5312],[127.89297,36.53052],[127.88872,36.53369],[127.87901,36.53471],[127.87609,36.53702],[127.87441,36.54086],[127.87048,36.54282],[127.87299,36.55133],[127.87032,36.55915],[127.86647,36.56042],[127.86456,36.56401],[127.86022,36.56592],[127.86042,36.56795],[127.85236,36.57115],[127.84326,36.56898],[127.84262,36.57054],[127.83707,36.5701],[127.83421,36.57312],[127.83016,36.57428],[127.82447,36.57091],[127.81818,36.57468],[127.8162,36.57808],[127.8049,36.58139],[127.80414,36.58347],[127.79848,36.58644],[127.79943,36.58953],[127.79615,36.59526],[127.79847,36.60208],[127.80319,36.60214],[127.81191,36.60741],[127.81811,36.60837],[127.82086,36.61054],[127.821,36.61331],[127.82665,36.61142],[127.83216,36.6126],[127.8407,36.60829],[127.8498,36.61312],[127.85519,36.61188],[127.8583,36.61353],[127.85573,36.61758],[127.84981,36.61958],[127.84784,36.62494],[127.85056,36.63125],[127.84675,36.63399],[127.86129,36.63556],[127.86353,36.6407],[127.87233,36.65025],[127.87394,36.65505],[127.87957,36.65676],[127.88235,36.6465],[127.88924,36.63984],[127.88789,36.6349],[127.88965,36.62935],[127.89727,36.62674],[127.90269,36.62755],[127.90718,36.62581],[127.9118,36.61454],[127.9188,36.60868],[127.91996,36.60112],[127.92524,36.60281],[127.92409,36.61545],[127.93238,36.61874],[127.93195,36.62523],[127.93596,36.633],[127.93381,36.63608],[127.93431,36.64109],[127.93921,36.64706],[127.93908,36.65275],[127.93407,36.65332],[127.93164,36.6554],[127.93221,36.66452],[127.92957,36.66877],[127.91771,36.66785],[127.91297,36.67767],[127.90037,36.6822],[127.89517,36.68109],[127.89145,36.68243],[127.88762,36.67863],[127.88001,36.67871],[127.87429,36.68196],[127.88198,36.68345],[127.88187,36.68575],[127.88729,36.69116],[127.89389,36.69438],[127.90739,36.69259],[127.91746,36.69321],[127.92892,36.69084],[127.93159,36.69442],[127.93086,36.70136],[127.93357,36.70649],[127.94648,36.70621],[127.94953,36.70805],[127.94918,36.71988],[127.95361,36.72268],[127.95846,36.73684],[127.96055,36.73719],[127.96316,36.73339],[127.97072,36.73091],[127.97315,36.7262],[127.97767,36.72219],[127.98685,36.71755],[128.00194,36.71726],[128.00936,36.72837],[128.01484,36.73019],[128.02093,36.72193],[128.02563,36.71933],[128.03191,36.71878],[128.04903,36.70801],[128.0587,36.70895],[128.07038,36.7077],[128.07272,36.71189],[128.06799,36.72223],[128.06064,36.72688],[128.05725,36.73108],[128.05556,36.73042],[128.05072,36.73671],[128.03232,36.74758],[128.03237,36.75517],[128.0448,36.77105],[128.04468,36.7746],[128.04691,36.77861],[128.04556,36.78244],[128.04877,36.78362],[128.05498,36.79266],[128.05613,36.79842],[128.05397,36.8052],[128.05795,36.80701],[128.05683,36.80913],[128.05964,36.81677],[128.06736,36.81677],[128.07443,36.81282],[128.08537,36.8042],[128.08383,36.7993],[128.09007,36.79664],[128.0935,36.79678],[128.09296,36.80286],[128.09414,36.80362],[128.10708,36.80731],[128.10988,36.82147],[128.11845,36.82149],[128.12988,36.82515],[128.13398,36.82844],[128.13357,36.8328],[128.14178,36.83334],[128.14422,36.83017],[128.149,36.82863],[128.15068,36.82426],[128.15313,36.82244],[128.16263,36.82099],[128.17132,36.8221],[128.1848,36.81663],[128.19368,36.81712],[128.20717,36.81242],[128.21537,36.812],[128.21732,36.81937],[128.21451,36.83485],[128.21072,36.84243],[128.21125,36.8469],[128.21366,36.84955],[128.23013,36.84537],[128.23702,36.84535],[128.23871,36.85018],[128.2344,36.85468],[128.23466,36.86283],[128.2395,36.8651],[128.24037,36.87131],[128.24183,36.87233],[128.25429,36.86641],[128.26503,36.86414],[128.26857,36.86033],[128.27618,36.85714],[128.28248,36.85596],[128.28656,36.84503],[128.28945,36.84356],[128.29562,36.83534],[128.31575,36.82276],[128.31645,36.81666],[128.32085,36.81564],[128.33446,36.81696],[128.35318,36.81245],[128.35676,36.81062],[128.35708,36.80632],[128.36408,36.80222],[128.3684,36.80208],[128.37275,36.80541],[128.37331,36.80767],[128.38334,36.81376],[128.39436,36.81487],[128.40341,36.81214],[128.42048,36.81151],[128.42525,36.81478],[128.42604,36.81837],[128.43205,36.82407],[128.43411,36.83414],[128.4415,36.8376],[128.44903,36.84784],[128.44666,36.85337],[128.44913,36.86287],[128.448,36.86439],[128.43644,36.87365],[128.42397,36.87653],[128.42816,36.88477],[128.42679,36.88924],[128.43815,36.89984],[128.44475,36.91369],[128.44175,36.92736],[128.4604,36.93401],[128.46049,36.93811],[128.46342,36.94376],[128.46278,36.94738],[128.46717,36.95145],[128.47705,36.95744],[128.48489,36.95747],[128.48642,36.96218],[128.50673,36.97008],[128.50642,36.97319],[128.51461,36.97758],[128.51387,36.9804],[128.51547,36.98682],[128.52968,36.99081],[128.53553,36.99022],[128.54303,36.99209],[128.55473,36.99829],[128.55682,37.00575],[128.56292,37.00789],[128.56346,37.01013],[128.56914,37.01277],[128.57291,37.0208],[128.56693,37.026],[128.56564,37.03153],[128.57158,37.03565],[128.57773,37.03557],[128.58353,37.04373],[128.59683,37.04177],[128.60164,37.0441],[128.60679,37.0434],[128.60844,37.05281],[128.62171,37.04908],[128.62283,37.04534],[128.63292,37.0405],[128.63453,37.04655],[128.63786,37.05155],[128.64613,37.06109],[128.6533,37.06551],[128.65601,37.06446],[128.65786,37.06083],[128.67565,37.05885],[128.68288,37.05314],[128.68907,37.05305],[128.7004,37.04083],[128.7091,37.03936],[128.71275,37.04265],[128.71867,37.04375],[128.73462,37.04023],[128.74825,37.02961],[128.75376,37.02783],[128.75455,37.03196],[128.76218,37.03616],[128.76254,37.03786],[128.76142,37.04444],[128.75519,37.05016],[128.75232,37.05593],[128.75655,37.06863],[128.75808,37.06979],[128.76015,37.06676],[128.76536,37.06403],[128.76839,37.06781],[128.76858,37.07271],[128.77046,37.07531],[128.77781,37.07971],[128.77784,37.08328],[128.77359,37.08751],[128.78028,37.09234],[128.78575,37.08791],[128.79942,37.08694],[128.80153,37.08435],[128.79997,37.07897],[128.80787,37.076],[128.81257,37.07871],[128.81943,37.07703],[128.82938,37.07846],[128.83208,37.07508],[128.83167,37.0674],[128.83595,37.06594],[128.84687,37.05161],[128.86365,37.0487],[128.87248,37.04395],[128.87684,37.04608],[128.87854,37.05326],[128.88927,37.04939],[128.89642,37.04452],[128.89807,37.0576],[128.91042,37.06613],[128.91019,37.07022],[128.91693,37.0787],[128.91506,37.08371],[128.92332,37.09212],[128.93206,37.09087],[128.94566,37.09378],[128.95343,37.08492],[128.9533,37.08125],[128.95927,37.07758],[128.9718,37.08151],[128.97763,37.08156],[128.9834,37.08462],[128.98861,37.08437],[128.99124,37.08256],[129.00958,37.07855],[129.01517,37.07953],[129.02038,37.07656],[129.02435,37.07835],[129.03241,37.07492],[129.03667,37.07617],[129.04187,37.07106],[129.04833,37.07009],[129.05132,37.06783],[129.05428,37.06982],[129.05707,37.0679],[129.0574,37.06505],[129.06395,37.06844],[129.06737,37.07445],[129.0656,37.07875],[129.07081,37.08401],[129.07042,37.08822],[129.07695,37.09299],[129.09128,37.09725],[129.09625,37.10041],[129.1045,37.0977],[129.10778,37.0935],[129.12289,37.09128],[129.12642,37.08804],[129.12719,37.08444],[129.13358,37.08178],[129.13947,37.08227],[129.14427,37.07658],[129.16177,37.06883],[129.16614,37.06916],[129.16676,37.06526],[129.1704,37.06036],[129.17705,37.05672],[129.18368,37.04886],[129.18541,37.04172],[129.19475,37.04063],[129.20505,37.04497],[129.21341,37.04299],[129.22531,37.04456],[129.23801,37.03867],[129.23821,37.04079],[129.23267,37.04422],[129.23282,37.05024],[129.22852,37.05723],[129.23307,37.06388],[129.23086,37.0689],[129.22538,37.07372],[129.24046,37.08504],[129.24903,37.09615],[129.25316,37.09679],[129.25908,37.10105],[129.26599,37.10232],[129.26886,37.10628],[129.27202,37.11701],[129.27629,37.11798],[129.282,37.1161],[129.28539,37.11725],[129.29459,37.11437],[129.29523,37.1203],[129.30229,37.12754],[129.30889,37.12794],[129.3112,37.13065],[129.31815,37.13295],[129.32483,37.14229],[129.33098,37.14048],[129.33644,37.14198],[129.33951,37.14683],[129.34099,37.1446],[129.34784,37.14645],[129.35664,37.14483],[129.36413,37.14601],[129.36595,37.14463],[129.36661,37.14084],[129.36912,37.138],[129.37495,37.13538],[129.37486,37.13328],[129.3709,37.12978],[129.37348,37.123],[129.37742,37.11909],[129.38007,37.11931],[129.37443,37.11062],[129.37698,37.10409],[129.37904,37.1019],[129.38301,37.10273],[129.38619,37.09994],[129.38192,37.10237],[129.37857,37.10106],[129.3796,37.09906],[129.38263,37.09643],[129.3814,37.09957],[129.38308,37.10036],[129.3822,37.09909],[129.3878,37.09321],[129.39387,37.08949],[129.39022,37.09136],[129.38961,37.09037],[129.39623,37.0834],[129.42675,37.0642],[129.43017,37.05831],[129.4298,37.05664],[129.42512,37.05394],[129.42617,37.05571],[129.42452,37.05788],[129.42186,37.05813],[129.41508,37.05325],[129.41316,37.04562],[129.41579,37.03552],[129.41025,37.03083],[129.40944,37.02786],[129.41132,37.01966],[129.41601,37.01133],[129.41785,37.00011],[129.41651,36.991],[129.40804,36.97969],[129.41495,36.96502],[129.41477,36.9621],[129.41955,36.95111],[129.41817,36.94842],[129.42102,36.9408],[129.42094,36.937],[129.41733,36.93137],[129.41937,36.9201],[129.4155,36.91592],[129.41675,36.9119],[129.4157,36.90831],[129.42054,36.89757],[129.41888,36.89378],[129.41918,36.89238]]],[[[131.87015,37.24096],[131.87147,37.24005],[131.87023,37.23817],[131.86716,37.23902],[131.87042,37.24143],[131.87015,37.24096]]],[[[131.86621,37.24318],[131.86549,37.24005],[131.86308,37.24064],[131.86275,37.24227],[131.86609,37.2434],[131.86621,37.24318]]],[[[130.91144,37.54132],[130.91827,37.54214],[130.91955,37.54082],[130.91186,37.53806],[130.90807,37.52834],[130.91038,37.52133],[130.91398,37.51802],[130.91654,37.51863],[130.91758,37.51344],[130.91454,37.50524],[130.91461,37.49848],[130.91451,37.49983],[130.91299,37.4997],[130.90992,37.49537],[130.91066,37.49219],[130.91311,37.49143],[130.91375,37.4967],[130.91357,37.48662],[130.91917,37.48761],[130.92083,37.48634],[130.91572,37.48253],[130.90886,37.4823],[130.90921,37.47987],[130.90706,37.4769],[130.90088,37.47512],[130.89615,37.47575],[130.88405,37.47055],[130.87886,37.46547],[130.87614,37.45953],[130.88286,37.46084],[130.87549,37.45803],[130.8756,37.4542],[130.87385,37.45329],[130.86842,37.45892],[130.86329,37.4604],[130.85599,37.45992],[130.84981,37.46386],[130.84296,37.46283],[130.83407,37.46701],[130.83266,37.46669],[130.83476,37.46543],[130.83165,37.46664],[130.8278,37.47134],[130.80996,37.47491],[130.80844,37.48083],[130.80187,37.48464],[130.80335,37.497],[130.80503,37.49839],[130.80216,37.50061],[130.80489,37.50391],[130.80057,37.50712],[130.7971,37.51294],[130.79293,37.51373],[130.79169,37.51881],[130.79369,37.52303],[130.79635,37.52349],[130.79602,37.52032],[130.80138,37.51884],[130.80584,37.52164],[130.81347,37.52243],[130.82292,37.52897],[130.8225,37.52743],[130.82394,37.52674],[130.82964,37.52691],[130.83093,37.52879],[130.84496,37.53537],[130.85718,37.53454],[130.86636,37.53648],[130.87435,37.54293],[130.88032,37.54338],[130.89191,37.54107],[130.89678,37.54601],[130.90296,37.549],[130.90765,37.54847],[130.90849,37.54419],[130.91115,37.5414],[130.91144,37.54132]]]]},"properties":{"name":"경상북도","code":"37"}},{"type":"Feature","geometry":{"type":"MultiPolygon","coordinates":[[[[128.35486,34.83885],[128.35676,34.84095],[128.35901,34.83791],[128.35523,34.83319],[128.35612,34.83179],[128.36061,34.83291],[128.36702,34.83168],[128.37034,34.83432],[128.37338,34.83246],[128.37414,34.82928],[128.3783,34.82947],[128.38527,34.81352],[128.38775,34.81546],[128.38392,34.82588],[128.38399,34.82952],[128.39165,34.82613],[128.39279,34.82322],[128.40085,34.82913],[128.40437,34.82989],[128.40826,34.83405],[128.41489,34.83322],[128.42132,34.83568],[128.42188,34.83305],[128.43509,34.82836],[128.43343,34.82731],[128.43488,34.8253],[128.43977,34.82856],[128.43695,34.82958],[128.4407,34.82805],[128.43997,34.82336],[128.44164,34.8209],[128.43939,34.81908],[128.43933,34.81258],[128.44157,34.80943],[128.44226,34.80356],[128.44133,34.80219],[128.43594,34.80253],[128.43354,34.809],[128.43115,34.8023],[128.43241,34.79945],[128.43717,34.79897],[128.44014,34.79468],[128.43449,34.7894],[128.42082,34.79356],[128.41958,34.79245],[128.4215,34.78888],[128.42557,34.78825],[128.43472,34.78262],[128.43581,34.77967],[128.42438,34.77076],[128.42546,34.76563],[128.42377,34.76202],[128.42124,34.76523],[128.41433,34.76272],[128.40641,34.76243],[128.4043,34.76434],[128.40758,34.76789],[128.40213,34.76785],[128.39905,34.76529],[128.39718,34.76585],[128.39759,34.77049],[128.39541,34.77325],[128.39675,34.78007],[128.39423,34.781],[128.38955,34.77797],[128.38582,34.77992],[128.39129,34.78632],[128.38891,34.79027],[128.38175,34.79272],[128.38366,34.79688],[128.3774,34.79555],[128.37507,34.78874],[128.37367,34.79396],[128.37059,34.79495],[128.37014,34.79372],[128.36368,34.7965],[128.36906,34.80089],[128.37212,34.79993],[128.37227,34.80301],[128.37543,34.79877],[128.37827,34.79862],[128.37786,34.80211],[128.38067,34.80605],[128.37595,34.80799],[128.37802,34.81101],[128.38166,34.81106],[128.37937,34.8151],[128.36732,34.81847],[128.35734,34.82548],[128.35548,34.82405],[128.34559,34.82541],[128.34185,34.82252],[128.34029,34.81799],[128.33494,34.81809],[128.33593,34.81979],[128.331,34.82483],[128.32973,34.82961],[128.33579,34.82632],[128.33714,34.82739],[128.33338,34.83443],[128.33623,34.83301],[128.33693,34.82961],[128.34027,34.82822],[128.3392,34.8381],[128.33713,34.84074],[128.33807,34.84265],[128.34205,34.84156],[128.34174,34.83627],[128.34443,34.83145],[128.34913,34.83501],[128.34698,34.84012],[128.34842,34.84226],[128.35356,34.84272],[128.35481,34.83886],[128.35486,34.83885]]],[[[127.90385,34.86069],[127.9043,34.86072],[127.90385,34.86069]]],[[[128.03275,34.92003],[128.03289,34.91668],[128.02636,34.90413],[128.01508,34.89246],[128.01407,34.8827],[128.00972,34.87456],[128.00999,34.86739],[128.02026,34.86351],[128.02431,34.86582],[128.02565,34.86788],[128.02252,34.87123],[128.02181,34.88163],[128.03147,34.88925],[128.02998,34.89199],[128.03386,34.8934],[128.03553,34.89747],[128.03763,34.89802],[128.03861,34.8966],[128.03638,34.89321],[128.03868,34.89197],[128.04125,34.89472],[128.04774,34.89697],[128.04752,34.89423],[128.04113,34.89332],[128.04068,34.8888],[128.04762,34.89027],[128.05019,34.887],[128.04649,34.88361],[128.04752,34.88219],[128.0547,34.88481],[128.05851,34.88359],[128.05772,34.87918],[128.06386,34.87837],[128.06284,34.87452],[128.06692,34.87433],[128.06463,34.87258],[128.06663,34.86861],[128.06465,34.86128],[128.05741,34.85932],[128.05335,34.85265],[128.05503,34.85189],[128.06264,34.85522],[128.05988,34.84759],[128.0607,34.84479],[128.06513,34.84374],[128.06725,34.84615],[128.07645,34.84372],[128.07886,34.83851],[128.08504,34.83623],[128.08401,34.83225],[128.08683,34.82802],[128.08349,34.82917],[128.07772,34.82815],[128.07805,34.83231],[128.07233,34.83564],[128.07001,34.8356],[128.06952,34.83203],[128.06503,34.83052],[128.0626,34.83435],[128.05478,34.83856],[128.04591,34.8359],[128.04206,34.8399],[128.02413,34.84729],[128.022,34.84346],[128.02409,34.83929],[128.02209,34.84005],[128.0212,34.8432],[128.01921,34.84328],[128.01902,34.83873],[128.0173,34.83789],[128.00138,34.83597],[127.98838,34.83636],[127.97926,34.84111],[127.96932,34.84336],[127.97108,34.84529],[127.9706,34.84842],[127.96482,34.85272],[127.96526,34.85844],[127.96154,34.86353],[127.96205,34.86959],[127.97286,34.8779],[127.97736,34.87909],[127.97956,34.88231],[127.97774,34.8832],[127.97816,34.88531],[127.98162,34.88529],[127.9853,34.89181],[127.9901,34.89419],[127.99211,34.89898],[127.99047,34.90162],[127.99611,34.90674],[127.9961,34.91003],[128.00245,34.91284],[128.00284,34.91526],[128.01712,34.92105],[128.022,34.91944],[128.03085,34.92183],[128.03275,34.92003]]],[[[127.83132,34.93949],[127.83119,34.93953],[127.83132,34.93949]]],[[[127.90385,34.86069],[127.91043,34.85108],[127.91448,34.84784],[127.91718,34.83548],[127.9216,34.835],[127.92511,34.83057],[127.93076,34.83283],[127.9299,34.83473],[127.94063,34.82774],[127.94188,34.82549],[127.94104,34.81576],[127.94355,34.81333],[127.94364,34.81011],[127.95364,34.80501],[127.95959,34.80552],[127.96574,34.80862],[127.96389,34.81159],[127.95842,34.81367],[127.97046,34.81592],[127.97827,34.82032],[127.97777,34.822],[127.97512,34.8227],[127.97686,34.82557],[127.98281,34.82655],[127.98971,34.83229],[127.99858,34.83297],[128.01924,34.83012],[128.01918,34.83282],[128.0306,34.83432],[128.03397,34.82745],[128.04143,34.82281],[128.05085,34.82608],[128.05521,34.8218],[128.06664,34.81815],[128.06325,34.81555],[128.06574,34.81271],[128.06138,34.80565],[128.06395,34.80179],[128.06289,34.79981],[128.05524,34.80193],[128.05253,34.80029],[128.05092,34.79632],[128.05107,34.79409],[128.05537,34.79218],[128.05984,34.79561],[128.05621,34.7906],[128.05624,34.78821],[128.05261,34.78457],[128.05354,34.78603],[128.05101,34.78517],[128.04908,34.78097],[128.05003,34.77349],[128.05461,34.76942],[128.05416,34.75589],[128.05752,34.75215],[128.05644,34.74569],[128.04935,34.74316],[128.04855,34.74103],[128.05087,34.73986],[128.04204,34.73817],[128.03469,34.72941],[128.0348,34.72146],[128.04483,34.71649],[128.04402,34.71541],[128.04542,34.71355],[128.05374,34.71492],[128.0604,34.70958],[128.05667,34.70839],[128.05391,34.71186],[128.05317,34.70802],[128.04911,34.7063],[128.04661,34.70846],[128.04269,34.70656],[128.04541,34.70386],[128.04432,34.70228],[128.03624,34.7028],[128.03489,34.70603],[128.03686,34.70556],[128.03666,34.70737],[128.02976,34.70855],[128.02607,34.70596],[128.02734,34.70281],[128.01917,34.70264],[128.02089,34.70906],[128.02615,34.71843],[128.0211,34.72269],[128.01535,34.72415],[128.00746,34.72103],[128.00737,34.71879],[128.01123,34.7164],[128.0072,34.71113],[128.00383,34.71279],[128.00414,34.71462],[127.99898,34.71709],[127.99251,34.7141],[127.99132,34.71692],[127.99229,34.71948],[127.98907,34.72041],[127.98364,34.71828],[127.9853,34.71343],[127.9879,34.71204],[127.98434,34.70923],[127.98026,34.7097],[127.97861,34.71152],[127.97099,34.71106],[127.96887,34.71301],[127.96559,34.70973],[127.95697,34.70948],[127.95312,34.71597],[127.95463,34.71756],[127.95897,34.71781],[127.95568,34.72296],[127.95066,34.7245],[127.94958,34.72628],[127.95454,34.73115],[127.94949,34.72969],[127.94752,34.73077],[127.94616,34.73561],[127.94758,34.73999],[127.94414,34.74693],[127.94836,34.76575],[127.95451,34.77266],[127.95224,34.77643],[127.94901,34.77755],[127.94382,34.77802],[127.9386,34.77551],[127.92809,34.77571],[127.91945,34.77205],[127.91791,34.76881],[127.90943,34.7689],[127.90412,34.76579],[127.90272,34.76342],[127.90575,34.75991],[127.90514,34.75407],[127.90758,34.75053],[127.91047,34.74985],[127.90924,34.74444],[127.91301,34.74039],[127.91243,34.73631],[127.90609,34.72774],[127.89589,34.72567],[127.89145,34.7237],[127.89128,34.72178],[127.87779,34.72524],[127.87498,34.72749],[127.86894,34.72755],[127.86838,34.72634],[127.85746,34.72793],[127.86192,34.73087],[127.86234,34.73319],[127.85874,34.73661],[127.85566,34.73517],[127.85206,34.73666],[127.8513,34.73853],[127.85584,34.74147],[127.85339,34.74762],[127.84929,34.75007],[127.84573,34.74729],[127.83671,34.74989],[127.83582,34.757],[127.842,34.75751],[127.84372,34.76275],[127.84099,34.76722],[127.85035,34.76792],[127.85237,34.76908],[127.85027,34.77412],[127.85781,34.77613],[127.84904,34.77533],[127.84777,34.77877],[127.85019,34.78147],[127.85365,34.78245],[127.85069,34.78254],[127.84732,34.77917],[127.84454,34.77894],[127.84694,34.7846],[127.84503,34.78747],[127.83912,34.78919],[127.83643,34.79167],[127.83439,34.79595],[127.8367,34.79811],[127.83562,34.80223],[127.83271,34.80341],[127.83118,34.80733],[127.83346,34.80838],[127.83303,34.81099],[127.828,34.81097],[127.82797,34.81683],[127.82214,34.8208],[127.81325,34.83391],[127.81171,34.83994],[127.81257,34.84774],[127.80771,34.85331],[127.81184,34.85405],[127.81021,34.85946],[127.81107,34.86161],[127.81481,34.86232],[127.81848,34.86815],[127.81783,34.87456],[127.82107,34.87618],[127.82601,34.87342],[127.82845,34.87578],[127.83012,34.88073],[127.8256,34.88267],[127.83031,34.8857],[127.82992,34.88752],[127.83316,34.89018],[127.83309,34.89275],[127.82395,34.89419],[127.82406,34.89613],[127.8259,34.89416],[127.83114,34.89557],[127.82809,34.90113],[127.82589,34.89922],[127.82571,34.90265],[127.82843,34.9036],[127.83082,34.90028],[127.84204,34.89815],[127.84332,34.89958],[127.84044,34.90308],[127.8417,34.90675],[127.84451,34.90163],[127.85448,34.90283],[127.86211,34.90141],[127.86391,34.90465],[127.85635,34.91111],[127.85128,34.91024],[127.85685,34.91277],[127.85155,34.91588],[127.85353,34.92179],[127.85928,34.922],[127.85421,34.92759],[127.8606,34.92785],[127.86028,34.93007],[127.86589,34.93128],[127.86516,34.9363],[127.87071,34.94197],[127.87335,34.94102],[127.89434,34.94699],[127.89757,34.9435],[127.90272,34.94124],[127.90541,34.94117],[127.90549,34.94304],[127.90741,34.94306],[127.90869,34.93874],[127.91075,34.93845],[127.91363,34.94155],[127.91584,34.9386],[127.91815,34.93938],[127.91845,34.94231],[127.92546,34.94067],[127.92081,34.9337],[127.92745,34.92894],[127.93071,34.92457],[127.92609,34.92788],[127.92368,34.92711],[127.9244,34.92016],[127.92879,34.91764],[127.92916,34.91527],[127.92473,34.91062],[127.92788,34.90687],[127.92176,34.90058],[127.92541,34.89165],[127.92046,34.89228],[127.9136,34.88894],[127.9097,34.88606],[127.90944,34.88364],[127.90672,34.88332],[127.90408,34.88505],[127.90129,34.88399],[127.90129,34.87805],[127.89841,34.87541],[127.89796,34.87262],[127.90372,34.86138],[127.90268,34.86061],[127.90385,34.86069]]],[[[128.02177,35.03067],[128.02242,35.03044],[128.02177,35.03067]]],[[[128.67367,34.78664],[128.67076,34.78402],[128.66999,34.78074],[128.66517,34.77987],[128.66239,34.77605],[128.65807,34.77423],[128.65131,34.77859],[128.64537,34.77813],[128.64011,34.77218],[128.63782,34.76389],[128.63824,34.76116],[128.64486,34.7535],[128.6495,34.75042],[128.64681,34.74766],[128.6472,34.74617],[128.65251,34.7423],[128.66222,34.74191],[128.66293,34.74515],[128.66875,34.74547],[128.67101,34.74392],[128.67599,34.74419],[128.68102,34.74011],[128.68312,34.7379],[128.6822,34.73656],[128.67767,34.73813],[128.67542,34.73583],[128.67612,34.72895],[128.67137,34.7309],[128.67159,34.73907],[128.6669,34.73548],[128.66214,34.73907],[128.65821,34.73779],[128.6537,34.73987],[128.65216,34.73888],[128.65139,34.7341],[128.63972,34.73585],[128.62917,34.73127],[128.62795,34.73267],[128.63027,34.7332],[128.63044,34.73533],[128.62738,34.73695],[128.6201,34.7304],[128.6219,34.72811],[128.62331,34.72917],[128.62614,34.72822],[128.63059,34.71967],[128.64181,34.71488],[128.63819,34.70762],[128.63185,34.70929],[128.62794,34.71339],[128.62579,34.71369],[128.62055,34.71161],[128.61842,34.70582],[128.61028,34.70183],[128.60014,34.70386],[128.59627,34.70819],[128.58985,34.70861],[128.58465,34.7071],[128.58122,34.70276],[128.57684,34.70255],[128.57634,34.70749],[128.57855,34.70918],[128.57895,34.71497],[128.58135,34.71646],[128.58568,34.71504],[128.58805,34.71723],[128.58764,34.71985],[128.58552,34.72043],[128.58474,34.72264],[128.59183,34.72276],[128.60263,34.7263],[128.60739,34.73182],[128.60652,34.73484],[128.60175,34.73679],[128.5975,34.73528],[128.59028,34.73774],[128.58556,34.73719],[128.58214,34.73963],[128.57663,34.73815],[128.57567,34.73933],[128.57757,34.74382],[128.57675,34.74904],[128.57815,34.75306],[128.58212,34.75647],[128.57968,34.76225],[128.58503,34.76435],[128.58683,34.7614],[128.59056,34.76369],[128.59924,34.76284],[128.60105,34.76396],[128.60115,34.76696],[128.59157,34.77065],[128.59624,34.77401],[128.59778,34.77704],[128.59471,34.77854],[128.5907,34.77622],[128.58238,34.77569],[128.57531,34.7786],[128.57422,34.77556],[128.56728,34.77319],[128.56757,34.77054],[128.56375,34.76621],[128.5554,34.76653],[128.55272,34.76932],[128.55287,34.77599],[128.55706,34.77894],[128.56085,34.77804],[128.56564,34.78333],[128.56824,34.78407],[128.56873,34.78646],[128.55887,34.78993],[128.55652,34.7894],[128.55442,34.78423],[128.54302,34.77528],[128.54109,34.77851],[128.54463,34.78483],[128.53865,34.78747],[128.5462,34.78783],[128.55,34.79024],[128.55181,34.7945],[128.55383,34.79409],[128.55509,34.79034],[128.56238,34.79054],[128.56874,34.79307],[128.57798,34.79362],[128.58417,34.79783],[128.58655,34.81043],[128.58461,34.8176],[128.59545,34.82766],[128.59459,34.82919],[128.59247,34.82823],[128.58686,34.83162],[128.58495,34.83369],[128.58651,34.83509],[128.5858,34.83749],[128.57948,34.84079],[128.57859,34.84318],[128.58149,34.84426],[128.58367,34.84134],[128.58731,34.84077],[128.58878,34.84698],[128.57826,34.85347],[128.57302,34.85429],[128.56732,34.84627],[128.5645,34.84553],[128.5625,34.8429],[128.56367,34.83286],[128.54327,34.83374],[128.54046,34.83592],[128.5377,34.83389],[128.5392,34.83166],[128.53671,34.82914],[128.53279,34.83149],[128.53349,34.83336],[128.52402,34.83248],[128.52349,34.83117],[128.5277,34.82942],[128.52114,34.82678],[128.52739,34.82516],[128.52829,34.82143],[128.52245,34.82404],[128.52019,34.82317],[128.51921,34.82228],[128.52374,34.81658],[128.51632,34.80827],[128.51068,34.80896],[128.50921,34.81769],[128.50092,34.82389],[128.50235,34.82792],[128.50149,34.83311],[128.50476,34.83538],[128.49795,34.83347],[128.48213,34.84023],[128.4804,34.84677],[128.47824,34.84872],[128.48101,34.85509],[128.4762,34.85497],[128.475,34.85893],[128.4759,34.86834],[128.47262,34.87211],[128.47657,34.88386],[128.48429,34.88824],[128.49074,34.89564],[128.49189,34.90063],[128.49434,34.90134],[128.49717,34.89862],[128.50229,34.90249],[128.49787,34.90322],[128.49686,34.907],[128.50303,34.90421],[128.50662,34.9053],[128.50009,34.91103],[128.50396,34.91017],[128.50711,34.90712],[128.51577,34.90968],[128.51924,34.91561],[128.52751,34.92358],[128.53279,34.92014],[128.53516,34.92225],[128.5384,34.92116],[128.53721,34.91873],[128.54311,34.91352],[128.54388,34.91089],[128.5496,34.9069],[128.55719,34.90563],[128.56029,34.90167],[128.56888,34.89845],[128.57364,34.89927],[128.57631,34.90154],[128.57633,34.90376],[128.57262,34.90656],[128.57218,34.90889],[128.58169,34.91287],[128.57778,34.91379],[128.57703,34.91766],[128.57891,34.91327],[128.58825,34.91499],[128.58954,34.90638],[128.59098,34.90572],[128.59626,34.90644],[128.59529,34.9136],[128.5972,34.90257],[128.6011,34.90306],[128.59937,34.91386],[128.60127,34.90307],[128.60489,34.9035],[128.60551,34.90699],[128.60752,34.90679],[128.60642,34.89751],[128.60803,34.89779],[128.60902,34.9022],[128.61055,34.90247],[128.61436,34.89873],[128.61483,34.89457],[128.61798,34.89111],[128.62391,34.89202],[128.62572,34.89851],[128.61799,34.90636],[128.61647,34.90922],[128.61706,34.91375],[128.61521,34.91594],[128.61181,34.91351],[128.60819,34.91479],[128.61124,34.92331],[128.60359,34.9248],[128.60047,34.9284],[128.60031,34.93149],[128.59813,34.92963],[128.5923,34.93516],[128.59243,34.93841],[128.58603,34.94296],[128.58592,34.94676],[128.58892,34.95091],[128.58803,34.95254],[128.59148,34.95164],[128.59308,34.94914],[128.59658,34.95079],[128.60048,34.95803],[128.59814,34.96628],[128.60624,34.96998],[128.61056,34.96569],[128.60672,34.96211],[128.6051,34.95792],[128.60912,34.95807],[128.61738,34.9632],[128.61926,34.96121],[128.62454,34.96391],[128.63243,34.96116],[128.63425,34.96264],[128.63139,34.96577],[128.63254,34.96692],[128.64253,34.95891],[128.64479,34.95843],[128.64724,34.96007],[128.6494,34.9573],[128.65135,34.96163],[128.64712,34.96295],[128.64717,34.96594],[128.64946,34.96987],[128.65029,34.97936],[128.65537,34.97847],[128.65966,34.98143],[128.65789,34.983],[128.65399,34.98292],[128.65399,34.9888],[128.65544,34.99044],[128.66371,34.99044],[128.66722,34.98822],[128.66718,34.99016],[128.66457,34.99223],[128.65984,34.99396],[128.65954,34.99767],[128.66403,34.9976],[128.66683,34.99557],[128.67142,34.99866],[128.67476,34.9936],[128.67425,34.98836],[128.67884,34.98711],[128.68149,34.9898],[128.6786,34.99666],[128.67317,34.99915],[128.67355,35.00115],[128.67915,35.00025],[128.68178,35.00142],[128.68179,35.00705],[128.68002,35.00876],[128.67586,35.00436],[128.66744,35.00787],[128.66782,35.01098],[128.67155,35.01277],[128.6717,35.02086],[128.67601,35.02156],[128.67532,35.0318],[128.67757,35.03331],[128.6829,35.03234],[128.68473,35.034],[128.68452,35.03578],[128.67515,35.03991],[128.67872,35.04075],[128.68604,35.03882],[128.68803,35.03732],[128.68982,35.03206],[128.69365,35.03046],[128.69964,35.0316],[128.69892,35.03691],[128.70573,35.03167],[128.71237,35.03155],[128.71933,35.02402],[128.71999,35.01922],[128.71706,35.01203],[128.71791,35.0099],[128.71151,35.00653],[128.70682,35.00918],[128.70207,35.00615],[128.70136,35.00185],[128.70671,35.00082],[128.70657,34.9962],[128.69445,34.99776],[128.69291,34.99573],[128.69507,34.99056],[128.69719,34.9901],[128.69969,34.99228],[128.70093,34.99081],[128.6977,34.98557],[128.69762,34.98219],[128.69494,34.98017],[128.69679,34.97293],[128.69923,34.97075],[128.70414,34.97083],[128.70795,34.96478],[128.71652,34.96416],[128.71803,34.96098],[128.71578,34.96069],[128.71495,34.9577],[128.71937,34.9508],[128.72593,34.94812],[128.72708,34.94606],[128.7262,34.93741],[128.72306,34.93714],[128.71983,34.94146],[128.71492,34.93632],[128.71982,34.9332],[128.717,34.92953],[128.71988,34.9276],[128.71764,34.92542],[128.71771,34.92186],[128.72069,34.9178],[128.72351,34.91791],[128.72388,34.91509],[128.71997,34.90946],[128.71384,34.91297],[128.7104,34.91074],[128.71352,34.90593],[128.71295,34.90406],[128.71615,34.90297],[128.71734,34.90057],[128.7071,34.89912],[128.70389,34.89334],[128.70463,34.89129],[128.70281,34.89191],[128.70026,34.88961],[128.69667,34.89131],[128.698,34.88528],[128.69487,34.87876],[128.70148,34.88634],[128.69645,34.88018],[128.69998,34.87858],[128.69766,34.87493],[128.69877,34.87421],[128.70758,34.88141],[128.70664,34.87817],[128.70905,34.87655],[128.70523,34.87269],[128.70984,34.86884],[128.7181,34.87747],[128.71661,34.87956],[128.7185,34.88185],[128.72578,34.88783],[128.71963,34.89462],[128.726,34.88793],[128.7296,34.88863],[128.7314,34.8909],[128.73426,34.89039],[128.73627,34.88551],[128.73996,34.88488],[128.75128,34.89544],[128.75251,34.89423],[128.73857,34.87842],[128.74357,34.87154],[128.74384,34.86821],[128.73348,34.86209],[128.72883,34.86273],[128.73013,34.8643],[128.72938,34.8672],[128.7248,34.86692],[128.72375,34.86486],[128.72913,34.8587],[128.7292,34.85361],[128.73435,34.85078],[128.73624,34.8455],[128.73508,34.8433],[128.72503,34.84151],[128.72057,34.84921],[128.71757,34.84965],[128.70321,34.84238],[128.70179,34.83917],[128.7029,34.83257],[128.70993,34.82844],[128.72065,34.83843],[128.71844,34.83694],[128.71898,34.83565],[128.7239,34.8331],[128.72614,34.82801],[128.71837,34.82424],[128.71952,34.82189],[128.72136,34.82178],[128.72179,34.81409],[128.72829,34.81132],[128.7351,34.79973],[128.73712,34.79872],[128.73656,34.79634],[128.7405,34.79062],[128.73989,34.78694],[128.7362,34.78616],[128.73072,34.79239],[128.72777,34.79336],[128.72334,34.79203],[128.70952,34.79513],[128.7104,34.79854],[128.71533,34.80083],[128.70952,34.81236],[128.70576,34.81289],[128.6955,34.80575],[128.69861,34.80285],[128.69891,34.79785],[128.69047,34.797],[128.68813,34.79923],[128.69345,34.80523],[128.69223,34.8076],[128.67323,34.81413],[128.66617,34.81055],[128.66931,34.80592],[128.66609,34.80157],[128.66877,34.79839],[128.66617,34.79339],[128.66776,34.79063],[128.67375,34.78664],[128.67367,34.78664]]],[[[128.46108,35.08965],[128.46109,35.08966],[128.4617,35.09014],[128.46108,35.08965]]],[[[128.46108,35.08965],[128.46597,35.08533],[128.47912,35.08167],[128.47927,35.0784],[128.4762,35.07588],[128.47282,35.07614],[128.47094,35.08138],[128.46834,35.08164],[128.46557,35.07959],[128.46476,35.07387],[128.46148,35.07167],[128.45309,35.07407],[128.44623,35.07168],[128.4394,35.07233],[128.44058,35.07015],[128.43909,35.06698],[128.43563,35.06527],[128.43199,35.05759],[128.42786,35.05512],[128.42184,35.05707],[128.41944,35.05482],[128.41536,35.05513],[128.41471,35.05713],[128.4173,35.05999],[128.41592,35.06165],[128.41216,35.06191],[128.40805,35.0585],[128.40283,35.05794],[128.39607,35.05267],[128.38373,35.05052],[128.38313,35.04594],[128.38095,35.04678],[128.38146,35.04881],[128.37552,35.04975],[128.37339,35.04954],[128.37356,35.04458],[128.37136,35.04449],[128.36543,35.04845],[128.36427,35.04689],[128.3762,35.03913],[128.38026,35.03951],[128.38222,35.03592],[128.37481,35.03002],[128.36943,35.03136],[128.37076,35.02614],[128.37512,35.02403],[128.37392,35.022],[128.37152,35.02399],[128.3665,35.02183],[128.3677,35.01682],[128.37558,35.01541],[128.38278,35.01869],[128.3889,35.01696],[128.38912,35.03258],[128.38311,35.03422],[128.38362,35.0356],[128.38932,35.03306],[128.39686,35.03879],[128.40929,35.04319],[128.41803,35.04262],[128.42165,35.045],[128.42945,35.04503],[128.43277,35.04735],[128.43813,35.04567],[128.43966,35.04771],[128.43907,35.04954],[128.45062,35.0518],[128.44604,35.05408],[128.44245,35.0603],[128.44522,35.06698],[128.45265,35.07127],[128.45582,35.06954],[128.45862,35.06359],[128.46025,35.06315],[128.46851,35.0682],[128.46761,35.07503],[128.46893,35.07561],[128.47866,35.06612],[128.482,35.06554],[128.48238,35.06343],[128.47976,35.06305],[128.47877,35.05904],[128.47507,35.05489],[128.47601,35.05366],[128.48138,35.05385],[128.48209,35.05242],[128.47925,35.04695],[128.46495,35.04978],[128.46056,35.04926],[128.4591,35.04677],[128.46254,35.04348],[128.47052,35.04105],[128.47179,35.03958],[128.47098,35.03714],[128.47362,35.03459],[128.47494,35.04117],[128.47647,35.04214],[128.48604,35.03838],[128.48147,35.0283],[128.49048,35.02334],[128.50043,35.02076],[128.50122,35.01363],[128.49516,35.01201],[128.49578,35.00975],[128.49266,35.00562],[128.49069,35.00572],[128.48674,35.01171],[128.48329,35.01036],[128.48388,35.00656],[128.48065,35.00396],[128.48346,35.00104],[128.4821,34.9994],[128.47608,34.99825],[128.4789,34.99573],[128.47815,34.99281],[128.47282,34.99415],[128.46763,34.99783],[128.46413,34.99783],[128.47044,34.99021],[128.46664,34.98805],[128.46365,34.98795],[128.45751,34.99167],[128.43819,34.9948],[128.42727,34.99311],[128.4146,34.99684],[128.40735,34.99406],[128.40618,34.98611],[128.40952,34.98354],[128.41781,34.98679],[128.43427,34.98509],[128.4414,34.98198],[128.44368,34.97766],[128.44322,34.97354],[128.44097,34.97063],[128.44385,34.96846],[128.43133,34.95696],[128.42908,34.95695],[128.43023,34.9452],[128.42594,34.94277],[128.42477,34.9403],[128.43158,34.93255],[128.43599,34.93145],[128.42847,34.92835],[128.42981,34.92112],[128.42869,34.9141],[128.42724,34.91652],[128.42554,34.91641],[128.41774,34.9102],[128.42076,34.90446],[128.42445,34.90506],[128.4258,34.90383],[128.42201,34.90188],[128.41837,34.89163],[128.4235,34.88383],[128.42137,34.87296],[128.42347,34.87202],[128.4295,34.87678],[128.43256,34.87729],[128.43451,34.88428],[128.43095,34.88483],[128.43207,34.88835],[128.44553,34.8885],[128.43888,34.893],[128.44417,34.89995],[128.45143,34.90286],[128.44933,34.90547],[128.44601,34.90589],[128.44288,34.9105],[128.43821,34.91197],[128.44042,34.91334],[128.45262,34.91476],[128.45236,34.91032],[128.46053,34.90495],[128.45392,34.90071],[128.45931,34.89818],[128.46004,34.8997],[128.46404,34.89965],[128.46577,34.89606],[128.46381,34.89469],[128.4659,34.89172],[128.47127,34.89178],[128.47316,34.89397],[128.47549,34.89013],[128.46857,34.8875],[128.4711,34.88441],[128.46871,34.88248],[128.46673,34.8772],[128.46795,34.87285],[128.4663,34.87113],[128.46218,34.87125],[128.46037,34.87303],[128.46066,34.87979],[128.45782,34.88247],[128.45551,34.88202],[128.45528,34.87457],[128.45191,34.87378],[128.4551,34.87054],[128.45648,34.86481],[128.45355,34.86453],[128.45016,34.86809],[128.44685,34.86557],[128.44685,34.86369],[128.45245,34.85683],[128.45315,34.85404],[128.45058,34.85147],[128.45228,34.84666],[128.44126,34.84256],[128.43362,34.84466],[128.43173,34.84279],[128.43273,34.84114],[128.44004,34.84036],[128.43518,34.83818],[128.42752,34.83956],[128.42687,34.84423],[128.42459,34.84448],[128.42358,34.84277],[128.42556,34.8416],[128.42518,34.83955],[128.41821,34.83979],[128.40496,34.8326],[128.40307,34.83318],[128.402,34.83606],[128.39872,34.8353],[128.39585,34.82951],[128.3927,34.82948],[128.39226,34.83085],[128.39428,34.83166],[128.39315,34.83432],[128.38804,34.83589],[128.38582,34.83389],[128.38345,34.83556],[128.38341,34.838],[128.3889,34.83903],[128.38791,34.84253],[128.38171,34.84392],[128.38135,34.84223],[128.37692,34.84024],[128.3718,34.84416],[128.3768,34.8437],[128.37755,34.84584],[128.3696,34.85002],[128.37234,34.85304],[128.37508,34.85123],[128.37827,34.8516],[128.38506,34.85779],[128.38418,34.86138],[128.38723,34.85954],[128.38959,34.86154],[128.38851,34.86281],[128.39683,34.86288],[128.3959,34.85897],[128.397,34.85825],[128.4009,34.86232],[128.41401,34.85968],[128.41507,34.86151],[128.41806,34.85943],[128.42071,34.86243],[128.41937,34.86547],[128.41512,34.86767],[128.41045,34.86666],[128.40491,34.86772],[128.40501,34.86542],[128.38559,34.86818],[128.38461,34.87029],[128.38598,34.87259],[128.39064,34.87242],[128.39096,34.87361],[128.38813,34.87621],[128.3832,34.87252],[128.3812,34.87316],[128.38202,34.87905],[128.38522,34.88171],[128.38114,34.88921],[128.37632,34.89113],[128.37528,34.8902],[128.38013,34.88565],[128.37889,34.88326],[128.37507,34.88191],[128.37091,34.88583],[128.36885,34.88529],[128.3715,34.8759],[128.37603,34.87154],[128.37438,34.86948],[128.36815,34.87256],[128.36327,34.87],[128.35601,34.8711],[128.3553,34.87516],[128.35736,34.87722],[128.3574,34.8802],[128.35311,34.87913],[128.35119,34.88652],[128.34908,34.8875],[128.34792,34.88656],[128.34957,34.88472],[128.3505,34.87672],[128.34828,34.8731],[128.34215,34.87427],[128.34235,34.88077],[128.34068,34.8823],[128.33349,34.88285],[128.33213,34.88117],[128.33719,34.87756],[128.32832,34.8759],[128.32515,34.88107],[128.32947,34.88478],[128.32846,34.88628],[128.32605,34.8868],[128.32218,34.88442],[128.31938,34.87919],[128.31697,34.87979],[128.31581,34.88426],[128.31067,34.88745],[128.30909,34.89354],[128.30491,34.89738],[128.29797,34.8998],[128.29821,34.90235],[128.30858,34.90877],[128.31673,34.90882],[128.32206,34.90675],[128.33208,34.90884],[128.33896,34.90852],[128.34543,34.90533],[128.34983,34.9053],[128.35446,34.90802],[128.35443,34.91093],[128.35091,34.91634],[128.35399,34.91692],[128.35457,34.91942],[128.34864,34.91953],[128.34607,34.92147],[128.3506,34.92248],[128.35064,34.92365],[128.34382,34.92572],[128.33548,34.92144],[128.3376,34.92686],[128.33812,34.92405],[128.34147,34.92414],[128.34661,34.93283],[128.34427,34.93991],[128.3382,34.93762],[128.33764,34.93553],[128.33507,34.93643],[128.34175,34.94039],[128.3405,34.94844],[128.33641,34.94513],[128.33264,34.94552],[128.32978,34.94895],[128.33256,34.95677],[128.32848,34.95538],[128.3242,34.95814],[128.32231,34.95711],[128.32028,34.96292],[128.31658,34.96097],[128.31576,34.95888],[128.31818,34.95255],[128.31585,34.9506],[128.31994,34.94446],[128.31377,34.94266],[128.31422,34.9383],[128.30867,34.94176],[128.30662,34.93923],[128.30773,34.93709],[128.30674,34.93626],[128.30441,34.9354],[128.30201,34.93749],[128.29934,34.93593],[128.30061,34.93072],[128.29942,34.92789],[128.30108,34.92424],[128.29992,34.92204],[128.30175,34.91975],[128.30493,34.91943],[128.29827,34.9169],[128.30062,34.91434],[128.30031,34.91266],[128.29743,34.91394],[128.28926,34.9098],[128.28368,34.91629],[128.28118,34.91608],[128.28165,34.9114],[128.27999,34.90836],[128.28175,34.90769],[128.28281,34.90449],[128.27421,34.90343],[128.27286,34.89971],[128.27071,34.90012],[128.27119,34.90428],[128.2758,34.90468],[128.27601,34.90985],[128.27078,34.91182],[128.27184,34.91446],[128.26594,34.91221],[128.26784,34.91836],[128.26181,34.92251],[128.26094,34.92625],[128.25757,34.93],[128.25921,34.93039],[128.26133,34.92715],[128.26566,34.92755],[128.26856,34.93002],[128.26921,34.93529],[128.26767,34.93893],[128.26345,34.93734],[128.25888,34.94037],[128.25659,34.93638],[128.25219,34.94116],[128.2481,34.94103],[128.24813,34.9387],[128.24545,34.93557],[128.24385,34.94015],[128.24678,34.94137],[128.24586,34.94332],[128.23917,34.94377],[128.22668,34.94094],[128.2228,34.94629],[128.21912,34.94453],[128.21777,34.93889],[128.21398,34.94257],[128.21072,34.94203],[128.20914,34.93556],[128.2063,34.94049],[128.20036,34.93972],[128.19699,34.93721],[128.19776,34.93413],[128.20216,34.93376],[128.20394,34.93173],[128.19915,34.93267],[128.20043,34.92959],[128.20381,34.92727],[128.20362,34.92514],[128.19631,34.91171],[128.1997,34.90191],[128.2034,34.89961],[128.20219,34.89399],[128.18752,34.89363],[128.18679,34.89899],[128.18973,34.9014],[128.18919,34.90513],[128.18587,34.906],[128.18636,34.90139],[128.18382,34.89486],[128.17769,34.90029],[128.17893,34.90546],[128.17542,34.90615],[128.17184,34.90295],[128.17431,34.90208],[128.17651,34.8954],[128.16923,34.89683],[128.1699,34.90091],[128.16604,34.90277],[128.16428,34.89926],[128.1671,34.89693],[128.1623,34.89963],[128.16003,34.90323],[128.16026,34.9071],[128.15626,34.90903],[128.15294,34.90707],[128.15179,34.90397],[128.14582,34.90511],[128.14859,34.89973],[128.14607,34.89889],[128.14375,34.90306],[128.14105,34.90284],[128.14086,34.89383],[128.13804,34.89413],[128.13318,34.88819],[128.12726,34.89446],[128.12647,34.89863],[128.12274,34.90395],[128.12082,34.90475],[128.1176,34.90415],[128.11375,34.90609],[128.11281,34.90272],[128.11421,34.90273],[128.10307,34.90015],[128.11114,34.90268],[128.1009,34.91438],[128.10997,34.91657],[128.1037,34.91581],[128.10346,34.91907],[128.11191,34.92297],[128.11683,34.92072],[128.12148,34.92128],[128.12159,34.92285],[128.11045,34.92381],[128.10564,34.92208],[128.1015,34.92516],[128.09931,34.92468],[128.09939,34.92106],[128.09814,34.92041],[128.09702,34.92179],[128.09805,34.92454],[128.09569,34.92639],[128.08873,34.91895],[128.08323,34.917],[128.08252,34.91804],[128.08594,34.91899],[128.08801,34.92617],[128.07994,34.92692],[128.08139,34.92771],[128.07959,34.92847],[128.07421,34.92267],[128.0719,34.92406],[128.07311,34.92609],[128.07204,34.92736],[128.06508,34.92626],[128.0628,34.92803],[128.05667,34.92931],[128.05736,34.92734],[128.05474,34.92872],[128.0402,34.94128],[128.03943,34.94646],[128.02983,34.95781],[128.03378,34.95848],[128.05008,34.96915],[128.05236,34.97697],[128.04411,34.9828],[128.04441,34.98576],[128.03934,34.99259],[128.03874,34.99665],[128.03971,35.00297],[128.04913,35.01164],[128.0505,35.01609],[128.04507,35.02425],[128.04312,35.02459],[128.03759,35.02094],[128.03962,35.01552],[128.03538,35.02356],[128.04217,35.03133],[128.03877,35.03769],[128.03999,35.04422],[128.04275,35.04682],[128.03837,35.04883],[128.03948,35.05677],[128.04489,35.06709],[128.06133,35.07835],[128.05783,35.07796],[128.05412,35.08171],[128.04606,35.07591],[128.04113,35.07826],[128.03457,35.07743],[128.04008,35.07581],[128.04119,35.07247],[128.03633,35.0688],[128.03254,35.06936],[128.03479,35.06274],[128.02897,35.06001],[128.02583,35.05656],[128.02574,35.05167],[128.02852,35.04961],[128.03057,35.05091],[128.03095,35.04957],[128.02636,35.04249],[128.02573,35.03379],[128.02077,35.03132],[128.02177,35.03067],[128.02003,35.02825],[128.01569,35.02963],[128.01422,35.02857],[128.00564,35.03341],[128.01326,35.03621],[128.01946,35.04074],[128.00989,35.04991],[128.00861,35.04745],[128.01406,35.0429],[128.01411,35.03963],[128.00864,35.03848],[128.00415,35.04465],[128.00266,35.04253],[127.98714,35.04653],[127.98425,35.04511],[127.98263,35.03703],[127.9761,35.03302],[127.97815,35.03162],[127.98803,35.03321],[127.98911,35.03416],[127.9875,35.03557],[127.98818,35.03914],[127.99611,35.03774],[127.99703,35.03453],[127.99434,35.03201],[128.009,35.02212],[128.00959,35.01664],[128.00697,35.0169],[128.0079,35.01259],[128.0184,35.01005],[128.0174,35.00864],[128.01988,35.00464],[128.01646,34.99886],[128.01475,34.99166],[128.01333,34.99141],[128.00888,34.99662],[128.00752,34.99588],[128.00951,34.99271],[128.00806,34.9823],[128.00375,34.98354],[128.00573,34.98467],[128.00548,34.98816],[127.99986,34.98356],[128.00212,34.98984],[128.00011,34.99513],[127.99751,34.99598],[127.99341,34.99165],[127.99634,34.98751],[127.99521,34.98447],[127.99377,34.98448],[127.99439,34.98706],[127.98926,34.98921],[127.98788,34.98534],[127.99159,34.98122],[127.98837,34.97687],[127.98269,34.97583],[127.97677,34.98234],[127.97574,34.98607],[127.97407,34.98471],[127.97268,34.98643],[127.97464,34.99016],[127.9728,34.99303],[127.96861,34.99358],[127.96741,34.99168],[127.96449,34.99489],[127.96167,34.99452],[127.9619,34.99006],[127.9567,34.9845],[127.95285,34.98659],[127.9472,34.98361],[127.9473,34.9824],[127.95347,34.9809],[127.94817,34.97993],[127.94951,34.97785],[127.95215,34.97784],[127.95271,34.97561],[127.94119,34.97912],[127.93489,34.98155],[127.9366,34.98431],[127.93971,34.98508],[127.9375,34.98772],[127.93542,34.98634],[127.93162,34.99214],[127.93428,34.99633],[127.94107,34.99875],[127.93489,34.99838],[127.94116,35.00136],[127.94072,35.00419],[127.93522,35.00529],[127.93024,35.00907],[127.92931,35.0117],[127.92273,35.0142],[127.91865,35.01043],[127.9222,35.00503],[127.91959,35.00425],[127.91646,34.99714],[127.91657,34.99473],[127.91971,34.99347],[127.91855,34.99188],[127.91708,34.99333],[127.91447,34.99258],[127.91776,34.98927],[127.92266,34.99022],[127.92351,34.9892],[127.91714,34.98857],[127.91879,34.9814],[127.91659,34.98165],[127.9141,34.98496],[127.90755,34.98303],[127.911,34.97998],[127.91188,34.97241],[127.91033,34.97057],[127.91113,34.97237],[127.90905,34.97424],[127.90156,34.97206],[127.89739,34.95652],[127.89585,34.95602],[127.89434,34.95797],[127.88888,34.95555],[127.88661,34.95159],[127.88476,34.9562],[127.88134,34.95306],[127.88213,34.9496],[127.87459,34.94766],[127.86338,34.94704],[127.85554,34.94942],[127.84781,34.94692],[127.84826,34.95005],[127.84503,34.94985],[127.8441,34.95255],[127.84567,34.95865],[127.84076,34.96288],[127.83991,34.95694],[127.83742,34.95758],[127.8376,34.9596],[127.83419,34.95859],[127.83494,34.95682],[127.83867,34.95597],[127.83925,34.95088],[127.83783,34.9494],[127.83501,34.94887],[127.82529,34.95202],[127.8224,34.95566],[127.82425,34.95101],[127.82764,34.9506],[127.8291,34.948],[127.82204,34.94575],[127.8154,34.94895],[127.81798,34.94624],[127.8189,34.94221],[127.81643,34.93927],[127.81093,34.93983],[127.80285,34.93488],[127.80568,34.92444],[127.80005,34.92306],[127.80555,34.9243],[127.80327,34.93218],[127.79525,34.93064],[127.79203,34.94024],[127.78984,34.94267],[127.78748,34.94344],[127.78489,34.94213],[127.78153,34.94379],[127.7792,34.95009],[127.77333,34.95498],[127.7701,34.96708],[127.75939,34.96678],[127.76403,34.97672],[127.77165,34.98106],[127.78004,34.98919],[127.78129,34.99686],[127.78677,35.01093],[127.78521,35.02042],[127.77879,35.02473],[127.77163,35.03372],[127.76807,35.0504],[127.76428,35.05449],[127.75154,35.05672],[127.74326,35.06096],[127.73994,35.06336],[127.73635,35.0736],[127.71612,35.08347],[127.70662,35.09541],[127.69726,35.10178],[127.69533,35.10538],[127.69478,35.12432],[127.68868,35.13517],[127.6757,35.14734],[127.65934,35.15896],[127.64837,35.16039],[127.6375,35.17313],[127.62262,35.18494],[127.61814,35.1909],[127.62149,35.19179],[127.61688,35.20691],[127.61707,35.20958],[127.62073,35.21266],[127.62114,35.22465],[127.61918,35.23545],[127.61282,35.24162],[127.61332,35.24839],[127.61525,35.25039],[127.61266,35.25347],[127.61016,35.26205],[127.5957,35.26813],[127.59557,35.27201],[127.59114,35.27542],[127.58407,35.2911],[127.57737,35.29516],[127.57609,35.30385],[127.57748,35.3089],[127.58567,35.30914],[127.60478,35.31837],[127.60769,35.32504],[127.61514,35.33073],[127.62074,35.33256],[127.62333,35.34217],[127.6206,35.34725],[127.61584,35.34997],[127.61224,35.35585],[127.6102,35.36592],[127.61266,35.36893],[127.62129,35.37222],[127.62565,35.37691],[127.62529,35.3847],[127.63634,35.3992],[127.64645,35.40266],[127.65684,35.41392],[127.66047,35.41443],[127.66355,35.42621],[127.66577,35.42743],[127.66518,35.43565],[127.67068,35.43962],[127.67407,35.44572],[127.67045,35.44872],[127.66116,35.44754],[127.65339,35.45158],[127.64983,35.45162],[127.64519,35.44913],[127.63669,35.45935],[127.6357,35.46291],[127.6378,35.47427],[127.63661,35.47821],[127.65311,35.48687],[127.65,35.49133],[127.65039,35.49788],[127.64417,35.5001],[127.64184,35.50493],[127.63364,35.51327],[127.63442,35.52021],[127.63108,35.52046],[127.62575,35.52532],[127.62533,35.5314],[127.62881,35.53372],[127.62869,35.53598],[127.62473,35.53369],[127.6207,35.53384],[127.61915,35.5366],[127.61272,35.53564],[127.6092,35.53902],[127.60926,35.54086],[127.59678,35.54744],[127.59146,35.55336],[127.58486,35.55391],[127.58729,35.55704],[127.58877,35.56477],[127.59234,35.56686],[127.59607,35.57369],[127.60485,35.57759],[127.60633,35.58159],[127.61119,35.58389],[127.60746,35.59491],[127.60887,35.59773],[127.61208,35.5989],[127.61302,35.60825],[127.61822,35.61041],[127.6214,35.61512],[127.6256,35.61491],[127.63534,35.61848],[127.62567,35.62913],[127.62426,35.63179],[127.62448,35.63804],[127.62026,35.64164],[127.6201,35.64614],[127.62216,35.64833],[127.62216,35.65102],[127.62948,35.65664],[127.62791,35.66221],[127.62895,35.66402],[127.63908,35.66992],[127.64046,35.67281],[127.63905,35.67899],[127.6403,35.68674],[127.64237,35.6899],[127.6418,35.69289],[127.64562,35.6988],[127.64975,35.70141],[127.64944,35.7038],[127.65545,35.70638],[127.65742,35.70584],[127.66096,35.70991],[127.65987,35.71583],[127.6631,35.72486],[127.66039,35.73746],[127.66313,35.74158],[127.66183,35.74918],[127.66365,35.75594],[127.66229,35.76083],[127.66582,35.76883],[127.66951,35.77137],[127.67577,35.77088],[127.67944,35.7685],[127.68481,35.77768],[127.70028,35.78913],[127.70653,35.79202],[127.71048,35.7918],[127.71891,35.79685],[127.72061,35.80199],[127.72381,35.8047],[127.72457,35.8125],[127.72965,35.813],[127.73332,35.82227],[127.73859,35.82708],[127.73947,35.82971],[127.73805,35.83519],[127.74445,35.84442],[127.75253,35.8414],[127.75776,35.83676],[127.76432,35.83883],[127.76885,35.83831],[127.77723,35.84325],[127.77917,35.84724],[127.78378,35.85085],[127.78757,35.85263],[127.79205,35.85241],[127.80436,35.85869],[127.81392,35.85362],[127.81454,35.85679],[127.81944,35.85964],[127.81941,35.86253],[127.82656,35.86835],[127.83273,35.86892],[127.83495,35.8669],[127.84175,35.86625],[127.84486,35.87025],[127.84488,35.87561],[127.84678,35.8779],[127.85106,35.87764],[127.85368,35.88134],[127.85075,35.89005],[127.85827,35.89702],[127.85954,35.90649],[127.86409,35.90662],[127.86927,35.90401],[127.87706,35.90749],[127.87795,35.90918],[127.88223,35.90993],[127.88506,35.90961],[127.88219,35.90319],[127.88478,35.89311],[127.88824,35.89235],[127.89352,35.8868],[127.90228,35.88957],[127.912,35.88984],[127.92022,35.89322],[127.91852,35.89038],[127.92287,35.88258],[127.92808,35.88127],[127.93022,35.87863],[127.92842,35.87677],[127.92879,35.87035],[127.93308,35.864],[127.93134,35.85899],[127.9272,35.85843],[127.92578,35.85562],[127.93035,35.85637],[127.94224,35.85454],[127.94705,35.85972],[127.95118,35.86164],[127.95963,35.8603],[127.96255,35.85537],[127.97398,35.85207],[127.98175,35.85874],[127.98422,35.85764],[127.9865,35.85199],[127.99699,35.83705],[128.00589,35.83394],[128.00795,35.83079],[128.01178,35.82893],[128.01751,35.83252],[128.02428,35.83292],[128.02978,35.83565],[128.05165,35.82988],[128.05487,35.83436],[128.06089,35.83435],[128.06979,35.8412],[128.0844,35.837],[128.08627,35.833],[128.09075,35.83063],[128.09701,35.83202],[128.11092,35.82388],[128.11703,35.82347],[128.11937,35.8249],[128.12455,35.81944],[128.12194,35.8118],[128.1234,35.80561],[128.1219,35.80349],[128.12872,35.79429],[128.12886,35.7894],[128.13753,35.78426],[128.14797,35.78401],[128.15437,35.78645],[128.15904,35.78367],[128.15894,35.78007],[128.16371,35.77719],[128.16153,35.77001],[128.165,35.76349],[128.18928,35.75176],[128.18852,35.74967],[128.19077,35.74742],[128.19361,35.73813],[128.19809,35.73591],[128.19663,35.73038],[128.20102,35.72325],[128.20226,35.7176],[128.20258,35.71228],[128.20031,35.70772],[128.20334,35.70296],[128.2046,35.69712],[128.20264,35.69265],[128.20482,35.68392],[128.199,35.68448],[128.19823,35.68233],[128.19226,35.68008],[128.18414,35.68005],[128.17916,35.67295],[128.16368,35.67297],[128.16009,35.6675],[128.16166,35.65978],[128.15953,35.65753],[128.16018,35.65488],[128.16589,35.65299],[128.1768,35.65695],[128.18575,35.65756],[128.19713,35.65068],[128.20123,35.64372],[128.21012,35.64373],[128.21261,35.64109],[128.22018,35.63999],[128.22654,35.64154],[128.22973,35.63946],[128.23596,35.64068],[128.23775,35.64396],[128.23636,35.65108],[128.24351,35.65545],[128.25864,35.6478],[128.26234,35.64274],[128.26698,35.64519],[128.27679,35.64697],[128.27947,35.65231],[128.28832,35.65251],[128.29625,35.65073],[128.29807,35.65623],[128.30599,35.65548],[128.31791,35.65149],[128.32404,35.64661],[128.32954,35.64853],[128.33782,35.64481],[128.34917,35.64645],[128.35476,35.64181],[128.36014,35.63311],[128.36463,35.61336],[128.37782,35.60682],[128.3824,35.60654],[128.38441,35.60991],[128.38775,35.61015],[128.39013,35.61238],[128.40293,35.61731],[128.40686,35.61451],[128.413,35.61656],[128.42294,35.62517],[128.42849,35.6231],[128.43217,35.62401],[128.43761,35.63068],[128.44045,35.63059],[128.44107,35.63399],[128.44648,35.63841],[128.4532,35.6369],[128.45648,35.63741],[128.45751,35.63963],[128.46034,35.64058],[128.46626,35.63674],[128.47069,35.63662],[128.47849,35.64053],[128.48271,35.63499],[128.49569,35.63904],[128.50571,35.63927],[128.51071,35.64569],[128.50681,35.65015],[128.50915,35.66545],[128.50755,35.67286],[128.50946,35.67471],[128.5148,35.67542],[128.51817,35.67943],[128.52793,35.68316],[128.52998,35.68301],[128.52681,35.6735],[128.53065,35.66293],[128.5355,35.662],[128.53743,35.65976],[128.53784,35.65079],[128.53477,35.6437],[128.53816,35.63259],[128.5362,35.62759],[128.5369,35.62383],[128.55125,35.61655],[128.55362,35.61707],[128.55873,35.6148],[128.55873,35.60737],[128.56058,35.60345],[128.56903,35.60245],[128.57342,35.59288],[128.58475,35.58646],[128.59269,35.58487],[128.60286,35.58007],[128.6147,35.58166],[128.61684,35.58392],[128.63075,35.58742],[128.63653,35.5847],[128.63807,35.5886],[128.6409,35.58882],[128.64409,35.59305],[128.65632,35.59788],[128.66442,35.59375],[128.67424,35.5961],[128.68924,35.59446],[128.69319,35.59088],[128.69494,35.58342],[128.70331,35.57801],[128.71241,35.57911],[128.71496,35.5776],[128.72401,35.58156],[128.73197,35.57595],[128.73742,35.57715],[128.75718,35.56771],[128.76752,35.56989],[128.78553,35.56689],[128.79501,35.57334],[128.79878,35.57831],[128.80072,35.58763],[128.80265,35.58915],[128.80956,35.58898],[128.82376,35.59612],[128.83365,35.59735],[128.84264,35.58899],[128.84473,35.58962],[128.85408,35.59718],[128.85936,35.60622],[128.86479,35.60905],[128.86815,35.61612],[128.87197,35.61825],[128.87388,35.62164],[128.87538,35.63233],[128.88146,35.63548],[128.88479,35.63398],[128.88471,35.63199],[128.88877,35.62886],[128.90167,35.63321],[128.91505,35.64062],[128.94115,35.63507],[128.9512,35.63015],[128.95415,35.6251],[128.96126,35.62056],[128.96088,35.61558],[128.97281,35.61345],[128.98264,35.60871],[128.98675,35.60912],[128.9971,35.615],[129.00274,35.62026],[129.0085,35.61594],[129.01667,35.61629],[129.02302,35.61344],[129.02265,35.60295],[129.02462,35.59992],[129.02275,35.59126],[129.01893,35.58676],[129.0192,35.58426],[129.00793,35.58019],[128.99408,35.567],[128.97791,35.56345],[128.97119,35.5603],[128.97292,35.55606],[128.98092,35.54637],[128.98935,35.5516],[128.99835,35.54172],[128.99883,35.53854],[128.99592,35.53525],[128.99459,35.52813],[129.0076,35.52911],[129.00969,35.52806],[129.00903,35.52399],[129.01296,35.52314],[129.02033,35.52413],[129.02734,35.52711],[129.03333,35.52583],[129.05582,35.53227],[129.05657,35.52711],[129.05211,35.5244],[129.05106,35.51984],[129.05263,35.51447],[129.0717,35.50564],[129.08644,35.50184],[129.09062,35.49831],[129.10527,35.49647],[129.10672,35.49514],[129.10679,35.48948],[129.10937,35.4866],[129.10832,35.48107],[129.1157,35.47664],[129.12127,35.47011],[129.12058,35.46549],[129.12177,35.46344],[129.13088,35.45817],[129.14315,35.44565],[129.15204,35.44187],[129.15847,35.4365],[129.16761,35.4318],[129.17108,35.43342],[129.17675,35.43363],[129.17836,35.43226],[129.19006,35.43493],[129.19698,35.43889],[129.20211,35.43207],[129.19994,35.43045],[129.20016,35.42415],[129.20328,35.42101],[129.21146,35.41906],[129.21479,35.41302],[129.21818,35.41153],[129.21907,35.40768],[129.21381,35.40208],[129.20892,35.39943],[129.20781,35.39578],[129.20282,35.39261],[129.20117,35.38778],[129.19937,35.38904],[129.19435,35.38345],[129.19457,35.38026],[129.19918,35.37598],[129.19783,35.37141],[129.19876,35.3665],[129.19378,35.36334],[129.19337,35.36124],[129.18573,35.35857],[129.17614,35.3514],[129.1686,35.3538],[129.16281,35.35681],[129.16111,35.3594],[129.15012,35.36393],[129.13219,35.36574],[129.12757,35.36773],[129.1212,35.36736],[129.11818,35.36903],[129.12215,35.36385],[129.12614,35.36303],[129.13323,35.35636],[129.13459,35.35145],[129.12714,35.3454],[129.128,35.34327],[129.12399,35.33786],[129.12576,35.33206],[129.12107,35.32874],[129.11814,35.32248],[129.11366,35.32022],[129.11201,35.31673],[129.11241,35.31014],[129.10856,35.30458],[129.10555,35.30653],[129.09673,35.30347],[129.08835,35.30261],[129.07427,35.29076],[129.07017,35.29434],[129.05836,35.29484],[129.05217,35.28586],[129.05385,35.28206],[129.04901,35.27841],[129.0475,35.27421],[129.02954,35.27689],[129.01348,35.27376],[129.01482,35.27053],[128.9988,35.23808],[128.9897,35.23168],[128.97358,35.22736],[128.9567,35.22525],[128.94853,35.22524],[128.944,35.22833],[128.92013,35.21642],[128.91665,35.21696],[128.9125,35.22252],[128.91027,35.2229],[128.90917,35.22056],[128.90931,35.22294],[128.90502,35.22007],[128.90836,35.21676],[128.89682,35.2132],[128.8864,35.21448],[128.88162,35.21039],[128.87906,35.21004],[128.87035,35.20156],[128.87619,35.19263],[128.87606,35.18809],[128.88168,35.1822],[128.88004,35.17887],[128.88115,35.17185],[128.87348,35.17414],[128.87235,35.17227],[128.87577,35.17051],[128.87701,35.165],[128.88139,35.16134],[128.88083,35.15947],[128.87442,35.15857],[128.87469,35.1536],[128.87631,35.15168],[128.87531,35.15117],[128.87166,35.15046],[128.86518,35.15819],[128.86665,35.15976],[128.86918,35.15865],[128.8721,35.16262],[128.8715,35.16506],[128.86739,35.16771],[128.85974,35.16817],[128.84629,35.16469],[128.84293,35.15799],[128.83601,35.15914],[128.82753,35.15559],[128.82299,35.15616],[128.81597,35.16016],[128.80871,35.15894],[128.80587,35.16044],[128.8006,35.15807],[128.79452,35.15854],[128.79367,35.15716],[128.79604,35.15288],[128.80177,35.1466],[128.80213,35.1419],[128.80669,35.1425],[128.80765,35.1391],[128.81536,35.13263],[128.82423,35.13103],[128.82738,35.1282],[128.83298,35.12994],[128.83806,35.12318],[128.83593,35.11904],[128.83755,35.11612],[128.84296,35.11316],[128.8417,35.10599],[128.83554,35.10213],[128.82334,35.10175],[128.82006,35.09293],[128.81452,35.09076],[128.81916,35.09112],[128.82328,35.09428],[128.8287,35.08997],[128.82643,35.08621],[128.82154,35.08585],[128.82154,35.08445],[128.81853,35.083],[128.8115,35.08299],[128.81151,35.07758],[128.78469,35.07772],[128.78247,35.08534],[128.78995,35.09403],[128.80041,35.0938],[128.80259,35.09834],[128.79903,35.10046],[128.7883,35.09837],[128.79159,35.10197],[128.78835,35.10697],[128.78873,35.11343],[128.7847,35.11384],[128.78253,35.11244],[128.77934,35.10293],[128.77228,35.09895],[128.76958,35.10356],[128.76295,35.10516],[128.76558,35.09759],[128.7842,35.09751],[128.7842,35.09232],[128.77923,35.08634],[128.77925,35.08214],[128.77312,35.08298],[128.7729,35.06489],[128.77059,35.06434],[128.77135,35.06286],[128.76949,35.06384],[128.76561,35.06246],[128.76376,35.05983],[128.7614,35.06108],[128.76211,35.06451],[128.76636,35.06689],[128.76635,35.06917],[128.7636,35.07751],[128.75578,35.07785],[128.75099,35.08225],[128.7466,35.08167],[128.74187,35.07789],[128.74623,35.08541],[128.74353,35.08589],[128.74021,35.08297],[128.73571,35.08875],[128.73948,35.09648],[128.74382,35.09824],[128.74365,35.09987],[128.73867,35.09941],[128.73614,35.09418],[128.72899,35.08997],[128.73069,35.09388],[128.7279,35.09364],[128.72479,35.09714],[128.71423,35.09532],[128.71518,35.10429],[128.71346,35.10683],[128.71199,35.10676],[128.71035,35.10357],[128.70332,35.10594],[128.70032,35.10334],[128.70288,35.10044],[128.70138,35.09876],[128.69816,35.09805],[128.69614,35.10009],[128.69629,35.09726],[128.69455,35.09746],[128.68833,35.10288],[128.68896,35.10766],[128.68812,35.10852],[128.68586,35.10701],[128.68832,35.10902],[128.69239,35.10841],[128.69541,35.1098],[128.70086,35.11652],[128.6996,35.12566],[128.69338,35.13295],[128.6973,35.13446],[128.69634,35.13843],[128.69482,35.13974],[128.69074,35.13785],[128.69278,35.13496],[128.68783,35.14153],[128.69093,35.14764],[128.67959,35.14675],[128.67084,35.14248],[128.6733,35.13963],[128.67336,35.13406],[128.67776,35.12628],[128.67705,35.12454],[128.67259,35.12352],[128.6709,35.12087],[128.66627,35.1185],[128.66283,35.12268],[128.66503,35.1252],[128.66336,35.13046],[128.65891,35.13695],[128.64446,35.13562],[128.64214,35.14543],[128.64281,35.14796],[128.64459,35.14587],[128.6472,35.14641],[128.64717,35.1505],[128.63782,35.14953],[128.63629,35.14831],[128.63703,35.14584],[128.62972,35.14877],[128.62617,35.14836],[128.62584,35.14454],[128.61875,35.13587],[128.62137,35.13289],[128.62871,35.13256],[128.61931,35.13307],[128.61596,35.13978],[128.61105,35.13754],[128.60709,35.13769],[128.6103,35.14364],[128.61497,35.14468],[128.61498,35.14698],[128.61208,35.14776],[128.60916,35.15184],[128.60865,35.15802],[128.6107,35.1623],[128.60797,35.1632],[128.60491,35.16046],[128.59858,35.16496],[128.60055,35.16826],[128.59314,35.17352],[128.5924,35.19133],[128.58925,35.19527],[128.59069,35.19607],[128.58933,35.1994],[128.60889,35.21204],[128.61683,35.21118],[128.62439,35.21256],[128.6331,35.21921],[128.63223,35.21981],[128.61713,35.21261],[128.6095,35.21336],[128.60208,35.21085],[128.58648,35.21068],[128.58419,35.20494],[128.57594,35.19951],[128.57631,35.19744],[128.57739,35.19851],[128.56449,35.18674],[128.5704,35.17499],[128.57695,35.1745],[128.57976,35.17273],[128.58576,35.16524],[128.58273,35.16372],[128.58427,35.16155],[128.59089,35.1579],[128.59039,35.15606],[128.58444,35.15537],[128.59089,35.15305],[128.59079,35.15469],[128.59149,35.15184],[128.59074,35.14953],[128.58538,35.1465],[128.59087,35.14668],[128.59745,35.14227],[128.58721,35.13042],[128.57901,35.13959],[128.57505,35.13745],[128.57502,35.13317],[128.57216,35.13264],[128.5824,35.12742],[128.5904,35.12898],[128.59413,35.13252],[128.60006,35.13208],[128.59885,35.12429],[128.5859,35.12024],[128.58754,35.11813],[128.59055,35.12021],[128.59945,35.11918],[128.60115,35.10392],[128.60254,35.10192],[128.60865,35.09704],[128.61749,35.09372],[128.61572,35.09235],[128.61172,35.09292],[128.61202,35.09157],[128.61627,35.08937],[128.62188,35.09002],[128.62796,35.08317],[128.62454,35.084],[128.61658,35.08102],[128.60542,35.08056],[128.60273,35.07475],[128.60539,35.0731],[128.60758,35.07544],[128.61118,35.07526],[128.61179,35.07239],[128.60761,35.07081],[128.61085,35.06961],[128.61492,35.06948],[128.62531,35.07392],[128.63542,35.07129],[128.63492,35.06882],[128.61707,35.06226],[128.61306,35.06252],[128.60879,35.06061],[128.60742,35.05773],[128.60159,35.05629],[128.58942,35.0564],[128.57362,35.05377],[128.57279,35.05468],[128.57817,35.06051],[128.58504,35.06181],[128.5898,35.06641],[128.5966,35.06823],[128.59687,35.06968],[128.58704,35.07276],[128.58615,35.07191],[128.58752,35.06983],[128.58084,35.06457],[128.57989,35.06691],[128.56969,35.06998],[128.56779,35.06738],[128.56247,35.06734],[128.56116,35.06975],[128.56612,35.07062],[128.56584,35.07332],[128.56294,35.07572],[128.56417,35.0824],[128.56918,35.08245],[128.57356,35.08656],[128.581,35.0875],[128.58316,35.09129],[128.57695,35.09059],[128.55017,35.09676],[128.54844,35.09656],[128.54861,35.094],[128.54642,35.09299],[128.54547,35.09828],[128.54798,35.10042],[128.54143,35.10148],[128.54406,35.10424],[128.54738,35.10416],[128.54877,35.1073],[128.54359,35.11071],[128.53857,35.10679],[128.53688,35.10778],[128.53671,35.11047],[128.53851,35.10823],[128.54087,35.10997],[128.53861,35.11445],[128.54107,35.11809],[128.53772,35.1207],[128.53356,35.11594],[128.53024,35.10709],[128.52698,35.10442],[128.5248,35.1058],[128.51996,35.10516],[128.51955,35.09982],[128.51784,35.09797],[128.51265,35.09975],[128.50628,35.09836],[128.49906,35.1023],[128.49584,35.10675],[128.48434,35.10851],[128.4866,35.10604],[128.48548,35.10169],[128.48132,35.09961],[128.48109,35.10243],[128.47968,35.10237],[128.47787,35.09951],[128.47091,35.09817],[128.45895,35.10615],[128.45142,35.10427],[128.45249,35.10299],[128.44724,35.09783],[128.45504,35.09174],[128.46084,35.08946],[128.46108,35.08965]]]]},"properties":{"name":"경상남도","code":"38"}},{"type":"Feature","geometry":{"type":"MultiPolygon","coordinates":[[[[126.26792,33.1243],[126.26948,33.12329],[126.2704,33.11654],[126.26876,33.11251],[126.26682,33.11257],[126.26475,33.11796],[126.26792,33.1243],[126.26792,33.1243]]],[[[126.22886,33.41213],[126.23213,33.41007],[126.2319,33.40752],[126.22626,33.40421],[126.22254,33.4059],[126.22285,33.41158],[126.22886,33.41213],[126.22886,33.41213]]],[[[126.22449,33.41787],[126.22469,33.42023],[126.22654,33.41924],[126.22395,33.41452],[126.22218,33.41798],[126.22413,33.42117],[126.22449,33.41787],[126.22449,33.41787]]],[[[126.90175,33.51527],[126.90181,33.51522],[126.90175,33.51527]]],[[[126.72988,33.56075],[126.72986,33.56086],[126.72988,33.56075]]],[[[126.90175,33.51527],[126.89898,33.5131],[126.8996,33.50971],[126.90637,33.51089],[126.90961,33.50966],[126.91284,33.5071],[126.9134,33.50323],[126.90938,33.49535],[126.91137,33.49048],[126.90785,33.48735],[126.90513,33.48866],[126.90356,33.48774],[126.90202,33.48167],[126.90493,33.47907],[126.91156,33.47936],[126.9099,33.47895],[126.91164,33.47386],[126.92038,33.46944],[126.92483,33.47204],[126.92487,33.46894],[126.92079,33.46469],[126.92249,33.46375],[126.92146,33.45953],[126.92328,33.45553],[126.9282,33.45781],[126.9317,33.46396],[126.92786,33.46733],[126.92971,33.47195],[126.92888,33.47352],[126.93525,33.47358],[126.93597,33.47845],[126.93655,33.46418],[126.94535,33.4596],[126.94625,33.4562],[126.94083,33.45559],[126.93329,33.46057],[126.92984,33.45859],[126.92847,33.45634],[126.92981,33.45709],[126.93014,33.45597],[126.92278,33.44981],[126.92231,33.4396],[126.92537,33.43543],[126.93155,33.43343],[126.93651,33.42917],[126.93421,33.4282],[126.9311,33.42259],[126.92938,33.42259],[126.92315,33.42642],[126.92555,33.42986],[126.92389,33.43428],[126.92014,33.43524],[126.91611,33.43394],[126.91531,33.43245],[126.91798,33.42726],[126.91416,33.42379],[126.91459,33.4208],[126.91139,33.41773],[126.91161,33.41349],[126.90834,33.40642],[126.90274,33.40193],[126.90765,33.3982],[126.90647,33.3915],[126.8835,33.38354],[126.87854,33.37642],[126.87301,33.37191],[126.87132,33.37219],[126.87078,33.37095],[126.87363,33.37079],[126.87349,33.3682],[126.87175,33.36568],[126.86743,33.3638],[126.86969,33.36177],[126.86786,33.36084],[126.8684,33.35401],[126.86414,33.34857],[126.85987,33.34694],[126.85921,33.34189],[126.85737,33.34292],[126.85626,33.34073],[126.85658,33.33806],[126.8536,33.3379],[126.85074,33.33558],[126.84961,33.33673],[126.84405,33.33284],[126.84319,33.32851],[126.8448,33.3255],[126.8499,33.32498],[126.84791,33.32325],[126.84841,33.31959],[126.84371,33.31904],[126.83576,33.30889],[126.82249,33.30534],[126.8162,33.30764],[126.80776,33.30182],[126.80564,33.30556],[126.80296,33.30318],[126.79178,33.30275],[126.78529,33.30592],[126.77781,33.30675],[126.77246,33.30045],[126.76623,33.29851],[126.76469,33.29187],[126.7598,33.29106],[126.75698,33.28773],[126.75054,33.28502],[126.74857,33.28066],[126.74278,33.27769],[126.73983,33.27745],[126.73332,33.28161],[126.73131,33.27855],[126.72585,33.27935],[126.72127,33.27599],[126.71336,33.27616],[126.69947,33.27096],[126.68576,33.2694],[126.67844,33.27066],[126.6776,33.26703],[126.6704,33.27081],[126.66487,33.27017],[126.66226,33.27402],[126.65819,33.27388],[126.66074,33.26885],[126.64817,33.2685],[126.64224,33.26593],[126.64158,33.2632],[126.64363,33.2617],[126.63958,33.25895],[126.6402,33.25701],[126.63428,33.25586],[126.6329,33.25365],[126.6288,33.25432],[126.62769,33.25118],[126.61977,33.24971],[126.61993,33.24337],[126.61826,33.24154],[126.60473,33.23865],[126.59989,33.23449],[126.5941,33.23663],[126.59141,33.23837],[126.5913,33.24099],[126.5858,33.24358],[126.58265,33.24223],[126.57783,33.24484],[126.56882,33.243],[126.56726,33.23993],[126.57116,33.2359],[126.56752,33.23266],[126.57019,33.23571],[126.56168,33.23991],[126.56097,33.24298],[126.55915,33.23874],[126.56015,33.23753],[126.56291,33.23829],[126.56425,33.23473],[126.55945,33.23633],[126.55779,33.2391],[126.55504,33.23873],[126.5508,33.24128],[126.54352,33.23863],[126.54024,33.24157],[126.53316,33.23914],[126.52091,33.24092],[126.51886,33.23711],[126.51539,33.23617],[126.51048,33.23039],[126.50625,33.22972],[126.50516,33.23088],[126.49858,33.22916],[126.49695,33.23205],[126.49131,33.2325],[126.48319,33.22823],[126.47722,33.22772],[126.47779,33.22366],[126.47285,33.22296],[126.4615,33.23126],[126.46296,33.23384],[126.46204,33.23735],[126.45706,33.24117],[126.45602,33.24005],[126.44993,33.24111],[126.44227,33.23715],[126.43823,33.23902],[126.43414,33.23494],[126.42926,33.23517],[126.42408,33.23697],[126.41813,33.24362],[126.40858,33.24455],[126.38649,33.23453],[126.37545,33.23357],[126.37291,33.22971],[126.36924,33.22957],[126.36715,33.23132],[126.36668,33.22892],[126.36342,33.23173],[126.36175,33.23714],[126.36034,33.23424],[126.35585,33.23613],[126.34992,33.23454],[126.3442,33.23635],[126.34333,33.23501],[126.33882,33.23554],[126.32775,33.23176],[126.33545,33.23481],[126.33367,33.23947],[126.32773,33.24079],[126.31642,33.23641],[126.31495,33.23295],[126.31128,33.23187],[126.30865,33.22639],[126.30623,33.22599],[126.30861,33.22776],[126.30607,33.22795],[126.29794,33.22265],[126.29026,33.20538],[126.29309,33.20274],[126.29454,33.19671],[126.28804,33.1958],[126.28503,33.20053],[126.27559,33.19849],[126.27699,33.19646],[126.27215,33.19407],[126.26429,33.19652],[126.26102,33.19979],[126.26405,33.20236],[126.26321,33.20943],[126.26114,33.21092],[126.25603,33.21046],[126.25656,33.20774],[126.25963,33.20721],[126.25648,33.20738],[126.24992,33.21835],[126.25114,33.21959],[126.24998,33.22022],[126.24781,33.21777],[126.24102,33.22148],[126.23989,33.2257],[126.23364,33.23486],[126.22858,33.23586],[126.22596,33.2392],[126.21931,33.24292],[126.21006,33.24302],[126.20252,33.24553],[126.19429,33.25089],[126.19198,33.2542],[126.18226,33.25975],[126.17888,33.26798],[126.16898,33.27503],[126.16872,33.28263],[126.16228,33.2866],[126.16087,33.2908],[126.16259,33.29552],[126.16742,33.29888],[126.16346,33.3066],[126.16839,33.31659],[126.16672,33.32338],[126.16251,33.32459],[126.16251,33.32935],[126.16556,33.3314],[126.16152,33.33411],[126.16696,33.33877],[126.16585,33.34111],[126.16679,33.34298],[126.16853,33.34163],[126.17198,33.34268],[126.16943,33.3441],[126.16889,33.34298],[126.16871,33.34541],[126.17109,33.34579],[126.16956,33.34413],[126.17337,33.34311],[126.18041,33.34697],[126.18292,33.3585],[126.18697,33.35881],[126.19,33.36268],[126.19595,33.36626],[126.20032,33.36514],[126.20572,33.36905],[126.20608,33.37232],[126.2133,33.37502],[126.21524,33.37811],[126.21455,33.38205],[126.21929,33.38469],[126.22321,33.38997],[126.23464,33.38946],[126.23584,33.39069],[126.2347,33.39307],[126.23663,33.39513],[126.24016,33.39444],[126.24265,33.39835],[126.25026,33.40112],[126.2509,33.40367],[126.24884,33.40421],[126.25125,33.4052],[126.25215,33.40897],[126.25508,33.40935],[126.25458,33.40823],[126.25649,33.40782],[126.25865,33.40935],[126.2573,33.41091],[126.25519,33.40944],[126.25294,33.41577],[126.25584,33.41267],[126.25956,33.41624],[126.26278,33.41672],[126.26056,33.42314],[126.25828,33.42176],[126.25777,33.41719],[126.25229,33.41691],[126.25791,33.41764],[126.25703,33.42153],[126.25981,33.42504],[126.26212,33.42253],[126.26422,33.42369],[126.2614,33.4342],[126.2631,33.43684],[126.27312,33.43507],[126.27894,33.44228],[126.28364,33.44288],[126.28481,33.44485],[126.2891,33.44301],[126.29212,33.44354],[126.29674,33.44721],[126.29963,33.44716],[126.30631,33.45297],[126.31039,33.45994],[126.30775,33.46584],[126.31249,33.46967],[126.32163,33.46652],[126.33144,33.46954],[126.33374,33.46701],[126.33808,33.46703],[126.34045,33.47066],[126.35077,33.47341],[126.35383,33.47788],[126.35966,33.4798],[126.36888,33.47839],[126.37775,33.48428],[126.3803,33.48423],[126.38574,33.48934],[126.3913,33.48943],[126.3945,33.48415],[126.40065,33.48337],[126.40365,33.486],[126.40761,33.48519],[126.41037,33.49],[126.4209,33.49076],[126.41999,33.4924],[126.42701,33.49594],[126.42616,33.49468],[126.42807,33.49387],[126.44062,33.49614],[126.44509,33.49881],[126.45156,33.49731],[126.45432,33.50068],[126.45184,33.50253],[126.45358,33.50443],[126.45741,33.50356],[126.46057,33.50503],[126.46307,33.50312],[126.46355,33.50696],[126.467,33.50572],[126.46617,33.50859],[126.47797,33.50915],[126.48341,33.51107],[126.48577,33.51745],[126.49418,33.52091],[126.49896,33.52013],[126.50084,33.51749],[126.51456,33.51584],[126.51784,33.51951],[126.53187,33.51745],[126.53356,33.51869],[126.53166,33.52129],[126.53528,33.51981],[126.54284,33.52289],[126.54167,33.52956],[126.54477,33.52787],[126.54622,33.52451],[126.55344,33.52422],[126.55342,33.52281],[126.54687,33.52193],[126.55002,33.52064],[126.55905,33.52302],[126.56175,33.52751],[126.56416,33.52667],[126.56528,33.52421],[126.56917,33.52704],[126.57378,33.52533],[126.57484,33.52813],[126.5783,33.52791],[126.57655,33.52679],[126.57969,33.52504],[126.58502,33.52545],[126.58918,33.52902],[126.59018,33.53322],[126.59751,33.53774],[126.60307,33.53503],[126.61189,33.53629],[126.61353,33.53814],[126.63451,33.53604],[126.6366,33.54044],[126.63396,33.54201],[126.63486,33.54516],[126.63933,33.5459],[126.64465,33.55563],[126.64992,33.5533],[126.64809,33.54905],[126.65116,33.54897],[126.6529,33.55281],[126.66121,33.54531],[126.6671,33.54283],[126.67427,33.54504],[126.67466,33.54922],[126.67794,33.55249],[126.68066,33.55224],[126.68398,33.54822],[126.68926,33.54844],[126.69929,33.55302],[126.71362,33.55468],[126.71647,33.55361],[126.7194,33.55794],[126.72577,33.55799],[126.72988,33.56075],[126.73591,33.55803],[126.73815,33.55475],[126.74551,33.55565],[126.74399,33.55787],[126.73933,33.55755],[126.74028,33.55982],[126.7447,33.55786],[126.75237,33.55873],[126.75724,33.55698],[126.76187,33.55883],[126.76204,33.56542],[126.76543,33.56597],[126.76892,33.56511],[126.76779,33.5643],[126.77478,33.56497],[126.77468,33.56112],[126.77912,33.56608],[126.7812,33.56405],[126.78374,33.56492],[126.78428,33.56265],[126.79346,33.55972],[126.79479,33.55683],[126.7981,33.5553],[126.80882,33.55766],[126.81387,33.55996],[126.81358,33.56137],[126.82494,33.55874],[126.82757,33.5594],[126.82569,33.55442],[126.82964,33.55098],[126.82719,33.54779],[126.82866,33.54317],[126.83645,33.53936],[126.84075,33.53364],[126.85167,33.53224],[126.85492,33.52816],[126.86134,33.52494],[126.86475,33.52572],[126.86628,33.5276],[126.86545,33.52898],[126.87143,33.53071],[126.88146,33.5297],[126.88374,33.52673],[126.88878,33.52789],[126.89281,33.52689],[126.90587,33.52067],[126.90129,33.51828],[126.90118,33.51571],[126.90175,33.51527]]]]},"properties":{"name":"제주특별자치도","code":"39"}}],"name":"sido","crs":{"type":"name","properties":{"name":"urn:ogc:def:crs:OGC:1.3:CRS84"}}}